"grammatical_property","grammaticality","macroregion","brain_region","hemisphere","caudality","time","mean_amp","n_obs"
"Gender agreement","Grammatical","midline","midline anterior",NA,"anterior",-100,-0.397077796361056,19731
"Gender agreement","Grammatical","midline","midline anterior",NA,"anterior",-98,-0.41843875120369,19731
"Gender agreement","Grammatical","midline","midline anterior",NA,"anterior",-96,-0.435339465815215,19731
"Gender agreement","Grammatical","midline","midline anterior",NA,"anterior",-94,-0.447908164816786,19731
"Gender agreement","Grammatical","midline","midline anterior",NA,"anterior",-92,-0.456820130758705,19731
"Gender agreement","Grammatical","midline","midline anterior",NA,"anterior",-90,-0.463426435558259,19731
"Gender agreement","Grammatical","midline","midline anterior",NA,"anterior",-88,-0.46915599817546,19731
"Gender agreement","Grammatical","midline","midline anterior",NA,"anterior",-86,-0.474972986670721,19731
"Gender agreement","Grammatical","midline","midline anterior",NA,"anterior",-84,-0.481748112107851,19731
"Gender agreement","Grammatical","midline","midline anterior",NA,"anterior",-82,-0.490650904667782,19731
"Gender agreement","Grammatical","midline","midline anterior",NA,"anterior",-80,-0.502363438244387,19731
"Gender agreement","Grammatical","midline","midline anterior",NA,"anterior",-78,-0.51600648725356,19731
"Gender agreement","Grammatical","midline","midline anterior",NA,"anterior",-76,-0.52904713395165,19731
"Gender agreement","Grammatical","midline","midline anterior",NA,"anterior",-74,-0.53772636967209,19731
"Gender agreement","Grammatical","midline","midline anterior",NA,"anterior",-72,-0.537756727991485,19731
"Gender agreement","Grammatical","midline","midline anterior",NA,"anterior",-70,-0.525941006537935,19731
"Gender agreement","Grammatical","midline","midline anterior",NA,"anterior",-68,-0.501899548933151,19731
"Gender agreement","Grammatical","midline","midline anterior",NA,"anterior",-66,-0.468048198266687,19731
"Gender agreement","Grammatical","midline","midline anterior",NA,"anterior",-64,-0.427828037098981,19731
"Gender agreement","Grammatical","midline","midline anterior",NA,"anterior",-62,-0.383942172216309,19731
"Gender agreement","Grammatical","midline","midline anterior",NA,"anterior",-60,-0.338344787390401,19731
"Gender agreement","Grammatical","midline","midline anterior",NA,"anterior",-58,-0.29312837666616,19731
"Gender agreement","Grammatical","midline","midline anterior",NA,"anterior",-56,-0.25108124271451,19731
"Gender agreement","Grammatical","midline","midline anterior",NA,"anterior",-54,-0.215065734123967,19731
"Gender agreement","Grammatical","midline","midline anterior",NA,"anterior",-52,-0.186981399827682,19731
"Gender agreement","Grammatical","midline","midline anterior",NA,"anterior",-50,-0.167573564441741,19731
"Gender agreement","Grammatical","midline","midline anterior",NA,"anterior",-48,-0.157280877806497,19731
"Gender agreement","Grammatical","midline","midline anterior",NA,"anterior",-46,-0.156242410420151,19731
"Gender agreement","Grammatical","midline","midline anterior",NA,"anterior",-44,-0.163702447924586,19731
"Gender agreement","Grammatical","midline","midline anterior",NA,"anterior",-42,-0.177888449647762,19731
"Gender agreement","Grammatical","midline","midline anterior",NA,"anterior",-40,-0.196240687243424,19731
"Gender agreement","Grammatical","midline","midline anterior",NA,"anterior",-38,-0.215549186559221,19731
"Gender agreement","Grammatical","midline","midline anterior",NA,"anterior",-36,-0.232807054888247,19731
"Gender agreement","Grammatical","midline","midline anterior",NA,"anterior",-34,-0.246807764431605,19731
"Gender agreement","Grammatical","midline","midline anterior",NA,"anterior",-32,-0.259280827124829,19731
"Gender agreement","Grammatical","midline","midline anterior",NA,"anterior",-30,-0.274432466676803,19731
"Gender agreement","Grammatical","midline","midline anterior",NA,"anterior",-28,-0.296693173179261,19731
"Gender agreement","Grammatical","midline","midline anterior",NA,"anterior",-26,-0.328080178399473,19731
"Gender agreement","Grammatical","midline","midline anterior",NA,"anterior",-24,-0.366716537428412,19731
"Gender agreement","Grammatical","midline","midline anterior",NA,"anterior",-22,-0.407751153007957,19731
"Gender agreement","Grammatical","midline","midline anterior",NA,"anterior",-20,-0.445795296741169,19731
"Gender agreement","Grammatical","midline","midline anterior",NA,"anterior",-18,-0.477154072272059,19731
"Gender agreement","Grammatical","midline","midline anterior",NA,"anterior",-16,-0.500794435152805,19731
"Gender agreement","Grammatical","midline","midline anterior",NA,"anterior",-14,-0.517956413765141,19731
"Gender agreement","Grammatical","midline","midline anterior",NA,"anterior",-12,-0.530677005727029,19731
"Gender agreement","Grammatical","midline","midline anterior",NA,"anterior",-10,-0.540370128224621,19731
"Gender agreement","Grammatical","midline","midline anterior",NA,"anterior",-8,-0.547429425776697,19731
"Gender agreement","Grammatical","midline","midline anterior",NA,"anterior",-6,-0.551447367087324,19731
"Gender agreement","Grammatical","midline","midline anterior",NA,"anterior",-4,-0.55144427550555,19731
"Gender agreement","Grammatical","midline","midline anterior",NA,"anterior",-2,-0.546996198874867,19731
"Gender agreement","Grammatical","midline","midline anterior",NA,"anterior",0,-0.539611525011403,19731
"Gender agreement","Grammatical","midline","midline anterior",NA,"anterior",2,-0.532842836146166,19731
"Gender agreement","Grammatical","midline","midline anterior",NA,"anterior",4,-0.530548071562516,19731
"Gender agreement","Grammatical","midline","midline anterior",NA,"anterior",6,-0.534746540976129,19731
"Gender agreement","Grammatical","midline","midline anterior",NA,"anterior",8,-0.54467467437028,19731
"Gender agreement","Grammatical","midline","midline anterior",NA,"anterior",10,-0.557651259439461,19731
"Gender agreement","Grammatical","midline","midline anterior",NA,"anterior",12,-0.57085798996503,19731
"Gender agreement","Grammatical","midline","midline anterior",NA,"anterior",14,-0.582299528660484,19731
"Gender agreement","Grammatical","midline","midline anterior",NA,"anterior",16,-0.590344128528711,19731
"Gender agreement","Grammatical","midline","midline anterior",NA,"anterior",18,-0.592968374638893,19731
"Gender agreement","Grammatical","midline","midline anterior",NA,"anterior",20,-0.588442197557144,19731
"Gender agreement","Grammatical","midline","midline anterior",NA,"anterior",22,-0.576917540925447,19731
"Gender agreement","Grammatical","midline","midline anterior",NA,"anterior",24,-0.56104029192641,19731
"Gender agreement","Grammatical","midline","midline anterior",NA,"anterior",26,-0.545466474076327,19731
"Gender agreement","Grammatical","midline","midline anterior",NA,"anterior",28,-0.535181693781359,19731
"Gender agreement","Grammatical","midline","midline anterior",NA,"anterior",30,-0.532674066190259,19731
"Gender agreement","Grammatical","midline","midline anterior",NA,"anterior",32,-0.536402513810755,19731
"Gender agreement","Grammatical","midline","midline anterior",NA,"anterior",34,-0.542609295017992,19731
"Gender agreement","Grammatical","midline","midline anterior",NA,"anterior",36,-0.548142871623334,19731
"Gender agreement","Grammatical","midline","midline anterior",NA,"anterior",38,-0.55153170138361,19731
"Gender agreement","Grammatical","midline","midline anterior",NA,"anterior",40,-0.552801530586387,19731
"Gender agreement","Grammatical","midline","midline anterior",NA,"anterior",42,-0.553208301657291,19731
"Gender agreement","Grammatical","midline","midline anterior",NA,"anterior",44,-0.554239420201713,19731
"Gender agreement","Grammatical","midline","midline anterior",NA,"anterior",46,-0.555955197405099,19731
"Gender agreement","Grammatical","midline","midline anterior",NA,"anterior",48,-0.556934468602706,19731
"Gender agreement","Grammatical","midline","midline anterior",NA,"anterior",50,-0.555532258881962,19731
"Gender agreement","Grammatical","midline","midline anterior",NA,"anterior",52,-0.550163904515737,19731
"Gender agreement","Grammatical","midline","midline anterior",NA,"anterior",54,-0.539008869291977,19731
"Gender agreement","Grammatical","midline","midline anterior",NA,"anterior",56,-0.521055749835285,19731
"Gender agreement","Grammatical","midline","midline anterior",NA,"anterior",58,-0.497211342557397,19731
"Gender agreement","Grammatical","midline","midline anterior",NA,"anterior",60,-0.46998246414272,19731
"Gender agreement","Grammatical","midline","midline anterior",NA,"anterior",62,-0.442227003192945,19731
"Gender agreement","Grammatical","midline","midline anterior",NA,"anterior",64,-0.416061831635497,19731
"Gender agreement","Grammatical","midline","midline anterior",NA,"anterior",66,-0.392344077847043,19731
"Gender agreement","Grammatical","midline","midline anterior",NA,"anterior",68,-0.371241852921798,19731
"Gender agreement","Grammatical","midline","midline anterior",NA,"anterior",70,-0.352839237747707,19731
"Gender agreement","Grammatical","midline","midline anterior",NA,"anterior",72,-0.337243626780194,19731
"Gender agreement","Grammatical","midline","midline anterior",NA,"anterior",74,-0.324629618367037,19731
"Gender agreement","Grammatical","midline","midline anterior",NA,"anterior",76,-0.315454614565912,19731
"Gender agreement","Grammatical","midline","midline anterior",NA,"anterior",78,-0.310462064771172,19731
"Gender agreement","Grammatical","midline","midline anterior",NA,"anterior",80,-0.310387816126907,19731
"Gender agreement","Grammatical","midline","midline anterior",NA,"anterior",82,-0.31587780649739,19731
"Gender agreement","Grammatical","midline","midline anterior",NA,"anterior",84,-0.327742030307638,19731
"Gender agreement","Grammatical","midline","midline anterior",NA,"anterior",86,-0.347174496984441,19731
"Gender agreement","Grammatical","midline","midline anterior",NA,"anterior",88,-0.375248441538695,19731
"Gender agreement","Grammatical","midline","midline anterior",NA,"anterior",90,-0.412147078201814,19731
"Gender agreement","Grammatical","midline","midline anterior",NA,"anterior",92,-0.457424408291521,19731
"Gender agreement","Grammatical","midline","midline anterior",NA,"anterior",94,-0.510977345294207,19731
"Gender agreement","Grammatical","midline","midline anterior",NA,"anterior",96,-0.573557802442856,19731
"Gender agreement","Grammatical","midline","midline anterior",NA,"anterior",98,-0.64656515128478,19731
"Gender agreement","Grammatical","midline","midline anterior",NA,"anterior",100,-0.731371648674674,19731
"Gender agreement","Grammatical","midline","midline anterior",NA,"anterior",102,-0.828354416907405,19731
"Gender agreement","Grammatical","midline","midline anterior",NA,"anterior",104,-0.936270994881152,19731
"Gender agreement","Grammatical","midline","midline anterior",NA,"anterior",106,-1.05254822360752,19731
"Gender agreement","Grammatical","midline","midline anterior",NA,"anterior",108,-1.1743247174497,19731
"Gender agreement","Grammatical","midline","midline anterior",NA,"anterior",110,-1.29971486493335,19731
"Gender agreement","Grammatical","midline","midline anterior",NA,"anterior",112,-1.42840438903249,19731
"Gender agreement","Grammatical","midline","midline anterior",NA,"anterior",114,-1.56108524656632,19731
"Gender agreement","Grammatical","midline","midline anterior",NA,"anterior",116,-1.6981761694795,19731
"Gender agreement","Grammatical","midline","midline anterior",NA,"anterior",118,-1.83852323754498,19731
"Gender agreement","Grammatical","midline","midline anterior",NA,"anterior",120,-1.97864016015407,19731
"Gender agreement","Grammatical","midline","midline anterior",NA,"anterior",122,-2.11285672292332,19731
"Gender agreement","Grammatical","midline","midline anterior",NA,"anterior",124,-2.23438366023009,19731
"Gender agreement","Grammatical","midline","midline anterior",NA,"anterior",126,-2.33707957021945,19731
"Gender agreement","Grammatical","midline","midline anterior",NA,"anterior",128,-2.4166618012265,19731
"Gender agreement","Grammatical","midline","midline anterior",NA,"anterior",130,-2.47107085297248,19731
"Gender agreement","Grammatical","midline","midline anterior",NA,"anterior",132,-2.50003958238305,19731
"Gender agreement","Grammatical","midline","midline anterior",NA,"anterior",134,-2.50427879985809,19731
"Gender agreement","Grammatical","midline","midline anterior",NA,"anterior",136,-2.48462683087527,19731
"Gender agreement","Grammatical","midline","midline anterior",NA,"anterior",138,-2.44136414778775,19731
"Gender agreement","Grammatical","midline","midline anterior",NA,"anterior",140,-2.37407414728093,19731
"Gender agreement","Grammatical","midline","midline anterior",NA,"anterior",142,-2.28149125741219,19731
"Gender agreement","Grammatical","midline","midline anterior",NA,"anterior",144,-2.16160686229791,19731
"Gender agreement","Grammatical","midline","midline anterior",NA,"anterior",146,-2.01306877502407,19731
"Gender agreement","Grammatical","midline","midline anterior",NA,"anterior",148,-1.83709066950484,19731
"Gender agreement","Grammatical","midline","midline anterior",NA,"anterior",150,-1.63693122497593,19731
"Gender agreement","Grammatical","midline","midline anterior",NA,"anterior",152,-1.41579458719781,19731
"Gender agreement","Grammatical","midline","midline anterior",NA,"anterior",154,-1.17679707059956,19731
"Gender agreement","Grammatical","midline","midline anterior",NA,"anterior",156,-0.924468247934722,19731
"Gender agreement","Grammatical","midline","midline anterior",NA,"anterior",158,-0.66473447873904,19731
"Gender agreement","Grammatical","midline","midline anterior",NA,"anterior",160,-0.403405301302519,19731
"Gender agreement","Grammatical","midline","midline anterior",NA,"anterior",162,-0.144960518980285,19731
"Gender agreement","Grammatical","midline","midline anterior",NA,"anterior",164,0.108141351173281,19731
"Gender agreement","Grammatical","midline","midline anterior",NA,"anterior",166,0.35532076427956,19731
"Gender agreement","Grammatical","midline","midline anterior",NA,"anterior",168,0.597196239420202,19731
"Gender agreement","Grammatical","midline","midline anterior",NA,"anterior",170,0.834329988343216,19731
"Gender agreement","Grammatical","midline","midline anterior",NA,"anterior",172,1.06641204196442,19731
"Gender agreement","Grammatical","midline","midline anterior",NA,"anterior",174,1.29271096244488,19731
"Gender agreement","Grammatical","midline","midline anterior",NA,"anterior",176,1.51301560995388,19731
"Gender agreement","Grammatical","midline","midline anterior",NA,"anterior",178,1.72791865592215,19731
"Gender agreement","Grammatical","midline","midline anterior",NA,"anterior",180,1.93835968780092,19731
"Gender agreement","Grammatical","midline","midline anterior",NA,"anterior",182,2.14461902589833,19731
"Gender agreement","Grammatical","midline","midline anterior",NA,"anterior",184,2.34552217322994,19731
"Gender agreement","Grammatical","midline","midline anterior",NA,"anterior",186,2.53926303785921,19731
"Gender agreement","Grammatical","midline","midline anterior",NA,"anterior",188,2.72551599006639,19731
"Gender agreement","Grammatical","midline","midline anterior",NA,"anterior",190,2.9063370837768,19731
"Gender agreement","Grammatical","midline","midline anterior",NA,"anterior",192,3.08475571435812,19731
"Gender agreement","Grammatical","midline","midline anterior",NA,"anterior",194,3.26198839389793,19731
"Gender agreement","Grammatical","midline","midline anterior",NA,"anterior",196,3.43543799097866,19731
"Gender agreement","Grammatical","midline","midline anterior",NA,"anterior",198,3.59938026455831,19731
"Gender agreement","Grammatical","midline","midline anterior",NA,"anterior",200,3.74771952764685,19731
"Gender agreement","Grammatical","midline","midline anterior",NA,"anterior",202,3.87642374942983,19731
"Gender agreement","Grammatical","midline","midline anterior",NA,"anterior",204,3.98424398155187,19731
"Gender agreement","Grammatical","midline","midline anterior",NA,"anterior",206,4.07238269727839,19731
"Gender agreement","Grammatical","midline","midline anterior",NA,"anterior",208,4.1437981349146,19731
"Gender agreement","Grammatical","midline","midline anterior",NA,"anterior",210,4.20257417262176,19731
"Gender agreement","Grammatical","midline","midline anterior",NA,"anterior",212,4.25359718209923,19731
"Gender agreement","Grammatical","midline","midline anterior",NA,"anterior",214,4.30213577618975,19731
"Gender agreement","Grammatical","midline","midline anterior",NA,"anterior",216,4.35318123764634,19731
"Gender agreement","Grammatical","midline","midline anterior",NA,"anterior",218,4.41013309006132,19731
"Gender agreement","Grammatical","midline","midline anterior",NA,"anterior",220,4.47364897876438,19731
"Gender agreement","Grammatical","midline","midline anterior",NA,"anterior",222,4.54203674420962,19731
"Gender agreement","Grammatical","midline","midline anterior",NA,"anterior",224,4.61256363083473,19731
"Gender agreement","Grammatical","midline","midline anterior",NA,"anterior",226,4.68222781409964,19731
"Gender agreement","Grammatical","midline","midline anterior",NA,"anterior",228,4.74804738735999,19731
"Gender agreement","Grammatical","midline","midline anterior",NA,"anterior",230,4.80712310577264,19731
"Gender agreement","Grammatical","midline","midline anterior",NA,"anterior",232,4.85660544321119,19731
"Gender agreement","Grammatical","midline","midline anterior",NA,"anterior",234,4.8940610207288,19731
"Gender agreement","Grammatical","midline","midline anterior",NA,"anterior",236,4.91827748213471,19731
"Gender agreement","Grammatical","midline","midline anterior",NA,"anterior",238,4.92988627033602,19731
"Gender agreement","Grammatical","midline","midline anterior",NA,"anterior",240,4.93088728396939,19731
"Gender agreement","Grammatical","midline","midline anterior",NA,"anterior",242,4.92294627743145,19731
"Gender agreement","Grammatical","midline","midline anterior",NA,"anterior",244,4.90608919973646,19731
"Gender agreement","Grammatical","midline","midline anterior",NA,"anterior",246,4.87910475900867,19731
"Gender agreement","Grammatical","midline","midline anterior",NA,"anterior",248,4.84108129339618,19731
"Gender agreement","Grammatical","midline","midline anterior",NA,"anterior",250,4.79247017383812,19731
"Gender agreement","Grammatical","midline","midline anterior",NA,"anterior",252,4.73516233338402,19731
"Gender agreement","Grammatical","midline","midline anterior",NA,"anterior",254,4.67209416653996,19731
"Gender agreement","Grammatical","midline","midline anterior",NA,"anterior",256,4.60661375500481,19731
"Gender agreement","Grammatical","midline","midline anterior",NA,"anterior",258,4.54160939638133,19731
"Gender agreement","Grammatical","midline","midline anterior",NA,"anterior",260,4.47829988343216,19731
"Gender agreement","Grammatical","midline","midline anterior",NA,"anterior",262,4.41566813643505,19731
"Gender agreement","Grammatical","midline","midline anterior",NA,"anterior",264,4.35079068470934,19731
"Gender agreement","Grammatical","midline","midline anterior",NA,"anterior",266,4.27997871369926,19731
"Gender agreement","Grammatical","midline","midline anterior",NA,"anterior",268,4.20026111195581,19731
"Gender agreement","Grammatical","midline","midline anterior",NA,"anterior",270,4.11079940195631,19731
"Gender agreement","Grammatical","midline","midline anterior",NA,"anterior",272,4.01326618012265,19731
"Gender agreement","Grammatical","midline","midline anterior",NA,"anterior",274,3.91039435406214,19731
"Gender agreement","Grammatical","midline","midline anterior",NA,"anterior",276,3.80388637169936,19731
"Gender agreement","Grammatical","midline","midline anterior",NA,"anterior",278,3.69388779078607,19731
"Gender agreement","Grammatical","midline","midline anterior",NA,"anterior",280,3.5801676549592,19731
"Gender agreement","Grammatical","midline","midline anterior",NA,"anterior",282,3.46308017839947,19731
"Gender agreement","Grammatical","midline","midline anterior",NA,"anterior",284,3.34316294156404,19731
"Gender agreement","Grammatical","midline","midline anterior",NA,"anterior",286,3.22076732046019,19731
"Gender agreement","Grammatical","midline","midline anterior",NA,"anterior",288,3.09648639197202,19731
"Gender agreement","Grammatical","midline","midline anterior",NA,"anterior",290,2.97162343520349,19731
"Gender agreement","Grammatical","midline","midline anterior",NA,"anterior",292,2.84801226496376,19731
"Gender agreement","Grammatical","midline","midline anterior",NA,"anterior",294,2.72783690639096,19731
"Gender agreement","Grammatical","midline","midline anterior",NA,"anterior",296,2.61360691297958,19731
"Gender agreement","Grammatical","midline","midline anterior",NA,"anterior",298,2.50749201763722,19731
"Gender agreement","Grammatical","midline","midline anterior",NA,"anterior",300,2.409952460595,19731
"Gender agreement","Grammatical","midline","midline anterior",NA,"anterior",302,2.31913167097461,19731
"Gender agreement","Grammatical","midline","midline anterior",NA,"anterior",304,2.23161517409153,19731
"Gender agreement","Grammatical","midline","midline anterior",NA,"anterior",306,2.14372069332522,19731
"Gender agreement","Grammatical","midline","midline anterior",NA,"anterior",308,2.05201976585069,19731
"Gender agreement","Grammatical","midline","midline anterior",NA,"anterior",310,1.95359561096751,19731
"Gender agreement","Grammatical","midline","midline anterior",NA,"anterior",312,1.84717322994273,19731
"Gender agreement","Grammatical","midline","midline anterior",NA,"anterior",314,1.73426795398105,19731
"Gender agreement","Grammatical","midline","midline anterior",NA,"anterior",316,1.61947372155491,19731
"Gender agreement","Grammatical","midline","midline anterior",NA,"anterior",318,1.51009036541483,19731
"Gender agreement","Grammatical","midline","midline anterior",NA,"anterior",320,1.4141684658659,19731
"Gender agreement","Grammatical","midline","midline anterior",NA,"anterior",322,1.33730439410065,19731
"Gender agreement","Grammatical","midline","midline anterior",NA,"anterior",324,1.28067178551518,19731
"Gender agreement","Grammatical","midline","midline anterior",NA,"anterior",326,1.24133667832345,19731
"Gender agreement","Grammatical","midline","midline anterior",NA,"anterior",328,1.21442608078658,19731
"Gender agreement","Grammatical","midline","midline anterior",NA,"anterior",330,1.19532720085145,19731
"Gender agreement","Grammatical","midline","midline anterior",NA,"anterior",332,1.18102655719426,19731
"Gender agreement","Grammatical","midline","midline anterior",NA,"anterior",334,1.17034808169885,19731
"Gender agreement","Grammatical","midline","midline anterior",NA,"anterior",336,1.16317976787796,19731
"Gender agreement","Grammatical","midline","midline anterior",NA,"anterior",338,1.15925766560235,19731
"Gender agreement","Grammatical","midline","midline anterior",NA,"anterior",340,1.15720480462217,19731
"Gender agreement","Grammatical","midline","midline anterior",NA,"anterior",342,1.15524671836197,19731
"Gender agreement","Grammatical","midline","midline anterior",NA,"anterior",344,1.15301089655871,19731
"Gender agreement","Grammatical","midline","midline anterior",NA,"anterior",346,1.1517274846688,19731
"Gender agreement","Grammatical","midline","midline anterior",NA,"anterior",348,1.15246870406974,19731
"Gender agreement","Grammatical","midline","midline anterior",NA,"anterior",350,1.15521524504587,19731
"Gender agreement","Grammatical","midline","midline anterior",NA,"anterior",352,1.15972033855355,19731
"Gender agreement","Grammatical","midline","midline anterior",NA,"anterior",354,1.16623881202169,19731
"Gender agreement","Grammatical","midline","midline anterior",NA,"anterior",356,1.17469388272262,19731
"Gender agreement","Grammatical","midline","midline anterior",NA,"anterior",358,1.18419451624347,19731
"Gender agreement","Grammatical","midline","midline anterior",NA,"anterior",360,1.19329446049364,19731
"Gender agreement","Grammatical","midline","midline anterior",NA,"anterior",362,1.2002010541787,19731
"Gender agreement","Grammatical","midline","midline anterior",NA,"anterior",364,1.20275267345801,19731
"Gender agreement","Grammatical","midline","midline anterior",NA,"anterior",366,1.19925198925549,19731
"Gender agreement","Grammatical","midline","midline anterior",NA,"anterior",368,1.18984172114946,19731
"Gender agreement","Grammatical","midline","midline anterior",NA,"anterior",370,1.17714089503826,19731
"Gender agreement","Grammatical","midline","midline anterior",NA,"anterior",372,1.16519203284172,19731
"Gender agreement","Grammatical","midline","midline anterior",NA,"anterior",374,1.15738725862855,19731
"Gender agreement","Grammatical","midline","midline anterior",NA,"anterior",376,1.15508078657949,19731
"Gender agreement","Grammatical","midline","midline anterior",NA,"anterior",378,1.15683847752268,19731
"Gender agreement","Grammatical","midline","midline anterior",NA,"anterior",380,1.15881729258527,19731
"Gender agreement","Grammatical","midline","midline anterior",NA,"anterior",382,1.15705311438853,19731
"Gender agreement","Grammatical","midline","midline anterior",NA,"anterior",384,1.14992970452587,19731
"Gender agreement","Grammatical","midline","midline anterior",NA,"anterior",386,1.13859287415742,19731
"Gender agreement","Grammatical","midline","midline anterior",NA,"anterior",388,1.12558527190715,19731
"Gender agreement","Grammatical","midline","midline anterior",NA,"anterior",390,1.11363919720237,19731
"Gender agreement","Grammatical","midline","midline anterior",NA,"anterior",392,1.10495144696163,19731
"Gender agreement","Grammatical","midline","midline anterior",NA,"anterior",394,1.1010419137398,19731
"Gender agreement","Grammatical","midline","midline anterior",NA,"anterior",396,1.10243495007856,19731
"Gender agreement","Grammatical","midline","midline anterior",NA,"anterior",398,1.10828209416654,19731
"Gender agreement","Grammatical","midline","midline anterior",NA,"anterior",400,1.11648933150879,19731
"Gender agreement","Grammatical","midline","midline anterior",NA,"anterior",402,1.124095230855,19731
"Gender agreement","Grammatical","midline","midline anterior",NA,"anterior",404,1.12731093203588,19731
"Gender agreement","Grammatical","midline","midline anterior",NA,"anterior",406,1.12174588211444,19731
"Gender agreement","Grammatical","midline","midline anterior",NA,"anterior",408,1.10405656074198,19731
"Gender agreement","Grammatical","midline","midline anterior",NA,"anterior",410,1.07405012417009,19731
"Gender agreement","Grammatical","midline","midline anterior",NA,"anterior",412,1.03535543054077,19731
"Gender agreement","Grammatical","midline","midline anterior",NA,"anterior",414,0.993743854847702,19731
"Gender agreement","Grammatical","midline","midline anterior",NA,"anterior",416,0.954718209923471,19731
"Gender agreement","Grammatical","midline","midline anterior",NA,"anterior",418,0.922105063098677,19731
"Gender agreement","Grammatical","midline","midline anterior",NA,"anterior",420,0.897680502762151,19731
"Gender agreement","Grammatical","midline","midline anterior",NA,"anterior",422,0.881711874714916,19731
"Gender agreement","Grammatical","midline","midline anterior",NA,"anterior",424,0.874379757741625,19731
"Gender agreement","Grammatical","midline","midline anterior",NA,"anterior",426,0.876555977902793,19731
"Gender agreement","Grammatical","midline","midline anterior",NA,"anterior",428,0.888531093203588,19731
"Gender agreement","Grammatical","midline","midline anterior",NA,"anterior",430,0.908669504840099,19731
"Gender agreement","Grammatical","midline","midline anterior",NA,"anterior",432,0.933967056915514,19731
"Gender agreement","Grammatical","midline","midline anterior",NA,"anterior",434,0.96161649181491,19731
"Gender agreement","Grammatical","midline","midline anterior",NA,"anterior",436,0.989713749936648,19731
"Gender agreement","Grammatical","midline","midline anterior",NA,"anterior",438,1.01732421063301,19731
"Gender agreement","Grammatical","midline","midline anterior",NA,"anterior",440,1.04421195073742,19731
"Gender agreement","Grammatical","midline","midline anterior",NA,"anterior",442,1.07018417718311,19731
"Gender agreement","Grammatical","midline","midline anterior",NA,"anterior",444,1.09495240991333,19731
"Gender agreement","Grammatical","midline","midline anterior",NA,"anterior",446,1.11869155136587,19731
"Gender agreement","Grammatical","midline","midline anterior",NA,"anterior",448,1.14196087375196,19731
"Gender agreement","Grammatical","midline","midline anterior",NA,"anterior",450,1.16518498808981,19731
"Gender agreement","Grammatical","midline","midline anterior",NA,"anterior",452,1.1887446657544,19731
"Gender agreement","Grammatical","midline","midline anterior",NA,"anterior",454,1.2132439308702,19731
"Gender agreement","Grammatical","midline","midline anterior",NA,"anterior",456,1.23920444985049,19731
"Gender agreement","Grammatical","midline","midline anterior",NA,"anterior",458,1.26652425117835,19731
"Gender agreement","Grammatical","midline","midline anterior",NA,"anterior",460,1.29425812173737,19731
"Gender agreement","Grammatical","midline","midline anterior",NA,"anterior",462,1.32046870406974,19731
"Gender agreement","Grammatical","midline","midline anterior",NA,"anterior",464,1.34264933353606,19731
"Gender agreement","Grammatical","midline","midline anterior",NA,"anterior",466,1.35870442450965,19731
"Gender agreement","Grammatical","midline","midline anterior",NA,"anterior",468,1.36770918858649,19731
"Gender agreement","Grammatical","midline","midline anterior",NA,"anterior",470,1.37015903907557,19731
"Gender agreement","Grammatical","midline","midline anterior",NA,"anterior",472,1.36796518169378,19731
"Gender agreement","Grammatical","midline","midline anterior",NA,"anterior",474,1.3638553038366,19731
"Gender agreement","Grammatical","midline","midline anterior",NA,"anterior",476,1.36039197202372,19731
"Gender agreement","Grammatical","midline","midline anterior",NA,"anterior",478,1.35954797019918,19731
"Gender agreement","Grammatical","midline","midline anterior",NA,"anterior",480,1.36269200750089,19731
"Gender agreement","Grammatical","midline","midline anterior",NA,"anterior",482,1.36963732198064,19731
"Gender agreement","Grammatical","midline","midline anterior",NA,"anterior",484,1.37822446910952,19731
"Gender agreement","Grammatical","midline","midline anterior",NA,"anterior",486,1.3857247478587,19731
"Gender agreement","Grammatical","midline","midline anterior",NA,"anterior",488,1.39069469362931,19731
"Gender agreement","Grammatical","midline","midline anterior",NA,"anterior",490,1.39329714662207,19731
"Gender agreement","Grammatical","midline","midline anterior",NA,"anterior",492,1.39406695048401,19731
"Gender agreement","Grammatical","midline","midline anterior",NA,"anterior",494,1.393,19731
"Gender agreement","Grammatical","midline","midline anterior",NA,"anterior",496,1.39011190512392,19731
"Gender agreement","Grammatical","midline","midline anterior",NA,"anterior",498,1.38648943287213,19731
"Gender agreement","Grammatical","midline","midline anterior",NA,"anterior",500,1.3839791191526,19731
"Gender agreement","Grammatical","midline","midline anterior",NA,"anterior",502,1.38356738127819,19731
"Gender agreement","Grammatical","midline","midline anterior",NA,"anterior",504,1.38449363945061,19731
"Gender agreement","Grammatical","midline","midline anterior",NA,"anterior",506,1.38533064720491,19731
"Gender agreement","Grammatical","midline","midline anterior",NA,"anterior",508,1.38542197557144,19731
"Gender agreement","Grammatical","midline","midline anterior",NA,"anterior",510,1.38502888855101,19731
"Gender agreement","Grammatical","midline","midline anterior",NA,"anterior",512,1.38459936141098,19731
"Gender agreement","Grammatical","midline","midline anterior",NA,"anterior",514,1.38483310526583,19731
"Gender agreement","Grammatical","midline","midline anterior",NA,"anterior",516,1.38716623587248,19731
"Gender agreement","Grammatical","midline","midline anterior",NA,"anterior",518,1.39327484668795,19731
"Gender agreement","Grammatical","midline","midline anterior",NA,"anterior",520,1.40370518473468,19731
"Gender agreement","Grammatical","midline","midline anterior",NA,"anterior",522,1.41759444528914,19731
"Gender agreement","Grammatical","midline","midline anterior",NA,"anterior",524,1.43365870964472,19731
"Gender agreement","Grammatical","midline","midline anterior",NA,"anterior",526,1.45094455425473,19731
"Gender agreement","Grammatical","midline","midline anterior",NA,"anterior",528,1.46915777203386,19731
"Gender agreement","Grammatical","midline","midline anterior",NA,"anterior",530,1.48880147990472,19731
"Gender agreement","Grammatical","midline","midline anterior",NA,"anterior",532,1.51068460797729,19731
"Gender agreement","Grammatical","midline","midline anterior",NA,"anterior",534,1.53466960620344,19731
"Gender agreement","Grammatical","midline","midline anterior",NA,"anterior",536,1.55932035882621,19731
"Gender agreement","Grammatical","midline","midline anterior",NA,"anterior",538,1.58307019411079,19731
"Gender agreement","Grammatical","midline","midline anterior",NA,"anterior",540,1.60553545182707,19731
"Gender agreement","Grammatical","midline","midline anterior",NA,"anterior",542,1.62752313618164,19731
"Gender agreement","Grammatical","midline","midline anterior",NA,"anterior",544,1.65023972429172,19731
"Gender agreement","Grammatical","midline","midline anterior",NA,"anterior",546,1.67473843190918,19731
"Gender agreement","Grammatical","midline","midline anterior",NA,"anterior",548,1.70206269322386,19731
"Gender agreement","Grammatical","midline","midline anterior",NA,"anterior",550,1.7332237088845,19731
"Gender agreement","Grammatical","midline","midline anterior",NA,"anterior",552,1.76855967766459,19731
"Gender agreement","Grammatical","midline","midline anterior",NA,"anterior",554,1.80724986062541,19731
"Gender agreement","Grammatical","midline","midline anterior",NA,"anterior",556,1.8478487152197,19731
"Gender agreement","Grammatical","midline","midline anterior",NA,"anterior",558,1.88909173381988,19731
"Gender agreement","Grammatical","midline","midline anterior",NA,"anterior",560,1.92976721909685,19731
"Gender agreement","Grammatical","midline","midline anterior",NA,"anterior",562,1.96828275302823,19731
"Gender agreement","Grammatical","midline","midline anterior",NA,"anterior",564,2.00306847093406,19731
"Gender agreement","Grammatical","midline","midline anterior",NA,"anterior",566,2.03346535907962,19731
"Gender agreement","Grammatical","midline","midline anterior",NA,"anterior",568,2.06006619025898,19731
"Gender agreement","Grammatical","midline","midline anterior",NA,"anterior",570,2.08474147280928,19731
"Gender agreement","Grammatical","midline","midline anterior",NA,"anterior",572,2.1105182200598,19731
"Gender agreement","Grammatical","midline","midline anterior",NA,"anterior",574,2.14125026607876,19731
"Gender agreement","Grammatical","midline","midline anterior",NA,"anterior",576,2.18080599057321,19731
"Gender agreement","Grammatical","midline","midline anterior",NA,"anterior",578,2.23088535806599,19731
"Gender agreement","Grammatical","midline","midline anterior",NA,"anterior",580,2.28891176321524,19731
"Gender agreement","Grammatical","midline","midline anterior",NA,"anterior",582,2.34873346510567,19731
"Gender agreement","Grammatical","midline","midline anterior",NA,"anterior",584,2.40414525366175,19731
"Gender agreement","Grammatical","midline","midline anterior",NA,"anterior",586,2.4520525062085,19731
"Gender agreement","Grammatical","midline","midline anterior",NA,"anterior",588,2.49268050276215,19731
"Gender agreement","Grammatical","midline","midline anterior",NA,"anterior",590,2.52804059601642,19731
"Gender agreement","Grammatical","midline","midline anterior",NA,"anterior",592,2.560333384015,19731
"Gender agreement","Grammatical","midline","midline anterior",NA,"anterior",594,2.59129000050682,19731
"Gender agreement","Grammatical","midline","midline anterior",NA,"anterior",596,2.62209284881658,19731
"Gender agreement","Grammatical","midline","midline anterior",NA,"anterior",598,2.65355476154275,19731
"Gender agreement","Grammatical","midline","midline anterior",NA,"anterior",600,2.6860600577771,19731
"Gender agreement","Grammatical","midline","midline anterior",NA,"anterior",602,2.71939131316203,19731
"Gender agreement","Grammatical","midline","midline anterior",NA,"anterior",604,2.75269352795094,19731
"Gender agreement","Grammatical","midline","midline anterior",NA,"anterior",606,2.78513927322487,19731
"Gender agreement","Grammatical","midline","midline anterior",NA,"anterior",608,2.81687699559069,19731
"Gender agreement","Grammatical","midline","midline anterior",NA,"anterior",610,2.84893375905935,19731
"Gender agreement","Grammatical","midline","midline anterior",NA,"anterior",612,2.8818581926917,19731
"Gender agreement","Grammatical","midline","midline anterior",NA,"anterior",614,2.91482433733719,19731
"Gender agreement","Grammatical","midline","midline anterior",NA,"anterior",616,2.94651761187978,19731
"Gender agreement","Grammatical","midline","midline anterior",NA,"anterior",618,2.97622517865288,19731
"Gender agreement","Grammatical","midline","midline anterior",NA,"anterior",620,3.00340210835741,19731
"Gender agreement","Grammatical","midline","midline anterior",NA,"anterior",622,3.0262227459328,19731
"Gender agreement","Grammatical","midline","midline anterior",NA,"anterior",624,3.04198312300441,19731
"Gender agreement","Grammatical","midline","midline anterior",NA,"anterior",626,3.04916339769905,19731
"Gender agreement","Grammatical","midline","midline anterior",NA,"anterior",628,3.04856971263494,19731
"Gender agreement","Grammatical","midline","midline anterior",NA,"anterior",630,3.04243515280523,19731
"Gender agreement","Grammatical","midline","midline anterior",NA,"anterior",632,3.03313912117987,19731
"Gender agreement","Grammatical","midline","midline anterior",NA,"anterior",634,3.02281384623182,19731
"Gender agreement","Grammatical","midline","midline anterior",NA,"anterior",636,3.01318346763975,19731
"Gender agreement","Grammatical","midline","midline anterior",NA,"anterior",638,3.00554574020577,19731
"Gender agreement","Grammatical","midline","midline anterior",NA,"anterior",640,3.00115908975723,19731
"Gender agreement","Grammatical","midline","midline anterior",NA,"anterior",642,3.00097263189904,19731
"Gender agreement","Grammatical","midline","midline anterior",NA,"anterior",644,3.00458937712229,19731
"Gender agreement","Grammatical","midline","midline anterior",NA,"anterior",646,3.00993999290457,19731
"Gender agreement","Grammatical","midline","midline anterior",NA,"anterior",648,3.01411251330394,19731
"Gender agreement","Grammatical","midline","midline anterior",NA,"anterior",650,3.01491368911865,19731
"Gender agreement","Grammatical","midline","midline anterior",NA,"anterior",652,3.01194703765648,19731
"Gender agreement","Grammatical","midline","midline anterior",NA,"anterior",654,3.00616522223912,19731
"Gender agreement","Grammatical","midline","midline anterior",NA,"anterior",656,2.99859738482591,19731
"Gender agreement","Grammatical","midline","midline anterior",NA,"anterior",658,2.98968450661396,19731
"Gender agreement","Grammatical","midline","midline anterior",NA,"anterior",660,2.97934879124221,19731
"Gender agreement","Grammatical","midline","midline anterior",NA,"anterior",662,2.96752445390502,19731
"Gender agreement","Grammatical","midline","midline anterior",NA,"anterior",664,2.95488175966753,19731
"Gender agreement","Grammatical","midline","midline anterior",NA,"anterior",666,2.94283467639755,19731
"Gender agreement","Grammatical","midline","midline anterior",NA,"anterior",668,2.93242420556485,19731
"Gender agreement","Grammatical","midline","midline anterior",NA,"anterior",670,2.92307024479246,19731
"Gender agreement","Grammatical","midline","midline anterior",NA,"anterior",672,2.91247387359992,19731
"Gender agreement","Grammatical","midline","midline anterior",NA,"anterior",674,2.8975941918808,19731
"Gender agreement","Grammatical","midline","midline anterior",NA,"anterior",676,2.87609244336324,19731
"Gender agreement","Grammatical","midline","midline anterior",NA,"anterior",678,2.84748269221023,19731
"Gender agreement","Grammatical","midline","midline anterior",NA,"anterior",680,2.81357731488521,19731
"Gender agreement","Grammatical","midline","midline anterior",NA,"anterior",682,2.77778029496731,19731
"Gender agreement","Grammatical","midline","midline anterior",NA,"anterior",684,2.74319284374842,19731
"Gender agreement","Grammatical","midline","midline anterior",NA,"anterior",686,2.71094191880797,19731
"Gender agreement","Grammatical","midline","midline anterior",NA,"anterior",688,2.68037342253307,19731
"Gender agreement","Grammatical","midline","midline anterior",NA,"anterior",690,2.6502304495464,19731
"Gender agreement","Grammatical","midline","midline anterior",NA,"anterior",692,2.61948051289848,19731
"Gender agreement","Grammatical","midline","midline anterior",NA,"anterior",694,2.58749292990725,19731
"Gender agreement","Grammatical","midline","midline anterior",NA,"anterior",696,2.55402934468603,19731
"Gender agreement","Grammatical","midline","midline anterior",NA,"anterior",698,2.51937372662308,19731
"Gender agreement","Grammatical","midline","midline anterior",NA,"anterior",700,2.48437098981298,19731
"Gender agreement","Grammatical","midline","midline anterior",NA,"anterior",702,2.45045446252091,19731
"Gender agreement","Grammatical","midline","midline anterior",NA,"anterior",704,2.41893999290457,19731
"Gender agreement","Grammatical","midline","midline anterior",NA,"anterior",706,2.39016603314581,19731
"Gender agreement","Grammatical","midline","midline anterior",NA,"anterior",708,2.3634904465055,19731
"Gender agreement","Grammatical","midline","midline anterior",NA,"anterior",710,2.33842972986671,19731
"Gender agreement","Grammatical","midline","midline anterior",NA,"anterior",712,2.31569200750089,19731
"Gender agreement","Grammatical","midline","midline anterior",NA,"anterior",714,2.2968808473975,19731
"Gender agreement","Grammatical","midline","midline anterior",NA,"anterior",716,2.28319355329177,19731
"Gender agreement","Grammatical","midline","midline anterior",NA,"anterior",718,2.27472226445695,19731
"Gender agreement","Grammatical","midline","midline anterior",NA,"anterior",720,2.2709086209518,19731
"Gender agreement","Grammatical","midline","midline anterior",NA,"anterior",722,2.27063686584562,19731
"Gender agreement","Grammatical","midline","midline anterior",NA,"anterior",724,2.2718713699255,19731
"Gender agreement","Grammatical","midline","midline anterior",NA,"anterior",726,2.27222487456287,19731
"Gender agreement","Grammatical","midline","midline anterior",NA,"anterior",728,2.26971932492018,19731
"Gender agreement","Grammatical","midline","midline anterior",NA,"anterior",730,2.2626704677918,19731
"Gender agreement","Grammatical","midline","midline anterior",NA,"anterior",732,2.2493722568547,19731
"Gender agreement","Grammatical","midline","midline anterior",NA,"anterior",734,2.2289275758958,19731
"Gender agreement","Grammatical","midline","midline anterior",NA,"anterior",736,2.20257503421013,19731
"Gender agreement","Grammatical","midline","midline anterior",NA,"anterior",738,2.17398885003294,19731
"Gender agreement","Grammatical","midline","midline anterior",NA,"anterior",740,2.14764279560083,19731
"Gender agreement","Grammatical","midline","midline anterior",NA,"anterior",742,2.12677598702549,19731
"Gender agreement","Grammatical","midline","midline anterior",NA,"anterior",744,2.1127695504536,19731
"Gender agreement","Grammatical","midline","midline anterior",NA,"anterior",746,2.10533551264508,19731
"Gender agreement","Grammatical","midline","midline anterior",NA,"anterior",748,2.1023820384167,19731
"Gender agreement","Grammatical","midline","midline anterior",NA,"anterior",750,2.10005488824692,19731
"Gender agreement","Grammatical","midline","midline anterior",NA,"anterior",752,2.09437838933658,19731
"Gender agreement","Grammatical","midline","midline anterior",NA,"anterior",754,2.08356570878313,19731
"Gender agreement","Grammatical","midline","midline anterior",NA,"anterior",756,2.06853555319041,19731
"Gender agreement","Grammatical","midline","midline anterior",NA,"anterior",758,2.05123744361664,19731
"Gender agreement","Grammatical","midline","midline anterior",NA,"anterior",760,2.03314707820181,19731
"Gender agreement","Grammatical","midline","midline anterior",NA,"anterior",762,2.01512021691754,19731
"Gender agreement","Grammatical","midline","midline anterior",NA,"anterior",764,1.99799863159495,19731
"Gender agreement","Grammatical","midline","midline anterior",NA,"anterior",766,1.98287359991891,19731
"Gender agreement","Grammatical","midline","midline anterior",NA,"anterior",768,1.9706295170037,19731
"Gender agreement","Grammatical","midline","midline anterior",NA,"anterior",770,1.96140697379758,19731
"Gender agreement","Grammatical","midline","midline anterior",NA,"anterior",772,1.95455283563935,19731
"Gender agreement","Grammatical","midline","midline anterior",NA,"anterior",774,1.94906441640059,19731
"Gender agreement","Grammatical","midline","midline anterior",NA,"anterior",776,1.94391080026354,19731
"Gender agreement","Grammatical","midline","midline anterior",NA,"anterior",778,1.93804044397142,19731
"Gender agreement","Grammatical","midline","midline anterior",NA,"anterior",780,1.93060169276773,19731
"Gender agreement","Grammatical","midline","midline anterior",NA,"anterior",782,1.92148319902691,19731
"Gender agreement","Grammatical","midline","midline anterior",NA,"anterior",784,1.91130986772085,19731
"Gender agreement","Grammatical","midline","midline anterior",NA,"anterior",786,1.90084765090467,19731
"Gender agreement","Grammatical","midline","midline anterior",NA,"anterior",788,1.89040418630581,19731
"Gender agreement","Grammatical","midline","midline anterior",NA,"anterior",790,1.87996143125032,19731
"Gender agreement","Grammatical","midline","midline anterior",NA,"anterior",792,1.8695752369368,19731
"Gender agreement","Grammatical","midline","midline anterior",NA,"anterior",794,1.85941640058791,19731
"Gender agreement","Grammatical","midline","midline anterior",NA,"anterior",796,1.84959839845928,19731
"Gender agreement","Grammatical","midline","midline anterior",NA,"anterior",798,1.84019492169682,19731
"Gender agreement","Grammatical","midline","midline anterior",NA,"anterior",800,1.83102574628757,19731
"Gender agreement","Grammatical","midline","midline anterior",NA,"anterior",802,1.82089458212964,19731
"Gender agreement","Grammatical","midline","midline anterior",NA,"anterior",804,1.80762703360195,19731
"Gender agreement","Grammatical","midline","midline anterior",NA,"anterior",806,1.78960949774467,19731
"Gender agreement","Grammatical","midline","midline anterior",NA,"anterior",808,1.76734884192388,19731
"Gender agreement","Grammatical","midline","midline anterior",NA,"anterior",810,1.74353337387867,19731
"Gender agreement","Grammatical","midline","midline anterior",NA,"anterior",812,1.72173640464244,19731
"Gender agreement","Grammatical","midline","midline anterior",NA,"anterior",814,1.70446170999949,19731
"Gender agreement","Grammatical","midline","midline anterior",NA,"anterior",816,1.69172773807714,19731
"Gender agreement","Grammatical","midline","midline anterior",NA,"anterior",818,1.68163823425067,19731
"Gender agreement","Grammatical","midline","midline anterior",NA,"anterior",820,1.67179453651614,19731
"Gender agreement","Grammatical","midline","midline anterior",NA,"anterior",822,1.660142922305,19731
"Gender agreement","Grammatical","midline","midline anterior",NA,"anterior",824,1.6454886726471,19731
"Gender agreement","Grammatical","midline","midline anterior",NA,"anterior",826,1.6277876944909,19731
"Gender agreement","Grammatical","midline","midline anterior",NA,"anterior",828,1.60770209315291,19731
"Gender agreement","Grammatical","midline","midline anterior",NA,"anterior",830,1.5853761086615,19731
"Gender agreement","Grammatical","midline","midline anterior",NA,"anterior",832,1.55967893163043,19731
"Gender agreement","Grammatical","midline","midline anterior",NA,"anterior",834,1.5279514976433,19731
"Gender agreement","Grammatical","midline","midline anterior",NA,"anterior",836,1.48644295778217,19731
"Gender agreement","Grammatical","midline","midline anterior",NA,"anterior",838,1.43173351578734,19731
"Gender agreement","Grammatical","midline","midline anterior",NA,"anterior",840,1.36265612487963,19731
"Gender agreement","Grammatical","midline","midline anterior",NA,"anterior",842,1.28132897470985,19731
"Gender agreement","Grammatical","midline","midline anterior",NA,"anterior",844,1.19210369469363,19731
"Gender agreement","Grammatical","midline","midline anterior",NA,"anterior",846,1.09900719679692,19731
"Gender agreement","Grammatical","midline","midline anterior",NA,"anterior",848,1.00458506918048,19731
"Gender agreement","Grammatical","midline","midline anterior",NA,"anterior",850,0.910912675485277,19731
"Gender agreement","Grammatical","midline","midline anterior",NA,"anterior",852,0.819886979879378,19731
"Gender agreement","Grammatical","midline","midline anterior",NA,"anterior",854,0.73190608686838,19731
"Gender agreement","Grammatical","midline","midline anterior",NA,"anterior",856,0.645651310121129,19731
"Gender agreement","Grammatical","midline","midline anterior",NA,"anterior",858,0.559634838578886,19731
"Gender agreement","Grammatical","midline","midline anterior",NA,"anterior",860,0.473120723734225,19731
"Gender agreement","Grammatical","midline","midline anterior",NA,"anterior",862,0.38512513303938,19731
"Gender agreement","Grammatical","midline","midline anterior",NA,"anterior",864,0.293311286807562,19731
"Gender agreement","Grammatical","midline","midline anterior",NA,"anterior",866,0.194178044701232,19731
"Gender agreement","Grammatical","midline","midline anterior",NA,"anterior",868,0.084670265065126,19731
"Gender agreement","Grammatical","midline","midline anterior",NA,"anterior",870,-0.0354680958897167,19731
"Gender agreement","Grammatical","midline","midline anterior",NA,"anterior",872,-0.162832598449141,19731
"Gender agreement","Grammatical","midline","midline anterior",NA,"anterior",874,-0.29164933353606,19731
"Gender agreement","Grammatical","midline","midline anterior",NA,"anterior",876,-0.415749581876235,19731
"Gender agreement","Grammatical","midline","midline anterior",NA,"anterior",878,-0.530463382494552,19731
"Gender agreement","Grammatical","midline","midline anterior",NA,"anterior",880,-0.633402361765749,19731
"Gender agreement","Grammatical","midline","midline anterior",NA,"anterior",882,-0.723638132887335,19731
"Gender agreement","Grammatical","midline","midline anterior",NA,"anterior",884,-0.800823120977143,19731
"Gender agreement","Grammatical","midline","midline anterior",NA,"anterior",886,-0.865418934671329,19731
"Gender agreement","Grammatical","midline","midline anterior",NA,"anterior",888,-0.918658000101363,19731
"Gender agreement","Grammatical","midline","midline anterior",NA,"anterior",890,-0.961784400182454,19731
"Gender agreement","Grammatical","midline","midline anterior",NA,"anterior",892,-0.995753129593026,19731
"Gender agreement","Grammatical","midline","midline anterior",NA,"anterior",894,-1.02134144240028,19731
"Gender agreement","Grammatical","midline","midline anterior",NA,"anterior",896,-1.03863858902235,19731
"Gender agreement","Grammatical","midline","midline anterior",NA,"anterior",898,-1.0467896203943,19731
"Gender agreement","Grammatical","midline","midline anterior",NA,"anterior",900,-1.04476899295525,19731
"Gender agreement","Grammatical","midline","midline anterior",NA,"anterior",902,-1.03193147838427,19731
"Gender agreement","Grammatical","midline","midline anterior",NA,"anterior",904,-1.00736637778116,19731
"Gender agreement","Grammatical","midline","midline anterior",NA,"anterior",906,-0.969258831280726,19731
"Gender agreement","Grammatical","midline","midline anterior",NA,"anterior",908,-0.915694338857635,19731
"Gender agreement","Grammatical","midline","midline anterior",NA,"anterior",910,-0.845670873245147,19731
"Gender agreement","Grammatical","midline","midline anterior",NA,"anterior",912,-0.759589022350616,19731
"Gender agreement","Grammatical","midline","midline anterior",NA,"anterior",914,-0.659113324210633,19731
"Gender agreement","Grammatical","midline","midline anterior",NA,"anterior",916,-0.54632532562972,19731
"Gender agreement","Grammatical","midline","midline anterior",NA,"anterior",918,-0.422403578125792,19731
"Gender agreement","Grammatical","midline","midline anterior",NA,"anterior",920,-0.287147939790178,19731
"Gender agreement","Grammatical","midline","midline anterior",NA,"anterior",922,-0.139920733870559,19731
"Gender agreement","Grammatical","midline","midline anterior",NA,"anterior",924,0.0196188738533273,19731
"Gender agreement","Grammatical","midline","midline anterior",NA,"anterior",926,0.191281688713192,19731
"Gender agreement","Grammatical","midline","midline anterior",NA,"anterior",928,0.373731488520602,19731
"Gender agreement","Grammatical","midline","midline anterior",NA,"anterior",930,0.564170746540976,19731
"Gender agreement","Grammatical","midline","midline anterior",NA,"anterior",932,0.75869352795094,19731
"Gender agreement","Grammatical","midline","midline anterior",NA,"anterior",934,0.952643758552532,19731
"Gender agreement","Grammatical","midline","midline anterior",NA,"anterior",936,1.14099908772997,19731
"Gender agreement","Grammatical","midline","midline anterior",NA,"anterior",938,1.31916897268258,19731
"Gender agreement","Grammatical","midline","midline anterior",NA,"anterior",940,1.48370102883787,19731
"Gender agreement","Grammatical","midline","midline anterior",NA,"anterior",942,1.63249272718058,19731
"Gender agreement","Grammatical","midline","midline anterior",NA,"anterior",944,1.76476884091024,19731
"Gender agreement","Grammatical","midline","midline anterior",NA,"anterior",946,1.88124464041356,19731
"Gender agreement","Grammatical","midline","midline anterior",NA,"anterior",948,1.98375551163144,19731
"Gender agreement","Grammatical","midline","midline anterior",NA,"anterior",950,2.07403497035122,19731
"Gender agreement","Grammatical","midline","midline anterior",NA,"anterior",952,2.15217003699762,19731
"Gender agreement","Grammatical","midline","midline anterior",NA,"anterior",954,2.21560194617607,19731
"Gender agreement","Grammatical","midline","midline anterior",NA,"anterior",956,2.25996254624702,19731
"Gender agreement","Grammatical","midline","midline anterior",NA,"anterior",958,2.28197035122396,19731
"Gender agreement","Grammatical","midline","midline anterior",NA,"anterior",960,2.28196938827226,19731
"Gender agreement","Grammatical","midline","midline anterior",NA,"anterior",962,2.26367725913537,19731
"Gender agreement","Grammatical","midline","midline anterior",NA,"anterior",964,2.23242729714662,19731
"Gender agreement","Grammatical","midline","midline anterior",NA,"anterior",966,2.19385829405504,19731
"Gender agreement","Grammatical","midline","midline anterior",NA,"anterior",968,2.15281582281689,19731
"Gender agreement","Grammatical","midline","midline anterior",NA,"anterior",970,2.11211834169581,19731
"Gender agreement","Grammatical","midline","midline anterior",NA,"anterior",972,2.07210926967716,19731
"Gender agreement","Grammatical","midline","midline anterior",NA,"anterior",974,2.03087643809234,19731
"Gender agreement","Grammatical","midline","midline anterior",NA,"anterior",976,1.98471775378845,19731
"Gender agreement","Grammatical","midline","midline anterior",NA,"anterior",978,1.92953874613552,19731
"Gender agreement","Grammatical","midline","midline anterior",NA,"anterior",980,1.86326547057929,19731
"Gender agreement","Grammatical","midline","midline anterior",NA,"anterior",982,1.78709269677158,19731
"Gender agreement","Grammatical","midline","midline anterior",NA,"anterior",984,1.70449064923217,19731
"Gender agreement","Grammatical","midline","midline anterior",NA,"anterior",986,1.61924261314682,19731
"Gender agreement","Grammatical","midline","midline anterior",NA,"anterior",988,1.53426308854087,19731
"Gender agreement","Grammatical","midline","midline anterior",NA,"anterior",990,1.45165044853277,19731
"Gender agreement","Grammatical","midline","midline anterior",NA,"anterior",992,1.3727438548477,19731
"Gender agreement","Grammatical","midline","midline anterior",NA,"anterior",994,1.29732360245299,19731
"Gender agreement","Grammatical","midline","midline anterior",NA,"anterior",996,1.22340378085247,19731
"Gender agreement","Grammatical","midline","midline anterior",NA,"anterior",998,1.14855379859105,19731
"Gender agreement","Grammatical","midline","midline anterior",NA,"anterior",1000,1.07123830520501,19731
"Gender agreement","Grammatical","midline","midline anterior",NA,"anterior",1002,0.991331306066596,19731
"Gender agreement","Grammatical","midline","midline anterior",NA,"anterior",1004,0.909890071461153,19731
"Gender agreement","Grammatical","midline","midline anterior",NA,"anterior",1006,0.828029446049364,19731
"Gender agreement","Grammatical","midline","midline anterior",NA,"anterior",1008,0.745583903502103,19731
"Gender agreement","Grammatical","midline","midline anterior",NA,"anterior",1010,0.661405402665856,19731
"Gender agreement","Grammatical","midline","midline anterior",NA,"anterior",1012,0.57529572753535,19731
"Gender agreement","Grammatical","midline","midline anterior",NA,"anterior",1014,0.488987785717906,19731
"Gender agreement","Grammatical","midline","midline anterior",NA,"anterior",1016,0.405035882621256,19731
"Gender agreement","Grammatical","midline","midline anterior",NA,"anterior",1018,0.324979727332624,19731
"Gender agreement","Grammatical","midline","midline anterior",NA,"anterior",1020,0.24874649029446,19731
"Gender agreement","Grammatical","midline","midline anterior",NA,"anterior",1022,0.175713445846637,19731
"Gender agreement","Grammatical","midline","midline anterior",NA,"anterior",1024,0.105470883381481,19731
"Gender agreement","Grammatical","midline","midline anterior",NA,"anterior",1026,0.0379074552734276,19731
"Gender agreement","Grammatical","midline","midline anterior",NA,"anterior",1028,-0.0266559728346257,19731
"Gender agreement","Grammatical","midline","midline anterior",NA,"anterior",1030,-0.0875537985910496,19731
"Gender agreement","Grammatical","midline","midline anterior",NA,"anterior",1032,-0.144427145101617,19731
"Gender agreement","Grammatical","midline","midline anterior",NA,"anterior",1034,-0.198097359485074,19731
"Gender agreement","Grammatical","midline","midline anterior",NA,"anterior",1036,-0.251152045005322,19731
"Gender agreement","Grammatical","midline","midline anterior",NA,"anterior",1038,-0.307637524707313,19731
"Gender agreement","Grammatical","midline","midline anterior",NA,"anterior",1040,-0.371967208960519,19731
"Gender agreement","Grammatical","midline","midline anterior",NA,"anterior",1042,-0.447640616289088,19731
"Gender agreement","Grammatical","midline","midline anterior",NA,"anterior",1044,-0.535905478688358,19731
"Gender agreement","Grammatical","midline","midline anterior",NA,"anterior",1046,-0.634566874461507,19731
"Gender agreement","Grammatical","midline","midline anterior",NA,"anterior",1048,-0.738565556738128,19731
"Gender agreement","Grammatical","midline","midline anterior",NA,"anterior",1050,-0.842307282955755,19731
"Gender agreement","Grammatical","midline","midline anterior",NA,"anterior",1052,-0.941897268258071,19731
"Gender agreement","Grammatical","midline","midline anterior",NA,"anterior",1054,-1.03563341949217,19731
"Gender agreement","Grammatical","midline","midline anterior",NA,"anterior",1056,-1.12285119862146,19731
"Gender agreement","Grammatical","midline","midline anterior",NA,"anterior",1058,-1.20250058283919,19731
"Gender agreement","Grammatical","midline","midline anterior",NA,"anterior",1060,-1.27268856114743,19731
"Gender agreement","Grammatical","midline","midline anterior",NA,"anterior",1062,-1.33095661649181,19731
"Gender agreement","Grammatical","midline","midline anterior",NA,"anterior",1064,-1.37544128528711,19731
"Gender agreement","Grammatical","midline","midline anterior",NA,"anterior",1066,-1.40629582889869,19731
"Gender agreement","Grammatical","midline","midline anterior",NA,"anterior",1068,-1.42624616086362,19731
"Gender agreement","Grammatical","midline","midline anterior",NA,"anterior",1070,-1.43968065480716,19731
"Gender agreement","Grammatical","midline","midline anterior",NA,"anterior",1072,-1.45076519183011,19731
"Gender agreement","Grammatical","midline","midline anterior",NA,"anterior",1074,-1.46179519537783,19731
"Gender agreement","Grammatical","midline","midline anterior",NA,"anterior",1076,-1.47292220363894,19731
"Gender agreement","Grammatical","midline","midline anterior",NA,"anterior",1078,-1.48310805331712,19731
"Gender agreement","Grammatical","midline","midline anterior",NA,"anterior",1080,-1.49149961988749,19731
"Gender agreement","Grammatical","midline","midline anterior",NA,"anterior",1082,-1.49790127210988,19731
"Gender agreement","Grammatical","midline","midline anterior",NA,"anterior",1084,-1.50210729309209,19731
"Gender agreement","Grammatical","midline","midline anterior",NA,"anterior",1086,-1.5029741523491,19731
"Gender agreement","Grammatical","midline","midline anterior",NA,"anterior",1088,-1.49832456540469,19731
"Gender agreement","Grammatical","midline","midline anterior",NA,"anterior",1090,-1.485276215093,19731
"Gender agreement","Grammatical","midline","midline anterior",NA,"anterior",1092,-1.46109274745325,19731
"Gender agreement","Grammatical","midline","midline anterior",NA,"anterior",1094,-1.42445309411586,19731
"Gender agreement","Grammatical","midline","midline anterior",NA,"anterior",1096,-1.37600253408342,19731
"Gender agreement","Grammatical","midline","midline anterior",NA,"anterior",1098,-1.31802523947088,19731
"Gender agreement","Grammatical","midline","midline medial",NA,"medial",-100,-0.851579190106938,19731
"Gender agreement","Grammatical","midline","midline medial",NA,"medial",-98,-0.859723936952004,19731
"Gender agreement","Grammatical","midline","midline medial",NA,"medial",-96,-0.86570782018144,19731
"Gender agreement","Grammatical","midline","midline medial",NA,"medial",-94,-0.870555319041103,19731
"Gender agreement","Grammatical","midline","midline medial",NA,"medial",-92,-0.875250215397091,19731
"Gender agreement","Grammatical","midline","midline medial",NA,"medial",-90,-0.880802290811413,19731
"Gender agreement","Grammatical","midline","midline medial",NA,"medial",-88,-0.888002584765091,19731
"Gender agreement","Grammatical","midline","midline medial",NA,"medial",-86,-0.897316405656074,19731
"Gender agreement","Grammatical","midline","midline medial",NA,"medial",-84,-0.909458415691045,19731
"Gender agreement","Grammatical","midline","midline medial",NA,"medial",-82,-0.925701535654554,19731
"Gender agreement","Grammatical","midline","midline medial",NA,"medial",-80,-0.947382900005068,19731
"Gender agreement","Grammatical","midline","midline medial",NA,"medial",-78,-0.9748085753383,19731
"Gender agreement","Grammatical","midline","midline medial",NA,"medial",-76,-1.00663255790381,19731
"Gender agreement","Grammatical","midline","midline medial",NA,"medial",-74,-1.03977254067204,19731
"Gender agreement","Grammatical","midline","midline medial",NA,"medial",-72,-1.06996173534033,19731
"Gender agreement","Grammatical","midline","midline medial",NA,"medial",-70,-1.09352815366682,19731
"Gender agreement","Grammatical","midline","midline medial",NA,"medial",-68,-1.10911889919416,19731
"Gender agreement","Grammatical","midline","midline medial",NA,"medial",-66,-1.11767715777203,19731
"Gender agreement","Grammatical","midline","midline medial",NA,"medial",-64,-1.12060995387968,19731
"Gender agreement","Grammatical","midline","midline medial",NA,"medial",-62,-1.11847995540013,19731
"Gender agreement","Grammatical","midline","midline medial",NA,"medial",-60,-1.11131001976585,19731
"Gender agreement","Grammatical","midline","midline medial",NA,"medial",-58,-1.09974380416603,19731
"Gender agreement","Grammatical","midline","midline medial",NA,"medial",-56,-1.08548826719376,19731
"Gender agreement","Grammatical","midline","midline medial",NA,"medial",-54,-1.07083614616593,19731
"Gender agreement","Grammatical","midline","midline medial",NA,"medial",-52,-1.05782996300238,19731
"Gender agreement","Grammatical","midline","midline medial",NA,"medial",-50,-1.04794916628655,19731
"Gender agreement","Grammatical","midline","midline medial",NA,"medial",-48,-1.04228310779991,19731
"Gender agreement","Grammatical","midline","midline medial",NA,"medial",-46,-1.04124555268359,19731
"Gender agreement","Grammatical","midline","midline medial",NA,"medial",-44,-1.04414114844661,19731
"Gender agreement","Grammatical","midline","midline medial",NA,"medial",-42,-1.04950853986113,19731
"Gender agreement","Grammatical","midline","midline medial",NA,"medial",-40,-1.05559039075566,19731
"Gender agreement","Grammatical","midline","midline medial",NA,"medial",-38,-1.06045963205109,19731
"Gender agreement","Grammatical","midline","midline medial",NA,"medial",-36,-1.06237109117632,19731
"Gender agreement","Grammatical","midline","midline medial",NA,"medial",-34,-1.06091845319548,19731
"Gender agreement","Grammatical","midline","midline medial",NA,"medial",-32,-1.05795798489686,19731
"Gender agreement","Grammatical","midline","midline medial",NA,"medial",-30,-1.05733860422685,19731
"Gender agreement","Grammatical","midline","midline medial",NA,"medial",-28,-1.06313704323146,19731
"Gender agreement","Grammatical","midline","midline medial",NA,"medial",-26,-1.07772880239217,19731
"Gender agreement","Grammatical","midline","midline medial",NA,"medial",-24,-1.10044559322893,19731
"Gender agreement","Grammatical","midline","midline medial",NA,"medial",-22,-1.12789468349298,19731
"Gender agreement","Grammatical","midline","midline medial",NA,"medial",-20,-1.15590938117683,19731
"Gender agreement","Grammatical","midline","midline medial",NA,"medial",-18,-1.18160306117277,19731
"Gender agreement","Grammatical","midline","midline medial",NA,"medial",-16,-1.20411393239065,19731
"Gender agreement","Grammatical","midline","midline medial",NA,"medial",-14,-1.2236733566469,19731
"Gender agreement","Grammatical","midline","midline medial",NA,"medial",-12,-1.23998099437433,19731
"Gender agreement","Grammatical","midline","midline medial",NA,"medial",-10,-1.25158897166895,19731
"Gender agreement","Grammatical","midline","midline medial",NA,"medial",-8,-1.25695200445999,19731
"Gender agreement","Grammatical","midline","midline medial",NA,"medial",-6,-1.25535968780092,19731
"Gender agreement","Grammatical","midline","midline medial",NA,"medial",-4,-1.24674765597283,19731
"Gender agreement","Grammatical","midline","midline medial",NA,"medial",-2,-1.2319667528255,19731
"Gender agreement","Grammatical","midline","midline medial",NA,"medial",0,-1.21337600729816,19731
"Gender agreement","Grammatical","midline","midline medial",NA,"medial",2,-1.19462880746034,19731
"Gender agreement","Grammatical","midline","midline medial",NA,"medial",4,-1.1794618620445,19731
"Gender agreement","Grammatical","midline","midline medial",NA,"medial",6,-1.17032345040799,19731
"Gender agreement","Grammatical","midline","midline medial",NA,"medial",8,-1.16752708935178,19731
"Gender agreement","Grammatical","midline","midline medial",NA,"medial",10,-1.16968481070397,19731
"Gender agreement","Grammatical","midline","midline medial",NA,"medial",12,-1.17501925903401,19731
"Gender agreement","Grammatical","midline","midline medial",NA,"medial",14,-1.18249840352744,19731
"Gender agreement","Grammatical","midline","midline medial",NA,"medial",16,-1.19144549186559,19731
"Gender agreement","Grammatical","midline","midline medial",NA,"medial",18,-1.20059490142415,19731
"Gender agreement","Grammatical","midline","midline medial",NA,"medial",20,-1.20812543712939,19731
"Gender agreement","Grammatical","midline","midline medial",NA,"medial",22,-1.21260721706959,19731
"Gender agreement","Grammatical","midline","midline medial",NA,"medial",24,-1.21396558714713,19731
"Gender agreement","Grammatical","midline","midline medial",NA,"medial",26,-1.2138675181187,19731
"Gender agreement","Grammatical","midline","midline medial",NA,"medial",28,-1.21494080381126,19731
"Gender agreement","Grammatical","midline","midline medial",NA,"medial",30,-1.21871567584005,19731
"Gender agreement","Grammatical","midline","midline medial",NA,"medial",32,-1.22437463889311,19731
"Gender agreement","Grammatical","midline","midline medial",NA,"medial",34,-1.23006629162232,19731
"Gender agreement","Grammatical","midline","midline medial",NA,"medial",36,-1.23489478485632,19731
"Gender agreement","Grammatical","midline","midline medial",NA,"medial",38,-1.23915204500532,19731
"Gender agreement","Grammatical","midline","midline medial",NA,"medial",40,-1.24349222036389,19731
"Gender agreement","Grammatical","midline","midline medial",NA,"medial",42,-1.24841949216968,19731
"Gender agreement","Grammatical","midline","midline medial",NA,"medial",44,-1.25391799706046,19731
"Gender agreement","Grammatical","midline","midline medial",NA,"medial",46,-1.25887942831078,19731
"Gender agreement","Grammatical","midline","midline medial",NA,"medial",48,-1.26138208909837,19731
"Gender agreement","Grammatical","midline","midline medial",NA,"medial",50,-1.25984070751609,19731
"Gender agreement","Grammatical","midline","midline medial",NA,"medial",52,-1.25311408443566,19731
"Gender agreement","Grammatical","midline","midline medial",NA,"medial",54,-1.24009938675181,19731
"Gender agreement","Grammatical","midline","midline medial",NA,"medial",56,-1.22008975723481,19731
"Gender agreement","Grammatical","midline","midline medial",NA,"medial",58,-1.19343059145507,19731
"Gender agreement","Grammatical","midline","midline medial",NA,"medial",60,-1.16137935228828,19731
"Gender agreement","Grammatical","midline","midline medial",NA,"medial",62,-1.12579767877959,19731
"Gender agreement","Grammatical","midline","midline medial",NA,"medial",64,-1.08864279560083,19731
"Gender agreement","Grammatical","midline","midline medial",NA,"medial",66,-1.05160980183468,19731
"Gender agreement","Grammatical","midline","midline medial",NA,"medial",68,-1.01617956515128,19731
"Gender agreement","Grammatical","midline","midline medial",NA,"medial",70,-0.983795803557853,19731
"Gender agreement","Grammatical","midline","midline medial",NA,"medial",72,-0.955952764685013,19731
"Gender agreement","Grammatical","midline","midline medial",NA,"medial",74,-0.934014241548832,19731
"Gender agreement","Grammatical","midline","midline medial",NA,"medial",76,-0.918958491713547,19731
"Gender agreement","Grammatical","midline","midline medial",NA,"medial",78,-0.911322538137955,19731
"Gender agreement","Grammatical","midline","midline medial",NA,"medial",80,-0.911335157873397,19731
"Gender agreement","Grammatical","midline","midline medial",NA,"medial",82,-0.919251989255486,19731
"Gender agreement","Grammatical","midline","midline medial",NA,"medial",84,-0.935708580406467,19731
"Gender agreement","Grammatical","midline","midline medial",NA,"medial",86,-0.961687851604075,19731
"Gender agreement","Grammatical","midline","midline medial",NA,"medial",88,-0.997955096041762,19731
"Gender agreement","Grammatical","midline","midline medial",NA,"medial",90,-1.04448203334854,19731
"Gender agreement","Grammatical","midline","midline medial",NA,"medial",92,-1.10084384977953,19731
"Gender agreement","Grammatical","midline","midline medial",NA,"medial",94,-1.16693122497593,19731
"Gender agreement","Grammatical","midline","midline medial",NA,"medial",96,-1.24334818306219,19731
"Gender agreement","Grammatical","midline","midline medial",NA,"medial",98,-1.33130601591404,19731
"Gender agreement","Grammatical","midline","midline medial",NA,"medial",100,-1.43162419542851,19731
"Gender agreement","Grammatical","midline","midline medial",NA,"medial",102,-1.54342542192489,19731
"Gender agreement","Grammatical","midline","midline medial",NA,"medial",104,-1.66363701789063,19731
"Gender agreement","Grammatical","midline","midline medial",NA,"medial",106,-1.78777304748872,19731
"Gender agreement","Grammatical","midline","midline medial",NA,"medial",108,-1.91173143783893,19731
"Gender agreement","Grammatical","midline","midline medial",NA,"medial",110,-2.03327646850134,19731
"Gender agreement","Grammatical","midline","midline medial",NA,"medial",112,-2.15210410014698,19731
"Gender agreement","Grammatical","midline","midline medial",NA,"medial",114,-2.26862672951194,19731
"Gender agreement","Grammatical","midline","midline medial",NA,"medial",116,-2.38247260655821,19731
"Gender agreement","Grammatical","midline","midline medial",NA,"medial",118,-2.49176752318686,19731
"Gender agreement","Grammatical","midline","midline medial",NA,"medial",120,-2.59313678982312,19731
"Gender agreement","Grammatical","midline","midline medial",NA,"medial",122,-2.68201941107901,19731
"Gender agreement","Grammatical","midline","midline medial",NA,"medial",124,-2.75359074552734,19731
"Gender agreement","Grammatical","midline","midline medial",NA,"medial",126,-2.8041705438143,19731
"Gender agreement","Grammatical","midline","midline medial",NA,"medial",128,-2.83207490750596,19731
"Gender agreement","Grammatical","midline","midline medial",NA,"medial",130,-2.8374218742081,19731
"Gender agreement","Grammatical","midline","midline medial",NA,"medial",132,-2.82147549541331,19731
"Gender agreement","Grammatical","midline","midline medial",NA,"medial",134,-2.78622016116771,19731
"Gender agreement","Grammatical","midline","midline medial",NA,"medial",136,-2.73388510465765,19731
"Gender agreement","Grammatical","midline","midline medial",NA,"medial",138,-2.66616182656733,19731
"Gender agreement","Grammatical","midline","midline medial",NA,"medial",140,-2.58328771983174,19731
"Gender agreement","Grammatical","midline","midline medial",NA,"medial",142,-2.48370346155795,19731
"Gender agreement","Grammatical","midline","midline medial",NA,"medial",144,-2.3647008261112,19731
"Gender agreement","Grammatical","midline","midline medial",NA,"medial",146,-2.22440763265927,19731
"Gender agreement","Grammatical","midline","midline medial",NA,"medial",148,-2.06349926511581,19731
"Gender agreement","Grammatical","midline","midline medial",NA,"medial",150,-1.88464532968425,19731
"Gender agreement","Grammatical","midline","midline medial",NA,"medial",152,-1.69047792813339,19731
"Gender agreement","Grammatical","midline","midline medial",NA,"medial",154,-1.48307262683088,19731
"Gender agreement","Grammatical","midline","midline medial",NA,"medial",156,-1.26492250772895,19731
"Gender agreement","Grammatical","midline","midline medial",NA,"medial",158,-1.03903015559272,19731
"Gender agreement","Grammatical","midline","midline medial",NA,"medial",160,-0.808316659064416,19731
"Gender agreement","Grammatical","midline","midline medial",NA,"medial",162,-0.575190208301657,19731
"Gender agreement","Grammatical","midline","midline medial",NA,"medial",164,-0.341336424915108,19731
"Gender agreement","Grammatical","midline","midline medial",NA,"medial",166,-0.107706654503066,19731
"Gender agreement","Grammatical","midline","midline medial",NA,"medial",168,0.125236480664943,19731
"Gender agreement","Grammatical","midline","midline medial",NA,"medial",170,0.356783082459075,19731
"Gender agreement","Grammatical","midline","midline medial",NA,"medial",172,0.585289696416806,19731
"Gender agreement","Grammatical","midline","midline medial",NA,"medial",174,0.808478891085095,19731
"Gender agreement","Grammatical","midline","midline medial",NA,"medial",176,1.02428361461659,19731
"Gender agreement","Grammatical","midline","midline medial",NA,"medial",178,1.23132654198976,19731
"Gender agreement","Grammatical","midline","midline medial",NA,"medial",180,1.42905509097359,19731
"Gender agreement","Grammatical","midline","midline medial",NA,"medial",182,1.61734681465714,19731
"Gender agreement","Grammatical","midline","midline medial",NA,"medial",184,1.79594404743804,19731
"Gender agreement","Grammatical","midline","midline medial",NA,"medial",186,1.9647562211748,19731
"Gender agreement","Grammatical","midline","midline medial",NA,"medial",188,2.12481648167858,19731
"Gender agreement","Grammatical","midline","midline medial",NA,"medial",190,2.27840063858902,19731
"Gender agreement","Grammatical","midline","midline medial",NA,"medial",192,2.42756216106634,19731
"Gender agreement","Grammatical","midline","midline medial",NA,"medial",194,2.57252739344179,19731
"Gender agreement","Grammatical","midline","midline medial",NA,"medial",196,2.71115812680553,19731
"Gender agreement","Grammatical","midline","midline medial",NA,"medial",198,2.84013156961127,19731
"Gender agreement","Grammatical","midline","midline medial",NA,"medial",200,2.95695788353353,19731
"Gender agreement","Grammatical","midline","midline medial",NA,"medial",202,3.06114560843343,19731
"Gender agreement","Grammatical","midline","midline medial",NA,"medial",204,3.15392884293751,19731
"Gender agreement","Grammatical","midline","midline medial",NA,"medial",206,3.23728153666819,19731
"Gender agreement","Grammatical","midline","midline medial",NA,"medial",208,3.31316623587248,19731
"Gender agreement","Grammatical","midline","midline medial",NA,"medial",210,3.38343819370534,19731
"Gender agreement","Grammatical","midline","midline medial",NA,"medial",212,3.45017804470123,19731
"Gender agreement","Grammatical","midline","midline medial",NA,"medial",214,3.51586082813846,19731
"Gender agreement","Grammatical","midline","midline medial",NA,"medial",216,3.58285748314835,19731
"Gender agreement","Grammatical","midline","midline medial",NA,"medial",218,3.65240418630581,19731
"Gender agreement","Grammatical","midline","midline medial",NA,"medial",220,3.72397481121079,19731
"Gender agreement","Grammatical","midline","midline medial",NA,"medial",222,3.79599123207136,19731
"Gender agreement","Grammatical","midline","midline medial",NA,"medial",224,3.86687836399574,19731
"Gender agreement","Grammatical","midline","midline medial",NA,"medial",226,3.93510937104049,19731
"Gender agreement","Grammatical","midline","midline medial",NA,"medial",228,3.99883731184431,19731
"Gender agreement","Grammatical","midline","midline medial",NA,"medial",230,4.05581060260504,19731
"Gender agreement","Grammatical","midline","midline medial",NA,"medial",232,4.10367396482692,19731
"Gender agreement","Grammatical","midline","midline medial",NA,"medial",234,4.14044437686889,19731
"Gender agreement","Grammatical","midline","midline medial",NA,"medial",236,4.16535933302924,19731
"Gender agreement","Grammatical","midline","midline medial",NA,"medial",238,4.17949171354721,19731
"Gender agreement","Grammatical","midline","midline medial",NA,"medial",240,4.18533906036187,19731
"Gender agreement","Grammatical","midline","midline medial",NA,"medial",242,4.18504738735999,19731
"Gender agreement","Grammatical","midline","midline medial",NA,"medial",244,4.17891860524048,19731
"Gender agreement","Grammatical","midline","midline medial",NA,"medial",246,4.16578044701232,19731
"Gender agreement","Grammatical","midline","midline medial",NA,"medial",248,4.14466119304647,19731
"Gender agreement","Grammatical","midline","midline medial",NA,"medial",250,4.11593233997263,19731
"Gender agreement","Grammatical","midline","midline medial",NA,"medial",252,4.08116233338401,19731
"Gender agreement","Grammatical","midline","midline medial",NA,"medial",254,4.04252536617505,19731
"Gender agreement","Grammatical","midline","midline medial",NA,"medial",256,4.00229233186356,19731
"Gender agreement","Grammatical","midline","midline medial",NA,"medial",258,3.96216471542243,19731
"Gender agreement","Grammatical","midline","midline medial",NA,"medial",260,3.92254046931225,19731
"Gender agreement","Grammatical","midline","midline medial",NA,"medial",262,3.88223384521818,19731
"Gender agreement","Grammatical","midline","midline medial",NA,"medial",264,3.83882935482236,19731
"Gender agreement","Grammatical","midline","midline medial",NA,"medial",266,3.78966717348335,19731
"Gender agreement","Grammatical","midline","midline medial",NA,"medial",268,3.73320252394709,19731
"Gender agreement","Grammatical","midline","midline medial",NA,"medial",270,3.66978546449749,19731
"Gender agreement","Grammatical","midline","midline medial",NA,"medial",272,3.60135760985252,19731
"Gender agreement","Grammatical","midline","midline medial",NA,"medial",274,3.53002691196594,19731
"Gender agreement","Grammatical","midline","midline medial",NA,"medial",276,3.45683974456439,19731
"Gender agreement","Grammatical","midline","midline medial",NA,"medial",278,3.38184009933607,19731
"Gender agreement","Grammatical","midline","midline medial",NA,"medial",280,3.30497420303076,19731
"Gender agreement","Grammatical","midline","midline medial",NA,"medial",282,3.22662353656682,19731
"Gender agreement","Grammatical","midline","midline medial",NA,"medial",284,3.14726557194263,19731
"Gender agreement","Grammatical","midline","midline medial",NA,"medial",286,3.06716648928083,19731
"Gender agreement","Grammatical","midline","midline medial",NA,"medial",288,2.98656337742638,19731
"Gender agreement","Grammatical","midline","midline medial",NA,"medial",290,2.90577553089048,19731
"Gender agreement","Grammatical","midline","midline medial",NA,"medial",292,2.82504723531499,19731
"Gender agreement","Grammatical","midline","midline medial",NA,"medial",294,2.74455597790279,19731
"Gender agreement","Grammatical","midline","midline medial",NA,"medial",296,2.66475029141959,19731
"Gender agreement","Grammatical","midline","midline medial",NA,"medial",298,2.58622188434443,19731
"Gender agreement","Grammatical","midline","midline medial",NA,"medial",300,2.50908185089453,19731
"Gender agreement","Grammatical","midline","midline medial",NA,"medial",302,2.43257883533526,19731
"Gender agreement","Grammatical","midline","midline medial",NA,"medial",304,2.3555227307283,19731
"Gender agreement","Grammatical","midline","midline medial",NA,"medial",306,2.27695114287162,19731
"Gender agreement","Grammatical","midline","midline medial",NA,"medial",308,2.19631686179109,19731
"Gender agreement","Grammatical","midline","midline medial",NA,"medial",310,2.11317885560793,19731
"Gender agreement","Grammatical","midline","midline medial",NA,"medial",312,2.02737093913132,19731
"Gender agreement","Grammatical","midline","midline medial",NA,"medial",314,1.93945806091937,19731
"Gender agreement","Grammatical","midline","midline medial",NA,"medial",316,1.85142988191171,19731
"Gender agreement","Grammatical","midline","midline medial",NA,"medial",318,1.76752881252851,19731
"Gender agreement","Grammatical","midline","midline medial",NA,"medial",320,1.69360833206629,19731
"Gender agreement","Grammatical","midline","midline medial",NA,"medial",322,1.63437595661649,19731
"Gender agreement","Grammatical","midline","midline medial",NA,"medial",324,1.5908771476357,19731
"Gender agreement","Grammatical","midline","midline medial",NA,"medial",326,1.56053266433531,19731
"Gender agreement","Grammatical","midline","midline medial",NA,"medial",328,1.5393436723937,19731
"Gender agreement","Grammatical","midline","midline medial",NA,"medial",330,1.52393375905935,19731
"Gender agreement","Grammatical","midline","midline medial",NA,"medial",332,1.51245917591607,19731
"Gender agreement","Grammatical","midline","midline medial",NA,"medial",334,1.50446581521464,19731
"Gender agreement","Grammatical","midline","midline medial",NA,"medial",336,1.49994617606812,19731
"Gender agreement","Grammatical","midline","midline medial",NA,"medial",338,1.49809158177487,19731
"Gender agreement","Grammatical","midline","midline medial",NA,"medial",340,1.4967656986468,19731
"Gender agreement","Grammatical","midline","midline medial",NA,"medial",342,1.49359642187421,19731
"Gender agreement","Grammatical","midline","midline medial",NA,"medial",344,1.48785844610005,19731
"Gender agreement","Grammatical","midline","midline medial",NA,"medial",346,1.48074532461609,19731
"Gender agreement","Grammatical","midline","midline medial",NA,"medial",348,1.47349779534742,19731
"Gender agreement","Grammatical","midline","midline medial",NA,"medial",350,1.46615726521717,19731
"Gender agreement","Grammatical","midline","midline medial",NA,"medial",352,1.45808245907455,19731
"Gender agreement","Grammatical","midline","midline medial",NA,"medial",354,1.4487960569662,19731
"Gender agreement","Grammatical","midline","midline medial",NA,"medial",356,1.43792124068724,19731
"Gender agreement","Grammatical","midline","midline medial",NA,"medial",358,1.42498205868937,19731
"Gender agreement","Grammatical","midline","midline medial",NA,"medial",360,1.40962515838021,19731
"Gender agreement","Grammatical","midline","midline medial",NA,"medial",362,1.39154204044397,19731
"Gender agreement","Grammatical","midline","midline medial",NA,"medial",364,1.37024479245857,19731
"Gender agreement","Grammatical","midline","midline medial",NA,"medial",366,1.34530601591404,19731
"Gender agreement","Grammatical","midline","midline medial",NA,"medial",368,1.31723810247833,19731
"Gender agreement","Grammatical","midline","midline medial",NA,"medial",370,1.28810926967716,19731
"Gender agreement","Grammatical","midline","midline medial",NA,"medial",372,1.26111139830723,19731
"Gender agreement","Grammatical","midline","midline medial",NA,"medial",374,1.23911114489889,19731
"Gender agreement","Grammatical","midline","midline medial",NA,"medial",376,1.22328777051341,19731
"Gender agreement","Grammatical","midline","midline medial",NA,"medial",378,1.21267487709695,19731
"Gender agreement","Grammatical","midline","midline medial",NA,"medial",380,1.20456814150322,19731
"Gender agreement","Grammatical","midline","midline medial",NA,"medial",382,1.19623759566165,19731
"Gender agreement","Grammatical","midline","midline medial",NA,"medial",384,1.18690279255993,19731
"Gender agreement","Grammatical","midline","midline medial",NA,"medial",386,1.17797557143581,19731
"Gender agreement","Grammatical","midline","midline medial",NA,"medial",388,1.17163879174902,19731
"Gender agreement","Grammatical","midline","midline medial",NA,"medial",390,1.16936840504789,19731
"Gender agreement","Grammatical","midline","midline medial",NA,"medial",392,1.17155552176778,19731
"Gender agreement","Grammatical","midline","midline medial",NA,"medial",394,1.17779326947443,19731
"Gender agreement","Grammatical","midline","midline medial",NA,"medial",396,1.18702503674421,19731
"Gender agreement","Grammatical","midline","midline medial",NA,"medial",398,1.19770488064467,19731
"Gender agreement","Grammatical","midline","midline medial",NA,"medial",400,1.2083828493234,19731
"Gender agreement","Grammatical","midline","midline medial",NA,"medial",402,1.21802250266079,19731
"Gender agreement","Grammatical","midline","midline medial",NA,"medial",404,1.22539582383052,19731
"Gender agreement","Grammatical","midline","midline medial",NA,"medial",406,1.22846480158127,19731
"Gender agreement","Grammatical","midline","midline medial",NA,"medial",408,1.22522553342456,19731
"Gender agreement","Grammatical","midline","midline medial",NA,"medial",410,1.21541249809944,19731
"Gender agreement","Grammatical","midline","midline medial",NA,"medial",412,1.20131838224114,19731
"Gender agreement","Grammatical","midline","midline medial",NA,"medial",414,1.18706588616897,19731
"Gender agreement","Grammatical","midline","midline medial",NA,"medial",416,1.17720161167706,19731
"Gender agreement","Grammatical","midline","midline medial",NA,"medial",418,1.17543991688206,19731
"Gender agreement","Grammatical","midline","midline medial",NA,"medial",420,1.18374628756779,19731
"Gender agreement","Grammatical","midline","midline medial",NA,"medial",422,1.20195377831838,19731
"Gender agreement","Grammatical","midline","midline medial",NA,"medial",424,1.2285761998885,19731
"Gender agreement","Grammatical","midline","midline medial",NA,"medial",426,1.26227084283615,19731
"Gender agreement","Grammatical","midline","midline medial",NA,"medial",428,1.30202995286605,19731
"Gender agreement","Grammatical","midline","midline medial",NA,"medial",430,1.34635421418073,19731
"Gender agreement","Grammatical","midline","midline medial",NA,"medial",432,1.39309654857838,19731
"Gender agreement","Grammatical","midline","midline medial",NA,"medial",434,1.44009994425016,19731
"Gender agreement","Grammatical","midline","midline medial",NA,"medial",436,1.48560493639451,19731
"Gender agreement","Grammatical","midline","midline medial",NA,"medial",438,1.52844549186559,19731
"Gender agreement","Grammatical","midline","midline medial",NA,"medial",440,1.56828037098981,19731
"Gender agreement","Grammatical","midline","midline medial",NA,"medial",442,1.60536049870762,19731
"Gender agreement","Grammatical","midline","midline medial",NA,"medial",444,1.64043287213015,19731
"Gender agreement","Grammatical","midline","midline medial",NA,"medial",446,1.6747390400892,19731
"Gender agreement","Grammatical","midline","midline medial",NA,"medial",448,1.70954401702904,19731
"Gender agreement","Grammatical","midline","midline medial",NA,"medial",450,1.74545289138918,19731
"Gender agreement","Grammatical","midline","midline medial",NA,"medial",452,1.78265506056459,19731
"Gender agreement","Grammatical","midline","midline medial",NA,"medial",454,1.82142101261974,19731
"Gender agreement","Grammatical","midline","midline medial",NA,"medial",456,1.86190644164006,19731
"Gender agreement","Grammatical","midline","midline medial",NA,"medial",458,1.90342415488318,19731
"Gender agreement","Grammatical","midline","midline medial",NA,"medial",460,1.94397465916578,19731
"Gender agreement","Grammatical","midline","midline medial",NA,"medial",462,1.98062703360195,19731
"Gender agreement","Grammatical","midline","midline medial",NA,"medial",464,2.01062992245705,19731
"Gender agreement","Grammatical","midline","midline medial",NA,"medial",466,2.0325733110334,19731
"Gender agreement","Grammatical","midline","midline medial",NA,"medial",468,2.04670280269626,19731
"Gender agreement","Grammatical","midline","midline medial",NA,"medial",470,2.05446515635295,19731
"Gender agreement","Grammatical","midline","midline medial",NA,"medial",472,2.05797638234251,19731
"Gender agreement","Grammatical","midline","midline medial",NA,"medial",474,2.05967644822868,19731
"Gender agreement","Grammatical","midline","midline medial",NA,"medial",476,2.06190000506817,19731
"Gender agreement","Grammatical","midline","midline medial",NA,"medial",478,2.06663453448888,19731
"Gender agreement","Grammatical","midline","midline medial",NA,"medial",480,2.07514403730171,19731
"Gender agreement","Grammatical","midline","midline medial",NA,"medial",482,2.0874674877097,19731
"Gender agreement","Grammatical","midline","midline medial",NA,"medial",484,2.1025922659774,19731
"Gender agreement","Grammatical","midline","midline medial",NA,"medial",486,2.11960412548781,19731
"Gender agreement","Grammatical","midline","midline medial",NA,"medial",488,2.13850038011251,19731
"Gender agreement","Grammatical","midline","midline medial",NA,"medial",490,2.15967781663372,19731
"Gender agreement","Grammatical","midline","midline medial",NA,"medial",492,2.18264578581927,19731
"Gender agreement","Grammatical","midline","midline medial",NA,"medial",494,2.20554624702245,19731
"Gender agreement","Grammatical","midline","midline medial",NA,"medial",496,2.22601175814708,19731
"Gender agreement","Grammatical","midline","midline medial",NA,"medial",498,2.24267776595206,19731
"Gender agreement","Grammatical","midline","midline medial",NA,"medial",500,2.25586508539861,19731
"Gender agreement","Grammatical","midline","midline medial",NA,"medial",502,2.26681886371699,19731
"Gender agreement","Grammatical","midline","midline medial",NA,"medial",504,2.27690618823172,19731
"Gender agreement","Grammatical","midline","midline medial",NA,"medial",506,2.28761512340986,19731
"Gender agreement","Grammatical","midline","midline medial",NA,"medial",508,2.3008010237697,19731
"Gender agreement","Grammatical","midline","midline medial",NA,"medial",510,2.3180361360296,19731
"Gender agreement","Grammatical","midline","midline medial",NA,"medial",512,2.33970356292129,19731
"Gender agreement","Grammatical","midline","midline medial",NA,"medial",514,2.36514287162333,19731
"Gender agreement","Grammatical","midline","midline medial",NA,"medial",516,2.393647661041,19731
"Gender agreement","Grammatical","midline","midline medial",NA,"medial",518,2.42488956464447,19731
"Gender agreement","Grammatical","midline","midline medial",NA,"medial",520,2.45843378440018,19731
"Gender agreement","Grammatical","midline","midline medial",NA,"medial",522,2.49318402513811,19731
"Gender agreement","Grammatical","midline","midline medial",NA,"medial",524,2.52762014089504,19731
"Gender agreement","Grammatical","midline","midline medial",NA,"medial",526,2.56039024884699,19731
"Gender agreement","Grammatical","midline","midline medial",NA,"medial",528,2.59107115706249,19731
"Gender agreement","Grammatical","midline","midline medial",NA,"medial",530,2.62032841721149,19731
"Gender agreement","Grammatical","midline","midline medial",NA,"medial",532,2.64894470629973,19731
"Gender agreement","Grammatical","midline","midline medial",NA,"medial",534,2.67661203182809,19731
"Gender agreement","Grammatical","midline","midline medial",NA,"medial",536,2.70203000354772,19731
"Gender agreement","Grammatical","midline","midline medial",NA,"medial",538,2.7245371750038,19731
"Gender agreement","Grammatical","midline","midline medial",NA,"medial",540,2.74527535350464,19731
"Gender agreement","Grammatical","midline","midline medial",NA,"medial",542,2.76664867467437,19731
"Gender agreement","Grammatical","midline","midline medial",NA,"medial",544,2.79087557650398,19731
"Gender agreement","Grammatical","midline","midline medial",NA,"medial",546,2.81906882570574,19731
"Gender agreement","Grammatical","midline","midline medial",NA,"medial",548,2.85132892402818,19731
"Gender agreement","Grammatical","midline","midline medial",NA,"medial",550,2.88693877654452,19731
"Gender agreement","Grammatical","midline","midline medial",NA,"medial",552,2.92437874410826,19731
"Gender agreement","Grammatical","midline","midline medial",NA,"medial",554,2.96159454665248,19731
"Gender agreement","Grammatical","midline","midline medial",NA,"medial",556,2.99690517459835,19731
"Gender agreement","Grammatical","midline","midline medial",NA,"medial",558,3.02948380720693,19731
"Gender agreement","Grammatical","midline","midline medial",NA,"medial",560,3.05913547209974,19731
"Gender agreement","Grammatical","midline","midline medial",NA,"medial",562,3.08611763215245,19731
"Gender agreement","Grammatical","midline","midline medial",NA,"medial",564,3.1112617708175,19731
"Gender agreement","Grammatical","midline","midline medial",NA,"medial",566,3.13589448076631,19731
"Gender agreement","Grammatical","midline","midline medial",NA,"medial",568,3.16143768688865,19731
"Gender agreement","Grammatical","midline","midline medial",NA,"medial",570,3.18937539911814,19731
"Gender agreement","Grammatical","midline","midline medial",NA,"medial",572,3.22159013734732,19731
"Gender agreement","Grammatical","midline","midline medial",NA,"medial",574,3.26032269018296,19731
"Gender agreement","Grammatical","midline","midline medial",NA,"medial",576,3.30736764482287,19731
"Gender agreement","Grammatical","midline","midline medial",NA,"medial",578,3.36266920075009,19731
"Gender agreement","Grammatical","midline","midline medial",NA,"medial",580,3.42334711874715,19731
"Gender agreement","Grammatical","midline","midline medial",NA,"medial",582,3.48459191120572,19731
"Gender agreement","Grammatical","midline","midline medial",NA,"medial",584,3.54209644721504,19731
"Gender agreement","Grammatical","midline","midline medial",NA,"medial",586,3.59392260909229,19731
"Gender agreement","Grammatical","midline","midline medial",NA,"medial",588,3.64048350311692,19731
"Gender agreement","Grammatical","midline","midline medial",NA,"medial",590,3.68318498808981,19731
"Gender agreement","Grammatical","midline","midline medial",NA,"medial",592,3.72323323703816,19731
"Gender agreement","Grammatical","midline","midline medial",NA,"medial",594,3.76129978206883,19731
"Gender agreement","Grammatical","midline","midline medial",NA,"medial",596,3.79765156352947,19731
"Gender agreement","Grammatical","midline","midline medial",NA,"medial",598,3.83224398155187,19731
"Gender agreement","Grammatical","midline","midline medial",NA,"medial",600,3.86473331306067,19731
"Gender agreement","Grammatical","midline","midline medial",NA,"medial",602,3.89468450661396,19731
"Gender agreement","Grammatical","midline","midline medial",NA,"medial",604,3.92166398053824,19731
"Gender agreement","Grammatical","midline","midline medial",NA,"medial",606,3.94570016724951,19731
"Gender agreement","Grammatical","midline","midline medial",NA,"medial",608,3.96773691145913,19731
"Gender agreement","Grammatical","midline","midline medial",NA,"medial",610,3.98914728092849,19731
"Gender agreement","Grammatical","midline","midline medial",NA,"medial",612,4.01059576301252,19731
"Gender agreement","Grammatical","midline","midline medial",NA,"medial",614,4.03150980690284,19731
"Gender agreement","Grammatical","midline","midline medial",NA,"medial",616,4.05120368962546,19731
"Gender agreement","Grammatical","midline","midline medial",NA,"medial",618,4.07000425726015,19731
"Gender agreement","Grammatical","midline","midline medial",NA,"medial",620,4.08861983680503,19731
"Gender agreement","Grammatical","midline","midline medial",NA,"medial",622,4.10666215599818,19731
"Gender agreement","Grammatical","midline","midline medial",NA,"medial",624,4.12258456236379,19731
"Gender agreement","Grammatical","midline","midline medial",NA,"medial",626,4.1350886422381,19731
"Gender agreement","Grammatical","midline","midline medial",NA,"medial",628,4.14421722163094,19731
"Gender agreement","Grammatical","midline","midline medial",NA,"medial",630,4.15092691703411,19731
"Gender agreement","Grammatical","midline","midline medial",NA,"medial",632,4.15649759262075,19731
"Gender agreement","Grammatical","midline","midline medial",NA,"medial",634,4.16220145963205,19731
"Gender agreement","Grammatical","midline","midline medial",NA,"medial",636,4.16889767371142,19731
"Gender agreement","Grammatical","midline","midline medial",NA,"medial",638,4.17667614413867,19731
"Gender agreement","Grammatical","midline","midline medial",NA,"medial",640,4.1853780345649,19731
"Gender agreement","Grammatical","midline","midline medial",NA,"medial",642,4.19479306674776,19731
"Gender agreement","Grammatical","midline","midline medial",NA,"medial",644,4.20417814606457,19731
"Gender agreement","Grammatical","midline","midline medial",NA,"medial",646,4.21210146470022,19731
"Gender agreement","Grammatical","midline","midline medial",NA,"medial",648,4.21691946682885,19731
"Gender agreement","Grammatical","midline","midline medial",NA,"medial",650,4.2175477674725,19731
"Gender agreement","Grammatical","midline","midline medial",NA,"medial",652,4.21410840808879,19731
"Gender agreement","Grammatical","midline","midline medial",NA,"medial",654,4.20774410825604,19731
"Gender agreement","Grammatical","midline","midline medial",NA,"medial",656,4.19962348588516,19731
"Gender agreement","Grammatical","midline","midline medial",NA,"medial",658,4.19028574324667,19731
"Gender agreement","Grammatical","midline","midline medial",NA,"medial",660,4.17974233439765,19731
"Gender agreement","Grammatical","midline","midline medial",NA,"medial",662,4.16816223202068,19731
"Gender agreement","Grammatical","midline","midline medial",NA,"medial",664,4.15649627489737,19731
"Gender agreement","Grammatical","midline","midline medial",NA,"medial",666,4.14626450762759,19731
"Gender agreement","Grammatical","midline","midline medial",NA,"medial",668,4.13852825503016,19731
"Gender agreement","Grammatical","midline","midline medial",NA,"medial",670,4.13292727180579,19731
"Gender agreement","Grammatical","midline","midline medial",NA,"medial",672,4.12763397699052,19731
"Gender agreement","Grammatical","midline","midline medial",NA,"medial",674,4.12008727383305,19731
"Gender agreement","Grammatical","midline","midline medial",NA,"medial",676,4.10809381176828,19731
"Gender agreement","Grammatical","midline","midline medial",NA,"medial",678,4.09069955906948,19731
"Gender agreement","Grammatical","midline","midline medial",NA,"medial",680,4.06849627489737,19731
"Gender agreement","Grammatical","midline","midline medial",NA,"medial",682,4.04313962799655,19731
"Gender agreement","Grammatical","midline","midline medial",NA,"medial",684,4.01622244184279,19731
"Gender agreement","Grammatical","midline","midline medial",NA,"medial",686,3.98867639754701,19731
"Gender agreement","Grammatical","midline","midline medial",NA,"medial",688,3.96096072170696,19731
"Gender agreement","Grammatical","midline","midline medial",NA,"medial",690,3.93355942425625,19731
"Gender agreement","Grammatical","midline","midline medial",NA,"medial",692,3.90685798996503,19731
"Gender agreement","Grammatical","midline","midline medial",NA,"medial",694,3.88072591353707,19731
"Gender agreement","Grammatical","midline","midline medial",NA,"medial",696,3.85471253357661,19731
"Gender agreement","Grammatical","midline","midline medial",NA,"medial",698,3.82873346510567,19731
"Gender agreement","Grammatical","midline","midline medial",NA,"medial",700,3.80333835081851,19731
"Gender agreement","Grammatical","midline","midline medial",NA,"medial",702,3.77920632507222,19731
"Gender agreement","Grammatical","midline","midline medial",NA,"medial",704,3.75629886979879,19731
"Gender agreement","Grammatical","midline","midline medial",NA,"medial",706,3.73365475647458,19731
"Gender agreement","Grammatical","midline","midline medial",NA,"medial",708,3.71016081293396,19731
"Gender agreement","Grammatical","midline","midline medial",NA,"medial",710,3.68584623181795,19731
"Gender agreement","Grammatical","midline","midline medial",NA,"medial",712,3.66232046018955,19731
"Gender agreement","Grammatical","midline","midline medial",NA,"medial",714,3.64195170036998,19731
"Gender agreement","Grammatical","midline","midline medial",NA,"medial",716,3.62633992195023,19731
"Gender agreement","Grammatical","midline","midline medial",NA,"medial",718,3.61568415184228,19731
"Gender agreement","Grammatical","midline","midline medial",NA,"medial",720,3.60941868126299,19731
"Gender agreement","Grammatical","midline","midline medial",NA,"medial",722,3.60648157721352,19731
"Gender agreement","Grammatical","midline","midline medial",NA,"medial",724,3.60511590897572,19731
"Gender agreement","Grammatical","midline","midline medial",NA,"medial",726,3.60328341188992,19731
"Gender agreement","Grammatical","midline","midline medial",NA,"medial",728,3.59923921747504,19731
"Gender agreement","Grammatical","midline","midline medial",NA,"medial",730,3.59130591455071,19731
"Gender agreement","Grammatical","midline","midline medial",NA,"medial",732,3.57756854695657,19731
"Gender agreement","Grammatical","midline","midline medial",NA,"medial",734,3.55649272718058,19731
"Gender agreement","Grammatical","midline","midline medial",NA,"medial",736,3.52821357255081,19731
"Gender agreement","Grammatical","midline","midline medial",NA,"medial",738,3.4953436723937,19731
"Gender agreement","Grammatical","midline","midline medial",NA,"medial",740,3.46202696264761,19731
"Gender agreement","Grammatical","midline","midline medial",NA,"medial",742,3.43218448127312,19731
"Gender agreement","Grammatical","midline","midline medial",NA,"medial",744,3.40837909887993,19731
"Gender agreement","Grammatical","midline","midline medial",NA,"medial",746,3.39153413410369,19731
"Gender agreement","Grammatical","midline","midline medial",NA,"medial",748,3.38054427043738,19731
"Gender agreement","Grammatical","midline","midline medial",NA,"medial",750,3.37226009832244,19731
"Gender agreement","Grammatical","midline","midline medial",NA,"medial",752,3.36294278039633,19731
"Gender agreement","Grammatical","midline","midline medial",NA,"medial",754,3.3503200547362,19731
"Gender agreement","Grammatical","midline","midline medial",NA,"medial",756,3.3341541736354,19731
"Gender agreement","Grammatical","midline","midline medial",NA,"medial",758,3.31506233845218,19731
"Gender agreement","Grammatical","midline","midline medial",NA,"medial",760,3.29362429679185,19731
"Gender agreement","Grammatical","midline","midline medial",NA,"medial",762,3.2703353099184,19731
"Gender agreement","Grammatical","midline","midline medial",NA,"medial",764,3.24599635091987,19731
"Gender agreement","Grammatical","midline","midline medial",NA,"medial",766,3.22194338857635,19731
"Gender agreement","Grammatical","midline","midline medial",NA,"medial",768,3.19983452435254,19731
"Gender agreement","Grammatical","midline","midline medial",NA,"medial",770,3.18075069687294,19731
"Gender agreement","Grammatical","midline","midline medial",NA,"medial",772,3.16450134306421,19731
"Gender agreement","Grammatical","midline","midline medial",NA,"medial",774,3.14981698849526,19731
"Gender agreement","Grammatical","midline","midline medial",NA,"medial",776,3.13508002635447,19731
"Gender agreement","Grammatical","midline","midline medial",NA,"medial",778,3.1187668136435,19731
"Gender agreement","Grammatical","midline","midline medial",NA,"medial",780,3.09992793066748,19731
"Gender agreement","Grammatical","midline","midline medial",NA,"medial",782,3.07887517105063,19731
"Gender agreement","Grammatical","midline","midline medial",NA,"medial",784,3.05731539202271,19731
"Gender agreement","Grammatical","midline","midline medial",NA,"medial",786,3.03723404794486,19731
"Gender agreement","Grammatical","midline","midline medial",NA,"medial",788,3.01958770462724,19731
"Gender agreement","Grammatical","midline","midline medial",NA,"medial",790,3.0040619836805,19731
"Gender agreement","Grammatical","midline","midline medial",NA,"medial",792,2.98963220313213,19731
"Gender agreement","Grammatical","midline","midline medial",NA,"medial",794,2.97510445491866,19731
"Gender agreement","Grammatical","midline","midline medial",NA,"medial",796,2.95931964928285,19731
"Gender agreement","Grammatical","midline","midline medial",NA,"medial",798,2.9415228827733,19731
"Gender agreement","Grammatical","midline","midline medial",NA,"medial",800,2.92156261720136,19731
"Gender agreement","Grammatical","midline","midline medial",NA,"medial",802,2.89956869900157,19731
"Gender agreement","Grammatical","midline","midline medial",NA,"medial",804,2.87577178044701,19731
"Gender agreement","Grammatical","midline","midline medial",NA,"medial",806,2.85081460645684,19731
"Gender agreement","Grammatical","midline","midline medial",NA,"medial",808,2.82595930262024,19731
"Gender agreement","Grammatical","midline","midline medial",NA,"medial",810,2.80277401044042,19731
"Gender agreement","Grammatical","midline","midline medial",NA,"medial",812,2.78257356444174,19731
"Gender agreement","Grammatical","midline","midline medial",NA,"medial",814,2.76575465004308,19731
"Gender agreement","Grammatical","midline","midline medial",NA,"medial",816,2.75142364806649,19731
"Gender agreement","Grammatical","midline","midline medial",NA,"medial",818,2.73780401398814,19731
"Gender agreement","Grammatical","midline","midline medial",NA,"medial",820,2.72289539303634,19731
"Gender agreement","Grammatical","midline","midline medial",NA,"medial",822,2.70504632304495,19731
"Gender agreement","Grammatical","midline","midline medial",NA,"medial",824,2.6838056864832,19731
"Gender agreement","Grammatical","midline","midline medial",NA,"medial",826,2.66031351680097,19731
"Gender agreement","Grammatical","midline","midline medial",NA,"medial",828,2.63627616441133,19731
"Gender agreement","Grammatical","midline","midline medial",NA,"medial",830,2.61253327251533,19731
"Gender agreement","Grammatical","midline","midline medial",NA,"medial",832,2.58826090922913,19731
"Gender agreement","Grammatical","midline","midline medial",NA,"medial",834,2.56087963103745,19731
"Gender agreement","Grammatical","midline","midline medial",NA,"medial",836,2.52656023516294,19731
"Gender agreement","Grammatical","midline","midline medial",NA,"medial",838,2.48153864477219,19731
"Gender agreement","Grammatical","midline","midline medial",NA,"medial",840,2.42401089655871,19731
"Gender agreement","Grammatical","midline","midline medial",NA,"medial",842,2.35551730778977,19731
"Gender agreement","Grammatical","midline","midline medial",NA,"medial",844,2.28006117277381,19731
"Gender agreement","Grammatical","midline","midline medial",NA,"medial",846,2.20162505701688,19731
"Gender agreement","Grammatical","midline","midline medial",NA,"medial",848,2.12251700369976,19731
"Gender agreement","Grammatical","midline","midline medial",NA,"medial",850,2.04378485631747,19731
"Gender agreement","Grammatical","midline","midline medial",NA,"medial",852,1.96591009072019,19731
"Gender agreement","Grammatical","midline","midline medial",NA,"medial",854,1.88881496122852,19731
"Gender agreement","Grammatical","midline","midline medial",NA,"medial",856,1.81213866504485,19731
"Gender agreement","Grammatical","midline","midline medial",NA,"medial",858,1.73613116415792,19731
"Gender agreement","Grammatical","midline","midline medial",NA,"medial",860,1.66163580153059,19731
"Gender agreement","Grammatical","midline","midline medial",NA,"medial",862,1.58899609751153,19731
"Gender agreement","Grammatical","midline","midline medial",NA,"medial",864,1.51707201865085,19731
"Gender agreement","Grammatical","midline","midline medial",NA,"medial",866,1.44328011758147,19731
"Gender agreement","Grammatical","midline","midline medial",NA,"medial",868,1.36488251989255,19731
"Gender agreement","Grammatical","midline","midline medial",NA,"medial",870,1.28073858395418,19731
"Gender agreement","Grammatical","midline","midline medial",NA,"medial",872,1.19203203081445,19731
"Gender agreement","Grammatical","midline","midline medial",NA,"medial",874,1.10162536110689,19731
"Gender agreement","Grammatical","midline","midline medial",NA,"medial",876,1.0128037605798,19731
"Gender agreement","Grammatical","midline","midline medial",NA,"medial",878,0.927912371395266,19731
"Gender agreement","Grammatical","midline","midline medial",NA,"medial",880,0.848012315645431,19731
"Gender agreement","Grammatical","midline","midline medial",NA,"medial",882,0.774115858294055,19731
"Gender agreement","Grammatical","midline","midline medial",NA,"medial",884,0.708014748365516,19731
"Gender agreement","Grammatical","midline","midline medial",NA,"medial",886,0.651216917540925,19731
"Gender agreement","Grammatical","midline","midline medial",NA,"medial",888,0.603846687952967,19731
"Gender agreement","Grammatical","midline","midline medial",NA,"medial",890,0.564972783944047,19731
"Gender agreement","Grammatical","midline","midline medial",NA,"medial",892,0.533413562414475,19731
"Gender agreement","Grammatical","midline","midline medial",NA,"medial",894,0.508300795702195,19731
"Gender agreement","Grammatical","midline","midline medial",NA,"medial",896,0.489838122751001,19731
"Gender agreement","Grammatical","midline","midline medial",NA,"medial",898,0.479483857888602,19731
"Gender agreement","Grammatical","midline","midline medial",NA,"medial",900,0.479041711013127,19731
"Gender agreement","Grammatical","midline","midline medial",NA,"medial",902,0.489712989711621,19731
"Gender agreement","Grammatical","midline","midline medial",NA,"medial",904,0.512060716638792,19731
"Gender agreement","Grammatical","midline","midline medial",NA,"medial",906,0.546286756880036,19731
"Gender agreement","Grammatical","midline","midline medial",NA,"medial",908,0.592261111955806,19731
"Gender agreement","Grammatical","midline","midline medial",NA,"medial",910,0.649524808676702,19731
"Gender agreement","Grammatical","midline","midline medial",NA,"medial",912,0.717300795702195,19731
"Gender agreement","Grammatical","midline","midline medial",NA,"medial",914,0.794472505194871,19731
"Gender agreement","Grammatical","midline","midline medial",NA,"medial",916,0.879948152653185,19731
"Gender agreement","Grammatical","midline","midline medial",NA,"medial",918,0.973495311945669,19731
"Gender agreement","Grammatical","midline","midline medial",NA,"medial",920,1.07582823982566,19731
"Gender agreement","Grammatical","midline","midline medial",NA,"medial",922,1.18783148345244,19731
"Gender agreement","Grammatical","midline","midline medial",NA,"medial",924,1.30992955248087,19731
"Gender agreement","Grammatical","midline","midline medial",NA,"medial",926,1.44167923572044,19731
"Gender agreement","Grammatical","midline","midline medial",NA,"medial",928,1.58137423343976,19731
"Gender agreement","Grammatical","midline","midline medial",NA,"medial",930,1.72636283006437,19731
"Gender agreement","Grammatical","midline","midline medial",NA,"medial",932,1.87377157772034,19731
"Gender agreement","Grammatical","midline","midline medial",NA,"medial",934,2.0207189701485,19731
"Gender agreement","Grammatical","midline","midline medial",NA,"medial",936,2.16407658000101,19731
"Gender agreement","Grammatical","midline","midline medial",NA,"medial",938,2.30064690081597,19731
"Gender agreement","Grammatical","midline","midline medial",NA,"medial",940,2.42768481070397,19731
"Gender agreement","Grammatical","midline","midline medial",NA,"medial",942,2.54360681161624,19731
"Gender agreement","Grammatical","midline","midline medial",NA,"medial",944,2.64853149865694,19731
"Gender agreement","Grammatical","midline","midline medial",NA,"medial",946,2.74427150169784,19731
"Gender agreement","Grammatical","midline","midline medial",NA,"medial",948,2.83352110891491,19731
"Gender agreement","Grammatical","midline","midline medial",NA,"medial",950,2.91849308195226,19731
"Gender agreement","Grammatical","midline","midline medial",NA,"medial",952,2.99958846485226,19731
"Gender agreement","Grammatical","midline","midline medial",NA,"medial",954,3.07472059196189,19731
"Gender agreement","Grammatical","midline","midline medial",NA,"medial",956,3.1400162181339,19731
"Gender agreement","Grammatical","midline","midline medial",NA,"medial",958,3.19185489838325,19731
"Gender agreement","Grammatical","midline","midline medial",NA,"medial",960,3.22890238710658,19731
"Gender agreement","Grammatical","midline","midline medial",NA,"medial",962,3.25257067558664,19731
"Gender agreement","Grammatical","midline","midline medial",NA,"medial",964,3.26586321017688,19731
"Gender agreement","Grammatical","midline","midline medial",NA,"medial",966,3.27208408088794,19731
"Gender agreement","Grammatical","midline","midline medial",NA,"medial",968,3.27361289341645,19731
"Gender agreement","Grammatical","midline","midline medial",NA,"medial",970,3.2708553038366,19731
"Gender agreement","Grammatical","midline","midline medial",NA,"medial",972,3.26204911053672,19731
"Gender agreement","Grammatical","midline","midline medial",NA,"medial",974,3.24421022756069,19731
"Gender agreement","Grammatical","midline","midline medial",NA,"medial",976,3.21427089351781,19731
"Gender agreement","Grammatical","midline","midline medial",NA,"medial",978,3.17008717246972,19731
"Gender agreement","Grammatical","midline","midline medial",NA,"medial",980,3.11172991738888,19731
"Gender agreement","Grammatical","midline","midline medial",NA,"medial",982,3.04227874917642,19731
"Gender agreement","Grammatical","midline","midline medial",NA,"medial",984,2.96688059398915,19731
"Gender agreement","Grammatical","midline","midline medial",NA,"medial",986,2.89053109320359,19731
"Gender agreement","Grammatical","midline","midline medial",NA,"medial",988,2.81631017181086,19731
"Gender agreement","Grammatical","midline","midline medial",NA,"medial",990,2.7450115554204,19731
"Gender agreement","Grammatical","midline","midline medial",NA,"medial",992,2.67552567026507,19731
"Gender agreement","Grammatical","midline","midline medial",NA,"medial",994,2.60526714307435,19731
"Gender agreement","Grammatical","midline","midline medial",NA,"medial",996,2.5310971567584,19731
"Gender agreement","Grammatical","midline","midline medial",NA,"medial",998,2.45069008159749,19731
"Gender agreement","Grammatical","midline","midline medial",NA,"medial",1000,2.36337068572297,19731
"Gender agreement","Grammatical","midline","midline medial",NA,"medial",1002,2.27034220262531,19731
"Gender agreement","Grammatical","midline","midline medial",NA,"medial",1004,2.17439764837058,19731
"Gender agreement","Grammatical","midline","midline medial",NA,"medial",1006,2.07859196188739,19731
"Gender agreement","Grammatical","midline","midline medial",NA,"medial",1008,1.98450691804774,19731
"Gender agreement","Grammatical","midline","midline medial",NA,"medial",1010,1.89225781764736,19731
"Gender agreement","Grammatical","midline","midline medial",NA,"medial",1012,1.80203426080787,19731
"Gender agreement","Grammatical","midline","midline medial",NA,"medial",1014,1.71492874157417,19731
"Gender agreement","Grammatical","midline","midline medial",NA,"medial",1016,1.63216055952562,19731
"Gender agreement","Grammatical","midline","midline medial",NA,"medial",1018,1.5540247326542,19731
"Gender agreement","Grammatical","midline","midline medial",NA,"medial",1020,1.4800237697025,19731
"Gender agreement","Grammatical","midline","midline medial",NA,"medial",1022,1.40977203385535,19731
"Gender agreement","Grammatical","midline","midline medial",NA,"medial",1024,1.34329197709189,19731
"Gender agreement","Grammatical","midline","midline medial",NA,"medial",1026,1.28042648623993,19731
"Gender agreement","Grammatical","midline","midline medial",NA,"medial",1028,1.22062743905529,19731
"Gender agreement","Grammatical","midline","midline medial",NA,"medial",1030,1.16331914246617,19731
"Gender agreement","Grammatical","midline","midline medial",NA,"medial",1032,1.10816390451574,19731
"Gender agreement","Grammatical","midline","midline medial",NA,"medial",1034,1.05456535401145,19731
"Gender agreement","Grammatical","midline","midline medial",NA,"medial",1036,1.00083878161269,19731
"Gender agreement","Grammatical","midline","midline medial",NA,"medial",1038,0.944180781511327,19731
"Gender agreement","Grammatical","midline","midline medial",NA,"medial",1040,0.881483452435254,19731
"Gender agreement","Grammatical","midline","midline medial",NA,"medial",1042,0.810356140084132,19731
"Gender agreement","Grammatical","midline","midline medial",NA,"medial",1044,0.729997161826567,19731
"Gender agreement","Grammatical","midline","midline medial",NA,"medial",1046,0.641995489331509,19731
"Gender agreement","Grammatical","midline","midline medial",NA,"medial",1048,0.549676701637018,19731
"Gender agreement","Grammatical","midline","midline medial",NA,"medial",1050,0.456360346662612,19731
"Gender agreement","Grammatical","midline","midline medial",NA,"medial",1052,0.364054786883584,19731
"Gender agreement","Grammatical","midline","midline medial",NA,"medial",1054,0.273511834169581,19731
"Gender agreement","Grammatical","midline","midline medial",NA,"medial",1056,0.185202828037099,19731
"Gender agreement","Grammatical","midline","midline medial",NA,"medial",1058,0.1004371293903,19731
"Gender agreement","Grammatical","midline","midline medial",NA,"medial",1060,0.0218341188991942,19731
"Gender agreement","Grammatical","midline","midline medial",NA,"medial",1062,-0.0472900005068167,19731
"Gender agreement","Grammatical","midline","midline medial",NA,"medial",1064,-0.10435294713902,19731
"Gender agreement","Grammatical","midline","midline medial",NA,"medial",1066,-0.148700927474532,19731
"Gender agreement","Grammatical","midline","midline medial",NA,"medial",1068,-0.18169352795094,19731
"Gender agreement","Grammatical","midline","midline medial",NA,"medial",1070,-0.20600390248847,19731
"Gender agreement","Grammatical","midline","midline medial",NA,"medial",1072,-0.224886777152704,19731
"Gender agreement","Grammatical","midline","midline medial",NA,"medial",1074,-0.241257462875678,19731
"Gender agreement","Grammatical","midline","midline medial",NA,"medial",1076,-0.257051441893467,19731
"Gender agreement","Grammatical","midline","midline medial",NA,"medial",1078,-0.273211697329076,19731
"Gender agreement","Grammatical","midline","midline medial",NA,"medial",1080,-0.290035477167908,19731
"Gender agreement","Grammatical","midline","midline medial",NA,"medial",1082,-0.307272312604531,19731
"Gender agreement","Grammatical","midline","midline medial",NA,"medial",1084,-0.323584967817141,19731
"Gender agreement","Grammatical","midline","midline medial",NA,"medial",1086,-0.336679337083777,19731
"Gender agreement","Grammatical","midline","midline medial",NA,"medial",1088,-0.344231209771426,19731
"Gender agreement","Grammatical","midline","midline medial",NA,"medial",1090,-0.344630175865389,19731
"Gender agreement","Grammatical","midline","midline medial",NA,"medial",1092,-0.337024631290862,19731
"Gender agreement","Grammatical","midline","midline medial",NA,"medial",1094,-0.321340327403578,19731
"Gender agreement","Grammatical","midline","midline medial",NA,"medial",1096,-0.298535502508743,19731
"Gender agreement","Grammatical","midline","midline medial",NA,"medial",1098,-0.27069028432416,19731
"Gender agreement","Grammatical","midline","midline posterior",NA,"posterior",-100,-1.53620716131975,13154
"Gender agreement","Grammatical","midline","midline posterior",NA,"posterior",-98,-1.5139229892048,13154
"Gender agreement","Grammatical","midline","midline posterior",NA,"posterior",-96,-1.49036954538543,13154
"Gender agreement","Grammatical","midline","midline posterior",NA,"posterior",-94,-1.46866937813593,13154
"Gender agreement","Grammatical","midline","midline posterior",NA,"posterior",-92,-1.4503028736506,13154
"Gender agreement","Grammatical","midline","midline posterior",NA,"posterior",-90,-1.43533898433936,13154
"Gender agreement","Grammatical","midline","midline posterior",NA,"posterior",-88,-1.4234685266839,13154
"Gender agreement","Grammatical","midline","midline posterior",NA,"posterior",-86,-1.41473863463585,13154
"Gender agreement","Grammatical","midline","midline posterior",NA,"posterior",-84,-1.40980887942831,13154
"Gender agreement","Grammatical","midline","midline posterior",NA,"posterior",-82,-1.40999779534742,13154
"Gender agreement","Grammatical","midline","midline posterior",NA,"posterior",-80,-1.41717279914855,13154
"Gender agreement","Grammatical","midline","midline posterior",NA,"posterior",-78,-1.43318222593888,13154
"Gender agreement","Grammatical","midline","midline posterior",NA,"posterior",-76,-1.45890048654402,13154
"Gender agreement","Grammatical","midline","midline posterior",NA,"posterior",-74,-1.49298190664437,13154
"Gender agreement","Grammatical","midline","midline posterior",NA,"posterior",-72,-1.53183054584157,13154
"Gender agreement","Grammatical","midline","midline posterior",NA,"posterior",-70,-1.57161046069637,13154
"Gender agreement","Grammatical","midline","midline posterior",NA,"posterior",-68,-1.60995020526076,13154
"Gender agreement","Grammatical","midline","midline posterior",NA,"posterior",-66,-1.64570062338452,13154
"Gender agreement","Grammatical","midline","midline posterior",NA,"posterior",-64,-1.67749923977497,13154
"Gender agreement","Grammatical","midline","midline posterior",NA,"posterior",-62,-1.70333206629162,13154
"Gender agreement","Grammatical","midline","midline posterior",NA,"posterior",-60,-1.72162498099437,13154
"Gender agreement","Grammatical","midline","midline posterior",NA,"posterior",-58,-1.73234194921697,13154
"Gender agreement","Grammatical","midline","midline posterior",NA,"posterior",-56,-1.73719286908925,13154
"Gender agreement","Grammatical","midline","midline posterior",NA,"posterior",-54,-1.73858514520298,13154
"Gender agreement","Grammatical","midline","midline posterior",NA,"posterior",-52,-1.73819674623689,13154
"Gender agreement","Grammatical","midline","midline posterior",NA,"posterior",-50,-1.7362771020222,13154
"Gender agreement","Grammatical","midline","midline posterior",NA,"posterior",-48,-1.73218154173635,13154
"Gender agreement","Grammatical","midline","midline posterior",NA,"posterior",-46,-1.72503626273377,13154
"Gender agreement","Grammatical","midline","midline posterior",NA,"posterior",-44,-1.71378835335259,13154
"Gender agreement","Grammatical","midline","midline posterior",NA,"posterior",-42,-1.6974828949369,13154
"Gender agreement","Grammatical","midline","midline posterior",NA,"posterior",-40,-1.67552592367341,13154
"Gender agreement","Grammatical","midline","midline posterior",NA,"posterior",-38,-1.64765394556789,13154
"Gender agreement","Grammatical","midline","midline posterior",NA,"posterior",-36,-1.61383875627186,13154
"Gender agreement","Grammatical","midline","midline posterior",NA,"posterior",-34,-1.57478614870002,13154
"Gender agreement","Grammatical","midline","midline posterior",NA,"posterior",-32,-1.53277793826973,13154
"Gender agreement","Grammatical","midline","midline posterior",NA,"posterior",-30,-1.49163250722214,13154
"Gender agreement","Grammatical","midline","midline posterior",NA,"posterior",-28,-1.45552698798844,13154
"Gender agreement","Grammatical","midline","midline posterior",NA,"posterior",-26,-1.42714064162992,13154
"Gender agreement","Grammatical","midline","midline posterior",NA,"posterior",-24,-1.40631731792611,13154
"Gender agreement","Grammatical","midline","midline posterior",NA,"posterior",-22,-1.3903457503421,13154
"Gender agreement","Grammatical","midline","midline posterior",NA,"posterior",-20,-1.3761228523643,13154
"Gender agreement","Grammatical","midline","midline posterior",NA,"posterior",-18,-1.36231518929603,13154
"Gender agreement","Grammatical","midline","midline posterior",NA,"posterior",-16,-1.34972099741523,13154
"Gender agreement","Grammatical","midline","midline posterior",NA,"posterior",-14,-1.33956135015965,13154
"Gender agreement","Grammatical","midline","midline posterior",NA,"posterior",-12,-1.33160894024631,13154
"Gender agreement","Grammatical","midline","midline posterior",NA,"posterior",-10,-1.32417279914855,13154
"Gender agreement","Grammatical","midline","midline posterior",NA,"posterior",-8,-1.31574342405352,13154
"Gender agreement","Grammatical","midline","midline posterior",NA,"posterior",-6,-1.3059143226395,13154
"Gender agreement","Grammatical","midline","midline posterior",NA,"posterior",-4,-1.29485829405504,13154
"Gender agreement","Grammatical","midline","midline posterior",NA,"posterior",-2,-1.28314938421773,13154
"Gender agreement","Grammatical","midline","midline posterior",NA,"posterior",0,-1.27253573057625,13154
"Gender agreement","Grammatical","midline","midline posterior",NA,"posterior",2,-1.26596487760377,13154
"Gender agreement","Grammatical","midline","midline posterior",NA,"posterior",4,-1.2663970655314,13154
"Gender agreement","Grammatical","midline","midline posterior",NA,"posterior",6,-1.27523566975825,13154
"Gender agreement","Grammatical","midline","midline posterior",NA,"posterior",8,-1.291471567584,13154
"Gender agreement","Grammatical","midline","midline posterior",NA,"posterior",10,-1.31223300897066,13154
"Gender agreement","Grammatical","midline","midline posterior",NA,"posterior",12,-1.33461981146419,13154
"Gender agreement","Grammatical","midline","midline posterior",NA,"posterior",14,-1.35721468754751,13154
"Gender agreement","Grammatical","midline","midline posterior",NA,"posterior",16,-1.37987243424054,13154
"Gender agreement","Grammatical","midline","midline posterior",NA,"posterior",18,-1.40228987380265,13154
"Gender agreement","Grammatical","midline","midline posterior",NA,"posterior",20,-1.42332651664893,13154
"Gender agreement","Grammatical","midline","midline posterior",NA,"posterior",22,-1.4412856165425,13154
"Gender agreement","Grammatical","midline","midline posterior",NA,"posterior",24,-1.45496100045614,13154
"Gender agreement","Grammatical","midline","midline posterior",NA,"posterior",26,-1.46459639653337,13154
"Gender agreement","Grammatical","midline","midline posterior",NA,"posterior",28,-1.47180462216816,13154
"Gender agreement","Grammatical","midline","midline posterior",NA,"posterior",30,-1.47807412194009,13154
"Gender agreement","Grammatical","midline","midline posterior",NA,"posterior",32,-1.48396130454615,13154
"Gender agreement","Grammatical","midline","midline posterior",NA,"posterior",34,-1.48975125437129,13154
"Gender agreement","Grammatical","midline","midline posterior",NA,"posterior",36,-1.49610430287365,13154
"Gender agreement","Grammatical","midline","midline posterior",NA,"posterior",38,-1.50353101718109,13154
"Gender agreement","Grammatical","midline","midline posterior",NA,"posterior",40,-1.51151611677056,13154
"Gender agreement","Grammatical","midline","midline posterior",NA,"posterior",42,-1.51840307130911,13154
"Gender agreement","Grammatical","midline","midline posterior",NA,"posterior",44,-1.5219028432416,13154
"Gender agreement","Grammatical","midline","midline posterior",NA,"posterior",46,-1.51968176980386,13154
"Gender agreement","Grammatical","midline","midline posterior",NA,"posterior",48,-1.51039744564391,13154
"Gender agreement","Grammatical","midline","midline posterior",NA,"posterior",50,-1.49440489584917,13154
"Gender agreement","Grammatical","midline","midline posterior",NA,"posterior",52,-1.47306211038467,13154
"Gender agreement","Grammatical","midline","midline posterior",NA,"posterior",54,-1.44765645431048,13154
"Gender agreement","Grammatical","midline","midline posterior",NA,"posterior",56,-1.41912239622928,13154
"Gender agreement","Grammatical","midline","midline posterior",NA,"posterior",58,-1.38796807054888,13154
"Gender agreement","Grammatical","midline","midline posterior",NA,"posterior",60,-1.35426965181694,13154
"Gender agreement","Grammatical","midline","midline posterior",NA,"posterior",62,-1.31841508286453,13154
"Gender agreement","Grammatical","midline","midline posterior",NA,"posterior",64,-1.2817885053976,13154
"Gender agreement","Grammatical","midline","midline posterior",NA,"posterior",66,-1.246528584461,13154
"Gender agreement","Grammatical","midline","midline posterior",NA,"posterior",68,-1.21468914398662,13154
"Gender agreement","Grammatical","midline","midline posterior",NA,"posterior",70,-1.18754150828645,13154
"Gender agreement","Grammatical","midline","midline posterior",NA,"posterior",72,-1.16562901018702,13154
"Gender agreement","Grammatical","midline","midline posterior",NA,"posterior",74,-1.14941470275201,13154
"Gender agreement","Grammatical","midline","midline posterior",NA,"posterior",76,-1.13962650144443,13154
"Gender agreement","Grammatical","midline","midline posterior",NA,"posterior",78,-1.13677968678729,13154
"Gender agreement","Grammatical","midline","midline posterior",NA,"posterior",80,-1.14099346206477,13154
"Gender agreement","Grammatical","midline","midline posterior",NA,"posterior",82,-1.15251870153565,13154
"Gender agreement","Grammatical","midline","midline posterior",NA,"posterior",84,-1.17244366732553,13154
"Gender agreement","Grammatical","midline","midline posterior",NA,"posterior",86,-1.20286825300289,13154
"Gender agreement","Grammatical","midline","midline posterior",NA,"posterior",88,-1.24646320510871,13154
"Gender agreement","Grammatical","midline","midline posterior",NA,"posterior",90,-1.3058912878212,13154
"Gender agreement","Grammatical","midline","midline posterior",NA,"posterior",92,-1.38330447012316,13154
"Gender agreement","Grammatical","midline","midline posterior",NA,"posterior",94,-1.48006051391212,13154
"Gender agreement","Grammatical","midline","midline posterior",NA,"posterior",96,-1.59663934924738,13154
"Gender agreement","Grammatical","midline","midline posterior",NA,"posterior",98,-1.73252516344838,13154
"Gender agreement","Grammatical","midline","midline posterior",NA,"posterior",100,-1.88556910445492,13154
"Gender agreement","Grammatical","midline","midline posterior",NA,"posterior",102,-2.0513400486544,13154
"Gender agreement","Grammatical","midline","midline posterior",NA,"posterior",104,-2.22306712786985,13154
"Gender agreement","Grammatical","midline","midline posterior",NA,"posterior",106,-2.39272616694542,13154
"Gender agreement","Grammatical","midline","midline posterior",NA,"posterior",108,-2.55316033145811,13154
"Gender agreement","Grammatical","midline","midline posterior",NA,"posterior",110,-2.70029177436521,13154
"Gender agreement","Grammatical","midline","midline posterior",NA,"posterior",112,-2.83332514824388,13154
"Gender agreement","Grammatical","midline","midline posterior",NA,"posterior",114,-2.95305891743956,13154
"Gender agreement","Grammatical","midline","midline posterior",NA,"posterior",116,-3.06013189904212,13154
"Gender agreement","Grammatical","midline","midline posterior",NA,"posterior",118,-3.15442450965486,13154
"Gender agreement","Grammatical","midline","midline posterior",NA,"posterior",120,-3.23448631594952,13154
"Gender agreement","Grammatical","midline","midline posterior",NA,"posterior",122,-3.29675064619127,13154
"Gender agreement","Grammatical","midline","midline posterior",NA,"posterior",124,-3.33634590238711,13154
"Gender agreement","Grammatical","midline","midline posterior",NA,"posterior",126,-3.34967606811616,13154
"Gender agreement","Grammatical","midline","midline posterior",NA,"posterior",128,-3.33658780599057,13154
"Gender agreement","Grammatical","midline","midline posterior",NA,"posterior",130,-3.29979466322031,13154
"Gender agreement","Grammatical","midline","midline posterior",NA,"posterior",132,-3.24307298160255,13154
"Gender agreement","Grammatical","midline","midline posterior",NA,"posterior",134,-3.17036513608028,13154
"Gender agreement","Grammatical","midline","midline posterior",NA,"posterior",136,-3.08589744564391,13154
"Gender agreement","Grammatical","midline","midline posterior",NA,"posterior",138,-2.99369910293447,13154
"Gender agreement","Grammatical","midline","midline posterior",NA,"posterior",140,-2.8961570624905,13154
"Gender agreement","Grammatical","midline","midline posterior",NA,"posterior",142,-2.79305405199939,13154
"Gender agreement","Grammatical","midline","midline posterior",NA,"posterior",144,-2.68231534134104,13154
"Gender agreement","Grammatical","midline","midline posterior",NA,"posterior",146,-2.5621686939334,13154
"Gender agreement","Grammatical","midline","midline posterior",NA,"posterior",148,-2.43279884445796,13154
"Gender agreement","Grammatical","midline","midline posterior",NA,"posterior",150,-2.29578972175764,13154
"Gender agreement","Grammatical","midline","midline posterior",NA,"posterior",152,-2.15219195681922,13154
"Gender agreement","Grammatical","midline","midline posterior",NA,"posterior",154,-2.00166838984339,13154
"Gender agreement","Grammatical","midline","midline posterior",NA,"posterior",156,-1.84300752622776,13154
"Gender agreement","Grammatical","midline","midline posterior",NA,"posterior",158,-1.67483510719173,13154
"Gender agreement","Grammatical","midline","midline posterior",NA,"posterior",160,-1.49640983731184,13154
"Gender agreement","Grammatical","midline","midline posterior",NA,"posterior",162,-1.30822137752775,13154
"Gender agreement","Grammatical","midline","midline posterior",NA,"posterior",164,-1.11192450965486,13154
"Gender agreement","Grammatical","midline","midline posterior",NA,"posterior",166,-0.90978113121484,13154
"Gender agreement","Grammatical","midline","midline posterior",NA,"posterior",168,-0.703967690436369,13154
"Gender agreement","Grammatical","midline","midline posterior",NA,"posterior",170,-0.49630743500076,13154
"Gender agreement","Grammatical","midline","midline posterior",NA,"posterior",172,-0.288731412498099,13154
"Gender agreement","Grammatical","midline","midline posterior",NA,"posterior",174,-0.0841328873346511,13154
"Gender agreement","Grammatical","midline","midline posterior",NA,"posterior",176,0.113535198418732,13154
"Gender agreement","Grammatical","midline","midline posterior",NA,"posterior",178,0.30000342101262,13154
"Gender agreement","Grammatical","midline","midline posterior",NA,"posterior",180,0.471830317774061,13154
"Gender agreement","Grammatical","midline","midline posterior",NA,"posterior",182,0.627137676752319,13154
"Gender agreement","Grammatical","midline","midline posterior",NA,"posterior",184,0.765437737570321,13154
"Gender agreement","Grammatical","midline","midline posterior",NA,"posterior",186,0.887434620647712,13154
"Gender agreement","Grammatical","midline","midline posterior",NA,"posterior",188,0.995280903147332,13154
"Gender agreement","Grammatical","midline","midline posterior",NA,"posterior",190,1.0922743652121,13154
"Gender agreement","Grammatical","midline","midline posterior",NA,"posterior",192,1.1815656834423,13154
"Gender agreement","Grammatical","midline","midline posterior",NA,"posterior",194,1.26484605443211,13154
"Gender agreement","Grammatical","midline","midline posterior",NA,"posterior",196,1.34213410369469,13154
"Gender agreement","Grammatical","midline","midline posterior",NA,"posterior",198,1.41283168617911,13154
"Gender agreement","Grammatical","midline","midline posterior",NA,"posterior",200,1.47698928082712,13154
"Gender agreement","Grammatical","midline","midline posterior",NA,"posterior",202,1.53586133495515,13154
"Gender agreement","Grammatical","midline","midline posterior",NA,"posterior",204,1.59120244792459,13154
"Gender agreement","Grammatical","midline","midline posterior",NA,"posterior",206,1.64443583700775,13154
"Gender agreement","Grammatical","midline","midline posterior",NA,"posterior",208,1.69655450813441,13154
"Gender agreement","Grammatical","midline","midline posterior",NA,"posterior",210,1.7485971567584,13154
"Gender agreement","Grammatical","midline","midline posterior",NA,"posterior",212,1.80192428158735,13154
"Gender agreement","Grammatical","midline","midline posterior",NA,"posterior",214,1.85775072221378,13154
"Gender agreement","Grammatical","midline","midline posterior",NA,"posterior",216,1.91665060057777,13154
"Gender agreement","Grammatical","midline","midline posterior",NA,"posterior",218,1.97863007450205,13154
"Gender agreement","Grammatical","midline","midline posterior",NA,"posterior",220,2.04368306218641,13154
"Gender agreement","Grammatical","midline","midline posterior",NA,"posterior",222,2.11218131366885,13154
"Gender agreement","Grammatical","midline","midline posterior",NA,"posterior",224,2.18471309107496,13154
"Gender agreement","Grammatical","midline","midline posterior",NA,"posterior",226,2.26137114185799,13154
"Gender agreement","Grammatical","midline","midline posterior",NA,"posterior",228,2.3414543104759,13154
"Gender agreement","Grammatical","midline","midline posterior",NA,"posterior",230,2.42363159495211,13154
"Gender agreement","Grammatical","midline","midline posterior",NA,"posterior",232,2.50608134407785,13154
"Gender agreement","Grammatical","midline","midline posterior",NA,"posterior",234,2.58656522730728,13154
"Gender agreement","Grammatical","midline","midline posterior",NA,"posterior",236,2.66310665957123,13154
"Gender agreement","Grammatical","midline","midline posterior",NA,"posterior",238,2.73508696974304,13154
"Gender agreement","Grammatical","midline","midline posterior",NA,"posterior",240,2.80328523642998,13154
"Gender agreement","Grammatical","midline","midline posterior",NA,"posterior",242,2.86834141705945,13154
"Gender agreement","Grammatical","midline","midline posterior",NA,"posterior",244,2.92932149916375,13154
"Gender agreement","Grammatical","midline","midline posterior",NA,"posterior",246,2.98392694237494,13154
"Gender agreement","Grammatical","midline","midline posterior",NA,"posterior",248,3.03000311692261,13154
"Gender agreement","Grammatical","midline","midline posterior",NA,"posterior",250,3.06664277026,13154
"Gender agreement","Grammatical","midline","midline posterior",NA,"posterior",252,3.09428325984491,13154
"Gender agreement","Grammatical","midline","midline posterior",NA,"posterior",254,3.11432355177132,13154
"Gender agreement","Grammatical","midline","midline posterior",NA,"posterior",256,3.12857777102022,13154
"Gender agreement","Grammatical","midline","midline posterior",NA,"posterior",258,3.13824684506614,13154
"Gender agreement","Grammatical","midline","midline posterior",NA,"posterior",260,3.1428715219705,13154
"Gender agreement","Grammatical","midline","midline posterior",NA,"posterior",262,3.14031686179109,13154
"Gender agreement","Grammatical","midline","midline posterior",NA,"posterior",264,3.12765592215296,13154
"Gender agreement","Grammatical","midline","midline posterior",NA,"posterior",266,3.10254082408393,13154
"Gender agreement","Grammatical","midline","midline posterior",NA,"posterior",268,3.06405458415691,13154
"Gender agreement","Grammatical","midline","midline posterior",NA,"posterior",270,3.0128370077543,13154
"Gender agreement","Grammatical","midline","midline posterior",NA,"posterior",272,2.95099125741219,13154
"Gender agreement","Grammatical","midline","midline posterior",NA,"posterior",274,2.88126623080432,13154
"Gender agreement","Grammatical","midline","midline posterior",NA,"posterior",276,2.80600121636004,13154
"Gender agreement","Grammatical","midline","midline posterior",NA,"posterior",278,2.72693880188536,13154
"Gender agreement","Grammatical","midline","midline posterior",NA,"posterior",280,2.64589577314885,13154
"Gender agreement","Grammatical","midline","midline posterior",NA,"posterior",282,2.56479892048046,13154
"Gender agreement","Grammatical","midline","midline posterior",NA,"posterior",284,2.48501064315037,13154
"Gender agreement","Grammatical","midline","midline posterior",NA,"posterior",286,2.40705861334955,13154
"Gender agreement","Grammatical","midline","midline posterior",NA,"posterior",288,2.33088710658355,13154
"Gender agreement","Grammatical","midline","midline posterior",NA,"posterior",290,2.25579261061274,13154
"Gender agreement","Grammatical","midline","midline posterior",NA,"posterior",292,2.18063554812224,13154
"Gender agreement","Grammatical","midline","midline posterior",NA,"posterior",294,2.10454470123156,13154
"Gender agreement","Grammatical","midline","midline posterior",NA,"posterior",296,2.02774319598601,13154
"Gender agreement","Grammatical","midline","midline posterior",NA,"posterior",298,1.95148167857686,13154
"Gender agreement","Grammatical","midline","midline posterior",NA,"posterior",300,1.87725376311388,13154
"Gender agreement","Grammatical","midline","midline posterior",NA,"posterior",302,1.80620495666717,13154
"Gender agreement","Grammatical","midline","midline posterior",NA,"posterior",304,1.73906712786985,13154
"Gender agreement","Grammatical","midline","midline posterior",NA,"posterior",306,1.6766512847803,13154
"Gender agreement","Grammatical","midline","midline posterior",NA,"posterior",308,1.61996601794131,13154
"Gender agreement","Grammatical","midline","midline posterior",NA,"posterior",310,1.56983541128174,13154
"Gender agreement","Grammatical","midline","midline posterior",NA,"posterior",312,1.52634035274441,13154
"Gender agreement","Grammatical","midline","midline posterior",NA,"posterior",314,1.48895446252091,13154
"Gender agreement","Grammatical","midline","midline posterior",NA,"posterior",316,1.45757123308499,13154
"Gender agreement","Grammatical","midline","midline posterior",NA,"posterior",318,1.43363455982971,13154
"Gender agreement","Grammatical","midline","midline posterior",NA,"posterior",320,1.41992770259997,13154
"Gender agreement","Grammatical","midline","midline posterior",NA,"posterior",322,1.41880986772085,13154
"Gender agreement","Grammatical","midline","midline posterior",NA,"posterior",324,1.43043173179261,13154
"Gender agreement","Grammatical","midline","midline posterior",NA,"posterior",326,1.45268040139881,13154
"Gender agreement","Grammatical","midline","midline posterior",NA,"posterior",328,1.48274532461609,13154
"Gender agreement","Grammatical","midline","midline posterior",NA,"posterior",330,1.51847764938422,13154
"Gender agreement","Grammatical","midline","midline posterior",NA,"posterior",332,1.55890884901931,13154
"Gender agreement","Grammatical","midline","midline posterior",NA,"posterior",334,1.60381192032842,13154
"Gender agreement","Grammatical","midline","midline posterior",NA,"posterior",336,1.65236384369773,13154
"Gender agreement","Grammatical","midline","midline posterior",NA,"posterior",338,1.70198418731945,13154
"Gender agreement","Grammatical","midline","midline posterior",NA,"posterior",340,1.74889296031625,13154
"Gender agreement","Grammatical","midline","midline posterior",NA,"posterior",342,1.79003846738635,13154
"Gender agreement","Grammatical","midline","midline posterior",NA,"posterior",344,1.82477847042725,13154
"Gender agreement","Grammatical","midline","midline posterior",NA,"posterior",346,1.85471354720997,13154
"Gender agreement","Grammatical","midline","midline posterior",NA,"posterior",348,1.88190139881405,13154
"Gender agreement","Grammatical","midline","midline posterior",NA,"posterior",350,1.90724775733617,13154
"Gender agreement","Grammatical","midline","midline posterior",NA,"posterior",352,1.9304200243272,13154
"Gender agreement","Grammatical","midline","midline posterior",NA,"posterior",354,1.95045126957579,13154
"Gender agreement","Grammatical","midline","midline posterior",NA,"posterior",356,1.96607974760529,13154
"Gender agreement","Grammatical","midline","midline posterior",NA,"posterior",358,1.97600228067508,13154
"Gender agreement","Grammatical","midline","midline posterior",NA,"posterior",360,1.97906674775734,13154
"Gender agreement","Grammatical","midline","midline posterior",NA,"posterior",362,1.97389782575642,13154
"Gender agreement","Grammatical","midline","midline posterior",NA,"posterior",364,1.95839258020374,13154
"Gender agreement","Grammatical","midline","midline posterior",NA,"posterior",366,1.93038908316862,13154
"Gender agreement","Grammatical","midline","midline posterior",NA,"posterior",368,1.88975163448381,13154
"Gender agreement","Grammatical","midline","midline posterior",NA,"posterior",370,1.83956804013988,13154
"Gender agreement","Grammatical","midline","midline posterior",NA,"posterior",372,1.78501125133039,13154
"Gender agreement","Grammatical","midline","midline posterior",NA,"posterior",374,1.73084111296944,13154
"Gender agreement","Grammatical","midline","midline posterior",NA,"posterior",376,1.679971415539,13154
"Gender agreement","Grammatical","midline","midline posterior",NA,"posterior",378,1.63351444427551,13154
"Gender agreement","Grammatical","midline","midline posterior",NA,"posterior",380,1.59126189752167,13154
"Gender agreement","Grammatical","midline","midline posterior",NA,"posterior",382,1.55249369013228,13154
"Gender agreement","Grammatical","midline","midline posterior",NA,"posterior",384,1.51686718868785,13154
"Gender agreement","Grammatical","midline","midline posterior",NA,"posterior",386,1.48456249049719,13154
"Gender agreement","Grammatical","midline","midline posterior",NA,"posterior",388,1.45573232476813,13154
"Gender agreement","Grammatical","midline","midline posterior",NA,"posterior",390,1.4301056712787,13154
"Gender agreement","Grammatical","midline","midline posterior",NA,"posterior",392,1.40719028432416,13154
"Gender agreement","Grammatical","midline","midline posterior",NA,"posterior",394,1.38682362779383,13154
"Gender agreement","Grammatical","midline","midline posterior",NA,"posterior",396,1.36947643302418,13154
"Gender agreement","Grammatical","midline","midline posterior",NA,"posterior",398,1.35629489128782,13154
"Gender agreement","Grammatical","midline","midline posterior",NA,"posterior",400,1.34873080431808,13154
"Gender agreement","Grammatical","midline","midline posterior",NA,"posterior",402,1.34777763417972,13154
"Gender agreement","Grammatical","midline","midline posterior",NA,"posterior",404,1.35277565759465,13154
"Gender agreement","Grammatical","midline","midline posterior",NA,"posterior",406,1.36112194009427,13154
"Gender agreement","Grammatical","midline","midline posterior",NA,"posterior",408,1.3695684962749,13154
"Gender agreement","Grammatical","midline","midline posterior",NA,"posterior",410,1.37625954082408,13154
"Gender agreement","Grammatical","midline","midline posterior",NA,"posterior",412,1.38166329633572,13154
"Gender agreement","Grammatical","midline","midline posterior",NA,"posterior",414,1.38806370685723,13154
"Gender agreement","Grammatical","midline","midline posterior",NA,"posterior",416,1.39847392428159,13154
"Gender agreement","Grammatical","midline","midline posterior",NA,"posterior",418,1.41572198570777,13154
"Gender agreement","Grammatical","midline","midline posterior",NA,"posterior",420,1.4414772692717,13154
"Gender agreement","Grammatical","midline","midline posterior",NA,"posterior",422,1.47544199483047,13154
"Gender agreement","Grammatical","midline","midline posterior",NA,"posterior",424,1.51581001976585,13154
"Gender agreement","Grammatical","midline","midline posterior",NA,"posterior",426,1.56062482894937,13154
"Gender agreement","Grammatical","midline","midline posterior",NA,"posterior",428,1.60864451877756,13154
"Gender agreement","Grammatical","midline","midline posterior",NA,"posterior",430,1.65875292686635,13154
"Gender agreement","Grammatical","midline","midline posterior",NA,"posterior",432,1.70946312908621,13154
"Gender agreement","Grammatical","midline","midline posterior",NA,"posterior",434,1.75893773757032,13154
"Gender agreement","Grammatical","midline","midline posterior",NA,"posterior",436,1.80542336931732,13154
"Gender agreement","Grammatical","midline","midline posterior",NA,"posterior",438,1.84761684658659,13154
"Gender agreement","Grammatical","midline","midline posterior",NA,"posterior",440,1.8849829709594,13154
"Gender agreement","Grammatical","midline","midline posterior",NA,"posterior",442,1.91779907252547,13154
"Gender agreement","Grammatical","midline","midline posterior",NA,"posterior",444,1.94703504637373,13154
"Gender agreement","Grammatical","midline","midline posterior",NA,"posterior",446,1.97417355937357,13154
"Gender agreement","Grammatical","midline","midline posterior",NA,"posterior",448,2.00070944199483,13154
"Gender agreement","Grammatical","midline","midline posterior",NA,"posterior",450,2.02809320358826,13154
"Gender agreement","Grammatical","midline","midline posterior",NA,"posterior",452,2.05790983731184,13154
"Gender agreement","Grammatical","midline","midline posterior",NA,"posterior",454,2.09179314277026,13154
"Gender agreement","Grammatical","midline","midline posterior",NA,"posterior",456,2.13032811312148,13154
"Gender agreement","Grammatical","midline","midline posterior",NA,"posterior",458,2.17202987684355,13154
"Gender agreement","Grammatical","midline","midline posterior",NA,"posterior",460,2.2135114033754,13154
"Gender agreement","Grammatical","midline","midline posterior",NA,"posterior",462,2.25056264254219,13154
"Gender agreement","Grammatical","midline","midline posterior",NA,"posterior",464,2.27948464345446,13154
"Gender agreement","Grammatical","midline","midline posterior",NA,"posterior",466,2.29842701839745,13154
"Gender agreement","Grammatical","midline","midline posterior",NA,"posterior",468,2.30770442450965,13154
"Gender agreement","Grammatical","midline","midline posterior",NA,"posterior",470,2.30906933252243,13154
"Gender agreement","Grammatical","midline","midline posterior",NA,"posterior",472,2.30485122396229,13154
"Gender agreement","Grammatical","midline","midline posterior",NA,"posterior",474,2.29775984491409,13154
"Gender agreement","Grammatical","midline","midline posterior",NA,"posterior",476,2.29040489584917,13154
"Gender agreement","Grammatical","midline","midline posterior",NA,"posterior",478,2.2845456895241,13154
"Gender agreement","Grammatical","midline","midline posterior",NA,"posterior",480,2.28056378287973,13154
"Gender agreement","Grammatical","midline","midline posterior",NA,"posterior",482,2.27773566975825,13154
"Gender agreement","Grammatical","midline","midline posterior",NA,"posterior",484,2.27497673711419,13154
"Gender agreement","Grammatical","midline","midline posterior",NA,"posterior",486,2.27210171810856,13154
"Gender agreement","Grammatical","midline","midline posterior",NA,"posterior",488,2.27042017637221,13154
"Gender agreement","Grammatical","midline","midline posterior",NA,"posterior",490,2.27181237646343,13154
"Gender agreement","Grammatical","midline","midline posterior",NA,"posterior",492,2.27682111905124,13154
"Gender agreement","Grammatical","midline","midline posterior",NA,"posterior",494,2.28395050935077,13154
"Gender agreement","Grammatical","midline","midline posterior",NA,"posterior",496,2.29031009578835,13154
"Gender agreement","Grammatical","midline","midline posterior",NA,"posterior",498,2.29314026151741,13154
"Gender agreement","Grammatical","midline","midline posterior",NA,"posterior",500,2.29119119659419,13154
"Gender agreement","Grammatical","midline","midline posterior",NA,"posterior",502,2.28539311236126,13154
"Gender agreement","Grammatical","midline","midline posterior",NA,"posterior",504,2.27864535502509,13154
"Gender agreement","Grammatical","midline","midline posterior",NA,"posterior",506,2.27522966398054,13154
"Gender agreement","Grammatical","midline","midline posterior",NA,"posterior",508,2.27979086209518,13154
"Gender agreement","Grammatical","midline","midline posterior",NA,"posterior",510,2.29525802037403,13154
"Gender agreement","Grammatical","midline","midline posterior",NA,"posterior",512,2.32105618062947,13154
"Gender agreement","Grammatical","midline","midline posterior",NA,"posterior",514,2.35350144442755,13154
"Gender agreement","Grammatical","midline","midline posterior",NA,"posterior",516,2.38801634483807,13154
"Gender agreement","Grammatical","midline","midline posterior",NA,"posterior",518,2.42116466474076,13154
"Gender agreement","Grammatical","midline","midline posterior",NA,"posterior",520,2.45117964117379,13154
"Gender agreement","Grammatical","midline","midline posterior",NA,"posterior",522,2.47743925802037,13154
"Gender agreement","Grammatical","midline","midline posterior",NA,"posterior",524,2.49985624144747,13154
"Gender agreement","Grammatical","midline","midline posterior",NA,"posterior",526,2.51866953018093,13154
"Gender agreement","Grammatical","midline","midline posterior",NA,"posterior",528,2.53456370685723,13154
"Gender agreement","Grammatical","midline","midline posterior",NA,"posterior",530,2.54850927474532,13154
"Gender agreement","Grammatical","midline","midline posterior",NA,"posterior",532,2.56117834879124,13154
"Gender agreement","Grammatical","midline","midline posterior",NA,"posterior",534,2.57230599057321,13154
"Gender agreement","Grammatical","midline","midline posterior",NA,"posterior",536,2.58069575794435,13154
"Gender agreement","Grammatical","midline","midline posterior",NA,"posterior",538,2.58528189143987,13154
"Gender agreement","Grammatical","midline","midline posterior",NA,"posterior",540,2.58636992549795,13154
"Gender agreement","Grammatical","midline","midline posterior",NA,"posterior",542,2.58550965485784,13154
"Gender agreement","Grammatical","midline","midline posterior",NA,"posterior",544,2.58443735745781,13154
"Gender agreement","Grammatical","midline","midline posterior",NA,"posterior",546,2.58428500836248,13154
"Gender agreement","Grammatical","midline","midline posterior",NA,"posterior",548,2.58545628706097,13154
"Gender agreement","Grammatical","midline","midline posterior",NA,"posterior",550,2.58771636004257,13154
"Gender agreement","Grammatical","midline","midline posterior",NA,"posterior",552,2.59022951193553,13154
"Gender agreement","Grammatical","midline","midline posterior",NA,"posterior",554,2.59160217424358,13154
"Gender agreement","Grammatical","midline","midline posterior",NA,"posterior",556,2.59048175459936,13154
"Gender agreement","Grammatical","midline","midline posterior",NA,"posterior",558,2.5864199483047,13154
"Gender agreement","Grammatical","midline","midline posterior",NA,"posterior",560,2.58016382849323,13154
"Gender agreement","Grammatical","midline","midline posterior",NA,"posterior",562,2.57353375399118,13154
"Gender agreement","Grammatical","midline","midline posterior",NA,"posterior",564,2.56900471339516,13154
"Gender agreement","Grammatical","midline","midline posterior",NA,"posterior",566,2.56875171050631,13154
"Gender agreement","Grammatical","midline","midline posterior",NA,"posterior",568,2.57378926562262,13154
"Gender agreement","Grammatical","midline","midline posterior",NA,"posterior",570,2.58417736049871,13154
"Gender agreement","Grammatical","midline","midline posterior",NA,"posterior",572,2.59995948000608,13154
"Gender agreement","Grammatical","midline","midline posterior",NA,"posterior",574,2.62165554204044,13154
"Gender agreement","Grammatical","midline","midline posterior",NA,"posterior",576,2.64994047438042,13154
"Gender agreement","Grammatical","midline","midline posterior",NA,"posterior",578,2.68480462216816,13154
"Gender agreement","Grammatical","midline","midline posterior",NA,"posterior",580,2.72478037098981,13154
"Gender agreement","Grammatical","midline","midline posterior",NA,"posterior",582,2.76684058081192,13154
"Gender agreement","Grammatical","midline","midline posterior",NA,"posterior",584,2.80731009578835,13154
"Gender agreement","Grammatical","midline","midline posterior",NA,"posterior",586,2.84365881100806,13154
"Gender agreement","Grammatical","midline","midline posterior",NA,"posterior",588,2.87565637828797,13154
"Gender agreement","Grammatical","midline","midline posterior",NA,"posterior",590,2.9049229131823,13154
"Gender agreement","Grammatical","midline","midline posterior",NA,"posterior",592,2.93335411281739,13154
"Gender agreement","Grammatical","midline","midline posterior",NA,"posterior",594,2.96211487000152,13154
"Gender agreement","Grammatical","midline","midline posterior",NA,"posterior",596,2.99153641477877,13154
"Gender agreement","Grammatical","midline","midline posterior",NA,"posterior",598,3.02118230196138,13154
"Gender agreement","Grammatical","midline","midline posterior",NA,"posterior",600,3.05023468146571,13154
"Gender agreement","Grammatical","midline","midline posterior",NA,"posterior",602,3.07785905428007,13154
"Gender agreement","Grammatical","midline","midline posterior",NA,"posterior",604,3.10356925649992,13154
"Gender agreement","Grammatical","midline","midline posterior",NA,"posterior",606,3.12738155694085,13154
"Gender agreement","Grammatical","midline","midline posterior",NA,"posterior",608,3.14984651056713,13154
"Gender agreement","Grammatical","midline","midline posterior",NA,"posterior",610,3.17154105215144,13154
"Gender agreement","Grammatical","midline","midline posterior",NA,"posterior",612,3.19251117530789,13154
"Gender agreement","Grammatical","midline","midline posterior",NA,"posterior",614,3.21209594039836,13154
"Gender agreement","Grammatical","midline","midline posterior",NA,"posterior",616,3.22976098525163,13154
"Gender agreement","Grammatical","midline","midline posterior",NA,"posterior",618,3.24614679945264,13154
"Gender agreement","Grammatical","midline","midline posterior",NA,"posterior",620,3.26296989508895,13154
"Gender agreement","Grammatical","midline","midline posterior",NA,"posterior",622,3.28155511631443,13154
"Gender agreement","Grammatical","midline","midline posterior",NA,"posterior",624,3.30166162384066,13154
"Gender agreement","Grammatical","midline","midline posterior",NA,"posterior",626,3.32171271096244,13154
"Gender agreement","Grammatical","midline","midline posterior",NA,"posterior",628,3.33970016724951,13154
"Gender agreement","Grammatical","midline","midline posterior",NA,"posterior",630,3.35404736201916,13154
"Gender agreement","Grammatical","midline","midline posterior",NA,"posterior",632,3.3641856469515,13154
"Gender agreement","Grammatical","midline","midline posterior",NA,"posterior",634,3.37088026455831,13154
"Gender agreement","Grammatical","midline","midline posterior",NA,"posterior",636,3.3754742283716,13154
"Gender agreement","Grammatical","midline","midline posterior",NA,"posterior",638,3.37906439105975,13154
"Gender agreement","Grammatical","midline","midline posterior",NA,"posterior",640,3.38268754751406,13154
"Gender agreement","Grammatical","midline","midline posterior",NA,"posterior",642,3.38734506613958,13154
"Gender agreement","Grammatical","midline","midline posterior",NA,"posterior",644,3.39332195529877,13154
"Gender agreement","Grammatical","midline","midline posterior",NA,"posterior",646,3.39965554204044,13154
"Gender agreement","Grammatical","midline","midline posterior",NA,"posterior",648,3.4042341493082,13154
"Gender agreement","Grammatical","midline","midline posterior",NA,"posterior",650,3.40466223202068,13154
"Gender agreement","Grammatical","midline","midline posterior",NA,"posterior",652,3.39976638284932,13154
"Gender agreement","Grammatical","midline","midline posterior",NA,"posterior",654,3.39050349703512,13154
"Gender agreement","Grammatical","midline","midline posterior",NA,"posterior",656,3.37918260605139,13154
"Gender agreement","Grammatical","midline","midline posterior",NA,"posterior",658,3.36813311540216,13154
"Gender agreement","Grammatical","midline","midline posterior",NA,"posterior",660,3.35905047894177,13154
"Gender agreement","Grammatical","midline","midline posterior",NA,"posterior",662,3.3529343925802,13154
"Gender agreement","Grammatical","midline","midline posterior",NA,"posterior",664,3.3503887030561,13154
"Gender agreement","Grammatical","midline","midline posterior",NA,"posterior",666,3.35185973848259,13154
"Gender agreement","Grammatical","midline","midline posterior",NA,"posterior",668,3.35741789569713,13154
"Gender agreement","Grammatical","midline","midline posterior",NA,"posterior",670,3.3660628706097,13154
"Gender agreement","Grammatical","midline","midline posterior",NA,"posterior",672,3.3754914854797,13154
"Gender agreement","Grammatical","midline","midline posterior",NA,"posterior",674,3.3825343621712,13154
"Gender agreement","Grammatical","midline","midline posterior",NA,"posterior",676,3.38416048350312,13154
"Gender agreement","Grammatical","midline","midline posterior",NA,"posterior",678,3.37846259692869,13154
"Gender agreement","Grammatical","midline","midline posterior",NA,"posterior",680,3.36526919568192,13154
"Gender agreement","Grammatical","midline","midline posterior",NA,"posterior",682,3.34617888094876,13154
"Gender agreement","Grammatical","midline","midline posterior",NA,"posterior",684,3.32365029648776,13154
"Gender agreement","Grammatical","midline","midline posterior",NA,"posterior",686,3.29994784856317,13154
"Gender agreement","Grammatical","midline","midline posterior",NA,"posterior",688,3.27668686331154,13154
"Gender agreement","Grammatical","midline","midline posterior",NA,"posterior",690,3.25496510567128,13154
"Gender agreement","Grammatical","midline","midline posterior",NA,"posterior",692,3.23536209518017,13154
"Gender agreement","Grammatical","midline","midline posterior",NA,"posterior",694,3.21776106127414,13154
"Gender agreement","Grammatical","midline","midline posterior",NA,"posterior",696,3.2014885966246,13154
"Gender agreement","Grammatical","midline","midline posterior",NA,"posterior",698,3.18581777406112,13154
"Gender agreement","Grammatical","midline","midline posterior",NA,"posterior",700,3.17026980386194,13154
"Gender agreement","Grammatical","midline","midline posterior",NA,"posterior",702,3.15424099133343,13154
"Gender agreement","Grammatical","midline","midline posterior",NA,"posterior",704,3.13657777102022,13154
"Gender agreement","Grammatical","midline","midline posterior",NA,"posterior",706,3.11580112513304,13154
"Gender agreement","Grammatical","midline","midline posterior",NA,"posterior",708,3.09102463129086,13154
"Gender agreement","Grammatical","midline","midline posterior",NA,"posterior",710,3.06292770259997,13154
"Gender agreement","Grammatical","midline","midline posterior",NA,"posterior",712,3.03389539303634,13154
"Gender agreement","Grammatical","midline","midline posterior",NA,"posterior",714,3.00689410065379,13154
"Gender agreement","Grammatical","midline","midline posterior",NA,"posterior",716,2.98373346510567,13154
"Gender agreement","Grammatical","midline","midline posterior",NA,"posterior",718,2.96441120571689,13154
"Gender agreement","Grammatical","midline","midline posterior",NA,"posterior",720,2.94794457959556,13154
"Gender agreement","Grammatical","midline","midline posterior",NA,"posterior",722,2.93312520906188,13154
"Gender agreement","Grammatical","midline","midline posterior",NA,"posterior",724,2.91904067203892,13154
"Gender agreement","Grammatical","midline","midline posterior",NA,"posterior",726,2.90531929451118,13154
"Gender agreement","Grammatical","midline","midline posterior",NA,"posterior",728,2.89178424813745,13154
"Gender agreement","Grammatical","midline","midline posterior",NA,"posterior",730,2.87770085145203,13154
"Gender agreement","Grammatical","midline","midline posterior",NA,"posterior",732,2.8614571233085,13154
"Gender agreement","Grammatical","midline","midline posterior",NA,"posterior",734,2.84119074045918,13154
"Gender agreement","Grammatical","midline","midline posterior",NA,"posterior",736,2.81591591911206,13154
"Gender agreement","Grammatical","midline","midline posterior",NA,"posterior",738,2.78659966550099,13154
"Gender agreement","Grammatical","midline","midline posterior",NA,"posterior",740,2.75596312908621,13154
"Gender agreement","Grammatical","midline","midline posterior",NA,"posterior",742,2.72719629010187,13154
"Gender agreement","Grammatical","midline","midline posterior",NA,"posterior",744,2.70249467842481,13154
"Gender agreement","Grammatical","midline","midline posterior",NA,"posterior",746,2.68214900410522,13154
"Gender agreement","Grammatical","midline","midline posterior",NA,"posterior",748,2.6645570928995,13154
"Gender agreement","Grammatical","midline","midline posterior",NA,"posterior",750,2.64714717956515,13154
"Gender agreement","Grammatical","midline","midline posterior",NA,"posterior",752,2.62826417819675,13154
"Gender agreement","Grammatical","midline","midline posterior",NA,"posterior",754,2.60839090770868,13154
"Gender agreement","Grammatical","midline","midline posterior",NA,"posterior",756,2.58931260453094,13154
"Gender agreement","Grammatical","midline","midline posterior",NA,"posterior",758,2.5723113121484,13154
"Gender agreement","Grammatical","midline","midline posterior",NA,"posterior",760,2.55723346510567,13154
"Gender agreement","Grammatical","midline","midline posterior",NA,"posterior",762,2.54284658658963,13154
"Gender agreement","Grammatical","midline","midline posterior",NA,"posterior",764,2.52754074806143,13154
"Gender agreement","Grammatical","midline","midline posterior",NA,"posterior",766,2.51022890375551,13154
"Gender agreement","Grammatical","midline","midline posterior",NA,"posterior",768,2.49112194009427,13154
"Gender agreement","Grammatical","midline","midline posterior",NA,"posterior",770,2.47145066139577,13154
"Gender agreement","Grammatical","midline","midline posterior",NA,"posterior",772,2.45215098069028,13154
"Gender agreement","Grammatical","midline","midline posterior",NA,"posterior",774,2.43296062034362,13154
"Gender agreement","Grammatical","midline","midline posterior",NA,"posterior",776,2.41240383153413,13154
"Gender agreement","Grammatical","midline","midline posterior",NA,"posterior",778,2.3883884749886,13154
"Gender agreement","Grammatical","midline","midline posterior",NA,"posterior",780,2.35920457655466,13154
"Gender agreement","Grammatical","midline","midline posterior",NA,"posterior",782,2.32479215447773,13154
"Gender agreement","Grammatical","midline","midline posterior",NA,"posterior",784,2.28705192336932,13154
"Gender agreement","Grammatical","midline","midline posterior",NA,"posterior",786,2.24881070396837,13154
"Gender agreement","Grammatical","midline","midline posterior",NA,"posterior",788,2.21219393340429,13154
"Gender agreement","Grammatical","midline","midline posterior",NA,"posterior",790,2.17791546297704,13154
"Gender agreement","Grammatical","midline","midline posterior",NA,"posterior",792,2.14545362627338,13154
"Gender agreement","Grammatical","midline","midline posterior",NA,"posterior",794,2.11359373574578,13154
"Gender agreement","Grammatical","midline","midline posterior",NA,"posterior",796,2.08155542040444,13154
"Gender agreement","Grammatical","midline","midline posterior",NA,"posterior",798,2.05002349095332,13154
"Gender agreement","Grammatical","midline","midline posterior",NA,"posterior",800,2.0210028888551,13154
"Gender agreement","Grammatical","midline","midline posterior",NA,"posterior",802,1.99655922152957,13154
"Gender agreement","Grammatical","midline","midline posterior",NA,"posterior",804,1.97774342405352,13154
"Gender agreement","Grammatical","midline","midline posterior",NA,"posterior",806,1.96430340580812,13154
"Gender agreement","Grammatical","midline","midline posterior",NA,"posterior",808,1.95489896609396,13154
"Gender agreement","Grammatical","midline","midline posterior",NA,"posterior",810,1.94760384673863,13154
"Gender agreement","Grammatical","midline","midline posterior",NA,"posterior",812,1.94073871065835,13154
"Gender agreement","Grammatical","midline","midline posterior",NA,"posterior",814,1.93305534438194,13154
"Gender agreement","Grammatical","midline","midline posterior",NA,"posterior",816,1.92351816937814,13154
"Gender agreement","Grammatical","midline","midline posterior",NA,"posterior",818,1.91155405199939,13154
"Gender agreement","Grammatical","midline","midline posterior",NA,"posterior",820,1.89727596168466,13154
"Gender agreement","Grammatical","midline","midline posterior",NA,"posterior",822,1.8815370989813,13154
"Gender agreement","Grammatical","midline","midline posterior",NA,"posterior",824,1.86601246769044,13154
"Gender agreement","Grammatical","midline","midline posterior",NA,"posterior",826,1.85297544473164,13154
"Gender agreement","Grammatical","midline","midline posterior",NA,"posterior",828,1.84433290253915,13154
"Gender agreement","Grammatical","midline","midline posterior",NA,"posterior",830,1.84067241903603,13154
"Gender agreement","Grammatical","midline","midline posterior",NA,"posterior",832,1.84069127261669,13154
"Gender agreement","Grammatical","midline","midline posterior",NA,"posterior",834,1.84082134711875,13154
"Gender agreement","Grammatical","midline","midline posterior",NA,"posterior",836,1.8357284476205,13154
"Gender agreement","Grammatical","midline","midline posterior",NA,"posterior",838,1.82002888855101,13154
"Gender agreement","Grammatical","midline","midline posterior",NA,"posterior",840,1.79055101109929,13154
"Gender agreement","Grammatical","midline","midline posterior",NA,"posterior",842,1.74751269575794,13154
"Gender agreement","Grammatical","midline","midline posterior",NA,"posterior",844,1.69384506613958,13154
"Gender agreement","Grammatical","midline","midline posterior",NA,"posterior",846,1.63334400182454,13154
"Gender agreement","Grammatical","midline","midline posterior",NA,"posterior",848,1.56916207997567,13154
"Gender agreement","Grammatical","midline","midline posterior",NA,"posterior",850,1.50365979930059,13154
"Gender agreement","Grammatical","midline","midline posterior",NA,"posterior",852,1.4385713091075,13154
"Gender agreement","Grammatical","midline","midline posterior",NA,"posterior",854,1.37506743195986,13154
"Gender agreement","Grammatical","midline","midline posterior",NA,"posterior",856,1.31400767827277,13154
"Gender agreement","Grammatical","midline","midline posterior",NA,"posterior",858,1.25634673863464,13154
"Gender agreement","Grammatical","midline","midline posterior",NA,"posterior",860,1.20335753383001,13154
"Gender agreement","Grammatical","midline","midline posterior",NA,"posterior",862,1.15633282651665,13154
"Gender agreement","Grammatical","midline","midline posterior",NA,"posterior",864,1.11617698038619,13154
"Gender agreement","Grammatical","midline","midline posterior",NA,"posterior",866,1.08282993766155,13154
"Gender agreement","Grammatical","midline","midline posterior",NA,"posterior",868,1.05520191576707,13154
"Gender agreement","Grammatical","midline","midline posterior",NA,"posterior",870,1.03191652729208,13154
"Gender agreement","Grammatical","midline","midline posterior",NA,"posterior",872,1.01198874866961,13154
"Gender agreement","Grammatical","midline","midline posterior",NA,"posterior",874,0.995183366276418,13154
"Gender agreement","Grammatical","midline","midline posterior",NA,"posterior",876,0.982098829253459,13154
"Gender agreement","Grammatical","midline","midline posterior",NA,"posterior",878,0.973385890223506,13154
"Gender agreement","Grammatical","midline","midline posterior",NA,"posterior",880,0.969285692564999,13154
"Gender agreement","Grammatical","midline","midline posterior",NA,"posterior",882,0.970070320814961,13154
"Gender agreement","Grammatical","midline","midline posterior",NA,"posterior",884,0.97668800364908,13154
"Gender agreement","Grammatical","midline","midline posterior",NA,"posterior",886,0.990018245400639,13154
"Gender agreement","Grammatical","midline","midline posterior",NA,"posterior",888,1.00989668541888,13154
"Gender agreement","Grammatical","midline","midline posterior",NA,"posterior",890,1.03505952561958,13154
"Gender agreement","Grammatical","midline","midline posterior",NA,"posterior",892,1.06350349703512,13154
"Gender agreement","Grammatical","midline","midline posterior",NA,"posterior",894,1.09321415539,13154
"Gender agreement","Grammatical","midline","midline posterior",NA,"posterior",896,1.12335061578227,13154
"Gender agreement","Grammatical","midline","midline posterior",NA,"posterior",898,1.15504386498404,13154
"Gender agreement","Grammatical","midline","midline posterior",NA,"posterior",900,1.19052478333587,13154
"Gender agreement","Grammatical","midline","midline posterior",NA,"posterior",902,1.23143355633267,13154
"Gender agreement","Grammatical","midline","midline posterior",NA,"posterior",904,1.27790938117683,13154
"Gender agreement","Grammatical","midline","midline posterior",NA,"posterior",906,1.32886186711267,13154
"Gender agreement","Grammatical","midline","midline posterior",NA,"posterior",908,1.38274722517865,13154
"Gender agreement","Grammatical","midline","midline posterior",NA,"posterior",910,1.43832948152653,13154
"Gender agreement","Grammatical","midline","midline posterior",NA,"posterior",912,1.49477679793219,13154
"Gender agreement","Grammatical","midline","midline posterior",NA,"posterior",914,1.55134438193705,13154
"Gender agreement","Grammatical","midline","midline posterior",NA,"posterior",916,1.60726121331914,13154
"Gender agreement","Grammatical","midline","midline posterior",NA,"posterior",918,1.66211874714916,13154
"Gender agreement","Grammatical","midline","midline posterior",NA,"posterior",920,1.71582187927627,13154
"Gender agreement","Grammatical","midline","midline posterior",NA,"posterior",922,1.76811167705641,13154
"Gender agreement","Grammatical","midline","midline posterior",NA,"posterior",924,1.8185399878364,13154
"Gender agreement","Grammatical","midline","midline posterior",NA,"posterior",926,1.8666200395317,13154
"Gender agreement","Grammatical","midline","midline posterior",NA,"posterior",928,1.91166732552836,13154
"Gender agreement","Grammatical","midline","midline posterior",NA,"posterior",930,1.95309928538847,13154
"Gender agreement","Grammatical","midline","midline posterior",NA,"posterior",932,1.99071932492018,13154
"Gender agreement","Grammatical","midline","midline posterior",NA,"posterior",934,2.02470366428463,13154
"Gender agreement","Grammatical","midline","midline posterior",NA,"posterior",936,2.05498084232933,13154
"Gender agreement","Grammatical","midline","midline posterior",NA,"posterior",938,2.08084400182454,13154
"Gender agreement","Grammatical","midline","midline posterior",NA,"posterior",940,2.10150022806751,13154
"Gender agreement","Grammatical","midline","midline posterior",NA,"posterior",942,2.11711502204653,13154
"Gender agreement","Grammatical","midline","midline posterior",NA,"posterior",944,2.12945210582332,13154
"Gender agreement","Grammatical","midline","midline posterior",NA,"posterior",946,2.14163615630227,13154
"Gender agreement","Grammatical","midline","midline posterior",NA,"posterior",948,2.15731237646343,13154
"Gender agreement","Grammatical","midline","midline posterior",NA,"posterior",950,2.179599969591,13154
"Gender agreement","Grammatical","midline","midline posterior",NA,"posterior",952,2.2103200547362,13154
"Gender agreement","Grammatical","midline","midline posterior",NA,"posterior",954,2.24934065683442,13154
"Gender agreement","Grammatical","midline","midline posterior",NA,"posterior",956,2.29458841417059,13154
"Gender agreement","Grammatical","midline","midline posterior",NA,"posterior",958,2.34283753991181,13154
"Gender agreement","Grammatical","midline","midline posterior",NA,"posterior",960,2.39137486696062,13154
"Gender agreement","Grammatical","midline","midline posterior",NA,"posterior",962,2.4391113729664,13154
"Gender agreement","Grammatical","midline","midline posterior",NA,"posterior",964,2.48639326440626,13154
"Gender agreement","Grammatical","midline","midline posterior",NA,"posterior",966,2.5342257868329,13154
"Gender agreement","Grammatical","midline","midline posterior",NA,"posterior",968,2.58298912878212,13154
"Gender agreement","Grammatical","midline","midline posterior",NA,"posterior",970,2.6313028736506,13154
"Gender agreement","Grammatical","midline","midline posterior",NA,"posterior",972,2.67602341493082,13154
"Gender agreement","Grammatical","midline","midline posterior",NA,"posterior",974,2.71382256347879,13154
"Gender agreement","Grammatical","midline","midline posterior",NA,"posterior",976,2.74252873650601,13154
"Gender agreement","Grammatical","midline","midline posterior",NA,"posterior",978,2.76139752166641,13154
"Gender agreement","Grammatical","midline","midline posterior",NA,"posterior",980,2.77121643606508,13154
"Gender agreement","Grammatical","midline","midline posterior",NA,"posterior",982,2.77446905884142,13154
"Gender agreement","Grammatical","midline","midline posterior",NA,"posterior",984,2.77442975520754,13154
"Gender agreement","Grammatical","midline","midline posterior",NA,"posterior",986,2.77337403071309,13154
"Gender agreement","Grammatical","midline","midline posterior",NA,"posterior",988,2.77148692412954,13154
"Gender agreement","Grammatical","midline","midline posterior",NA,"posterior",990,2.76735928234758,13154
"Gender agreement","Grammatical","midline","midline posterior",NA,"posterior",992,2.75890778470427,13154
"Gender agreement","Grammatical","midline","midline posterior",NA,"posterior",994,2.74391067355937,13154
"Gender agreement","Grammatical","midline","midline posterior",NA,"posterior",996,2.72052523947088,13154
"Gender agreement","Grammatical","midline","midline posterior",NA,"posterior",998,2.68761076478638,13154
"Gender agreement","Grammatical","midline","midline posterior",NA,"posterior",1000,2.64463912117987,13154
"Gender agreement","Grammatical","midline","midline posterior",NA,"posterior",1002,2.59211585829406,13154
"Gender agreement","Grammatical","midline","midline posterior",NA,"posterior",1004,2.53219803861943,13154
"Gender agreement","Grammatical","midline","midline posterior",NA,"posterior",1006,2.46829899650296,13154
"Gender agreement","Grammatical","midline","midline posterior",NA,"posterior",1008,2.40360825604379,13154
"Gender agreement","Grammatical","midline","midline posterior",NA,"posterior",1010,2.34047597688916,13154
"Gender agreement","Grammatical","midline","midline posterior",NA,"posterior",1012,2.28090352744412,13154
"Gender agreement","Grammatical","midline","midline posterior",NA,"posterior",1014,2.22656530332979,13154
"Gender agreement","Grammatical","midline","midline posterior",NA,"posterior",1016,2.17780507830318,13154
"Gender agreement","Grammatical","midline","midline posterior",NA,"posterior",1018,2.13309023871066,13154
"Gender agreement","Grammatical","midline","midline posterior",NA,"posterior",1020,2.09011190512392,13154
"Gender agreement","Grammatical","midline","midline posterior",NA,"posterior",1022,2.04745172571081,13154
"Gender agreement","Grammatical","midline","midline posterior",NA,"posterior",1024,2.00489410065379,13154
"Gender agreement","Grammatical","midline","midline posterior",NA,"posterior",1026,1.96237509502813,13154
"Gender agreement","Grammatical","midline","midline posterior",NA,"posterior",1028,1.91934742283716,13154
"Gender agreement","Grammatical","midline","midline posterior",NA,"posterior",1030,1.87506461912726,13154
"Gender agreement","Grammatical","midline","midline posterior",NA,"posterior",1032,1.82901163144291,13154
"Gender agreement","Grammatical","midline","midline posterior",NA,"posterior",1034,1.78057640261517,13154
"Gender agreement","Grammatical","midline","midline posterior",NA,"posterior",1036,1.72871788049263,13154
"Gender agreement","Grammatical","midline","midline posterior",NA,"posterior",1038,1.67232111905124,13154
"Gender agreement","Grammatical","midline","midline posterior",NA,"posterior",1040,1.61080682682074,13154
"Gender agreement","Grammatical","midline","midline posterior",NA,"posterior",1042,1.54405070700927,13154
"Gender agreement","Grammatical","midline","midline posterior",NA,"posterior",1044,1.47240200699407,13154
"Gender agreement","Grammatical","midline","midline posterior",NA,"posterior",1046,1.39710027368101,13154
"Gender agreement","Grammatical","midline","midline posterior",NA,"posterior",1048,1.32007282955755,13154
"Gender agreement","Grammatical","midline","midline posterior",NA,"posterior",1050,1.24295263798084,13154
"Gender agreement","Grammatical","midline","midline posterior",NA,"posterior",1052,1.16641508286453,13154
"Gender agreement","Grammatical","midline","midline posterior",NA,"posterior",1054,1.09034324159951,13154
"Gender agreement","Grammatical","midline","midline posterior",NA,"posterior",1056,1.01459510415083,13154
"Gender agreement","Grammatical","midline","midline posterior",NA,"posterior",1058,0.940174927778622,13154
"Gender agreement","Grammatical","midline","midline posterior",NA,"posterior",1060,0.869795803557853,13154
"Gender agreement","Grammatical","midline","midline posterior",NA,"posterior",1062,0.807005853732705,13154
"Gender agreement","Grammatical","midline","midline posterior",NA,"posterior",1064,0.754341569104455,13154
"Gender agreement","Grammatical","midline","midline posterior",NA,"posterior",1066,0.712444123460544,13154
"Gender agreement","Grammatical","midline","midline posterior",NA,"posterior",1068,0.680522350615782,13154
"Gender agreement","Grammatical","midline","midline posterior",NA,"posterior",1070,0.656792610612741,13154
"Gender agreement","Grammatical","midline","midline posterior",NA,"posterior",1072,0.638539303633876,13154
"Gender agreement","Grammatical","midline","midline posterior",NA,"posterior",1074,0.622471491561502,13154
"Gender agreement","Grammatical","midline","midline posterior",NA,"posterior",1076,0.605698722821955,13154
"Gender agreement","Grammatical","midline","midline posterior",NA,"posterior",1078,0.585962748973696,13154
"Gender agreement","Grammatical","midline","midline posterior",NA,"posterior",1080,0.561583092595408,13154
"Gender agreement","Grammatical","midline","midline posterior",NA,"posterior",1082,0.532013303937966,13154
"Gender agreement","Grammatical","midline","midline posterior",NA,"posterior",1084,0.49882256347879,13154
"Gender agreement","Grammatical","midline","midline posterior",NA,"posterior",1086,0.465530637068572,13154
"Gender agreement","Grammatical","midline","midline posterior",NA,"posterior",1088,0.435924737722366,13154
"Gender agreement","Grammatical","midline","midline posterior",NA,"posterior",1090,0.412471339516497,13154
"Gender agreement","Grammatical","midline","midline posterior",NA,"posterior",1092,0.39589113577619,13154
"Gender agreement","Grammatical","midline","midline posterior",NA,"posterior",1094,0.385628173939486,13154
"Gender agreement","Grammatical","midline","midline posterior",NA,"posterior",1096,0.380068876387411,13154
"Gender agreement","Grammatical","midline","midline posterior",NA,"posterior",1098,0.376389691348639,13154
"Gender agreement","Ungrammatical","midline","midline anterior",NA,"anterior",-100,-0.335998773194295,19563
"Gender agreement","Ungrammatical","midline","midline anterior",NA,"anterior",-98,-0.357504114910801,19563
"Gender agreement","Ungrammatical","midline","midline anterior",NA,"anterior",-96,-0.376348157235598,19563
"Gender agreement","Ungrammatical","midline","midline anterior",NA,"anterior",-94,-0.389927618463426,19563
"Gender agreement","Ungrammatical","midline","midline anterior",NA,"anterior",-92,-0.397858303941113,19563
"Gender agreement","Ungrammatical","midline","midline anterior",NA,"anterior",-90,-0.402006287379236,19563
"Gender agreement","Ungrammatical","midline","midline anterior",NA,"anterior",-88,-0.404738076982058,19563
"Gender agreement","Ungrammatical","midline","midline anterior",NA,"anterior",-86,-0.407538363236722,19563
"Gender agreement","Ungrammatical","midline","midline anterior",NA,"anterior",-84,-0.41071711905127,19563
"Gender agreement","Ungrammatical","midline","midline anterior",NA,"anterior",-82,-0.413104431835608,19563
"Gender agreement","Ungrammatical","midline","midline anterior",NA,"anterior",-80,-0.411659152481726,19563
"Gender agreement","Ungrammatical","midline","midline anterior",NA,"anterior",-78,-0.402378878495118,19563
"Gender agreement","Ungrammatical","midline","midline anterior",NA,"anterior",-76,-0.382642897306139,19563
"Gender agreement","Ungrammatical","midline","midline anterior",NA,"anterior",-74,-0.353082451566733,19563
"Gender agreement","Ungrammatical","midline","midline anterior",NA,"anterior",-72,-0.317487757501406,19563
"Gender agreement","Ungrammatical","midline","midline anterior",NA,"anterior",-70,-0.280922711240607,19563
"Gender agreement","Ungrammatical","midline","midline anterior",NA,"anterior",-68,-0.248085774165517,19563
"Gender agreement","Ungrammatical","midline","midline anterior",NA,"anterior",-66,-0.22272790471809,19563
"Gender agreement","Ungrammatical","midline","midline anterior",NA,"anterior",-64,-0.206819659561417,19563
"Gender agreement","Ungrammatical","midline","midline anterior",NA,"anterior",-62,-0.199819915145939,19563
"Gender agreement","Ungrammatical","midline","midline anterior",NA,"anterior",-60,-0.19926130961509,19563
"Gender agreement","Ungrammatical","midline","midline anterior",NA,"anterior",-58,-0.202399376373767,19563
"Gender agreement","Ungrammatical","midline","midline anterior",NA,"anterior",-56,-0.20789413689107,19563
"Gender agreement","Ungrammatical","midline","midline anterior",NA,"anterior",-54,-0.215810765220058,19563
"Gender agreement","Ungrammatical","midline","midline anterior",NA,"anterior",-52,-0.226309461738997,19563
"Gender agreement","Ungrammatical","midline","midline anterior",NA,"anterior",-50,-0.239120124725247,19563
"Gender agreement","Ungrammatical","midline","midline anterior",NA,"anterior",-48,-0.254147421152175,19563
"Gender agreement","Ungrammatical","midline","midline anterior",NA,"anterior",-46,-0.271436845064663,19563
"Gender agreement","Ungrammatical","midline","midline anterior",NA,"anterior",-44,-0.290431017737566,19563
"Gender agreement","Ungrammatical","midline","midline anterior",NA,"anterior",-42,-0.309274753360936,19563
"Gender agreement","Ungrammatical","midline","midline anterior",NA,"anterior",-40,-0.325518836579257,19563
"Gender agreement","Ungrammatical","midline","midline anterior",NA,"anterior",-38,-0.337887031641364,19563
"Gender agreement","Ungrammatical","midline","midline anterior",NA,"anterior",-36,-0.347396258242601,19563
"Gender agreement","Ungrammatical","midline","midline anterior",NA,"anterior",-34,-0.35672473547002,19563
"Gender agreement","Ungrammatical","midline","midline anterior",NA,"anterior",-32,-0.368554567295405,19563
"Gender agreement","Ungrammatical","midline","midline anterior",NA,"anterior",-30,-0.38463681439452,19563
"Gender agreement","Ungrammatical","midline","midline anterior",NA,"anterior",-28,-0.405957061800337,19563
"Gender agreement","Ungrammatical","midline","midline anterior",NA,"anterior",-26,-0.433313142156111,19563
"Gender agreement","Ungrammatical","midline","midline anterior",NA,"anterior",-24,-0.467369830803047,19563
"Gender agreement","Ungrammatical","midline","midline anterior",NA,"anterior",-22,-0.507875325870265,19563
"Gender agreement","Ungrammatical","midline","midline anterior",NA,"anterior",-20,-0.552816132495016,19563
"Gender agreement","Ungrammatical","midline","midline anterior",NA,"anterior",-18,-0.598875274753361,19563
"Gender agreement","Ungrammatical","midline","midline anterior",NA,"anterior",-16,-0.642734652149466,19563
"Gender agreement","Ungrammatical","midline","midline anterior",NA,"anterior",-14,-0.682175330981956,19563
"Gender agreement","Ungrammatical","midline","midline anterior",NA,"anterior",-12,-0.715882226652354,19563
"Gender agreement","Ungrammatical","midline","midline anterior",NA,"anterior",-10,-0.74235674487553,19563
"Gender agreement","Ungrammatical","midline","midline anterior",NA,"anterior",-8,-0.759838930634361,19563
"Gender agreement","Ungrammatical","midline","midline anterior",NA,"anterior",-6,-0.767691969534325,19563
"Gender agreement","Ungrammatical","midline","midline anterior",NA,"anterior",-4,-0.767537187547922,19563
"Gender agreement","Ungrammatical","midline","midline anterior",NA,"anterior",-2,-0.762666666666667,19563
"Gender agreement","Ungrammatical","midline","midline anterior",NA,"anterior",0,-0.756055512958135,19563
"Gender agreement","Ungrammatical","midline","midline anterior",NA,"anterior",2,-0.748639523590451,19563
"Gender agreement","Ungrammatical","midline","midline anterior",NA,"anterior",4,-0.739708275826816,19563
"Gender agreement","Ungrammatical","midline","midline anterior",NA,"anterior",6,-0.728674896488269,19563
"Gender agreement","Ungrammatical","midline","midline anterior",NA,"anterior",8,-0.716095741961867,19563
"Gender agreement","Ungrammatical","midline","midline anterior",NA,"anterior",10,-0.703671216071155,19563
"Gender agreement","Ungrammatical","midline","midline anterior",NA,"anterior",12,-0.693601441496703,19563
"Gender agreement","Ungrammatical","midline","midline anterior",NA,"anterior",14,-0.687260389510811,19563
"Gender agreement","Ungrammatical","midline","midline anterior",NA,"anterior",16,-0.684209681541686,19563
"Gender agreement","Ungrammatical","midline","midline anterior",NA,"anterior",18,-0.682624699688187,19563
"Gender agreement","Ungrammatical","midline","midline anterior",NA,"anterior",20,-0.680186832285437,19563
"Gender agreement","Ungrammatical","midline","midline anterior",NA,"anterior",22,-0.67471911261054,19563
"Gender agreement","Ungrammatical","midline","midline anterior",NA,"anterior",24,-0.66440433471349,19563
"Gender agreement","Ungrammatical","midline","midline anterior",NA,"anterior",26,-0.647746817972704,19563
"Gender agreement","Ungrammatical","midline","midline anterior",NA,"anterior",28,-0.623793027654245,19563
"Gender agreement","Ungrammatical","midline","midline anterior",NA,"anterior",30,-0.592882277769258,19563
"Gender agreement","Ungrammatical","midline","midline anterior",NA,"anterior",32,-0.556976537340899,19563
"Gender agreement","Ungrammatical","midline","midline anterior",NA,"anterior",34,-0.518978582017073,19563
"Gender agreement","Ungrammatical","midline","midline anterior",NA,"anterior",36,-0.481978121964934,19563
"Gender agreement","Ungrammatical","midline","midline anterior",NA,"anterior",38,-0.448415682666258,19563
"Gender agreement","Ungrammatical","midline","midline anterior",NA,"anterior",40,-0.419482083525022,19563
"Gender agreement","Ungrammatical","midline","midline anterior",NA,"anterior",42,-0.395332617696672,19563
"Gender agreement","Ungrammatical","midline","midline anterior",NA,"anterior",44,-0.375525532893728,19563
"Gender agreement","Ungrammatical","midline","midline anterior",NA,"anterior",46,-0.359319020600112,19563
"Gender agreement","Ungrammatical","midline","midline anterior",NA,"anterior",48,-0.345932167867914,19563
"Gender agreement","Ungrammatical","midline","midline anterior",NA,"anterior",50,-0.334200991667945,19563
"Gender agreement","Ungrammatical","midline","midline anterior",NA,"anterior",52,-0.322191943975873,19563
"Gender agreement","Ungrammatical","midline","midline anterior",NA,"anterior",54,-0.308223380872054,19563
"Gender agreement","Ungrammatical","midline","midline anterior",NA,"anterior",56,-0.292828298318254,19563
"Gender agreement","Ungrammatical","midline","midline anterior",NA,"anterior",58,-0.27877748811532,19563
"Gender agreement","Ungrammatical","midline","midline anterior",NA,"anterior",60,-0.269270612891683,19563
"Gender agreement","Ungrammatical","midline","midline anterior",NA,"anterior",62,-0.266731585135204,19563
"Gender agreement","Ungrammatical","midline","midline anterior",NA,"anterior",64,-0.27242708173593,19563
"Gender agreement","Ungrammatical","midline","midline anterior",NA,"anterior",66,-0.286161324950161,19563
"Gender agreement","Ungrammatical","midline","midline anterior",NA,"anterior",68,-0.305696621172622,19563
"Gender agreement","Ungrammatical","midline","midline anterior",NA,"anterior",70,-0.327190717170168,19563
"Gender agreement","Ungrammatical","midline","midline anterior",NA,"anterior",72,-0.347122016050708,19563
"Gender agreement","Ungrammatical","midline","midline anterior",NA,"anterior",74,-0.363971425650463,19563
"Gender agreement","Ungrammatical","midline","midline anterior",NA,"anterior",76,-0.377876143740735,19563
"Gender agreement","Ungrammatical","midline","midline anterior",NA,"anterior",78,-0.389921433317998,19563
"Gender agreement","Ungrammatical","midline","midline anterior",NA,"anterior",80,-0.402185912181158,19563
"Gender agreement","Ungrammatical","midline","midline anterior",NA,"anterior",82,-0.417503245923427,19563
"Gender agreement","Ungrammatical","midline","midline anterior",NA,"anterior",84,-0.438463170270408,19563
"Gender agreement","Ungrammatical","midline","midline anterior",NA,"anterior",86,-0.466871696570056,19563
"Gender agreement","Ungrammatical","midline","midline anterior",NA,"anterior",88,-0.50385533916066,19563
"Gender agreement","Ungrammatical","midline","midline anterior",NA,"anterior",90,-0.549778408219598,19563
"Gender agreement","Ungrammatical","midline","midline anterior",NA,"anterior",92,-0.603888207330164,19563
"Gender agreement","Ungrammatical","midline","midline anterior",NA,"anterior",94,-0.664918468537545,19563
"Gender agreement","Ungrammatical","midline","midline anterior",NA,"anterior",96,-0.732605070796913,19563
"Gender agreement","Ungrammatical","midline","midline anterior",NA,"anterior",98,-0.808613914021367,19563
"Gender agreement","Ungrammatical","midline","midline anterior",NA,"anterior",100,-0.895527321985381,19563
"Gender agreement","Ungrammatical","midline","midline anterior",NA,"anterior",102,-0.995223687573481,19563
"Gender agreement","Ungrammatical","midline","midline anterior",NA,"anterior",104,-1.10801794203343,19563
"Gender agreement","Ungrammatical","midline","midline anterior",NA,"anterior",106,-1.23307759546082,19563
"Gender agreement","Ungrammatical","midline","midline anterior",NA,"anterior",108,-1.36889827736032,19563
"Gender agreement","Ungrammatical","midline","midline anterior",NA,"anterior",110,-1.5129437202883,19563
"Gender agreement","Ungrammatical","midline","midline anterior",NA,"anterior",112,-1.66109211266166,19563
"Gender agreement","Ungrammatical","midline","midline anterior",NA,"anterior",114,-1.80786229105965,19563
"Gender agreement","Ungrammatical","midline","midline anterior",NA,"anterior",116,-1.94759055359607,19563
"Gender agreement","Ungrammatical","midline","midline anterior",NA,"anterior",118,-2.07602949445382,19563
"Gender agreement","Ungrammatical","midline","midline anterior",NA,"anterior",120,-2.19093119664673,19563
"Gender agreement","Ungrammatical","midline","midline anterior",NA,"anterior",122,-2.29100224914379,19563
"Gender agreement","Ungrammatical","midline","midline anterior",NA,"anterior",124,-2.37452727086848,19563
"Gender agreement","Ungrammatical","midline","midline anterior",NA,"anterior",126,-2.43883453458059,19563
"Gender agreement","Ungrammatical","midline","midline anterior",NA,"anterior",128,-2.48083811276389,19563
"Gender agreement","Ungrammatical","midline","midline anterior",NA,"anterior",130,-2.49821499769974,19563
"Gender agreement","Ungrammatical","midline","midline anterior",NA,"anterior",132,-2.49041880079742,19563
"Gender agreement","Ungrammatical","midline","midline anterior",NA,"anterior",134,-2.45888519143281,19563
"Gender agreement","Ungrammatical","midline","midline anterior",NA,"anterior",136,-2.40578556458621,19563
"Gender agreement","Ungrammatical","midline","midline anterior",NA,"anterior",138,-2.33217129274651,19563
"Gender agreement","Ungrammatical","midline","midline anterior",NA,"anterior",140,-2.23751970556663,19563
"Gender agreement","Ungrammatical","midline","midline anterior",NA,"anterior",142,-2.12132929509789,19563
"Gender agreement","Ungrammatical","midline","midline anterior",NA,"anterior",144,-1.98465117824465,19563
"Gender agreement","Ungrammatical","midline","midline anterior",NA,"anterior",146,-1.8296881357665,19563
"Gender agreement","Ungrammatical","midline","midline anterior",NA,"anterior",148,-1.65838184327557,19563
"Gender agreement","Ungrammatical","midline","midline anterior",NA,"anterior",150,-1.47165266063487,19563
"Gender agreement","Ungrammatical","midline","midline anterior",NA,"anterior",152,-1.27009742881971,19563
"Gender agreement","Ungrammatical","midline","midline anterior",NA,"anterior",154,-1.05531850943107,19563
"Gender agreement","Ungrammatical","midline","midline anterior",NA,"anterior",156,-0.830398251801871,19563
"Gender agreement","Ungrammatical","midline","midline anterior",NA,"anterior",158,-0.599268210397178,19563
"Gender agreement","Ungrammatical","midline","midline anterior",NA,"anterior",160,-0.365647497827532,19563
"Gender agreement","Ungrammatical","midline","midline anterior",NA,"anterior",162,-0.132111946020549,19563
"Gender agreement","Ungrammatical","midline","midline anterior",NA,"anterior",164,0.100534273884374,19563
"Gender agreement","Ungrammatical","midline","midline anterior",NA,"anterior",166,0.333018197617952,19563
"Gender agreement","Ungrammatical","midline","midline anterior",NA,"anterior",168,0.566907325052395,19563
"Gender agreement","Ungrammatical","midline","midline anterior",NA,"anterior",170,0.803897050554618,19563
"Gender agreement","Ungrammatical","midline","midline anterior",NA,"anterior",172,1.04469498543168,19563
"Gender agreement","Ungrammatical","midline","midline anterior",NA,"anterior",174,1.28791785513469,19563
"Gender agreement","Ungrammatical","midline","midline anterior",NA,"anterior",176,1.52975923938046,19563
"Gender agreement","Ungrammatical","midline","midline anterior",NA,"anterior",178,1.76528303429944,19563
"Gender agreement","Ungrammatical","midline","midline anterior",NA,"anterior",180,1.99086438685273,19563
"Gender agreement","Ungrammatical","midline","midline anterior",NA,"anterior",182,2.20573940602157,19563
"Gender agreement","Ungrammatical","midline","midline anterior",NA,"anterior",184,2.41155620303634,19563
"Gender agreement","Ungrammatical","midline","midline anterior",NA,"anterior",186,2.61049905433727,19563
"Gender agreement","Ungrammatical","midline","midline anterior",NA,"anterior",188,2.80358983795941,19563
"Gender agreement","Ungrammatical","midline","midline anterior",NA,"anterior",190,2.98994510044472,19563
"Gender agreement","Ungrammatical","midline","midline anterior",NA,"anterior",192,3.16716740786178,19563
"Gender agreement","Ungrammatical","midline","midline anterior",NA,"anterior",194,3.33200741195113,19563
"Gender agreement","Ungrammatical","midline","midline anterior",NA,"anterior",196,3.48094934314778,19563
"Gender agreement","Ungrammatical","midline","midline anterior",NA,"anterior",198,3.61121060164596,19563
"Gender agreement","Ungrammatical","midline","midline anterior",NA,"anterior",200,3.72254899555283,19563
"Gender agreement","Ungrammatical","midline","midline anterior",NA,"anterior",202,3.81770520881255,19563
"Gender agreement","Ungrammatical","midline","midline anterior",NA,"anterior",204,3.90071364310177,19563
"Gender agreement","Ungrammatical","midline","midline anterior",NA,"anterior",206,3.97517400194244,19563
"Gender agreement","Ungrammatical","midline","midline anterior",NA,"anterior",208,4.04396564944027,19563
"Gender agreement","Ungrammatical","midline","midline anterior",NA,"anterior",210,4.10910003578183,19563
"Gender agreement","Ungrammatical","midline","midline anterior",NA,"anterior",212,4.17093288350457,19563
"Gender agreement","Ungrammatical","midline","midline anterior",NA,"anterior",214,4.22854802433165,19563
"Gender agreement","Ungrammatical","midline","midline anterior",NA,"anterior",216,4.28141215559986,19563
"Gender agreement","Ungrammatical","midline","midline anterior",NA,"anterior",218,4.33051045340694,19563
"Gender agreement","Ungrammatical","midline","midline anterior",NA,"anterior",220,4.37816868578439,19563
"Gender agreement","Ungrammatical","midline","midline anterior",NA,"anterior",222,4.42717257066912,19563
"Gender agreement","Ungrammatical","midline","midline anterior",NA,"anterior",224,4.47962413740224,19563
"Gender agreement","Ungrammatical","midline","midline anterior",NA,"anterior",226,4.53586837397127,19563
"Gender agreement","Ungrammatical","midline","midline anterior",NA,"anterior",228,4.59466063487195,19563
"Gender agreement","Ungrammatical","midline","midline anterior",NA,"anterior",230,4.65411797781526,19563
"Gender agreement","Ungrammatical","midline","midline anterior",NA,"anterior",232,4.71194249348259,19563
"Gender agreement","Ungrammatical","midline","midline anterior",NA,"anterior",234,4.76510095588611,19563
"Gender agreement","Ungrammatical","midline","midline anterior",NA,"anterior",236,4.81031707815775,19563
"Gender agreement","Ungrammatical","midline","midline anterior",NA,"anterior",238,4.84502714307622,19563
"Gender agreement","Ungrammatical","midline","midline anterior",NA,"anterior",240,4.86771768133722,19563
"Gender agreement","Ungrammatical","midline","midline anterior",NA,"anterior",242,4.87779210754997,19563
"Gender agreement","Ungrammatical","midline","midline anterior",NA,"anterior",244,4.8750468742013,19563
"Gender agreement","Ungrammatical","midline","midline anterior",NA,"anterior",246,4.85923365536983,19563
"Gender agreement","Ungrammatical","midline","midline anterior",NA,"anterior",248,4.83031227316874,19563
"Gender agreement","Ungrammatical","midline","midline anterior",NA,"anterior",250,4.78907187036753,19563
"Gender agreement","Ungrammatical","midline","midline anterior",NA,"anterior",252,4.73728410775443,19563
"Gender agreement","Ungrammatical","midline","midline anterior",NA,"anterior",254,4.67749915657108,19563
"Gender agreement","Ungrammatical","midline","midline anterior",NA,"anterior",256,4.612084445126,19563
"Gender agreement","Ungrammatical","midline","midline anterior",NA,"anterior",258,4.54182344221234,19563
"Gender agreement","Ungrammatical","midline","midline anterior",NA,"anterior",260,4.46614624546338,19563
"Gender agreement","Ungrammatical","midline","midline anterior",NA,"anterior",262,4.38512043142667,19563
"Gender agreement","Ungrammatical","midline","midline anterior",NA,"anterior",264,4.30039094208455,19563
"Gender agreement","Ungrammatical","midline","midline anterior",NA,"anterior",266,4.21362940244339,19563
"Gender agreement","Ungrammatical","midline","midline anterior",NA,"anterior",268,4.12499933548024,19563
"Gender agreement","Ungrammatical","midline","midline anterior",NA,"anterior",270,4.03395246127895,19563
"Gender agreement","Ungrammatical","midline","midline anterior",NA,"anterior",272,3.9407608240045,19563
"Gender agreement","Ungrammatical","midline","midline anterior",NA,"anterior",274,3.84627005060574,19563
"Gender agreement","Ungrammatical","midline","midline anterior",NA,"anterior",276,3.75023723355314,19563
"Gender agreement","Ungrammatical","midline","midline anterior",NA,"anterior",278,3.65053120687011,19563
"Gender agreement","Ungrammatical","midline","midline anterior",NA,"anterior",280,3.54474349537392,19563
"Gender agreement","Ungrammatical","midline","midline anterior",NA,"anterior",282,3.43170735572254,19563
"Gender agreement","Ungrammatical","midline","midline anterior",NA,"anterior",284,3.3114138424577,19563
"Gender agreement","Ungrammatical","midline","midline anterior",NA,"anterior",286,3.18459750549507,19563
"Gender agreement","Ungrammatical","midline","midline anterior",NA,"anterior",288,3.05326248530389,19563
"Gender agreement","Ungrammatical","midline","midline anterior",NA,"anterior",290,2.9210351684302,19563
"Gender agreement","Ungrammatical","midline","midline anterior",NA,"anterior",292,2.79198563614987,19563
"Gender agreement","Ungrammatical","midline","midline anterior",NA,"anterior",294,2.66851060675765,19563
"Gender agreement","Ungrammatical","midline","midline anterior",NA,"anterior",296,2.5503774983387,19563
"Gender agreement","Ungrammatical","midline","midline anterior",NA,"anterior",298,2.43536768389306,19563
"Gender agreement","Ungrammatical","midline","midline anterior",NA,"anterior",300,2.3206401369933,19563
"Gender agreement","Ungrammatical","midline","midline anterior",NA,"anterior",302,2.20394622501661,19563
"Gender agreement","Ungrammatical","midline","midline anterior",NA,"anterior",304,2.08475162296171,19563
"Gender agreement","Ungrammatical","midline","midline anterior",NA,"anterior",306,1.96449041558043,19563
"Gender agreement","Ungrammatical","midline","midline anterior",NA,"anterior",308,1.84557981904616,19563
"Gender agreement","Ungrammatical","midline","midline anterior",NA,"anterior",310,1.73006962122374,19563
"Gender agreement","Ungrammatical","midline","midline anterior",NA,"anterior",312,1.61894786075755,19563
"Gender agreement","Ungrammatical","midline","midline anterior",NA,"anterior",314,1.51213658436845,19563
"Gender agreement","Ungrammatical","midline","midline anterior",NA,"anterior",316,1.40906890558708,19563
"Gender agreement","Ungrammatical","midline","midline anterior",NA,"anterior",318,1.30937959413178,19563
"Gender agreement","Ungrammatical","midline","midline anterior",NA,"anterior",320,1.21294985431682,19563
"Gender agreement","Ungrammatical","midline","midline anterior",NA,"anterior",322,1.1198041711394,19563
"Gender agreement","Ungrammatical","midline","midline anterior",NA,"anterior",324,1.03091887747278,19563
"Gender agreement","Ungrammatical","midline","midline anterior",NA,"anterior",326,0.949085160762664,19563
"Gender agreement","Ungrammatical","midline","midline anterior",NA,"anterior",328,0.878212492971426,19563
"Gender agreement","Ungrammatical","midline","midline anterior",NA,"anterior",330,0.821118437867403,19563
"Gender agreement","Ungrammatical","midline","midline anterior",NA,"anterior",332,0.777637836732607,19563
"Gender agreement","Ungrammatical","midline","midline anterior",NA,"anterior",334,0.744607064356183,19563
"Gender agreement","Ungrammatical","midline","midline anterior",NA,"anterior",336,0.71739436691714,19563
"Gender agreement","Ungrammatical","midline","midline anterior",NA,"anterior",338,0.691824771251853,19563
"Gender agreement","Ungrammatical","midline","midline anterior",NA,"anterior",340,0.665452537954301,19563
"Gender agreement","Ungrammatical","midline","midline anterior",NA,"anterior",342,0.637757501405715,19563
"Gender agreement","Ungrammatical","midline","midline anterior",NA,"anterior",344,0.60940351684302,19563
"Gender agreement","Ungrammatical","midline","midline anterior",NA,"anterior",346,0.581603741757399,19563
"Gender agreement","Ungrammatical","midline","midline anterior",NA,"anterior",348,0.556340540816848,19563
"Gender agreement","Ungrammatical","midline","midline anterior",NA,"anterior",350,0.536118540101212,19563
"Gender agreement","Ungrammatical","midline","midline anterior",NA,"anterior",352,0.522832898839646,19563
"Gender agreement","Ungrammatical","midline","midline anterior",NA,"anterior",354,0.516631804937893,19563
"Gender agreement","Ungrammatical","midline","midline anterior",NA,"anterior",356,0.515811480856719,19563
"Gender agreement","Ungrammatical","midline","midline anterior",NA,"anterior",358,0.51773470326637,19563
"Gender agreement","Ungrammatical","midline","midline anterior",NA,"anterior",360,0.520049787864847,19563
"Gender agreement","Ungrammatical","midline","midline anterior",NA,"anterior",362,0.522020651229362,19563
"Gender agreement","Ungrammatical","midline","midline anterior",NA,"anterior",364,0.52495368808465,19563
"Gender agreement","Ungrammatical","midline","midline anterior",NA,"anterior",366,0.530857588304452,19563
"Gender agreement","Ungrammatical","midline","midline anterior",NA,"anterior",368,0.540218882584471,19563
"Gender agreement","Ungrammatical","midline","midline anterior",NA,"anterior",370,0.55139472473547,19563
"Gender agreement","Ungrammatical","midline","midline anterior",NA,"anterior",372,0.562167458978684,19563
"Gender agreement","Ungrammatical","midline","midline anterior",NA,"anterior",374,0.57133517354189,19563
"Gender agreement","Ungrammatical","midline","midline anterior",NA,"anterior",376,0.578940499923325,19563
"Gender agreement","Ungrammatical","midline","midline anterior",NA,"anterior",378,0.58557409395287,19563
"Gender agreement","Ungrammatical","midline","midline anterior",NA,"anterior",380,0.591625006389613,19563
"Gender agreement","Ungrammatical","midline","midline anterior",NA,"anterior",382,0.597583039411133,19563
"Gender agreement","Ungrammatical","midline","midline anterior",NA,"anterior",384,0.604778459336503,19563
"Gender agreement","Ungrammatical","midline","midline anterior",NA,"anterior",386,0.614717425752696,19563
"Gender agreement","Ungrammatical","midline","midline anterior",NA,"anterior",388,0.62764279507233,19563
"Gender agreement","Ungrammatical","midline","midline anterior",NA,"anterior",390,0.642294995655063,19563
"Gender agreement","Ungrammatical","midline","midline anterior",NA,"anterior",392,0.657139600265808,19563
"Gender agreement","Ungrammatical","midline","midline anterior",NA,"anterior",394,0.671789960639984,19563
"Gender agreement","Ungrammatical","midline","midline anterior",NA,"anterior",396,0.686882226652354,19563
"Gender agreement","Ungrammatical","midline","midline anterior",NA,"anterior",398,0.702357102693861,19563
"Gender agreement","Ungrammatical","midline","midline anterior",NA,"anterior",400,0.716484128201196,19563
"Gender agreement","Ungrammatical","midline","midline anterior",NA,"anterior",402,0.726624904155804,19563
"Gender agreement","Ungrammatical","midline","midline anterior",NA,"anterior",404,0.730427695138782,19563
"Gender agreement","Ungrammatical","midline","midline anterior",NA,"anterior",406,0.726881766600215,19563
"Gender agreement","Ungrammatical","midline","midline anterior",NA,"anterior",408,0.716318151612738,19563
"Gender agreement","Ungrammatical","midline","midline anterior",NA,"anterior",410,0.699640494811634,19563
"Gender agreement","Ungrammatical","midline","midline anterior",NA,"anterior",412,0.678023973828145,19563
"Gender agreement","Ungrammatical","midline","midline anterior",NA,"anterior",414,0.652974390430915,19563
"Gender agreement","Ungrammatical","midline","midline anterior",NA,"anterior",416,0.62618417420641,19563
"Gender agreement","Ungrammatical","midline","midline anterior",NA,"anterior",418,0.599765475642795,19563
"Gender agreement","Ungrammatical","midline","midline anterior",NA,"anterior",420,0.576477074068394,19563
"Gender agreement","Ungrammatical","midline","midline anterior",NA,"anterior",422,0.559618719010377,19563
"Gender agreement","Ungrammatical","midline","midline anterior",NA,"anterior",424,0.551981955732761,19563
"Gender agreement","Ungrammatical","midline","midline anterior",NA,"anterior",426,0.55438792618719,19563
"Gender agreement","Ungrammatical","midline","midline anterior",NA,"anterior",428,0.564999386597148,19563
"Gender agreement","Ungrammatical","midline","midline anterior",NA,"anterior",430,0.580069007820886,19563
"Gender agreement","Ungrammatical","midline","midline anterior",NA,"anterior",432,0.595497265245617,19563
"Gender agreement","Ungrammatical","midline","midline anterior",NA,"anterior",434,0.608060880233093,19563
"Gender agreement","Ungrammatical","midline","midline anterior",NA,"anterior",436,0.615778766037929,19563
"Gender agreement","Ungrammatical","midline","midline anterior",NA,"anterior",438,0.617806318049379,19563
"Gender agreement","Ungrammatical","midline","midline anterior",NA,"anterior",440,0.61464443081327,19563
"Gender agreement","Ungrammatical","midline","midline anterior",NA,"anterior",442,0.608483974850483,19563
"Gender agreement","Ungrammatical","midline","midline anterior",NA,"anterior",444,0.602435362674436,19563
"Gender agreement","Ungrammatical","midline","midline anterior",NA,"anterior",446,0.598439400909881,19563
"Gender agreement","Ungrammatical","midline","midline anterior",NA,"anterior",448,0.596228645913203,19563
"Gender agreement","Ungrammatical","midline","midline anterior",NA,"anterior",450,0.59457174257527,19563
"Gender agreement","Ungrammatical","midline","midline anterior",NA,"anterior",452,0.593214486530696,19563
"Gender agreement","Ungrammatical","midline","midline anterior",NA,"anterior",454,0.593523743802075,19563
"Gender agreement","Ungrammatical","midline","midline anterior",NA,"anterior",456,0.597677912385626,19563
"Gender agreement","Ungrammatical","midline","midline anterior",NA,"anterior",458,0.607206665644329,19563
"Gender agreement","Ungrammatical","midline","midline anterior",NA,"anterior",460,0.622144149670296,19563
"Gender agreement","Ungrammatical","midline","midline anterior",NA,"anterior",462,0.641160762664213,19563
"Gender agreement","Ungrammatical","midline","midline anterior",NA,"anterior",464,0.662792363134489,19563
"Gender agreement","Ungrammatical","midline","midline anterior",NA,"anterior",466,0.686850278587129,19563
"Gender agreement","Ungrammatical","midline","midline anterior",NA,"anterior",468,0.714228185861064,19563
"Gender agreement","Ungrammatical","midline","midline anterior",NA,"anterior",470,0.745904718090272,19563
"Gender agreement","Ungrammatical","midline","midline anterior",NA,"anterior",472,0.78280621581557,19563
"Gender agreement","Ungrammatical","midline","midline anterior",NA,"anterior",474,0.82559765884578,19563
"Gender agreement","Ungrammatical","midline","midline anterior",NA,"anterior",476,0.873381996626284,19563
"Gender agreement","Ungrammatical","midline","midline anterior",NA,"anterior",478,0.923081020293411,19563
"Gender agreement","Ungrammatical","midline","midline anterior",NA,"anterior",480,0.970745079997955,19563
"Gender agreement","Ungrammatical","midline","midline anterior",NA,"anterior",482,1.01337351122016,19563
"Gender agreement","Ungrammatical","midline","midline anterior",NA,"anterior",484,1.04943219342637,19563
"Gender agreement","Ungrammatical","midline","midline anterior",NA,"anterior",486,1.0784689464806,19563
"Gender agreement","Ungrammatical","midline","midline anterior",NA,"anterior",488,1.10092991872412,19563
"Gender agreement","Ungrammatical","midline","midline anterior",NA,"anterior",490,1.11786326228084,19563
"Gender agreement","Ungrammatical","midline","midline anterior",NA,"anterior",492,1.13022680570465,19563
"Gender agreement","Ungrammatical","midline","midline anterior",NA,"anterior",494,1.13833824055615,19563
"Gender agreement","Ungrammatical","midline","midline anterior",NA,"anterior",496,1.1423024587231,19563
"Gender agreement","Ungrammatical","midline","midline anterior",NA,"anterior",498,1.14301421049941,19563
"Gender agreement","Ungrammatical","midline","midline anterior",NA,"anterior",500,1.14200598067781,19563
"Gender agreement","Ungrammatical","midline","midline anterior",NA,"anterior",502,1.14058825333538,19563
"Gender agreement","Ungrammatical","midline","midline anterior",NA,"anterior",504,1.13951709860451,19563
"Gender agreement","Ungrammatical","midline","midline anterior",NA,"anterior",506,1.14014312733221,19563
"Gender agreement","Ungrammatical","midline","midline anterior",NA,"anterior",508,1.14514987476358,19563
"Gender agreement","Ungrammatical","midline","midline anterior",NA,"anterior",510,1.15754362827787,19563
"Gender agreement","Ungrammatical","midline","midline anterior",NA,"anterior",512,1.178545161785,19563
"Gender agreement","Ungrammatical","midline","midline anterior",NA,"anterior",514,1.20657164034146,19563
"Gender agreement","Ungrammatical","midline","midline anterior",NA,"anterior",516,1.2377373613454,19563
"Gender agreement","Ungrammatical","midline","midline anterior",NA,"anterior",518,1.26729279762818,19563
"Gender agreement","Ungrammatical","midline","midline anterior",NA,"anterior",520,1.29128789040536,19563
"Gender agreement","Ungrammatical","midline","midline anterior",NA,"anterior",522,1.30795046771967,19563
"Gender agreement","Ungrammatical","midline","midline anterior",NA,"anterior",524,1.31839487808618,19563
"Gender agreement","Ungrammatical","midline","midline anterior",NA,"anterior",526,1.32595552829321,19563
"Gender agreement","Ungrammatical","midline","midline anterior",NA,"anterior",528,1.33430619025712,19563
"Gender agreement","Ungrammatical","midline","midline anterior",NA,"anterior",530,1.34540878188417,19563
"Gender agreement","Ungrammatical","midline","midline anterior",NA,"anterior",532,1.35892588048868,19563
"Gender agreement","Ungrammatical","midline","midline anterior",NA,"anterior",534,1.37339661606093,19563
"Gender agreement","Ungrammatical","midline","midline anterior",NA,"anterior",536,1.38768609109032,19563
"Gender agreement","Ungrammatical","midline","midline anterior",NA,"anterior",538,1.40148136788836,19563
"Gender agreement","Ungrammatical","midline","midline anterior",NA,"anterior",540,1.41490681388335,19563
"Gender agreement","Ungrammatical","midline","midline anterior",NA,"anterior",542,1.42816899248581,19563
"Gender agreement","Ungrammatical","midline","midline anterior",NA,"anterior",544,1.44187655267597,19563
"Gender agreement","Ungrammatical","midline","midline anterior",NA,"anterior",546,1.4574419567551,19563
"Gender agreement","Ungrammatical","midline","midline anterior",NA,"anterior",548,1.47699897766191,19563
"Gender agreement","Ungrammatical","midline","midline anterior",NA,"anterior",550,1.50245069774574,19563
"Gender agreement","Ungrammatical","midline","midline anterior",NA,"anterior",552,1.53418008485406,19563
"Gender agreement","Ungrammatical","midline","midline anterior",NA,"anterior",554,1.57080744262127,19563
"Gender agreement","Ungrammatical","midline","midline anterior",NA,"anterior",556,1.61035485355007,19563
"Gender agreement","Ungrammatical","midline","midline anterior",NA,"anterior",558,1.65111813116598,19563
"Gender agreement","Ungrammatical","midline","midline anterior",NA,"anterior",560,1.69111220160507,19563
"Gender agreement","Ungrammatical","midline","midline anterior",NA,"anterior",562,1.72755819659561,19563
"Gender agreement","Ungrammatical","midline","midline anterior",NA,"anterior",564,1.7581629606911,19563
"Gender agreement","Ungrammatical","midline","midline anterior",NA,"anterior",566,1.78308280938506,19563
"Gender agreement","Ungrammatical","midline","midline anterior",NA,"anterior",568,1.80490052650411,19563
"Gender agreement","Ungrammatical","midline","midline anterior",NA,"anterior",570,1.82706931452231,19563
"Gender agreement","Ungrammatical","midline","midline anterior",NA,"anterior",572,1.85280258651536,19563
"Gender agreement","Ungrammatical","midline","midline anterior",NA,"anterior",574,1.88460926238307,19563
"Gender agreement","Ungrammatical","midline","midline anterior",NA,"anterior",576,1.92378357102694,19563
"Gender agreement","Ungrammatical","midline","midline anterior",NA,"anterior",578,1.9698347390482,19563
"Gender agreement","Ungrammatical","midline","midline anterior",NA,"anterior",580,2.02045391811072,19563
"Gender agreement","Ungrammatical","midline","midline anterior",NA,"anterior",582,2.07220676787814,19563
"Gender agreement","Ungrammatical","midline","midline anterior",NA,"anterior",584,2.12234135868732,19563
"Gender agreement","Ungrammatical","midline","midline anterior",NA,"anterior",586,2.17047042887083,19563
"Gender agreement","Ungrammatical","midline","midline anterior",NA,"anterior",588,2.21868430199867,19563
"Gender agreement","Ungrammatical","midline","midline anterior",NA,"anterior",590,2.26999611511527,19563
"Gender agreement","Ungrammatical","midline","midline anterior",NA,"anterior",592,2.32662331953177,19563
"Gender agreement","Ungrammatical","midline","midline anterior",NA,"anterior",594,2.38864095486377,19563
"Gender agreement","Ungrammatical","midline","midline anterior",NA,"anterior",596,2.4530891478812,19563
"Gender agreement","Ungrammatical","midline","midline anterior",NA,"anterior",598,2.51477897050555,19563
"Gender agreement","Ungrammatical","midline","midline anterior",NA,"anterior",600,2.56899591064765,19563
"Gender agreement","Ungrammatical","midline","midline anterior",NA,"anterior",602,2.61368379082963,19563
"Gender agreement","Ungrammatical","midline","midline anterior",NA,"anterior",604,2.6492626386546,19563
"Gender agreement","Ungrammatical","midline","midline anterior",NA,"anterior",606,2.67747334253438,19563
"Gender agreement","Ungrammatical","midline","midline anterior",NA,"anterior",608,2.70039109543526,19563
"Gender agreement","Ungrammatical","midline","midline anterior",NA,"anterior",610,2.71940014312733,19563
"Gender agreement","Ungrammatical","midline","midline anterior",NA,"anterior",612,2.7348921944487,19563
"Gender agreement","Ungrammatical","midline","midline anterior",NA,"anterior",614,2.74724004498288,19563
"Gender agreement","Ungrammatical","midline","midline anterior",NA,"anterior",616,2.75780314880131,19563
"Gender agreement","Ungrammatical","midline","midline anterior",NA,"anterior",618,2.76877283647702,19563
"Gender agreement","Ungrammatical","midline","midline anterior",NA,"anterior",620,2.78242580381332,19563
"Gender agreement","Ungrammatical","midline","midline anterior",NA,"anterior",622,2.80031401114348,19563
"Gender agreement","Ungrammatical","midline","midline anterior",NA,"anterior",624,2.82267980371109,19563
"Gender agreement","Ungrammatical","midline","midline anterior",NA,"anterior",626,2.84799565506313,19563
"Gender agreement","Ungrammatical","midline","midline anterior",NA,"anterior",628,2.87288437356234,19563
"Gender agreement","Ungrammatical","midline","midline anterior",NA,"anterior",630,2.89351801870879,19563
"Gender agreement","Ungrammatical","midline","midline anterior",NA,"anterior",632,2.90733420232071,19563
"Gender agreement","Ungrammatical","midline","midline anterior",NA,"anterior",634,2.91302617185503,19563
"Gender agreement","Ungrammatical","midline","midline anterior",NA,"anterior",636,2.90975106067577,19563
"Gender agreement","Ungrammatical","midline","midline anterior",NA,"anterior",638,2.89754649082452,19563
"Gender agreement","Ungrammatical","midline","midline anterior",NA,"anterior",640,2.8780398711854,19563
"Gender agreement","Ungrammatical","midline","midline anterior",NA,"anterior",642,2.85384884731381,19563
"Gender agreement","Ungrammatical","midline","midline anterior",NA,"anterior",644,2.82738322343199,19563
"Gender agreement","Ungrammatical","midline","midline anterior",NA,"anterior",646,2.80078985840618,19563
"Gender agreement","Ungrammatical","midline","midline anterior",NA,"anterior",648,2.77628993508153,19563
"Gender agreement","Ungrammatical","midline","midline anterior",NA,"anterior",650,2.75559719879364,19563
"Gender agreement","Ungrammatical","midline","midline anterior",NA,"anterior",652,2.73860118591218,19563
"Gender agreement","Ungrammatical","midline","midline anterior",NA,"anterior",654,2.72373536778613,19563
"Gender agreement","Ungrammatical","midline","midline anterior",NA,"anterior",656,2.70994939426468,19563
"Gender agreement","Ungrammatical","midline","midline anterior",NA,"anterior",658,2.69794535602924,19563
"Gender agreement","Ungrammatical","midline","midline anterior",NA,"anterior",660,2.68892746511271,19563
"Gender agreement","Ungrammatical","midline","midline anterior",NA,"anterior",662,2.68248601952666,19563
"Gender agreement","Ungrammatical","midline","midline anterior",NA,"anterior",664,2.67567903695752,19563
"Gender agreement","Ungrammatical","midline","midline anterior",NA,"anterior",666,2.66427894494709,19563
"Gender agreement","Ungrammatical","midline","midline anterior",NA,"anterior",668,2.64540740172775,19563
"Gender agreement","Ungrammatical","midline","midline anterior",NA,"anterior",670,2.61923365536983,19563
"Gender agreement","Ungrammatical","midline","midline anterior",NA,"anterior",672,2.58808434289219,19563
"Gender agreement","Ungrammatical","midline","midline anterior",NA,"anterior",674,2.55464115933139,19563
"Gender agreement","Ungrammatical","midline","midline anterior",NA,"anterior",676,2.52126197413485,19563
"Gender agreement","Ungrammatical","midline","midline anterior",NA,"anterior",678,2.48942948423044,19563
"Gender agreement","Ungrammatical","midline","midline anterior",NA,"anterior",680,2.45913683995297,19563
"Gender agreement","Ungrammatical","midline","midline anterior",NA,"anterior",682,2.42900746306804,19563
"Gender agreement","Ungrammatical","midline","midline anterior",NA,"anterior",684,2.39765444972652,19563
"Gender agreement","Ungrammatical","midline","midline anterior",NA,"anterior",686,2.36483341000869,19563
"Gender agreement","Ungrammatical","midline","midline anterior",NA,"anterior",688,2.33098297807085,19563
"Gender agreement","Ungrammatical","midline","midline anterior",NA,"anterior",690,2.29632561468078,19563
"Gender agreement","Ungrammatical","midline","midline anterior",NA,"anterior",692,2.26082446455043,19563
"Gender agreement","Ungrammatical","midline","midline anterior",NA,"anterior",694,2.22478362214384,19563
"Gender agreement","Ungrammatical","midline","midline anterior",NA,"anterior",696,2.18911455298267,19563
"Gender agreement","Ungrammatical","midline","midline anterior",NA,"anterior",698,2.15494862751112,19563
"Gender agreement","Ungrammatical","midline","midline anterior",NA,"anterior",700,2.12282589582375,19563
"Gender agreement","Ungrammatical","midline","midline anterior",NA,"anterior",702,2.09232172979604,19563
"Gender agreement","Ungrammatical","midline","midline anterior",NA,"anterior",704,2.06277467668558,19563
"Gender agreement","Ungrammatical","midline","midline anterior",NA,"anterior",706,2.03393099217911,19563
"Gender agreement","Ungrammatical","midline","midline anterior",NA,"anterior",708,2.00582282880949,19563
"Gender agreement","Ungrammatical","midline","midline anterior",NA,"anterior",710,1.97890364463528,19563
"Gender agreement","Ungrammatical","midline","midline anterior",NA,"anterior",712,1.95427567346521,19563
"Gender agreement","Ungrammatical","midline","midline anterior",NA,"anterior",714,1.93326550120125,19563
"Gender agreement","Ungrammatical","midline","midline anterior",NA,"anterior",716,1.91654475284977,19563
"Gender agreement","Ungrammatical","midline","midline anterior",NA,"anterior",718,1.90360098144456,19563
"Gender agreement","Ungrammatical","midline","midline anterior",NA,"anterior",720,1.89286699381485,19563
"Gender agreement","Ungrammatical","midline","midline anterior",NA,"anterior",722,1.88277539232224,19563
"Gender agreement","Ungrammatical","midline","midline anterior",NA,"anterior",724,1.87312216940142,19563
"Gender agreement","Ungrammatical","midline","midline anterior",NA,"anterior",726,1.86549225578899,19563
"Gender agreement","Ungrammatical","midline","midline anterior",NA,"anterior",728,1.86213290395134,19563
"Gender agreement","Ungrammatical","midline","midline anterior",NA,"anterior",730,1.86416106936564,19563
"Gender agreement","Ungrammatical","midline","midline anterior",NA,"anterior",732,1.87039441803404,19563
"Gender agreement","Ungrammatical","midline","midline anterior",NA,"anterior",734,1.87776803148801,19563
"Gender agreement","Ungrammatical","midline","midline anterior",NA,"anterior",736,1.88264514644993,19563
"Gender agreement","Ungrammatical","midline","midline anterior",NA,"anterior",738,1.88245524715023,19563
"Gender agreement","Ungrammatical","midline","midline anterior",NA,"anterior",740,1.87666027705362,19563
"Gender agreement","Ungrammatical","midline","midline anterior",NA,"anterior",742,1.86641752287481,19563
"Gender agreement","Ungrammatical","midline","midline anterior",NA,"anterior",744,1.85369150948219,19563
"Gender agreement","Ungrammatical","midline","midline anterior",NA,"anterior",746,1.84088662270613,19563
"Gender agreement","Ungrammatical","midline","midline anterior",NA,"anterior",748,1.83047303583295,19563
"Gender agreement","Ungrammatical","midline","midline anterior",NA,"anterior",750,1.82437013750447,19563
"Gender agreement","Ungrammatical","midline","midline anterior",NA,"anterior",752,1.82333680928283,19563
"Gender agreement","Ungrammatical","midline","midline anterior",NA,"anterior",754,1.82631585135204,19563
"Gender agreement","Ungrammatical","midline","midline anterior",NA,"anterior",756,1.83015866687113,19563
"Gender agreement","Ungrammatical","midline","midline anterior",NA,"anterior",758,1.83094090885856,19563
"Gender agreement","Ungrammatical","midline","midline anterior",NA,"anterior",760,1.82613525532894,19563
"Gender agreement","Ungrammatical","midline","midline anterior",NA,"anterior",762,1.81565971476767,19563
"Gender agreement","Ungrammatical","midline","midline anterior",NA,"anterior",764,1.80128282983183,19563
"Gender agreement","Ungrammatical","midline","midline anterior",NA,"anterior",766,1.78548775750141,19563
"Gender agreement","Ungrammatical","midline","midline anterior",NA,"anterior",768,1.77092388692941,19563
"Gender agreement","Ungrammatical","midline","midline anterior",NA,"anterior",770,1.76010606757655,19563
"Gender agreement","Ungrammatical","midline","midline anterior",NA,"anterior",772,1.75480483565915,19563
"Gender agreement","Ungrammatical","midline","midline anterior",NA,"anterior",774,1.75524106732096,19563
"Gender agreement","Ungrammatical","midline","midline anterior",NA,"anterior",776,1.7598440934417,19563
"Gender agreement","Ungrammatical","midline","midline anterior",NA,"anterior",778,1.76589239891632,19563
"Gender agreement","Ungrammatical","midline","midline anterior",NA,"anterior",780,1.77093635945407,19563
"Gender agreement","Ungrammatical","midline","midline anterior",NA,"anterior",782,1.77375504779431,19563
"Gender agreement","Ungrammatical","midline","midline anterior",NA,"anterior",784,1.77398737412462,19563
"Gender agreement","Ungrammatical","midline","midline anterior",NA,"anterior",786,1.77115851352042,19563
"Gender agreement","Ungrammatical","midline","midline anterior",NA,"anterior",788,1.76459857895006,19563
"Gender agreement","Ungrammatical","midline","midline anterior",NA,"anterior",790,1.754011756888,19563
"Gender agreement","Ungrammatical","midline","midline anterior",NA,"anterior",792,1.73981802382048,19563
"Gender agreement","Ungrammatical","midline","midline anterior",NA,"anterior",794,1.72243485150539,19563
"Gender agreement","Ungrammatical","midline","midline anterior",NA,"anterior",796,1.70120845473598,19563
"Gender agreement","Ungrammatical","midline","midline anterior",NA,"anterior",798,1.6747713540868,19563
"Gender agreement","Ungrammatical","midline","midline anterior",NA,"anterior",800,1.64267361856566,19563
"Gender agreement","Ungrammatical","midline","midline anterior",NA,"anterior",802,1.60587895517047,19563
"Gender agreement","Ungrammatical","midline","midline anterior",NA,"anterior",804,1.56596570055717,19563
"Gender agreement","Ungrammatical","midline","midline anterior",NA,"anterior",806,1.52443766293513,19563
"Gender agreement","Ungrammatical","midline","midline anterior",NA,"anterior",808,1.48250943106885,19563
"Gender agreement","Ungrammatical","midline","midline anterior",NA,"anterior",810,1.44143321576445,19563
"Gender agreement","Ungrammatical","midline","midline anterior",NA,"anterior",812,1.40283489239892,19563
"Gender agreement","Ungrammatical","midline","midline anterior",NA,"anterior",814,1.36860931349997,19563
"Gender agreement","Ungrammatical","midline","midline anterior",NA,"anterior",816,1.34061084700711,19563
"Gender agreement","Ungrammatical","midline","midline anterior",NA,"anterior",818,1.3201242140776,19563
"Gender agreement","Ungrammatical","midline","midline anterior",NA,"anterior",820,1.3074301998671,19563
"Gender agreement","Ungrammatical","midline","midline anterior",NA,"anterior",822,1.30229412666769,19563
"Gender agreement","Ungrammatical","midline","midline anterior",NA,"anterior",824,1.30429489342125,19563
"Gender agreement","Ungrammatical","midline","midline anterior",NA,"anterior",826,1.31257869447426,19563
"Gender agreement","Ungrammatical","midline","midline anterior",NA,"anterior",828,1.32569948371927,19563
"Gender agreement","Ungrammatical","midline","midline anterior",NA,"anterior",830,1.34180621581557,19563
"Gender agreement","Ungrammatical","midline","midline anterior",NA,"anterior",832,1.3584935848285,19563
"Gender agreement","Ungrammatical","midline","midline anterior",NA,"anterior",834,1.37270040382354,19563
"Gender agreement","Ungrammatical","midline","midline anterior",NA,"anterior",836,1.38109840004089,19563
"Gender agreement","Ungrammatical","midline","midline anterior",NA,"anterior",838,1.38100337371569,19563
"Gender agreement","Ungrammatical","midline","midline anterior",NA,"anterior",840,1.37049348259469,19563
"Gender agreement","Ungrammatical","midline","midline anterior",NA,"anterior",842,1.34799233246435,19563
"Gender agreement","Ungrammatical","midline","midline anterior",NA,"anterior",844,1.31253488728723,19563
"Gender agreement","Ungrammatical","midline","midline anterior",NA,"anterior",846,1.26450421714461,19563
"Gender agreement","Ungrammatical","midline","midline anterior",NA,"anterior",848,1.20534171650565,19563
"Gender agreement","Ungrammatical","midline","midline anterior",NA,"anterior",850,1.13709114144047,19563
"Gender agreement","Ungrammatical","midline","midline anterior",NA,"anterior",852,1.0624103665082,19563
"Gender agreement","Ungrammatical","midline","midline anterior",NA,"anterior",854,0.983989367683893,19563
"Gender agreement","Ungrammatical","midline","midline anterior",NA,"anterior",856,0.903530337882738,19563
"Gender agreement","Ungrammatical","midline","midline anterior",NA,"anterior",858,0.821410928794152,19563
"Gender agreement","Ungrammatical","midline","midline anterior",NA,"anterior",860,0.737151714972141,19563
"Gender agreement","Ungrammatical","midline","midline anterior",NA,"anterior",862,0.649702039564484,19563
"Gender agreement","Ungrammatical","midline","midline anterior",NA,"anterior",864,0.557457751878546,19563
"Gender agreement","Ungrammatical","midline","midline anterior",NA,"anterior",866,0.458266830240761,19563
"Gender agreement","Ungrammatical","midline","midline anterior",NA,"anterior",868,0.349733936512805,19563
"Gender agreement","Ungrammatical","midline","midline anterior",NA,"anterior",870,0.23021653120687,19563
"Gender agreement","Ungrammatical","midline","midline anterior",NA,"anterior",872,0.0999650360374176,19563
"Gender agreement","Ungrammatical","midline","midline anterior",NA,"anterior",874,-0.038590246894648,19563
"Gender agreement","Ungrammatical","midline","midline anterior",NA,"anterior",876,-0.181452435720493,19563
"Gender agreement","Ungrammatical","midline","midline anterior",NA,"anterior",878,-0.324103102796095,19563
"Gender agreement","Ungrammatical","midline","midline anterior",NA,"anterior",880,-0.462482799161683,19563
"Gender agreement","Ungrammatical","midline","midline anterior",NA,"anterior",882,-0.593486377344988,19563
"Gender agreement","Ungrammatical","midline","midline anterior",NA,"anterior",884,-0.714836272555334,19563
"Gender agreement","Ungrammatical","midline","midline anterior",NA,"anterior",886,-0.824506364054593,19563
"Gender agreement","Ungrammatical","midline","midline anterior",NA,"anterior",888,-0.920499258804887,19563
"Gender agreement","Ungrammatical","midline","midline anterior",NA,"anterior",890,-1.00181173644124,19563
"Gender agreement","Ungrammatical","midline","midline anterior",NA,"anterior",892,-1.06907406839442,19563
"Gender agreement","Ungrammatical","midline","midline anterior",NA,"anterior",894,-1.1237104227368,19563
"Gender agreement","Ungrammatical","midline","midline anterior",NA,"anterior",896,-1.16648561059142,19563
"Gender agreement","Ungrammatical","midline","midline anterior",NA,"anterior",898,-1.1972274702244,19563
"Gender agreement","Ungrammatical","midline","midline anterior",NA,"anterior",900,-1.21543873639012,19563
"Gender agreement","Ungrammatical","midline","midline anterior",NA,"anterior",902,-1.2206072177069,19563
"Gender agreement","Ungrammatical","midline","midline anterior",NA,"anterior",904,-1.2116612482748,19563
"Gender agreement","Ungrammatical","midline","midline anterior",NA,"anterior",906,-1.18605341716506,19563
"Gender agreement","Ungrammatical","midline","midline anterior",NA,"anterior",908,-1.13949021111282,19563
"Gender agreement","Ungrammatical","midline","midline anterior",NA,"anterior",910,-1.06726923273527,19563
"Gender agreement","Ungrammatical","midline","midline anterior",NA,"anterior",912,-0.966674487553034,19563
"Gender agreement","Ungrammatical","midline","midline anterior",NA,"anterior",914,-0.838436487246332,19563
"Gender agreement","Ungrammatical","midline","midline anterior",NA,"anterior",916,-0.686640545928539,19563
"Gender agreement","Ungrammatical","midline","midline anterior",NA,"anterior",918,-0.517959004242703,19563
"Gender agreement","Ungrammatical","midline","midline anterior",NA,"anterior",920,-0.34019179062516,19563
"Gender agreement","Ungrammatical","midline","midline anterior",NA,"anterior",922,-0.159953739201554,19563
"Gender agreement","Ungrammatical","midline","midline anterior",NA,"anterior",924,0.0192703573071615,19563
"Gender agreement","Ungrammatical","midline","midline anterior",NA,"anterior",926,0.197752952001227,19563
"Gender agreement","Ungrammatical","midline","midline anterior",NA,"anterior",928,0.378306241374022,19563
"Gender agreement","Ungrammatical","midline","midline anterior",NA,"anterior",930,0.563413995808414,19563
"Gender agreement","Ungrammatical","midline","midline anterior",NA,"anterior",932,0.752416449419823,19563
"Gender agreement","Ungrammatical","midline","midline anterior",NA,"anterior",934,0.940970403312375,19563
"Gender agreement","Ungrammatical","midline","midline anterior",NA,"anterior",936,1.12270086387568,19563
"Gender agreement","Ungrammatical","midline","midline anterior",NA,"anterior",938,1.29100199355927,19563
"Gender agreement","Ungrammatical","midline","midline anterior",NA,"anterior",940,1.44030204978786,19563
"Gender agreement","Ungrammatical","midline","midline anterior",NA,"anterior",942,1.56721218627,19563
"Gender agreement","Ungrammatical","midline","midline anterior",NA,"anterior",944,1.67139595154117,19563
"Gender agreement","Ungrammatical","midline","midline anterior",NA,"anterior",946,1.75543316464755,19563
"Gender agreement","Ungrammatical","midline","midline anterior",NA,"anterior",948,1.82336952410162,19563
"Gender agreement","Ungrammatical","midline","midline anterior",NA,"anterior",950,1.87843756070132,19563
"Gender agreement","Ungrammatical","midline","midline anterior",NA,"anterior",952,1.92164064816235,19563
"Gender agreement","Ungrammatical","midline","midline anterior",NA,"anterior",954,1.95199693298574,19563
"Gender agreement","Ungrammatical","midline","midline anterior",NA,"anterior",956,1.9675849818535,19563
"Gender agreement","Ungrammatical","midline","midline anterior",NA,"anterior",958,1.9667502428053,19563
"Gender agreement","Ungrammatical","midline","midline anterior",NA,"anterior",960,1.94953202474058,19563
"Gender agreement","Ungrammatical","midline","midline anterior",NA,"anterior",962,1.91843214230946,19563
"Gender agreement","Ungrammatical","midline","midline anterior",NA,"anterior",964,1.87705265041149,19563
"Gender agreement","Ungrammatical","midline","midline anterior",NA,"anterior",966,1.82822660123703,19563
"Gender agreement","Ungrammatical","midline","midline anterior",NA,"anterior",968,1.77426918161836,19563
"Gender agreement","Ungrammatical","midline","midline anterior",NA,"anterior",970,1.71815754229924,19563
"Gender agreement","Ungrammatical","midline","midline anterior",NA,"anterior",972,1.66311577978838,19563
"Gender agreement","Ungrammatical","midline","midline anterior",NA,"anterior",974,1.61083985073864,19563
"Gender agreement","Ungrammatical","midline","midline anterior",NA,"anterior",976,1.56065250728416,19563
"Gender agreement","Ungrammatical","midline","midline anterior",NA,"anterior",978,1.51065087154322,19563
"Gender agreement","Ungrammatical","midline","midline anterior",NA,"anterior",980,1.45891989981087,19563
"Gender agreement","Ungrammatical","midline","midline anterior",NA,"anterior",982,1.40383601697081,19563
"Gender agreement","Ungrammatical","midline","midline anterior",NA,"anterior",984,1.34415140827072,19563
"Gender agreement","Ungrammatical","midline","midline anterior",NA,"anterior",986,1.27931968511987,19563
"Gender agreement","Ungrammatical","midline","midline anterior",NA,"anterior",988,1.20945652507284,19563
"Gender agreement","Ungrammatical","midline","midline anterior",NA,"anterior",990,1.13492225118847,19563
"Gender agreement","Ungrammatical","midline","midline anterior",NA,"anterior",992,1.0566729540459,19563
"Gender agreement","Ungrammatical","midline","midline anterior",NA,"anterior",994,0.976742933087972,19563
"Gender agreement","Ungrammatical","midline","midline anterior",NA,"anterior",996,0.897646219904923,19563
"Gender agreement","Ungrammatical","midline","midline anterior",NA,"anterior",998,0.821485712825231,19563
"Gender agreement","Ungrammatical","midline","midline anterior",NA,"anterior",1000,0.749329243980985,19563
"Gender agreement","Ungrammatical","midline","midline anterior",NA,"anterior",1002,0.680181516127383,19563
"Gender agreement","Ungrammatical","midline","midline anterior",NA,"anterior",1004,0.6108933190206,19563
"Gender agreement","Ungrammatical","midline","midline anterior",NA,"anterior",1006,0.537879517456423,19563
"Gender agreement","Ungrammatical","midline","midline anterior",NA,"anterior",1008,0.459429637581148,19563
"Gender agreement","Ungrammatical","midline","midline anterior",NA,"anterior",1010,0.376811889791954,19563
"Gender agreement","Ungrammatical","midline","midline anterior",NA,"anterior",1012,0.293640188110208,19563
"Gender agreement","Ungrammatical","midline","midline anterior",NA,"anterior",1014,0.21391570822471,19563
"Gender agreement","Ungrammatical","midline","midline anterior",NA,"anterior",1016,0.14020257629198,19563
"Gender agreement","Ungrammatical","midline","midline anterior",NA,"anterior",1018,0.0728491028983285,19563
"Gender agreement","Ungrammatical","midline","midline anterior",NA,"anterior",1020,0.0101916372744467,19563
"Gender agreement","Ungrammatical","midline","midline anterior",NA,"anterior",1022,-0.0501568777794817,19563
"Gender agreement","Ungrammatical","midline","midline anterior",NA,"anterior",1024,-0.10983857281603,19563
"Gender agreement","Ungrammatical","midline","midline anterior",NA,"anterior",1026,-0.169738179215867,19563
"Gender agreement","Ungrammatical","midline","midline anterior",NA,"anterior",1028,-0.230653018453202,19563
"Gender agreement","Ungrammatical","midline","midline anterior",NA,"anterior",1030,-0.293320860808669,19563
"Gender agreement","Ungrammatical","midline","midline anterior",NA,"anterior",1032,-0.358468333077749,19563
"Gender agreement","Ungrammatical","midline","midline anterior",NA,"anterior",1034,-0.427148596840975,19563
"Gender agreement","Ungrammatical","midline","midline anterior",NA,"anterior",1036,-0.500396053774983,19563
"Gender agreement","Ungrammatical","midline","midline anterior",NA,"anterior",1038,-0.578341512038031,19563
"Gender agreement","Ungrammatical","midline","midline anterior",NA,"anterior",1040,-0.659979399887543,19563
"Gender agreement","Ungrammatical","midline","midline anterior",NA,"anterior",1042,-0.744109236824618,19563
"Gender agreement","Ungrammatical","midline","midline anterior",NA,"anterior",1044,-0.830062873792363,19563
"Gender agreement","Ungrammatical","midline","midline anterior",NA,"anterior",1046,-0.917215253284261,19563
"Gender agreement","Ungrammatical","midline","midline anterior",NA,"anterior",1048,-1.00415974032613,19563
"Gender agreement","Ungrammatical","midline","midline anterior",NA,"anterior",1050,-1.08897623063947,19563
"Gender agreement","Ungrammatical","midline","midline anterior",NA,"anterior",1052,-1.17055978121965,19563
"Gender agreement","Ungrammatical","midline","midline anterior",NA,"anterior",1054,-1.2498967949701,19563
"Gender agreement","Ungrammatical","midline","midline anterior",NA,"anterior",1056,-1.32948366814906,19563
"Gender agreement","Ungrammatical","midline","midline anterior",NA,"anterior",1058,-1.41122414762562,19563
"Gender agreement","Ungrammatical","midline","midline anterior",NA,"anterior",1060,-1.49469217400194,19563
"Gender agreement","Ungrammatical","midline","midline anterior",NA,"anterior",1062,-1.57730930838828,19563
"Gender agreement","Ungrammatical","midline","midline anterior",NA,"anterior",1064,-1.65562035475132,19563
"Gender agreement","Ungrammatical","midline","midline anterior",NA,"anterior",1066,-1.72639733169759,19563
"Gender agreement","Ungrammatical","midline","midline anterior",NA,"anterior",1068,-1.78716132495016,19563
"Gender agreement","Ungrammatical","midline","midline anterior",NA,"anterior",1070,-1.83635500690078,19563
"Gender agreement","Ungrammatical","midline","midline anterior",NA,"anterior",1072,-1.87331799826203,19563
"Gender agreement","Ungrammatical","midline","midline anterior",NA,"anterior",1074,-1.89830634360783,19563
"Gender agreement","Ungrammatical","midline","midline anterior",NA,"anterior",1076,-1.91234534580586,19563
"Gender agreement","Ungrammatical","midline","midline anterior",NA,"anterior",1078,-1.91653033788274,19563
"Gender agreement","Ungrammatical","midline","midline anterior",NA,"anterior",1080,-1.9113610386955,19563
"Gender agreement","Ungrammatical","midline","midline anterior",NA,"anterior",1082,-1.89694280018402,19563
"Gender agreement","Ungrammatical","midline","midline anterior",NA,"anterior",1084,-1.87403245923427,19563
"Gender agreement","Ungrammatical","midline","midline anterior",NA,"anterior",1086,-1.8444631191535,19563
"Gender agreement","Ungrammatical","midline","midline anterior",NA,"anterior",1088,-1.81062408628533,19563
"Gender agreement","Ungrammatical","midline","midline anterior",NA,"anterior",1090,-1.77490170219292,19563
"Gender agreement","Ungrammatical","midline","midline anterior",NA,"anterior",1092,-1.73957112917242,19563
"Gender agreement","Ungrammatical","midline","midline anterior",NA,"anterior",1094,-1.7066354342381,19563
"Gender agreement","Ungrammatical","midline","midline anterior",NA,"anterior",1096,-1.67730225425548,19563
"Gender agreement","Ungrammatical","midline","midline anterior",NA,"anterior",1098,-1.65164632213873,19563
"Gender agreement","Ungrammatical","midline","midline medial",NA,"medial",-100,-0.727875428104074,19563
"Gender agreement","Ungrammatical","midline","midline medial",NA,"medial",-98,-0.74647140009201,19563
"Gender agreement","Ungrammatical","midline","midline medial",NA,"medial",-96,-0.764773245412258,19563
"Gender agreement","Ungrammatical","midline","midline medial",NA,"medial",-94,-0.780729438225221,19563
"Gender agreement","Ungrammatical","midline","midline medial",NA,"medial",-92,-0.793969125389766,19563
"Gender agreement","Ungrammatical","midline","midline medial",NA,"medial",-90,-0.805452946889536,19563
"Gender agreement","Ungrammatical","midline","midline medial",NA,"medial",-88,-0.815948831978735,19563
"Gender agreement","Ungrammatical","midline","midline medial",NA,"medial",-86,-0.825571129172417,19563
"Gender agreement","Ungrammatical","midline","midline medial",NA,"medial",-84,-0.834466799570618,19563
"Gender agreement","Ungrammatical","midline","midline medial",NA,"medial",-82,-0.84278863160047,19563
"Gender agreement","Ungrammatical","midline","midline medial",NA,"medial",-80,-0.849989163216276,19563
"Gender agreement","Ungrammatical","midline","midline medial",NA,"medial",-78,-0.854856412615652,19563
"Gender agreement","Ungrammatical","midline","midline medial",NA,"medial",-76,-0.856600265807903,19563
"Gender agreement","Ungrammatical","midline","midline medial",NA,"medial",-74,-0.855798497163012,19563
"Gender agreement","Ungrammatical","midline","midline medial",NA,"medial",-72,-0.854549966774012,19563
"Gender agreement","Ungrammatical","midline","midline medial",NA,"medial",-70,-0.855514338291673,19563
"Gender agreement","Ungrammatical","midline","midline medial",NA,"medial",-68,-0.861153964115933,19563
"Gender agreement","Ungrammatical","midline","midline medial",NA,"medial",-66,-0.873373613453969,19563
"Gender agreement","Ungrammatical","midline","midline medial",NA,"medial",-64,-0.89264923580228,19563
"Gender agreement","Ungrammatical","midline","midline medial",NA,"medial",-62,-0.917130092521597,19563
"Gender agreement","Ungrammatical","midline","midline medial",NA,"medial",-60,-0.943281091857077,19563
"Gender agreement","Ungrammatical","midline","midline medial",NA,"medial",-58,-0.967711905127026,19563
"Gender agreement","Ungrammatical","midline","midline medial",NA,"medial",-56,-0.988793232121863,19563
"Gender agreement","Ungrammatical","midline","midline medial",NA,"medial",-54,-1.00640995757297,19563
"Gender agreement","Ungrammatical","midline","midline medial",NA,"medial",-52,-1.02083156980013,19563
"Gender agreement","Ungrammatical","midline","midline medial",NA,"medial",-50,-1.03237003527066,19563
"Gender agreement","Ungrammatical","midline","midline medial",NA,"medial",-48,-1.04163594540715,19563
"Gender agreement","Ungrammatical","midline","midline medial",NA,"medial",-46,-1.04919291519706,19563
"Gender agreement","Ungrammatical","midline","midline medial",NA,"medial",-44,-1.05475075397434,19563
"Gender agreement","Ungrammatical","midline","midline medial",NA,"medial",-42,-1.05714660328171,19563
"Gender agreement","Ungrammatical","midline","midline medial",NA,"medial",-40,-1.05545862086592,19563
"Gender agreement","Ungrammatical","midline","midline medial",NA,"medial",-38,-1.05029826713694,19563
"Gender agreement","Ungrammatical","midline","midline medial",NA,"medial",-36,-1.04397853090017,19563
"Gender agreement","Ungrammatical","midline","midline medial",NA,"medial",-34,-1.03930889945305,19563
"Gender agreement","Ungrammatical","midline","midline medial",NA,"medial",-32,-1.03827403772428,19563
"Gender agreement","Ungrammatical","midline","midline medial",NA,"medial",-30,-1.04180790267341,19563
"Gender agreement","Ungrammatical","midline","midline medial",NA,"medial",-28,-1.05017538209886,19563
"Gender agreement","Ungrammatical","midline","midline medial",NA,"medial",-26,-1.06323738690385,19563
"Gender agreement","Ungrammatical","midline","midline medial",NA,"medial",-24,-1.08038894852528,19563
"Gender agreement","Ungrammatical","midline","midline medial",NA,"medial",-22,-1.10022026274089,19563
"Gender agreement","Ungrammatical","midline","midline medial",NA,"medial",-20,-1.12023247968103,19563
"Gender agreement","Ungrammatical","midline","midline medial",NA,"medial",-18,-1.13751260031692,19563
"Gender agreement","Ungrammatical","midline","midline medial",NA,"medial",-16,-1.15018657670091,19563
"Gender agreement","Ungrammatical","midline","midline medial",NA,"medial",-14,-1.15851975668354,19563
"Gender agreement","Ungrammatical","midline","midline medial",NA,"medial",-12,-1.16436277667024,19563
"Gender agreement","Ungrammatical","midline","midline medial",NA,"medial",-10,-1.16917415529316,19563
"Gender agreement","Ungrammatical","midline","midline medial",NA,"medial",-8,-1.17291136328784,19563
"Gender agreement","Ungrammatical","midline","midline medial",NA,"medial",-6,-1.17501968000818,19563
"Gender agreement","Ungrammatical","midline","midline medial",NA,"medial",-4,-1.1758863160047,19563
"Gender agreement","Ungrammatical","midline","midline medial",NA,"medial",-2,-1.17705950007668,19563
"Gender agreement","Ungrammatical","midline","midline medial",NA,"medial",0,-1.17982472013495,19563
"Gender agreement","Ungrammatical","midline","midline medial",NA,"medial",2,-1.183769104943,19563
"Gender agreement","Ungrammatical","midline","midline medial",NA,"medial",4,-1.18711567755457,19563
"Gender agreement","Ungrammatical","midline","midline medial",NA,"medial",6,-1.1883200940551,19563
"Gender agreement","Ungrammatical","midline","midline medial",NA,"medial",8,-1.1872380003067,19563
"Gender agreement","Ungrammatical","midline","midline medial",NA,"medial",10,-1.18521637785616,19563
"Gender agreement","Ungrammatical","midline","midline medial",NA,"medial",12,-1.18444640392578,19563
"Gender agreement","Ungrammatical","midline","midline medial",NA,"medial",14,-1.18661284056638,19563
"Gender agreement","Ungrammatical","midline","midline medial",NA,"medial",16,-1.19186024638348,19563
"Gender agreement","Ungrammatical","midline","midline medial",NA,"medial",18,-1.19892301794203,19563
"Gender agreement","Ungrammatical","midline","midline medial",NA,"medial",20,-1.20583213208608,19563
"Gender agreement","Ungrammatical","midline","midline medial",NA,"medial",22,-1.21066140162552,19563
"Gender agreement","Ungrammatical","midline","midline medial",NA,"medial",24,-1.21179139191331,19563
"Gender agreement","Ungrammatical","midline","midline medial",NA,"medial",26,-1.20775085620815,19563
"Gender agreement","Ungrammatical","midline","midline medial",NA,"medial",28,-1.19725277309206,19563
"Gender agreement","Ungrammatical","midline","midline medial",NA,"medial",30,-1.17982364667996,19563
"Gender agreement","Ungrammatical","midline","midline medial",NA,"medial",32,-1.15638915299289,19563
"Gender agreement","Ungrammatical","midline","midline medial",NA,"medial",34,-1.12926422327864,19563
"Gender agreement","Ungrammatical","midline","midline medial",NA,"medial",36,-1.10174400654296,19563
"Gender agreement","Ungrammatical","midline","midline medial",NA,"medial",38,-1.07698492051321,19563
"Gender agreement","Ungrammatical","midline","midline medial",NA,"medial",40,-1.05681265654552,19563
"Gender agreement","Ungrammatical","midline","midline medial",NA,"medial",42,-1.04142820630783,19563
"Gender agreement","Ungrammatical","midline","midline medial",NA,"medial",44,-1.02972325307979,19563
"Gender agreement","Ungrammatical","midline","midline medial",NA,"medial",46,-1.01964586208659,19563
"Gender agreement","Ungrammatical","midline","midline medial",NA,"medial",48,-1.00893605275265,19563
"Gender agreement","Ungrammatical","midline","midline medial",NA,"medial",50,-0.995561979246537,19563
"Gender agreement","Ungrammatical","midline","midline medial",NA,"medial",52,-0.977678167970148,19563
"Gender agreement","Ungrammatical","midline","midline medial",NA,"medial",54,-0.954055973010275,19563
"Gender agreement","Ungrammatical","midline","midline medial",NA,"medial",56,-0.925268005929561,19563
"Gender agreement","Ungrammatical","midline","midline medial",NA,"medial",58,-0.894203343045545,19563
"Gender agreement","Ungrammatical","midline","midline medial",NA,"medial",60,-0.865008280938506,19563
"Gender agreement","Ungrammatical","midline","midline medial",NA,"medial",62,-0.841530440116547,19563
"Gender agreement","Ungrammatical","midline","midline medial",NA,"medial",64,-0.826060420180954,19563
"Gender agreement","Ungrammatical","midline","midline medial",NA,"medial",66,-0.81869953483617,19563
"Gender agreement","Ungrammatical","midline","midline medial",NA,"medial",68,-0.817252057455401,19563
"Gender agreement","Ungrammatical","midline","midline medial",NA,"medial",70,-0.818341256453509,19563
"Gender agreement","Ungrammatical","midline","midline medial",NA,"medial",72,-0.819510606757655,19563
"Gender agreement","Ungrammatical","midline","midline medial",NA,"medial",74,-0.820569493431478,19563
"Gender agreement","Ungrammatical","midline","midline medial",NA,"medial",76,-0.822758523743802,19563
"Gender agreement","Ungrammatical","midline","midline medial",NA,"medial",78,-0.827540612380514,19563
"Gender agreement","Ungrammatical","midline","midline medial",NA,"medial",80,-0.836730511680213,19563
"Gender agreement","Ungrammatical","midline","midline medial",NA,"medial",82,-0.852613505086132,19563
"Gender agreement","Ungrammatical","midline","midline medial",NA,"medial",84,-0.877366968256402,19563
"Gender agreement","Ungrammatical","midline","midline medial",NA,"medial",86,-0.912555129581353,19563
"Gender agreement","Ungrammatical","midline","midline medial",NA,"medial",88,-0.959462710218269,19563
"Gender agreement","Ungrammatical","midline","midline medial",NA,"medial",90,-1.01920917037264,19563
"Gender agreement","Ungrammatical","midline","midline medial",NA,"medial",92,-1.09209855339161,19563
"Gender agreement","Ungrammatical","midline","midline medial",NA,"medial",94,-1.17714052037009,19563
"Gender agreement","Ungrammatical","midline","midline medial",NA,"medial",96,-1.272873332311,19563
"Gender agreement","Ungrammatical","midline","midline medial",NA,"medial",98,-1.37835306445842,19563
"Gender agreement","Ungrammatical","midline","midline medial",NA,"medial",100,-1.49315682666258,19563
"Gender agreement","Ungrammatical","midline","midline medial",NA,"medial",102,-1.61671420538772,19563
"Gender agreement","Ungrammatical","midline","midline medial",NA,"medial",104,-1.74797454378163,19563
"Gender agreement","Ungrammatical","midline","midline medial",NA,"medial",106,-1.88534202320707,19563
"Gender agreement","Ungrammatical","midline","midline medial",NA,"medial",108,-2.02656463732556,19563
"Gender agreement","Ungrammatical","midline","midline medial",NA,"medial",110,-2.16821504881664,19563
"Gender agreement","Ungrammatical","midline","midline medial",NA,"medial",112,-2.30533721821806,19563
"Gender agreement","Ungrammatical","midline","midline medial",NA,"medial",114,-2.43218320298523,19563
"Gender agreement","Ungrammatical","midline","midline medial",NA,"medial",116,-2.54395833972295,19563
"Gender agreement","Ungrammatical","midline","midline medial",NA,"medial",118,-2.63829013954915,19563
"Gender agreement","Ungrammatical","midline","midline medial",NA,"medial",120,-2.71485728160303,19563
"Gender agreement","Ungrammatical","midline","midline medial",NA,"medial",122,-2.77380815825794,19563
"Gender agreement","Ungrammatical","midline","midline medial",NA,"medial",124,-2.81459755661197,19563
"Gender agreement","Ungrammatical","midline","midline medial",NA,"medial",126,-2.83603128354547,19563
"Gender agreement","Ungrammatical","midline","midline medial",NA,"medial",128,-2.83720600112457,19563
"Gender agreement","Ungrammatical","midline","midline medial",NA,"medial",130,-2.81850222358534,19563
"Gender agreement","Ungrammatical","midline","midline medial",NA,"medial",132,-2.78189357460512,19563
"Gender agreement","Ungrammatical","midline","midline medial",NA,"medial",134,-2.73019991821295,19563
"Gender agreement","Ungrammatical","midline","midline medial",NA,"medial",136,-2.66554413944692,19563
"Gender agreement","Ungrammatical","midline","midline medial",NA,"medial",138,-2.58787880181976,19563
"Gender agreement","Ungrammatical","midline","midline medial",NA,"medial",140,-2.49497255022236,19563
"Gender agreement","Ungrammatical","midline","midline medial",NA,"medial",142,-2.38443996319583,19563
"Gender agreement","Ungrammatical","midline","midline medial",NA,"medial",144,-2.25563430966621,19563
"Gender agreement","Ungrammatical","midline","midline medial",NA,"medial",146,-2.10975213413076,19563
"Gender agreement","Ungrammatical","midline","midline medial",NA,"medial",148,-1.94845586055308,19563
"Gender agreement","Ungrammatical","midline","midline medial",NA,"medial",150,-1.77265710780555,19563
"Gender agreement","Ungrammatical","midline","midline medial",NA,"medial",152,-1.582684659817,19563
"Gender agreement","Ungrammatical","midline","midline medial",NA,"medial",154,-1.37926861933241,19563
"Gender agreement","Ungrammatical","midline","midline medial",NA,"medial",156,-1.16405423503553,19563
"Gender agreement","Ungrammatical","midline","midline medial",NA,"medial",158,-0.939468333077749,19563
"Gender agreement","Ungrammatical","midline","midline medial",NA,"medial",160,-0.708239636047641,19563
"Gender agreement","Ungrammatical","midline","midline medial",NA,"medial",162,-0.472794101109237,19563
"Gender agreement","Ungrammatical","midline","midline medial",NA,"medial",164,-0.234531257987016,19563
"Gender agreement","Ungrammatical","midline","midline medial",NA,"medial",166,0.00623656903337928,19563
"Gender agreement","Ungrammatical","midline","midline medial",NA,"medial",168,0.249706231150642,19563
"Gender agreement","Ungrammatical","midline","midline medial",NA,"medial",170,0.495670295966876,19563
"Gender agreement","Ungrammatical","midline","midline medial",NA,"medial",172,0.742487501916884,19563
"Gender agreement","Ungrammatical","midline","midline medial",NA,"medial",174,0.986416142718397,19563
"Gender agreement","Ungrammatical","midline","midline medial",NA,"medial",176,1.22224960384399,19563
"Gender agreement","Ungrammatical","midline","midline medial",NA,"medial",178,1.44495399478608,19563
"Gender agreement","Ungrammatical","midline","midline medial",NA,"medial",180,1.65156346163676,19563
"Gender agreement","Ungrammatical","midline","midline medial",NA,"medial",182,1.84194479374329,19563
"Gender agreement","Ungrammatical","midline","midline medial",NA,"medial",184,2.0181148596841,19563
"Gender agreement","Ungrammatical","midline","midline medial",NA,"medial",186,2.18262577314318,19563
"Gender agreement","Ungrammatical","midline","midline medial",NA,"medial",188,2.3372191892859,19563
"Gender agreement","Ungrammatical","midline","midline medial",NA,"medial",190,2.48244190563819,19563
"Gender agreement","Ungrammatical","midline","midline medial",NA,"medial",192,2.61814910801002,19563
"Gender agreement","Ungrammatical","midline","midline medial",NA,"medial",194,2.74414128712365,19563
"Gender agreement","Ungrammatical","midline","midline medial",NA,"medial",196,2.86003854214589,19563
"Gender agreement","Ungrammatical","midline","midline medial",NA,"medial",198,2.96526049174462,19563
"Gender agreement","Ungrammatical","midline","midline medial",NA,"medial",200,3.05978367326075,19563
"Gender agreement","Ungrammatical","midline","midline medial",NA,"medial",202,3.1444584163983,19563
"Gender agreement","Ungrammatical","midline","midline medial",NA,"medial",204,3.22030256095691,19563
"Gender agreement","Ungrammatical","midline","midline medial",NA,"medial",206,3.28819419311966,19563
"Gender agreement","Ungrammatical","midline","midline medial",NA,"medial",208,3.3494818279405,19563
"Gender agreement","Ungrammatical","midline","midline medial",NA,"medial",210,3.40610238715943,19563
"Gender agreement","Ungrammatical","midline","midline medial",NA,"medial",212,3.4597784082196,19563
"Gender agreement","Ungrammatical","midline","midline medial",NA,"medial",214,3.51188488473138,19563
"Gender agreement","Ungrammatical","midline","midline medial",NA,"medial",216,3.56388790062874,19563
"Gender agreement","Ungrammatical","midline","midline medial",NA,"medial",218,3.61738782395338,19563
"Gender agreement","Ungrammatical","midline","midline medial",NA,"medial",220,3.67368839135102,19563
"Gender agreement","Ungrammatical","midline","midline medial",NA,"medial",222,3.73371369421868,19563
"Gender agreement","Ungrammatical","midline","midline medial",NA,"medial",224,3.79768425088177,19563
"Gender agreement","Ungrammatical","midline","midline medial",NA,"medial",226,3.86446000102234,19563
"Gender agreement","Ungrammatical","midline","midline medial",NA,"medial",228,3.93165618770127,19563
"Gender agreement","Ungrammatical","midline","midline medial",NA,"medial",230,3.99637668046823,19563
"Gender agreement","Ungrammatical","midline","midline medial",NA,"medial",232,4.05581587691049,19563
"Gender agreement","Ungrammatical","midline","midline medial",NA,"medial",234,4.10759326279201,19563
"Gender agreement","Ungrammatical","midline","midline medial",NA,"medial",236,4.15035715381077,19563
"Gender agreement","Ungrammatical","midline","midline medial",NA,"medial",238,4.18393247456934,19563
"Gender agreement","Ungrammatical","midline","midline medial",NA,"medial",240,4.20871302969892,19563
"Gender agreement","Ungrammatical","midline","midline medial",NA,"medial",242,4.22482497571947,19563
"Gender agreement","Ungrammatical","midline","midline medial",NA,"medial",244,4.23177989060982,19563
"Gender agreement","Ungrammatical","midline","midline medial",NA,"medial",246,4.22847502939222,19563
"Gender agreement","Ungrammatical","midline","midline medial",NA,"medial",248,4.21397796861422,19563
"Gender agreement","Ungrammatical","midline","midline medial",NA,"medial",250,4.1885404079129,19563
"Gender agreement","Ungrammatical","midline","midline medial",NA,"medial",252,4.15403067014262,19563
"Gender agreement","Ungrammatical","midline","midline medial",NA,"medial",254,4.11374656238818,19563
"Gender agreement","Ungrammatical","midline","midline medial",NA,"medial",256,4.07114343403363,19563
"Gender agreement","Ungrammatical","midline","midline medial",NA,"medial",258,4.02799243469816,19563
"Gender agreement","Ungrammatical","midline","midline medial",NA,"medial",260,3.98377779481675,19563
"Gender agreement","Ungrammatical","midline","midline medial",NA,"medial",262,3.9371898992997,19563
"Gender agreement","Ungrammatical","midline","midline medial",NA,"medial",264,3.88742570157951,19563
"Gender agreement","Ungrammatical","midline","midline medial",NA,"medial",266,3.83387675714359,19563
"Gender agreement","Ungrammatical","midline","midline medial",NA,"medial",268,3.77585447017329,19563
"Gender agreement","Ungrammatical","midline","midline medial",NA,"medial",270,3.71342544599499,19563
"Gender agreement","Ungrammatical","midline","midline medial",NA,"medial",272,3.64798200684967,19563
"Gender agreement","Ungrammatical","midline","midline medial",NA,"medial",274,3.58128497674181,19563
"Gender agreement","Ungrammatical","midline","midline medial",NA,"medial",276,3.51393037877626,19563
"Gender agreement","Ungrammatical","midline","midline medial",NA,"medial",278,3.44482574247304,19563
"Gender agreement","Ungrammatical","midline","midline medial",NA,"medial",280,3.3722918775239,19563
"Gender agreement","Ungrammatical","midline","midline medial",NA,"medial",282,3.29519092163779,19563
"Gender agreement","Ungrammatical","midline","midline medial",NA,"medial",284,3.21291335684711,19563
"Gender agreement","Ungrammatical","midline","midline medial",NA,"medial",286,3.1254865306957,19563
"Gender agreement","Ungrammatical","midline","midline medial",NA,"medial",288,3.03410478965394,19563
"Gender agreement","Ungrammatical","midline","midline medial",NA,"medial",290,2.94099519501099,19563
"Gender agreement","Ungrammatical","midline","midline medial",NA,"medial",292,2.84809247047999,19563
"Gender agreement","Ungrammatical","midline","midline medial",NA,"medial",294,2.75614149159127,19563
"Gender agreement","Ungrammatical","midline","midline medial",NA,"medial",296,2.66482722486326,19563
"Gender agreement","Ungrammatical","midline","midline medial",NA,"medial",298,2.57312973470327,19563
"Gender agreement","Ungrammatical","midline","midline medial",NA,"medial",300,2.4793141644942,19563
"Gender agreement","Ungrammatical","midline","midline medial",NA,"medial",302,2.38159285385677,19563
"Gender agreement","Ungrammatical","midline","midline medial",NA,"medial",304,2.27963446301692,19563
"Gender agreement","Ungrammatical","midline","midline medial",NA,"medial",306,2.17521607115473,19563
"Gender agreement","Ungrammatical","midline","midline medial",NA,"medial",308,2.07125532893728,19563
"Gender agreement","Ungrammatical","midline","midline medial",NA,"medial",310,1.97041767622553,19563
"Gender agreement","Ungrammatical","midline","midline medial",NA,"medial",312,1.87420191177222,19563
"Gender agreement","Ungrammatical","midline","midline medial",NA,"medial",314,1.78289347237131,19563
"Gender agreement","Ungrammatical","midline","midline medial",NA,"medial",316,1.69621811583091,19563
"Gender agreement","Ungrammatical","midline","midline medial",NA,"medial",318,1.6141582579359,19563
"Gender agreement","Ungrammatical","midline","midline medial",NA,"medial",320,1.53685201656188,19563
"Gender agreement","Ungrammatical","midline","midline medial",NA,"medial",322,1.46427362878904,19563
"Gender agreement","Ungrammatical","midline","midline medial",NA,"medial",324,1.39691923529111,19563
"Gender agreement","Ungrammatical","midline","midline medial",NA,"medial",326,1.33662234831059,19563
"Gender agreement","Ungrammatical","midline","midline medial",NA,"medial",328,1.28587772836477,19563
"Gender agreement","Ungrammatical","midline","midline medial",NA,"medial",330,1.24605883555692,19563
"Gender agreement","Ungrammatical","midline","midline medial",NA,"medial",332,1.21627853601186,19563
"Gender agreement","Ungrammatical","midline","midline medial",NA,"medial",334,1.19358140367019,19563
"Gender agreement","Ungrammatical","midline","midline medial",NA,"medial",336,1.1741148596841,19563
"Gender agreement","Ungrammatical","midline","midline medial",NA,"medial",338,1.15461749220467,19563
"Gender agreement","Ungrammatical","midline","midline medial",NA,"medial",340,1.13355001789092,19563
"Gender agreement","Ungrammatical","midline","midline medial",NA,"medial",342,1.11121285078976,19563
"Gender agreement","Ungrammatical","midline","midline medial",NA,"medial",344,1.08851162909574,19563
"Gender agreement","Ungrammatical","midline","midline medial",NA,"medial",346,1.06601507948679,19563
"Gender agreement","Ungrammatical","midline","midline medial",NA,"medial",348,1.04425108623422,19563
"Gender agreement","Ungrammatical","midline","midline medial",NA,"medial",350,1.024036344119,19563
"Gender agreement","Ungrammatical","midline","midline medial",NA,"medial",352,1.00589234779942,19563
"Gender agreement","Ungrammatical","midline","midline medial",NA,"medial",354,0.989400807647089,19563
"Gender agreement","Ungrammatical","midline","midline medial",NA,"medial",356,0.973613505086132,19563
"Gender agreement","Ungrammatical","midline","midline medial",NA,"medial",358,0.957924346981547,19563
"Gender agreement","Ungrammatical","midline","midline medial",NA,"medial",360,0.942510708991463,19563
"Gender agreement","Ungrammatical","midline","midline medial",NA,"medial",362,0.928312937688494,19563
"Gender agreement","Ungrammatical","midline","midline medial",NA,"medial",364,0.916628277871492,19563
"Gender agreement","Ungrammatical","midline","midline medial",NA,"medial",366,0.908314931247764,19563
"Gender agreement","Ungrammatical","midline","midline medial",NA,"medial",368,0.902835965853908,19563
"Gender agreement","Ungrammatical","midline","midline medial",NA,"medial",370,0.898213924244748,19563
"Gender agreement","Ungrammatical","midline","midline medial",NA,"medial",372,0.892218678116853,19563
"Gender agreement","Ungrammatical","midline","midline medial",NA,"medial",374,0.883590246894648,19563
"Gender agreement","Ungrammatical","midline","midline medial",NA,"medial",376,0.87222813474416,19563
"Gender agreement","Ungrammatical","midline","midline medial",NA,"medial",378,0.858653938557481,19563
"Gender agreement","Ungrammatical","midline","midline medial",NA,"medial",380,0.843466390635383,19563
"Gender agreement","Ungrammatical","midline","midline medial",NA,"medial",382,0.827622399427491,19563
"Gender agreement","Ungrammatical","midline","midline medial",NA,"medial",384,0.812841077544344,19563
"Gender agreement","Ungrammatical","midline","midline medial",NA,"medial",386,0.801007207483515,19563
"Gender agreement","Ungrammatical","midline","midline medial",NA,"medial",388,0.792953074681797,19563
"Gender agreement","Ungrammatical","midline","midline medial",NA,"medial",390,0.788076726473445,19563
"Gender agreement","Ungrammatical","midline","midline medial",NA,"medial",392,0.785165976588458,19563
"Gender agreement","Ungrammatical","midline","midline medial",NA,"medial",394,0.783763482083525,19563
"Gender agreement","Ungrammatical","midline","midline medial",NA,"medial",396,0.784240249450493,19563
"Gender agreement","Ungrammatical","midline","midline medial",NA,"medial",398,0.786541941420028,19563
"Gender agreement","Ungrammatical","midline","midline medial",NA,"medial",400,0.789494760517303,19563
"Gender agreement","Ungrammatical","midline","midline medial",NA,"medial",402,0.791239942749067,19563
"Gender agreement","Ungrammatical","midline","midline medial",NA,"medial",404,0.790202474058171,19563
"Gender agreement","Ungrammatical","midline","midline medial",NA,"medial",406,0.785925522670347,19563
"Gender agreement","Ungrammatical","midline","midline medial",NA,"medial",408,0.779414660328171,19563
"Gender agreement","Ungrammatical","midline","midline medial",NA,"medial",410,0.772412922353422,19563
"Gender agreement","Ungrammatical","midline","midline medial",NA,"medial",412,0.766694423145734,19563
"Gender agreement","Ungrammatical","midline","midline medial",NA,"medial",414,0.763810458518632,19563
"Gender agreement","Ungrammatical","midline","midline medial",NA,"medial",416,0.764994530491233,19563
"Gender agreement","Ungrammatical","midline","midline medial",NA,"medial",418,0.771108010018913,19563
"Gender agreement","Ungrammatical","midline","midline medial",NA,"medial",420,0.78290093543935,19563
"Gender agreement","Ungrammatical","midline","midline medial",NA,"medial",422,0.801009916679446,19563
"Gender agreement","Ungrammatical","midline","midline medial",NA,"medial",424,0.825434289219445,19563
"Gender agreement","Ungrammatical","midline","midline medial",NA,"medial",426,0.85480340438583,19563
"Gender agreement","Ungrammatical","midline","midline medial",NA,"medial",428,0.886401881102081,19563
"Gender agreement","Ungrammatical","midline","midline medial",NA,"medial",430,0.916947911874457,19563
"Gender agreement","Ungrammatical","midline","midline medial",NA,"medial",432,0.943701681746153,19563
"Gender agreement","Ungrammatical","midline","midline medial",NA,"medial",434,0.96528768593774,19563
"Gender agreement","Ungrammatical","midline","midline medial",NA,"medial",436,0.981871798803864,19563
"Gender agreement","Ungrammatical","midline","midline medial",NA,"medial",438,0.994697796861422,19563
"Gender agreement","Ungrammatical","midline","midline medial",NA,"medial",440,1.0057889383019,19563
"Gender agreement","Ungrammatical","midline","midline medial",NA,"medial",442,1.01781316771456,19563
"Gender agreement","Ungrammatical","midline","midline medial",NA,"medial",444,1.03331089301232,19563
"Gender agreement","Ungrammatical","midline","midline medial",NA,"medial",446,1.05304365383632,19563
"Gender agreement","Ungrammatical","midline","midline medial",NA,"medial",448,1.07524433880284,19563
"Gender agreement","Ungrammatical","midline","midline medial",NA,"medial",450,1.09709420845474,19563
"Gender agreement","Ungrammatical","midline","midline medial",NA,"medial",452,1.11697485048305,19563
"Gender agreement","Ungrammatical","midline","midline medial",NA,"medial",454,1.13558896897204,19563
"Gender agreement","Ungrammatical","midline","midline medial",NA,"medial",456,1.15534498798753,19563
"Gender agreement","Ungrammatical","midline","midline medial",NA,"medial",458,1.17884726268977,19563
"Gender agreement","Ungrammatical","midline","midline medial",NA,"medial",460,1.2074888309564,19563
"Gender agreement","Ungrammatical","midline","midline medial",NA,"medial",462,1.2406717272402,19563
"Gender agreement","Ungrammatical","midline","midline medial",NA,"medial",464,1.27630787711496,19563
"Gender agreement","Ungrammatical","midline","midline medial",NA,"medial",466,1.31218698563615,19563
"Gender agreement","Ungrammatical","midline","midline medial",NA,"medial",468,1.34690609824669,19563
"Gender agreement","Ungrammatical","midline","midline medial",NA,"medial",470,1.38035746051219,19563
"Gender agreement","Ungrammatical","midline","midline medial",NA,"medial",472,1.4140070541328,19563
"Gender agreement","Ungrammatical","midline","midline medial",NA,"medial",474,1.45021740019424,19563
"Gender agreement","Ungrammatical","midline","midline medial",NA,"medial",476,1.4903470326637,19563
"Gender agreement","Ungrammatical","midline","midline medial",NA,"medial",478,1.53353897663957,19563
"Gender agreement","Ungrammatical","midline","midline medial",NA,"medial",480,1.57726289423912,19563
"Gender agreement","Ungrammatical","midline","midline medial",NA,"medial",482,1.61899166794459,19563
"Gender agreement","Ungrammatical","midline","midline medial",NA,"medial",484,1.65729796043552,19563
"Gender agreement","Ungrammatical","midline","midline medial",NA,"medial",486,1.69188105096355,19563
"Gender agreement","Ungrammatical","midline","midline medial",NA,"medial",488,1.72314036701937,19563
"Gender agreement","Ungrammatical","midline","midline medial",NA,"medial",490,1.75158528855493,19563
"Gender agreement","Ungrammatical","midline","midline medial",NA,"medial",492,1.77747753412053,19563
"Gender agreement","Ungrammatical","midline","midline medial",NA,"medial",494,1.80083202985227,19563
"Gender agreement","Ungrammatical","midline","midline medial",NA,"medial",496,1.82194878086183,19563
"Gender agreement","Ungrammatical","midline","midline medial",NA,"medial",498,1.84196110003578,19563
"Gender agreement","Ungrammatical","midline","midline medial",NA,"medial",500,1.8625428104074,19563
"Gender agreement","Ungrammatical","midline","midline medial",NA,"medial",502,1.88502443388028,19563
"Gender agreement","Ungrammatical","midline","midline medial",NA,"medial",504,1.91016393191228,19563
"Gender agreement","Ungrammatical","midline","midline medial",NA,"medial",506,1.93892398916322,19563
"Gender agreement","Ungrammatical","midline","midline medial",NA,"medial",508,1.97287665490978,19563
"Gender agreement","Ungrammatical","midline","midline medial",NA,"medial",510,2.01324996166232,19563
"Gender agreement","Ungrammatical","midline","midline medial",NA,"medial",512,2.05950161018249,19563
"Gender agreement","Ungrammatical","midline","midline medial",NA,"medial",514,2.109072688238,19563
"Gender agreement","Ungrammatical","midline","midline medial",NA,"medial",516,2.15824326534785,19563
"Gender agreement","Ungrammatical","midline","midline medial",NA,"medial",518,2.20313443745847,19563
"Gender agreement","Ungrammatical","midline","midline medial",NA,"medial",520,2.24053074681797,19563
"Gender agreement","Ungrammatical","midline","midline medial",NA,"medial",522,2.26889710167152,19563
"Gender agreement","Ungrammatical","midline","midline medial",NA,"medial",524,2.28924219189286,19563
"Gender agreement","Ungrammatical","midline","midline medial",NA,"medial",526,2.30461723662015,19563
"Gender agreement","Ungrammatical","midline","midline medial",NA,"medial",528,2.31833026631907,19563
"Gender agreement","Ungrammatical","midline","midline medial",NA,"medial",530,2.33214174717579,19563
"Gender agreement","Ungrammatical","midline","midline medial",NA,"medial",532,2.34598057557634,19563
"Gender agreement","Ungrammatical","midline","midline medial",NA,"medial",534,2.35924904155804,19563
"Gender agreement","Ungrammatical","midline","midline medial",NA,"medial",536,2.37196380923171,19563
"Gender agreement","Ungrammatical","midline","midline medial",NA,"medial",538,2.38479389664162,19563
"Gender agreement","Ungrammatical","midline","midline medial",NA,"medial",540,2.39843955426059,19563
"Gender agreement","Ungrammatical","midline","midline medial",NA,"medial",542,2.41316147830087,19563
"Gender agreement","Ungrammatical","midline","midline medial",NA,"medial",544,2.42899713745336,19563
"Gender agreement","Ungrammatical","midline","midline medial",NA,"medial",546,2.44637683381894,19563
"Gender agreement","Ungrammatical","midline","midline medial",NA,"medial",548,2.46625405101467,19563
"Gender agreement","Ungrammatical","midline","midline medial",NA,"medial",550,2.48941184889843,19563
"Gender agreement","Ungrammatical","midline","midline medial",NA,"medial",552,2.5158195062107,19563
"Gender agreement","Ungrammatical","midline","midline medial",NA,"medial",554,2.54477447221796,19563
"Gender agreement","Ungrammatical","midline","midline medial",NA,"medial",556,2.57575479220978,19563
"Gender agreement","Ungrammatical","midline","midline medial",NA,"medial",558,2.60878929612023,19563
"Gender agreement","Ungrammatical","midline","midline medial",NA,"medial",560,2.64342800184021,19563
"Gender agreement","Ungrammatical","midline","midline medial",NA,"medial",562,2.67782369779686,19563
"Gender agreement","Ungrammatical","midline","midline medial",NA,"medial",564,2.70973066503093,19563
"Gender agreement","Ungrammatical","midline","midline medial",NA,"medial",566,2.7386951898993,19563
"Gender agreement","Ungrammatical","midline","midline medial",NA,"medial",568,2.76653396718295,19563
"Gender agreement","Ungrammatical","midline","midline medial",NA,"medial",570,2.79627091959311,19563
"Gender agreement","Ungrammatical","midline","midline medial",NA,"medial",572,2.83130976844042,19563
"Gender agreement","Ungrammatical","midline","midline medial",NA,"medial",574,2.87473889485253,19563
"Gender agreement","Ungrammatical","midline","midline medial",NA,"medial",576,2.92830353217809,19563
"Gender agreement","Ungrammatical","midline","midline medial",NA,"medial",578,2.9914349026223,19563
"Gender agreement","Ungrammatical","midline","midline medial",NA,"medial",580,3.06102857434954,19563
"Gender agreement","Ungrammatical","midline","midline medial",NA,"medial",582,3.13243955426059,19563
"Gender agreement","Ungrammatical","midline","midline medial",NA,"medial",584,3.20158104585186,19563
"Gender agreement","Ungrammatical","midline","midline medial",NA,"medial",586,3.26659239380463,19563
"Gender agreement","Ungrammatical","midline","midline medial",NA,"medial",588,3.32779788376016,19563
"Gender agreement","Ungrammatical","midline","midline medial",NA,"medial",590,3.38660220825027,19563
"Gender agreement","Ungrammatical","midline","midline medial",NA,"medial",592,3.44466896692736,19563
"Gender agreement","Ungrammatical","midline","midline medial",NA,"medial",594,3.50321014159383,19563
"Gender agreement","Ungrammatical","midline","midline medial",NA,"medial",596,3.56186888514032,19563
"Gender agreement","Ungrammatical","midline","midline medial",NA,"medial",598,3.61856806215816,19563
"Gender agreement","Ungrammatical","midline","midline medial",NA,"medial",600,3.67105183254102,19563
"Gender agreement","Ungrammatical","midline","midline medial",NA,"medial",602,3.71819996932986,19563
"Gender agreement","Ungrammatical","midline","midline medial",NA,"medial",604,3.75985206767878,19563
"Gender agreement","Ungrammatical","midline","midline medial",NA,"medial",606,3.7964044369473,19563
"Gender agreement","Ungrammatical","midline","midline medial",NA,"medial",608,3.828654194142,19563
"Gender agreement","Ungrammatical","midline","midline medial",NA,"medial",610,3.85732060522415,19563
"Gender agreement","Ungrammatical","midline","midline medial",NA,"medial",612,3.88276220416092,19563
"Gender agreement","Ungrammatical","midline","midline medial",NA,"medial",614,3.90535746051219,19563
"Gender agreement","Ungrammatical","midline","midline medial",NA,"medial",616,3.92587553033788,19563
"Gender agreement","Ungrammatical","midline","midline medial",NA,"medial",618,3.94538184327557,19563
"Gender agreement","Ungrammatical","midline","midline medial",NA,"medial",620,3.96506113581761,19563
"Gender agreement","Ungrammatical","midline","midline medial",NA,"medial",622,3.985751469611,19563
"Gender agreement","Ungrammatical","midline","midline medial",NA,"medial",624,4.00746869089608,19563
"Gender agreement","Ungrammatical","midline","midline medial",NA,"medial",626,4.02887052088126,19563
"Gender agreement","Ungrammatical","midline","midline medial",NA,"medial",628,4.04711404181363,19563
"Gender agreement","Ungrammatical","midline","midline medial",NA,"medial",630,4.05919281296325,19563
"Gender agreement","Ungrammatical","midline","midline medial",NA,"medial",632,4.06358835556919,19563
"Gender agreement","Ungrammatical","midline","midline medial",NA,"medial",634,4.05999815979144,19563
"Gender agreement","Ungrammatical","midline","midline medial",NA,"medial",636,4.04798313142156,19563
"Gender agreement","Ungrammatical","midline","midline medial",NA,"medial",638,4.02733006185145,19563
"Gender agreement","Ungrammatical","midline","midline medial",NA,"medial",640,3.99935976077289,19563
"Gender agreement","Ungrammatical","midline","midline medial",NA,"medial",642,3.96684910289833,19563
"Gender agreement","Ungrammatical","midline","midline medial",NA,"medial",644,3.93285140315902,19563
"Gender agreement","Ungrammatical","midline","midline medial",NA,"medial",646,3.90047298471605,19563
"Gender agreement","Ungrammatical","midline","midline medial",NA,"medial",648,3.87314987476358,19563
"Gender agreement","Ungrammatical","midline","midline medial",NA,"medial",650,3.85363139600266,19563
"Gender agreement","Ungrammatical","midline","midline medial",NA,"medial",652,3.84217758012575,19563
"Gender agreement","Ungrammatical","midline","midline medial",NA,"medial",654,3.83662843122221,19563
"Gender agreement","Ungrammatical","midline","midline medial",NA,"medial",656,3.83465981700148,19563
"Gender agreement","Ungrammatical","midline","midline medial",NA,"medial",658,3.83554173695241,19563
"Gender agreement","Ungrammatical","midline","midline medial",NA,"medial",660,3.83958815110157,19563
"Gender agreement","Ungrammatical","midline","midline medial",NA,"medial",662,3.84616377856157,19563
"Gender agreement","Ungrammatical","midline","midline medial",NA,"medial",664,3.85255236926852,19563
"Gender agreement","Ungrammatical","midline","midline medial",NA,"medial",666,3.85477585237438,19563
"Gender agreement","Ungrammatical","midline","midline medial",NA,"medial",668,3.84995169452538,19563
"Gender agreement","Ungrammatical","midline","midline medial",NA,"medial",670,3.83775739917191,19563
"Gender agreement","Ungrammatical","midline","midline medial",NA,"medial",672,3.81982574247304,19563
"Gender agreement","Ungrammatical","midline","midline medial",NA,"medial",674,3.79841251341819,19563
"Gender agreement","Ungrammatical","midline","midline medial",NA,"medial",676,3.77570791800849,19563
"Gender agreement","Ungrammatical","midline","midline medial",NA,"medial",678,3.75333921177733,19563
"Gender agreement","Ungrammatical","midline","midline medial",NA,"medial",680,3.73176813372182,19563
"Gender agreement","Ungrammatical","midline","midline medial",NA,"medial",682,3.71021479323212,19563
"Gender agreement","Ungrammatical","midline","midline medial",NA,"medial",684,3.68763272504217,19563
"Gender agreement","Ungrammatical","midline","midline medial",NA,"medial",686,3.66371328528344,19563
"Gender agreement","Ungrammatical","midline","midline medial",NA,"medial",688,3.63867080713592,19563
"Gender agreement","Ungrammatical","midline","midline medial",NA,"medial",690,3.61251096457599,19563
"Gender agreement","Ungrammatical","midline","midline medial",NA,"medial",692,3.58536824617901,19563
"Gender agreement","Ungrammatical","midline","midline medial",NA,"medial",694,3.5582087103205,19563
"Gender agreement","Ungrammatical","midline","midline medial",NA,"medial",696,3.53270919593109,19563
"Gender agreement","Ungrammatical","midline","midline medial",NA,"medial",698,3.51038209886009,19563
"Gender agreement","Ungrammatical","midline","midline medial",NA,"medial",700,3.49170040382354,19563
"Gender agreement","Ungrammatical","midline","midline medial",NA,"medial",702,3.47575837039309,19563
"Gender agreement","Ungrammatical","midline","midline medial",NA,"medial",704,3.46078592240454,19563
"Gender agreement","Ungrammatical","midline","midline medial",NA,"medial",706,3.44477687471247,19563
"Gender agreement","Ungrammatical","midline","midline medial",NA,"medial",708,3.4256987680826,19563
"Gender agreement","Ungrammatical","midline","midline medial",NA,"medial",710,3.40219153504064,19563
"Gender agreement","Ungrammatical","midline","midline medial",NA,"medial",712,3.37451878546235,19563
"Gender agreement","Ungrammatical","midline","midline medial",NA,"medial",714,3.34457041353576,19563
"Gender agreement","Ungrammatical","midline","midline medial",NA,"medial",716,3.31470612891683,19563
"Gender agreement","Ungrammatical","midline","midline medial",NA,"medial",718,3.28628068292184,19563
"Gender agreement","Ungrammatical","midline","midline medial",NA,"medial",720,3.25937484025967,19563
"Gender agreement","Ungrammatical","midline","midline medial",NA,"medial",722,3.23387092981649,19563
"Gender agreement","Ungrammatical","midline","midline medial",NA,"medial",724,3.21059162705107,19563
"Gender agreement","Ungrammatical","midline","midline medial",NA,"medial",726,3.19121387312784,19563
"Gender agreement","Ungrammatical","midline","midline medial",NA,"medial",728,3.17732106527629,19563
"Gender agreement","Ungrammatical","midline","midline medial",NA,"medial",730,3.16932479681031,19563
"Gender agreement","Ungrammatical","midline","midline medial",NA,"medial",732,3.16588115319736,19563
"Gender agreement","Ungrammatical","midline","midline medial",NA,"medial",734,3.16447579614579,19563
"Gender agreement","Ungrammatical","midline","midline medial",NA,"medial",736,3.16265071819251,19563
"Gender agreement","Ungrammatical","midline","midline medial",NA,"medial",738,3.15907902673414,19563
"Gender agreement","Ungrammatical","midline","midline medial",NA,"medial",740,3.15393099217911,19563
"Gender agreement","Ungrammatical","midline","midline medial",NA,"medial",742,3.14842370802024,19563
"Gender agreement","Ungrammatical","midline","midline medial",NA,"medial",744,3.14408740990646,19563
"Gender agreement","Ungrammatical","midline","midline medial",NA,"medial",746,3.14230204978786,19563
"Gender agreement","Ungrammatical","midline","midline medial",NA,"medial",748,3.14383136533252,19563
"Gender agreement","Ungrammatical","midline","midline medial",NA,"medial",750,3.14853550069008,19563
"Gender agreement","Ungrammatical","midline","midline medial",NA,"medial",752,3.15531574911823,19563
"Gender agreement","Ungrammatical","midline","midline medial",NA,"medial",754,3.16202295149006,19563
"Gender agreement","Ungrammatical","midline","midline medial",NA,"medial",756,3.16561646986658,19563
"Gender agreement","Ungrammatical","midline","midline medial",NA,"medial",758,3.163260287277,19563
"Gender agreement","Ungrammatical","midline","midline medial",NA,"medial",760,3.15392312017584,19563
"Gender agreement","Ungrammatical","midline","midline medial",NA,"medial",762,3.13875668353525,19563
"Gender agreement","Ungrammatical","midline","midline medial",NA,"medial",764,3.12001962889127,19563
"Gender agreement","Ungrammatical","midline","midline medial",NA,"medial",766,3.09989004753872,19563
"Gender agreement","Ungrammatical","midline","midline medial",NA,"medial",768,3.07996329806267,19563
"Gender agreement","Ungrammatical","midline","midline medial",NA,"medial",770,3.06132208761437,19563
"Gender agreement","Ungrammatical","midline","midline medial",NA,"medial",772,3.04471471655677,19563
"Gender agreement","Ungrammatical","midline","midline medial",NA,"medial",774,3.03037228441446,19563
"Gender agreement","Ungrammatical","midline","midline medial",NA,"medial",776,3.01783790829627,19563
"Gender agreement","Ungrammatical","midline","midline medial",NA,"medial",778,3.00617405305935,19563
"Gender agreement","Ungrammatical","midline","midline medial",NA,"medial",780,2.99476261309615,19563
"Gender agreement","Ungrammatical","midline","midline medial",NA,"medial",782,2.9838651536063,19563
"Gender agreement","Ungrammatical","midline","midline medial",NA,"medial",784,2.97409333946736,19563
"Gender agreement","Ungrammatical","midline","midline medial",NA,"medial",786,2.96539211777335,19563
"Gender agreement","Ungrammatical","midline","midline medial",NA,"medial",788,2.95671267188059,19563
"Gender agreement","Ungrammatical","midline","midline medial",NA,"medial",790,2.94655349384041,19563
"Gender agreement","Ungrammatical","midline","midline medial",NA,"medial",792,2.93374354649082,19563
"Gender agreement","Ungrammatical","midline","midline medial",NA,"medial",794,2.91760420180954,19563
"Gender agreement","Ungrammatical","midline","midline medial",NA,"medial",796,2.89732837499361,19563
"Gender agreement","Ungrammatical","midline","midline medial",NA,"medial",798,2.87195685733272,19563
"Gender agreement","Ungrammatical","midline","midline medial",NA,"medial",800,2.8414407810663,19563
"Gender agreement","Ungrammatical","midline","midline medial",NA,"medial",802,2.80705847773859,19563
"Gender agreement","Ungrammatical","midline","midline medial",NA,"medial",804,2.77069539436692,19563
"Gender agreement","Ungrammatical","midline","midline medial",NA,"medial",806,2.73410054695088,19563
"Gender agreement","Ungrammatical","midline","midline medial",NA,"medial",808,2.6984701221694,19563
"Gender agreement","Ungrammatical","midline","midline medial",NA,"medial",810,2.66474201298369,19563
"Gender agreement","Ungrammatical","midline","midline medial",NA,"medial",812,2.63408965905025,19563
"Gender agreement","Ungrammatical","midline","midline medial",NA,"medial",814,2.60788590706947,19563
"Gender agreement","Ungrammatical","midline","midline medial",NA,"medial",816,2.58731007514185,19563
"Gender agreement","Ungrammatical","midline","midline medial",NA,"medial",818,2.5730949240914,19563
"Gender agreement","Ungrammatical","midline","midline medial",NA,"medial",820,2.56541128661248,19563
"Gender agreement","Ungrammatical","midline","midline medial",NA,"medial",822,2.56410453406942,19563
"Gender agreement","Ungrammatical","midline","midline medial",NA,"medial",824,2.56851546286357,19563
"Gender agreement","Ungrammatical","midline","midline medial",NA,"medial",826,2.57727654245259,19563
"Gender agreement","Ungrammatical","midline","midline medial",NA,"medial",828,2.58849368706231,19563
"Gender agreement","Ungrammatical","midline","midline medial",NA,"medial",830,2.60017364412411,19563
"Gender agreement","Ungrammatical","midline","midline medial",NA,"medial",832,2.6104020855697,19563
"Gender agreement","Ungrammatical","midline","midline medial",NA,"medial",834,2.61732449010888,19563
"Gender agreement","Ungrammatical","midline","midline medial",NA,"medial",836,2.61916597658846,19563
"Gender agreement","Ungrammatical","midline","midline medial",NA,"medial",838,2.61422087614374,19563
"Gender agreement","Ungrammatical","midline","midline medial",NA,"medial",840,2.60058493073659,19563
"Gender agreement","Ungrammatical","midline","midline medial",NA,"medial",842,2.57623667126719,19563
"Gender agreement","Ungrammatical","midline","midline medial",NA,"medial",844,2.53968660225937,19563
"Gender agreement","Ungrammatical","midline","midline medial",NA,"medial",846,2.49054071461432,19563
"Gender agreement","Ungrammatical","midline","midline medial",NA,"medial",848,2.42926831263099,19563
"Gender agreement","Ungrammatical","midline","midline medial",NA,"medial",850,2.3572989316567,19563
"Gender agreement","Ungrammatical","midline","midline medial",NA,"medial",852,2.27762531309104,19563
"Gender agreement","Ungrammatical","midline","midline medial",NA,"medial",854,2.19460220825027,19563
"Gender agreement","Ungrammatical","midline","midline medial",NA,"medial",856,2.11233159535859,19563
"Gender agreement","Ungrammatical","midline","midline medial",NA,"medial",858,2.03342156111026,19563
"Gender agreement","Ungrammatical","midline","midline medial",NA,"medial",860,1.95891294791187,19563
"Gender agreement","Ungrammatical","midline","midline medial",NA,"medial",862,1.88856760210602,19563
"Gender agreement","Ungrammatical","midline","midline medial",NA,"medial",864,1.82101957777437,19563
"Gender agreement","Ungrammatical","midline","midline medial",NA,"medial",866,1.75363885907069,19563
"Gender agreement","Ungrammatical","midline","midline medial",NA,"medial",868,1.68294090885856,19563
"Gender agreement","Ungrammatical","midline","midline medial",NA,"medial",870,1.60580437560701,19563
"Gender agreement","Ungrammatical","midline","midline medial",NA,"medial",872,1.52088498696519,19563
"Gender agreement","Ungrammatical","midline","midline medial",NA,"medial",874,1.42927700250473,19563
"Gender agreement","Ungrammatical","midline","midline medial",NA,"medial",876,1.33392782293104,19563
"Gender agreement","Ungrammatical","midline","midline medial",NA,"medial",878,1.23849332924398,19563
"Gender agreement","Ungrammatical","midline","midline medial",NA,"medial",880,1.1462930532127,19563
"Gender agreement","Ungrammatical","midline","midline medial",NA,"medial",882,1.05951081122527,19563
"Gender agreement","Ungrammatical","midline","midline medial",NA,"medial",884,0.978862239942749,19563
"Gender agreement","Ungrammatical","midline","midline medial",NA,"medial",886,0.904237693605275,19563
"Gender agreement","Ungrammatical","midline","midline medial",NA,"medial",888,0.835798803864438,19563
"Gender agreement","Ungrammatical","midline","midline medial",NA,"medial",890,0.774088841179778,19563
"Gender agreement","Ungrammatical","midline","midline medial",NA,"medial",892,0.719416091601493,19563
"Gender agreement","Ungrammatical","midline","midline medial",NA,"medial",894,0.672013290395134,19563
"Gender agreement","Ungrammatical","midline","midline medial",NA,"medial",896,0.632450033225988,19563
"Gender agreement","Ungrammatical","midline","midline medial",NA,"medial",898,0.60133364003476,19563
"Gender agreement","Ungrammatical","midline","midline medial",NA,"medial",900,0.578859172928487,19563
"Gender agreement","Ungrammatical","midline","midline medial",NA,"medial",902,0.565055052905996,19563
"Gender agreement","Ungrammatical","midline","midline medial",NA,"medial",904,0.56076189745949,19563
"Gender agreement","Ungrammatical","midline","midline medial",NA,"medial",906,0.56852578847825,19563
"Gender agreement","Ungrammatical","midline","midline medial",NA,"medial",908,0.592581301436385,19563
"Gender agreement","Ungrammatical","midline","midline medial",NA,"medial",910,0.63748499718857,19563
"Gender agreement","Ungrammatical","midline","midline medial",NA,"medial",912,0.706095639728058,19563
"Gender agreement","Ungrammatical","midline","midline medial",NA,"medial",914,0.798344119000153,19563
"Gender agreement","Ungrammatical","midline","midline medial",NA,"medial",916,0.911458518632112,19563
"Gender agreement","Ungrammatical","midline","midline medial",NA,"medial",918,1.04064969585442,19563
"Gender agreement","Ungrammatical","midline","midline medial",NA,"medial",920,1.18016260287277,19563
"Gender agreement","Ungrammatical","midline","midline medial",NA,"medial",922,1.32462843122221,19563
"Gender agreement","Ungrammatical","midline","midline medial",NA,"medial",924,1.47016602770536,19563
"Gender agreement","Ungrammatical","midline","midline medial",NA,"medial",926,1.61496994326024,19563
"Gender agreement","Ungrammatical","midline","midline medial",NA,"medial",928,1.75916464754894,19563
"Gender agreement","Ungrammatical","midline","midline medial",NA,"medial",930,1.90340136993304,19563
"Gender agreement","Ungrammatical","midline","midline medial",NA,"medial",932,2.04732525686244,19563
"Gender agreement","Ungrammatical","midline","midline medial",NA,"medial",934,2.18904120022491,19563
"Gender agreement","Ungrammatical","midline","midline medial",NA,"medial",936,2.32565255840106,19563
"Gender agreement","Ungrammatical","midline","midline medial",NA,"medial",938,2.45394009098809,19563
"Gender agreement","Ungrammatical","midline","midline medial",NA,"medial",940,2.57096432040076,19563
"Gender agreement","Ungrammatical","midline","midline medial",NA,"medial",942,2.6749448959771,19563
"Gender agreement","Ungrammatical","midline","midline medial",NA,"medial",944,2.76589352348822,19563
"Gender agreement","Ungrammatical","midline","midline medial",NA,"medial",946,2.84560001022338,19563
"Gender agreement","Ungrammatical","midline","midline medial",NA,"medial",948,2.91664075039616,19563
"Gender agreement","Ungrammatical","midline","midline medial",NA,"medial",950,2.98068793129888,19563
"Gender agreement","Ungrammatical","midline","midline medial",NA,"medial",952,3.03769651893881,19563
"Gender agreement","Ungrammatical","midline","midline medial",NA,"medial",954,3.08644364361294,19563
"Gender agreement","Ungrammatical","midline","midline medial",NA,"medial",956,3.1256236262332,19563
"Gender agreement","Ungrammatical","midline","midline medial",NA,"medial",958,3.1543540356796,19563
"Gender agreement","Ungrammatical","midline","midline medial",NA,"medial",960,3.17263400296478,19563
"Gender agreement","Ungrammatical","midline","midline medial",NA,"medial",962,3.1815475131626,19563
"Gender agreement","Ungrammatical","midline","midline medial",NA,"medial",964,3.1824747738077,19563
"Gender agreement","Ungrammatical","midline","midline medial",NA,"medial",966,3.17615283954404,19563
"Gender agreement","Ungrammatical","midline","midline medial",NA,"medial",968,3.16281255431171,19563
"Gender agreement","Ungrammatical","midline","midline medial",NA,"medial",970,3.14306174922047,19563
"Gender agreement","Ungrammatical","midline","midline medial",NA,"medial",972,3.1180281142974,19563
"Gender agreement","Ungrammatical","midline","midline medial",NA,"medial",974,3.08871221182845,19563
"Gender agreement","Ungrammatical","midline","midline medial",NA,"medial",976,3.05568276849154,19563
"Gender agreement","Ungrammatical","midline","midline medial",NA,"medial",978,3.01941910749885,19563
"Gender agreement","Ungrammatical","midline","midline medial",NA,"medial",980,2.98050907325052,19563
"Gender agreement","Ungrammatical","midline","midline medial",NA,"medial",982,2.93904012676992,19563
"Gender agreement","Ungrammatical","midline","midline medial",NA,"medial",984,2.89430874610234,19563
"Gender agreement","Ungrammatical","midline","midline medial",NA,"medial",986,2.8453599141236,19563
"Gender agreement","Ungrammatical","midline","midline medial",NA,"medial",988,2.79152420385421,19563
"Gender agreement","Ungrammatical","midline","midline medial",NA,"medial",990,2.73239416244952,19563
"Gender agreement","Ungrammatical","midline","midline medial",NA,"medial",992,2.66815641772734,19563
"Gender agreement","Ungrammatical","midline","midline medial",NA,"medial",994,2.60023299085007,19563
"Gender agreement","Ungrammatical","midline","midline medial",NA,"medial",996,2.53090788733834,19563
"Gender agreement","Ungrammatical","midline","midline medial",NA,"medial",998,2.46220605224148,19563
"Gender agreement","Ungrammatical","midline","midline medial",NA,"medial",1000,2.39493385472576,19563
"Gender agreement","Ungrammatical","midline","midline medial",NA,"medial",1002,2.32795936206103,19563
"Gender agreement","Ungrammatical","midline","midline medial",NA,"medial",1004,2.25837253999898,19563
"Gender agreement","Ungrammatical","midline","midline medial",NA,"medial",1006,2.18311992025763,19563
"Gender agreement","Ungrammatical","midline","midline medial",NA,"medial",1008,2.10080115524204,19563
"Gender agreement","Ungrammatical","midline","midline medial",NA,"medial",1010,2.01231165976588,19563
"Gender agreement","Ungrammatical","midline","midline medial",NA,"medial",1012,1.9202297704851,19563
"Gender agreement","Ungrammatical","midline","midline medial",NA,"medial",1014,1.8276026171855,19563
"Gender agreement","Ungrammatical","midline","midline medial",NA,"medial",1016,1.7366881868834,19563
"Gender agreement","Ungrammatical","midline","midline medial",NA,"medial",1018,1.64853371159843,19563
"Gender agreement","Ungrammatical","midline","midline medial",NA,"medial",1020,1.5632027807596,19563
"Gender agreement","Ungrammatical","midline","midline medial",NA,"medial",1022,1.48055262485304,19563
"Gender agreement","Ungrammatical","midline","midline medial",NA,"medial",1024,1.40087389459694,19563
"Gender agreement","Ungrammatical","midline","midline medial",NA,"medial",1026,1.32459367172724,19563
"Gender agreement","Ungrammatical","midline","midline medial",NA,"medial",1028,1.25166610438072,19563
"Gender agreement","Ungrammatical","midline","midline medial",NA,"medial",1030,1.18147870980933,19563
"Gender agreement","Ungrammatical","midline","midline medial",NA,"medial",1032,1.11311940908859,19563
"Gender agreement","Ungrammatical","midline","midline medial",NA,"medial",1034,1.04535229770485,19563
"Gender agreement","Ungrammatical","midline","midline medial",NA,"medial",1036,0.976669580330215,19563
"Gender agreement","Ungrammatical","midline","midline medial",NA,"medial",1038,0.905890814292286,19563
"Gender agreement","Ungrammatical","midline","midline medial",NA,"medial",1040,0.832628635689823,19563
"Gender agreement","Ungrammatical","midline","midline medial",NA,"medial",1042,0.756894750293922,19563
"Gender agreement","Ungrammatical","midline","midline medial",NA,"medial",1044,0.678631958288606,19563
"Gender agreement","Ungrammatical","midline","midline medial",NA,"medial",1046,0.598248785973521,19563
"Gender agreement","Ungrammatical","midline","midline medial",NA,"medial",1048,0.517327097071001,19563
"Gender agreement","Ungrammatical","midline","midline medial",NA,"medial",1050,0.43797326585902,19563
"Gender agreement","Ungrammatical","midline","midline medial",NA,"medial",1052,0.361251188468026,19563
"Gender agreement","Ungrammatical","midline","midline medial",NA,"medial",1054,0.286072841588713,19563
"Gender agreement","Ungrammatical","midline","midline medial",NA,"medial",1056,0.209758830445228,19563
"Gender agreement","Ungrammatical","midline","midline medial",NA,"medial",1058,0.129990594489598,19563
"Gender agreement","Ungrammatical","midline","midline medial",NA,"medial",1060,0.0465071819250626,19563
"Gender agreement","Ungrammatical","midline","midline medial",NA,"medial",1062,-0.0386794970096611,19563
"Gender agreement","Ungrammatical","midline","midline medial",NA,"medial",1064,-0.122411797781526,19563
"Gender agreement","Ungrammatical","midline","midline medial",NA,"medial",1066,-0.201623115064152,19563
"Gender agreement","Ungrammatical","midline","midline medial",NA,"medial",1068,-0.27398722077391,19563
"Gender agreement","Ungrammatical","midline","midline medial",NA,"medial",1070,-0.338023462659101,19563
"Gender agreement","Ungrammatical","midline","midline medial",NA,"medial",1072,-0.392820375198078,19563
"Gender agreement","Ungrammatical","midline","midline medial",NA,"medial",1074,-0.437745846751521,19563
"Gender agreement","Ungrammatical","midline","midline medial",NA,"medial",1076,-0.472362009916679,19563
"Gender agreement","Ungrammatical","midline","midline medial",NA,"medial",1078,-0.496515974032613,19563
"Gender agreement","Ungrammatical","midline","midline medial",NA,"medial",1080,-0.510298267136942,19563
"Gender agreement","Ungrammatical","midline","midline medial",NA,"medial",1082,-0.514039922302305,19563
"Gender agreement","Ungrammatical","midline","midline medial",NA,"medial",1084,-0.508778357102694,19563
"Gender agreement","Ungrammatical","midline","midline medial",NA,"medial",1086,-0.496457240709503,19563
"Gender agreement","Ungrammatical","midline","midline medial",NA,"medial",1088,-0.479239227112406,19563
"Gender agreement","Ungrammatical","midline","midline medial",NA,"medial",1090,-0.459280171752799,19563
"Gender agreement","Ungrammatical","midline","midline medial",NA,"medial",1092,-0.439108827889383,19563
"Gender agreement","Ungrammatical","midline","midline medial",NA,"medial",1094,-0.421577569902367,19563
"Gender agreement","Ungrammatical","midline","midline medial",NA,"medial",1096,-0.408834841282012,19563
"Gender agreement","Ungrammatical","midline","midline medial",NA,"medial",1098,-0.401430097633287,19563
"Gender agreement","Ungrammatical","midline","midline posterior",NA,"posterior",-100,-1.42978937279558,13042
"Gender agreement","Ungrammatical","midline","midline posterior",NA,"posterior",-98,-1.41344088330011,13042
"Gender agreement","Ungrammatical","midline","midline posterior",NA,"posterior",-96,-1.39498788529367,13042
"Gender agreement","Ungrammatical","midline","midline posterior",NA,"posterior",-94,-1.37428431222205,13042
"Gender agreement","Ungrammatical","midline","midline posterior",NA,"posterior",-92,-1.35239012421408,13042
"Gender agreement","Ungrammatical","midline","midline posterior",NA,"posterior",-90,-1.33131153197362,13042
"Gender agreement","Ungrammatical","midline","midline posterior",NA,"posterior",-88,-1.31268547768747,13042
"Gender agreement","Ungrammatical","midline","midline posterior",NA,"posterior",-86,-1.29720533660482,13042
"Gender agreement","Ungrammatical","midline","midline posterior",NA,"posterior",-84,-1.28510389510811,13042
"Gender agreement","Ungrammatical","midline","midline posterior",NA,"posterior",-82,-1.27620242294127,13042
"Gender agreement","Ungrammatical","midline","midline posterior",NA,"posterior",-80,-1.26993497929765,13042
"Gender agreement","Ungrammatical","midline","midline posterior",NA,"posterior",-78,-1.26605796656954,13042
"Gender agreement","Ungrammatical","midline","midline posterior",NA,"posterior",-76,-1.26532771047385,13042
"Gender agreement","Ungrammatical","midline","midline posterior",NA,"posterior",-74,-1.2693869038491,13042
"Gender agreement","Ungrammatical","midline","midline posterior",NA,"posterior",-72,-1.28018248734857,13042
"Gender agreement","Ungrammatical","midline","midline posterior",NA,"posterior",-70,-1.2992514184941,13042
"Gender agreement","Ungrammatical","midline","midline posterior",NA,"posterior",-68,-1.32764453304708,13042
"Gender agreement","Ungrammatical","midline","midline posterior",NA,"posterior",-66,-1.36608480294433,13042
"Gender agreement","Ungrammatical","midline","midline posterior",NA,"posterior",-64,-1.41413563870572,13042
"Gender agreement","Ungrammatical","midline","midline posterior",NA,"posterior",-62,-1.46920932372336,13042
"Gender agreement","Ungrammatical","midline","midline posterior",NA,"posterior",-60,-1.5268001073455,13042
"Gender agreement","Ungrammatical","midline","midline posterior",NA,"posterior",-58,-1.58186589480141,13042
"Gender agreement","Ungrammatical","midline","midline posterior",NA,"posterior",-56,-1.6302215917804,13042
"Gender agreement","Ungrammatical","midline","midline posterior",NA,"posterior",-54,-1.66895997546389,13042
"Gender agreement","Ungrammatical","midline","midline posterior",NA,"posterior",-52,-1.69638314675663,13042
"Gender agreement","Ungrammatical","midline","midline posterior",NA,"posterior",-50,-1.71199133568471,13042
"Gender agreement","Ungrammatical","midline","midline posterior",NA,"posterior",-48,-1.71639188774728,13042
"Gender agreement","Ungrammatical","midline","midline posterior",NA,"posterior",-46,-1.71060481521239,13042
"Gender agreement","Ungrammatical","midline","midline posterior",NA,"posterior",-44,-1.69542761846343,13042
"Gender agreement","Ungrammatical","midline","midline posterior",NA,"posterior",-42,-1.67170157951234,13042
"Gender agreement","Ungrammatical","midline","midline posterior",NA,"posterior",-40,-1.64114683330777,13042
"Gender agreement","Ungrammatical","midline","midline posterior",NA,"posterior",-38,-1.60653289372796,13042
"Gender agreement","Ungrammatical","midline","midline posterior",NA,"posterior",-36,-1.57086083422788,13042
"Gender agreement","Ungrammatical","midline","midline posterior",NA,"posterior",-34,-1.53622826253642,13042
"Gender agreement","Ungrammatical","midline","midline posterior",NA,"posterior",-32,-1.50330662475081,13042
"Gender agreement","Ungrammatical","midline","midline posterior",NA,"posterior",-30,-1.47194540714614,13042
"Gender agreement","Ungrammatical","midline","midline posterior",NA,"posterior",-28,-1.44201119460205,13042
"Gender agreement","Ungrammatical","midline","midline posterior",NA,"posterior",-26,-1.41355689311455,13042
"Gender agreement","Ungrammatical","midline","midline posterior",NA,"posterior",-24,-1.38643451924551,13042
"Gender agreement","Ungrammatical","midline","midline posterior",NA,"posterior",-22,-1.35968233399785,13042
"Gender agreement","Ungrammatical","midline","midline posterior",NA,"posterior",-20,-1.33135209323723,13042
"Gender agreement","Ungrammatical","midline","midline posterior",NA,"posterior",-18,-1.2992801717528,13042
"Gender agreement","Ungrammatical","midline","midline posterior",NA,"posterior",-16,-1.26254140469253,13042
"Gender agreement","Ungrammatical","midline","midline posterior",NA,"posterior",-14,-1.22250421714461,13042
"Gender agreement","Ungrammatical","midline","midline posterior",NA,"posterior",-12,-1.18238383683484,13042
"Gender agreement","Ungrammatical","midline","midline posterior",NA,"posterior",-10,-1.14527886827174,13042
"Gender agreement","Ungrammatical","midline","midline posterior",NA,"posterior",-8,-1.11264959362061,13042
"Gender agreement","Ungrammatical","midline","midline posterior",NA,"posterior",-6,-1.08500728415887,13042
"Gender agreement","Ungrammatical","midline","midline posterior",NA,"posterior",-4,-1.06362390737617,13042
"Gender agreement","Ungrammatical","midline","midline posterior",NA,"posterior",-2,-1.0508851403159,13042
"Gender agreement","Ungrammatical","midline","midline posterior",NA,"posterior",0,-1.04847784082196,13042
"Gender agreement","Ungrammatical","midline","midline posterior",NA,"posterior",2,-1.05547270357307,13042
"Gender agreement","Ungrammatical","midline","midline posterior",NA,"posterior",4,-1.06853205029903,13042
"Gender agreement","Ungrammatical","midline","midline posterior",NA,"posterior",6,-1.08396695292133,13042
"Gender agreement","Ungrammatical","midline","midline posterior",NA,"posterior",8,-1.09960772887594,13042
"Gender agreement","Ungrammatical","midline","midline posterior",NA,"posterior",10,-1.11545399478608,13042
"Gender agreement","Ungrammatical","midline","midline posterior",NA,"posterior",12,-1.13313326176967,13042
"Gender agreement","Ungrammatical","midline","midline posterior",NA,"posterior",14,-1.1546448397485,13042
"Gender agreement","Ungrammatical","midline","midline posterior",NA,"posterior",16,-1.18129880386444,13042
"Gender agreement","Ungrammatical","midline","midline posterior",NA,"posterior",18,-1.21337586259776,13042
"Gender agreement","Ungrammatical","midline","midline posterior",NA,"posterior",20,-1.25035845729183,13042
"Gender agreement","Ungrammatical","midline","midline posterior",NA,"posterior",22,-1.29091642386137,13042
"Gender agreement","Ungrammatical","midline","midline posterior",NA,"posterior",24,-1.33251525839595,13042
"Gender agreement","Ungrammatical","midline","midline posterior",NA,"posterior",26,-1.37143122220518,13042
"Gender agreement","Ungrammatical","midline","midline posterior",NA,"posterior",28,-1.40345905535961,13042
"Gender agreement","Ungrammatical","midline","midline posterior",NA,"posterior",30,-1.42523155957675,13042
"Gender agreement","Ungrammatical","midline","midline posterior",NA,"posterior",32,-1.43541166998927,13042
"Gender agreement","Ungrammatical","midline","midline posterior",NA,"posterior",34,-1.43531444563717,13042
"Gender agreement","Ungrammatical","midline","midline posterior",NA,"posterior",36,-1.4287069467873,13042
"Gender agreement","Ungrammatical","midline","midline posterior",NA,"posterior",38,-1.42029520012268,13042
"Gender agreement","Ungrammatical","midline","midline posterior",NA,"posterior",40,-1.41346334917957,13042
"Gender agreement","Ungrammatical","midline","midline posterior",NA,"posterior",42,-1.40903473393651,13042
"Gender agreement","Ungrammatical","midline","midline posterior",NA,"posterior",44,-1.40530003067014,13042
"Gender agreement","Ungrammatical","midline","midline posterior",NA,"posterior",46,-1.39899624290753,13042
"Gender agreement","Ungrammatical","midline","midline posterior",NA,"posterior",48,-1.38674781475234,13042
"Gender agreement","Ungrammatical","midline","midline posterior",NA,"posterior",50,-1.36605512958135,13042
"Gender agreement","Ungrammatical","midline","midline posterior",NA,"posterior",52,-1.33557023462659,13042
"Gender agreement","Ungrammatical","midline","midline posterior",NA,"posterior",54,-1.29546955988345,13042
"Gender agreement","Ungrammatical","midline","midline posterior",NA,"posterior",56,-1.24766431528907,13042
"Gender agreement","Ungrammatical","midline","midline posterior",NA,"posterior",58,-1.19573278638246,13042
"Gender agreement","Ungrammatical","midline","midline posterior",NA,"posterior",60,-1.14435891734397,13042
"Gender agreement","Ungrammatical","midline","midline posterior",NA,"posterior",62,-1.09804976230639,13042
"Gender agreement","Ungrammatical","midline","midline posterior",NA,"posterior",64,-1.05963747891428,13042
"Gender agreement","Ungrammatical","midline","midline posterior",NA,"posterior",66,-1.02943214230946,13042
"Gender agreement","Ungrammatical","midline","midline posterior",NA,"posterior",68,-1.00557437509584,13042
"Gender agreement","Ungrammatical","midline","midline posterior",NA,"posterior",70,-0.985726268977151,13042
"Gender agreement","Ungrammatical","midline","midline posterior",NA,"posterior",72,-0.969109109032357,13042
"Gender agreement","Ungrammatical","midline","midline posterior",NA,"posterior",74,-0.956800644072995,13042
"Gender agreement","Ungrammatical","midline","midline posterior",NA,"posterior",76,-0.949974083729489,13042
"Gender agreement","Ungrammatical","midline","midline posterior",NA,"posterior",78,-0.948645376476001,13042
"Gender agreement","Ungrammatical","midline","midline posterior",NA,"posterior",80,-0.952527219751572,13042
"Gender agreement","Ungrammatical","midline","midline posterior",NA,"posterior",82,-0.962549915657108,13042
"Gender agreement","Ungrammatical","midline","midline posterior",NA,"posterior",84,-0.981235086643153,13042
"Gender agreement","Ungrammatical","midline","midline posterior",NA,"posterior",86,-1.01192531820273,13042
"Gender agreement","Ungrammatical","midline","midline posterior",NA,"posterior",88,-1.05803994786076,13042
"Gender agreement","Ungrammatical","midline","midline posterior",NA,"posterior",90,-1.1225621070388,13042
"Gender agreement","Ungrammatical","midline","midline posterior",NA,"posterior",92,-1.20739457138476,13042
"Gender agreement","Ungrammatical","midline","midline posterior",NA,"posterior",94,-1.31295529826714,13042
"Gender agreement","Ungrammatical","midline","midline posterior",NA,"posterior",96,-1.43841926084956,13042
"Gender agreement","Ungrammatical","midline","midline posterior",NA,"posterior",98,-1.58231965956142,13042
"Gender agreement","Ungrammatical","midline","midline posterior",NA,"posterior",100,-1.74267458978684,13042
"Gender agreement","Ungrammatical","midline","midline posterior",NA,"posterior",102,-1.91665089710167,13042
"Gender agreement","Ungrammatical","midline","midline posterior",NA,"posterior",104,-2.10046856310382,13042
"Gender agreement","Ungrammatical","midline","midline posterior",NA,"posterior",106,-2.28949685631038,13042
"Gender agreement","Ungrammatical","midline","midline posterior",NA,"posterior",108,-2.47829711700659,13042
"Gender agreement","Ungrammatical","midline","midline posterior",NA,"posterior",110,-2.660681720595,13042
"Gender agreement","Ungrammatical","midline","midline posterior",NA,"posterior",112,-2.83031889280785,13042
"Gender agreement","Ungrammatical","midline","midline posterior",NA,"posterior",114,-2.98188529366662,13042
"Gender agreement","Ungrammatical","midline","midline posterior",NA,"posterior",116,-3.11209914123601,13042
"Gender agreement","Ungrammatical","midline","midline posterior",NA,"posterior",118,-3.21974574451771,13042
"Gender agreement","Ungrammatical","midline","midline posterior",NA,"posterior",120,-3.3043382149977,13042
"Gender agreement","Ungrammatical","midline","midline posterior",NA,"posterior",122,-3.36504845882533,13042
"Gender agreement","Ungrammatical","midline","midline posterior",NA,"posterior",124,-3.40078124520779,13042
"Gender agreement","Ungrammatical","midline","midline posterior",NA,"posterior",126,-3.41092769513878,13042
"Gender agreement","Ungrammatical","midline","midline posterior",NA,"posterior",128,-3.39632962735777,13042
"Gender agreement","Ungrammatical","midline","midline posterior",NA,"posterior",130,-3.35983537800951,13042
"Gender agreement","Ungrammatical","midline","midline posterior",NA,"posterior",132,-3.30559760772888,13042
"Gender agreement","Ungrammatical","midline","midline posterior",NA,"posterior",134,-3.23759829780708,13042
"Gender agreement","Ungrammatical","midline","midline posterior",NA,"posterior",136,-3.15851548842202,13042
"Gender agreement","Ungrammatical","midline","midline posterior",NA,"posterior",138,-3.06910742217451,13042
"Gender agreement","Ungrammatical","midline","midline posterior",NA,"posterior",140,-2.96837271890814,13042
"Gender agreement","Ungrammatical","midline","midline posterior",NA,"posterior",142,-2.85477273424321,13042
"Gender agreement","Ungrammatical","midline","midline posterior",NA,"posterior",144,-2.72758771660788,13042
"Gender agreement","Ungrammatical","midline","midline posterior",NA,"posterior",146,-2.58743267903696,13042
"Gender agreement","Ungrammatical","midline","midline posterior",NA,"posterior",148,-2.43567098604509,13042
"Gender agreement","Ungrammatical","midline","midline posterior",NA,"posterior",150,-2.27351326483668,13042
"Gender agreement","Ungrammatical","midline","midline posterior",NA,"posterior",152,-2.10160933905843,13042
"Gender agreement","Ungrammatical","midline","midline posterior",NA,"posterior",154,-1.9201441496703,13042
"Gender agreement","Ungrammatical","midline","midline posterior",NA,"posterior",156,-1.72891358687318,13042
"Gender agreement","Ungrammatical","midline","midline posterior",NA,"posterior",158,-1.52754316822573,13042
"Gender agreement","Ungrammatical","midline","midline posterior",NA,"posterior",160,-1.31613379849716,13042
"Gender agreement","Ungrammatical","midline","midline posterior",NA,"posterior",162,-1.09562889127434,13042
"Gender agreement","Ungrammatical","midline","midline posterior",NA,"posterior",164,-0.867722205183254,13042
"Gender agreement","Ungrammatical","midline","midline posterior",NA,"posterior",166,-0.634779098297807,13042
"Gender agreement","Ungrammatical","midline","midline posterior",NA,"posterior",168,-0.399814982364668,13042
"Gender agreement","Ungrammatical","midline","midline posterior",NA,"posterior",170,-0.166602668302408,13042
"Gender agreement","Ungrammatical","midline","midline posterior",NA,"posterior",172,0.060133798497163,13042
"Gender agreement","Ungrammatical","midline","midline posterior",NA,"posterior",174,0.274878699585953,13042
"Gender agreement","Ungrammatical","midline","midline posterior",NA,"posterior",176,0.472717911363288,13042
"Gender agreement","Ungrammatical","midline","midline posterior",NA,"posterior",178,0.651119153504064,13042
"Gender agreement","Ungrammatical","midline","midline posterior",NA,"posterior",180,0.810112099371262,13042
"Gender agreement","Ungrammatical","midline","midline posterior",NA,"posterior",182,0.95133599141236,13042
"Gender agreement","Ungrammatical","midline","midline posterior",NA,"posterior",184,1.07684327557123,13042
"Gender agreement","Ungrammatical","midline","midline posterior",NA,"posterior",186,1.18847163011808,13042
"Gender agreement","Ungrammatical","midline","midline posterior",NA,"posterior",188,1.28740300567398,13042
"Gender agreement","Ungrammatical","midline","midline posterior",NA,"posterior",190,1.37424298420488,13042
"Gender agreement","Ungrammatical","midline","midline posterior",NA,"posterior",192,1.44996587946634,13042
"Gender agreement","Ungrammatical","midline","midline posterior",NA,"posterior",194,1.51640453918111,13042
"Gender agreement","Ungrammatical","midline","midline posterior",NA,"posterior",196,1.57541910749885,13042
"Gender agreement","Ungrammatical","midline","midline posterior",NA,"posterior",198,1.62794149670296,13042
"Gender agreement","Ungrammatical","midline","midline posterior",NA,"posterior",200,1.67424589786843,13042
"Gender agreement","Ungrammatical","midline","midline posterior",NA,"posterior",202,1.71432602361601,13042
"Gender agreement","Ungrammatical","midline","midline posterior",NA,"posterior",204,1.74782556356387,13042
"Gender agreement","Ungrammatical","midline","midline posterior",NA,"posterior",206,1.77473163625211,13042
"Gender agreement","Ungrammatical","midline","midline posterior",NA,"posterior",208,1.79666508204263,13042
"Gender agreement","Ungrammatical","midline","midline posterior",NA,"posterior",210,1.81697991105659,13042
"Gender agreement","Ungrammatical","midline","midline posterior",NA,"posterior",212,1.83951625517559,13042
"Gender agreement","Ungrammatical","midline","midline posterior",NA,"posterior",214,1.86762996472934,13042
"Gender agreement","Ungrammatical","midline","midline posterior",NA,"posterior",216,1.90381728262536,13042
"Gender agreement","Ungrammatical","midline","midline posterior",NA,"posterior",218,1.94969130501457,13042
"Gender agreement","Ungrammatical","midline","midline posterior",NA,"posterior",220,2.00611777334765,13042
"Gender agreement","Ungrammatical","midline","midline posterior",NA,"posterior",222,2.07320380309768,13042
"Gender agreement","Ungrammatical","midline","midline posterior",NA,"posterior",224,2.14994632725042,13042
"Gender agreement","Ungrammatical","midline","midline posterior",NA,"posterior",226,2.23414115933139,13042
"Gender agreement","Ungrammatical","midline","midline posterior",NA,"posterior",228,2.32338889740837,13042
"Gender agreement","Ungrammatical","midline","midline posterior",NA,"posterior",230,2.41596388590707,13042
"Gender agreement","Ungrammatical","midline","midline posterior",NA,"posterior",232,2.51051686857844,13042
"Gender agreement","Ungrammatical","midline","midline posterior",NA,"posterior",234,2.60538981751265,13042
"Gender agreement","Ungrammatical","midline","midline posterior",NA,"posterior",236,2.69895713847569,13042
"Gender agreement","Ungrammatical","midline","midline posterior",NA,"posterior",238,2.79010834227879,13042
"Gender agreement","Ungrammatical","midline","midline posterior",NA,"posterior",240,2.87804815212391,13042
"Gender agreement","Ungrammatical","midline","midline posterior",NA,"posterior",242,2.96155973010275,13042
"Gender agreement","Ungrammatical","midline","midline posterior",NA,"posterior",244,3.03857644533047,13042
"Gender agreement","Ungrammatical","midline","midline posterior",NA,"posterior",246,3.10643037877626,13042
"Gender agreement","Ungrammatical","midline","midline posterior",NA,"posterior",248,3.16287356233706,13042
"Gender agreement","Ungrammatical","midline","midline posterior",NA,"posterior",250,3.20707345499157,13042
"Gender agreement","Ungrammatical","midline","midline posterior",NA,"posterior",252,3.23967274957829,13042
"Gender agreement","Ungrammatical","midline","midline posterior",NA,"posterior",254,3.2624033123754,13042
"Gender agreement","Ungrammatical","midline","midline posterior",NA,"posterior",256,3.27727250421714,13042
"Gender agreement","Ungrammatical","midline","midline posterior",NA,"posterior",258,3.28516807238154,13042
"Gender agreement","Ungrammatical","midline","midline posterior",NA,"posterior",260,3.28502921331084,13042
"Gender agreement","Ungrammatical","midline","midline posterior",NA,"posterior",262,3.2751183867505,13042
"Gender agreement","Ungrammatical","midline","midline posterior",NA,"posterior",264,3.25467834687931,13042
"Gender agreement","Ungrammatical","midline","midline posterior",NA,"posterior",266,3.22414913356847,13042
"Gender agreement","Ungrammatical","midline","midline posterior",NA,"posterior",268,3.18467842355467,13042
"Gender agreement","Ungrammatical","midline","midline posterior",NA,"posterior",270,3.13803971783469,13042
"Gender agreement","Ungrammatical","midline","midline posterior",NA,"posterior",272,3.0864876552676,13042
"Gender agreement","Ungrammatical","midline","midline posterior",NA,"posterior",274,3.03181528906609,13042
"Gender agreement","Ungrammatical","midline","midline posterior",NA,"posterior",276,2.97431605581966,13042
"Gender agreement","Ungrammatical","midline","midline posterior",NA,"posterior",278,2.91282801717528,13042
"Gender agreement","Ungrammatical","midline","midline posterior",NA,"posterior",280,2.84588736390124,13042
"Gender agreement","Ungrammatical","midline","midline posterior",NA,"posterior",282,2.77285362674436,13042
"Gender agreement","Ungrammatical","midline","midline posterior",NA,"posterior",284,2.69400782088637,13042
"Gender agreement","Ungrammatical","midline","midline posterior",NA,"posterior",286,2.6103106885447,13042
"Gender agreement","Ungrammatical","midline","midline posterior",NA,"posterior",288,2.52351771200736,13042
"Gender agreement","Ungrammatical","midline","midline posterior",NA,"posterior",290,2.43575923938046,13042
"Gender agreement","Ungrammatical","midline","midline posterior",NA,"posterior",292,2.34857759546082,13042
"Gender agreement","Ungrammatical","midline","midline posterior",NA,"posterior",294,2.26289541481368,13042
"Gender agreement","Ungrammatical","midline","midline posterior",NA,"posterior",296,2.1794876552676,13042
"Gender agreement","Ungrammatical","midline","midline posterior",NA,"posterior",298,2.09873915043705,13042
"Gender agreement","Ungrammatical","midline","midline posterior",NA,"posterior",300,2.01993536267444,13042
"Gender agreement","Ungrammatical","midline","midline posterior",NA,"posterior",302,1.9418932679037,13042
"Gender agreement","Ungrammatical","midline","midline posterior",NA,"posterior",304,1.86454753872106,13042
"Gender agreement","Ungrammatical","midline","midline posterior",NA,"posterior",306,1.78950030670143,13042
"Gender agreement","Ungrammatical","midline","midline posterior",NA,"posterior",308,1.71903182027296,13042
"Gender agreement","Ungrammatical","midline","midline posterior",NA,"posterior",310,1.65510274497776,13042
"Gender agreement","Ungrammatical","midline","midline posterior",NA,"posterior",312,1.5991130961509,13042
"Gender agreement","Ungrammatical","midline","midline posterior",NA,"posterior",314,1.55196166232173,13042
"Gender agreement","Ungrammatical","midline","midline posterior",NA,"posterior",316,1.51436558809998,13042
"Gender agreement","Ungrammatical","midline","midline posterior",NA,"posterior",318,1.48681728262536,13042
"Gender agreement","Ungrammatical","midline","midline posterior",NA,"posterior",320,1.46905244594387,13042
"Gender agreement","Ungrammatical","midline","midline posterior",NA,"posterior",322,1.4598048612176,13042
"Gender agreement","Ungrammatical","midline","midline posterior",NA,"posterior",324,1.45763272504217,13042
"Gender agreement","Ungrammatical","midline","midline posterior",NA,"posterior",326,1.46191251341819,13042
"Gender agreement","Ungrammatical","midline","midline posterior",NA,"posterior",328,1.47285930072075,13042
"Gender agreement","Ungrammatical","midline","midline posterior",NA,"posterior",330,1.49068555436283,13042
"Gender agreement","Ungrammatical","midline","midline posterior",NA,"posterior",332,1.51493620610336,13042
"Gender agreement","Ungrammatical","midline","midline posterior",NA,"posterior",334,1.54426560343506,13042
"Gender agreement","Ungrammatical","midline","midline posterior",NA,"posterior",336,1.57642140775955,13042
"Gender agreement","Ungrammatical","midline","midline posterior",NA,"posterior",338,1.60870656341052,13042
"Gender agreement","Ungrammatical","midline","midline posterior",NA,"posterior",340,1.63961769667229,13042
"Gender agreement","Ungrammatical","midline","midline posterior",NA,"posterior",342,1.66948136788836,13042
"Gender agreement","Ungrammatical","midline","midline posterior",NA,"posterior",344,1.69920073608342,13042
"Gender agreement","Ungrammatical","midline","midline posterior",NA,"posterior",346,1.72840277564791,13042
"Gender agreement","Ungrammatical","midline","midline posterior",NA,"posterior",348,1.75558886673823,13042
"Gender agreement","Ungrammatical","midline","midline posterior",NA,"posterior",350,1.77908917343966,13042
"Gender agreement","Ungrammatical","midline","midline posterior",NA,"posterior",352,1.79728661248275,13042
"Gender agreement","Ungrammatical","midline","midline posterior",NA,"posterior",354,1.80867152277258,13042
"Gender agreement","Ungrammatical","midline","midline posterior",NA,"posterior",356,1.81248696518939,13042
"Gender agreement","Ungrammatical","midline","midline posterior",NA,"posterior",358,1.80935807391504,13042
"Gender agreement","Ungrammatical","midline","midline posterior",NA,"posterior",360,1.80073738690385,13042
"Gender agreement","Ungrammatical","midline","midline posterior",NA,"posterior",362,1.78814690998313,13042
"Gender agreement","Ungrammatical","midline","midline posterior",NA,"posterior",364,1.77286390124214,13042
"Gender agreement","Ungrammatical","midline","midline posterior",NA,"posterior",366,1.75582019628891,13042
"Gender agreement","Ungrammatical","midline","midline posterior",NA,"posterior",368,1.73727411439963,13042
"Gender agreement","Ungrammatical","midline","midline posterior",NA,"posterior",370,1.71688406686091,13042
"Gender agreement","Ungrammatical","midline","midline posterior",NA,"posterior",372,1.69406586413127,13042
"Gender agreement","Ungrammatical","midline","midline posterior",NA,"posterior",374,1.66844648060113,13042
"Gender agreement","Ungrammatical","midline","midline posterior",NA,"posterior",376,1.63985124980831,13042
"Gender agreement","Ungrammatical","midline","midline posterior",NA,"posterior",378,1.60833315442417,13042
"Gender agreement","Ungrammatical","midline","midline posterior",NA,"posterior",380,1.57417596994326,13042
"Gender agreement","Ungrammatical","midline","midline posterior",NA,"posterior",382,1.53812682103972,13042
"Gender agreement","Ungrammatical","midline","midline posterior",NA,"posterior",384,1.5016360220825,13042
"Gender agreement","Ungrammatical","midline","midline posterior",NA,"posterior",386,1.46600391044318,13042
"Gender agreement","Ungrammatical","midline","midline posterior",NA,"posterior",388,1.43110044471707,13042
"Gender agreement","Ungrammatical","midline","midline posterior",NA,"posterior",390,1.39537954301487,13042
"Gender agreement","Ungrammatical","midline","midline posterior",NA,"posterior",392,1.35757713540868,13042
"Gender agreement","Ungrammatical","midline","midline posterior",NA,"posterior",394,1.31848313142156,13042
"Gender agreement","Ungrammatical","midline","midline posterior",NA,"posterior",396,1.28073347646067,13042
"Gender agreement","Ungrammatical","midline","midline posterior",NA,"posterior",398,1.24689196442263,13042
"Gender agreement","Ungrammatical","midline","midline posterior",NA,"posterior",400,1.21820418647447,13042
"Gender agreement","Ungrammatical","midline","midline posterior",NA,"posterior",402,1.19507767213618,13042
"Gender agreement","Ungrammatical","midline","midline posterior",NA,"posterior",404,1.17788452691305,13042
"Gender agreement","Ungrammatical","midline","midline posterior",NA,"posterior",406,1.16693758625978,13042
"Gender agreement","Ungrammatical","midline","midline posterior",NA,"posterior",408,1.16197960435516,13042
"Gender agreement","Ungrammatical","midline","midline posterior",NA,"posterior",410,1.16201556509738,13042
"Gender agreement","Ungrammatical","midline","midline posterior",NA,"posterior",412,1.16582740377243,13042
"Gender agreement","Ungrammatical","midline","midline posterior",NA,"posterior",414,1.17312413740224,13042
"Gender agreement","Ungrammatical","midline","midline posterior",NA,"posterior",416,1.18496779635025,13042
"Gender agreement","Ungrammatical","midline","midline posterior",NA,"posterior",418,1.20278553902776,13042
"Gender agreement","Ungrammatical","midline","midline posterior",NA,"posterior",420,1.22717159944794,13042
"Gender agreement","Ungrammatical","midline","midline posterior",NA,"posterior",422,1.25760458518632,13042
"Gender agreement","Ungrammatical","midline","midline posterior",NA,"posterior",424,1.29286321116393,13042
"Gender agreement","Ungrammatical","midline","midline posterior",NA,"posterior",426,1.33121768133722,13042
"Gender agreement","Ungrammatical","midline","midline posterior",NA,"posterior",428,1.37039311455298,13042
"Gender agreement","Ungrammatical","midline","midline posterior",NA,"posterior",430,1.40789602821653,13042
"Gender agreement","Ungrammatical","midline","midline posterior",NA,"posterior",432,1.44205788989419,13042
"Gender agreement","Ungrammatical","midline","midline posterior",NA,"posterior",434,1.47298037110873,13042
"Gender agreement","Ungrammatical","midline","midline posterior",NA,"posterior",436,1.50228500230026,13042
"Gender agreement","Ungrammatical","midline","midline posterior",NA,"posterior",438,1.53203059346726,13042
"Gender agreement","Ungrammatical","midline","midline posterior",NA,"posterior",440,1.56396564944027,13042
"Gender agreement","Ungrammatical","midline","midline posterior",NA,"posterior",442,1.59942654500843,13042
"Gender agreement","Ungrammatical","midline","midline posterior",NA,"posterior",444,1.63898106118693,13042
"Gender agreement","Ungrammatical","midline","midline posterior",NA,"posterior",446,1.68122542554823,13042
"Gender agreement","Ungrammatical","midline","midline posterior",NA,"posterior",448,1.72240714614323,13042
"Gender agreement","Ungrammatical","midline","midline posterior",NA,"posterior",450,1.75799700966109,13042
"Gender agreement","Ungrammatical","midline","midline posterior",NA,"posterior",452,1.7850216991259,13042
"Gender agreement","Ungrammatical","midline","midline posterior",NA,"posterior",454,1.8031143229566,13042
"Gender agreement","Ungrammatical","midline","midline posterior",NA,"posterior",456,1.81422396871645,13042
"Gender agreement","Ungrammatical","midline","midline posterior",NA,"posterior",458,1.8214578285539,13042
"Gender agreement","Ungrammatical","midline","midline posterior",NA,"posterior",460,1.82775463885907,13042
"Gender agreement","Ungrammatical","midline","midline posterior",NA,"posterior",462,1.83473255635639,13042
"Gender agreement","Ungrammatical","midline","midline posterior",NA,"posterior",464,1.84259584419568,13042
"Gender agreement","Ungrammatical","midline","midline posterior",NA,"posterior",466,1.8508932679037,13042
"Gender agreement","Ungrammatical","midline","midline posterior",NA,"posterior",468,1.85943244901089,13042
"Gender agreement","Ungrammatical","midline","midline posterior",NA,"posterior",470,1.86925333537801,13042
"Gender agreement","Ungrammatical","midline","midline posterior",NA,"posterior",472,1.88274635792056,13042
"Gender agreement","Ungrammatical","midline","midline posterior",NA,"posterior",474,1.9023376782702,13042
"Gender agreement","Ungrammatical","midline","midline posterior",NA,"posterior",476,1.92859132034964,13042
"Gender agreement","Ungrammatical","midline","midline posterior",NA,"posterior",478,1.95946917650667,13042
"Gender agreement","Ungrammatical","midline","midline posterior",NA,"posterior",480,1.99122726575679,13042
"Gender agreement","Ungrammatical","midline","midline posterior",NA,"posterior",482,2.02027373102285,13042
"Gender agreement","Ungrammatical","midline","midline posterior",NA,"posterior",484,2.04473807698206,13042
"Gender agreement","Ungrammatical","midline","midline posterior",NA,"posterior",486,2.06460910903236,13042
"Gender agreement","Ungrammatical","midline","midline posterior",NA,"posterior",488,2.08097577058733,13042
"Gender agreement","Ungrammatical","midline","midline posterior",NA,"posterior",490,2.0950557429842,13042
"Gender agreement","Ungrammatical","midline","midline posterior",NA,"posterior",492,2.10747393037878,13042
"Gender agreement","Ungrammatical","midline","midline posterior",NA,"posterior",494,2.11813402852323,13042
"Gender agreement","Ungrammatical","midline","midline posterior",NA,"posterior",496,2.1269484741604,13042
"Gender agreement","Ungrammatical","midline","midline posterior",NA,"posterior",498,2.13495775187855,13042
"Gender agreement","Ungrammatical","midline","midline posterior",NA,"posterior",500,2.14435508357614,13042
"Gender agreement","Ungrammatical","midline","midline posterior",NA,"posterior",502,2.15752744977764,13042
"Gender agreement","Ungrammatical","midline","midline posterior",NA,"posterior",504,2.17614368961816,13042
"Gender agreement","Ungrammatical","midline","midline posterior",NA,"posterior",506,2.20110358840669,13042
"Gender agreement","Ungrammatical","midline","midline posterior",NA,"posterior",508,2.23239533813832,13042
"Gender agreement","Ungrammatical","midline","midline posterior",NA,"posterior",510,2.26875103511731,13042
"Gender agreement","Ungrammatical","midline","midline posterior",NA,"posterior",512,2.30755996012881,13042
"Gender agreement","Ungrammatical","midline","midline posterior",NA,"posterior",514,2.34562528753259,13042
"Gender agreement","Ungrammatical","midline","midline posterior",NA,"posterior",516,2.38003235700046,13042
"Gender agreement","Ungrammatical","midline","midline posterior",NA,"posterior",518,2.40873884373562,13042
"Gender agreement","Ungrammatical","midline","midline posterior",NA,"posterior",520,2.43093796963656,13042
"Gender agreement","Ungrammatical","midline","midline posterior",NA,"posterior",522,2.44738736390124,13042
"Gender agreement","Ungrammatical","midline","midline posterior",NA,"posterior",524,2.46006003680417,13042
"Gender agreement","Ungrammatical","midline","midline posterior",NA,"posterior",526,2.47101955221592,13042
"Gender agreement","Ungrammatical","midline","midline posterior",NA,"posterior",528,2.48089886520472,13042
"Gender agreement","Ungrammatical","midline","midline posterior",NA,"posterior",530,2.4883376782702,13042
"Gender agreement","Ungrammatical","midline","midline posterior",NA,"posterior",532,2.49102376936053,13042
"Gender agreement","Ungrammatical","midline","midline posterior",NA,"posterior",534,2.48764100598068,13042
"Gender agreement","Ungrammatical","midline","midline posterior",NA,"posterior",536,2.47893336911517,13042
"Gender agreement","Ungrammatical","midline","midline posterior",NA,"posterior",538,2.46739993865971,13042
"Gender agreement","Ungrammatical","midline","midline posterior",NA,"posterior",540,2.45579980064407,13042
"Gender agreement","Ungrammatical","midline","midline posterior",NA,"posterior",542,2.44565036037418,13042
"Gender agreement","Ungrammatical","midline","midline posterior",NA,"posterior",544,2.4371577212084,13042
"Gender agreement","Ungrammatical","midline","midline posterior",NA,"posterior",546,2.43039311455298,13042
"Gender agreement","Ungrammatical","midline","midline posterior",NA,"posterior",548,2.42596472933599,13042
"Gender agreement","Ungrammatical","midline","midline posterior",NA,"posterior",550,2.42443681950621,13042
"Gender agreement","Ungrammatical","midline","midline posterior",NA,"posterior",552,2.42550069007821,13042
"Gender agreement","Ungrammatical","midline","midline posterior",NA,"posterior",554,2.42831467566324,13042
"Gender agreement","Ungrammatical","midline","midline posterior",NA,"posterior",556,2.43246403925778,13042
"Gender agreement","Ungrammatical","midline","midline posterior",NA,"posterior",558,2.43828185861064,13042
"Gender agreement","Ungrammatical","midline","midline posterior",NA,"posterior",560,2.44588751725196,13042
"Gender agreement","Ungrammatical","midline","midline posterior",NA,"posterior",562,2.45407330164085,13042
"Gender agreement","Ungrammatical","midline","midline posterior",NA,"posterior",564,2.46104431835608,13042
"Gender agreement","Ungrammatical","midline","midline posterior",NA,"posterior",566,2.46610657874559,13042
"Gender agreement","Ungrammatical","midline","midline posterior",NA,"posterior",568,2.47012889127434,13042
"Gender agreement","Ungrammatical","midline","midline posterior",NA,"posterior",570,2.47483882840055,13042
"Gender agreement","Ungrammatical","midline","midline posterior",NA,"posterior",572,2.48243321576445,13042
"Gender agreement","Ungrammatical","midline","midline posterior",NA,"posterior",574,2.49537317896028,13042
"Gender agreement","Ungrammatical","midline","midline posterior",NA,"posterior",576,2.51563410519859,13042
"Gender agreement","Ungrammatical","midline","midline posterior",NA,"posterior",578,2.54341642386137,13042
"Gender agreement","Ungrammatical","midline","midline posterior",NA,"posterior",580,2.5766946020549,13042
"Gender agreement","Ungrammatical","midline","midline posterior",NA,"posterior",582,2.61213793896642,13042
"Gender agreement","Ungrammatical","midline","midline posterior",NA,"posterior",584,2.64727833154424,13042
"Gender agreement","Ungrammatical","midline","midline posterior",NA,"posterior",586,2.68181973623677,13042
"Gender agreement","Ungrammatical","midline","midline posterior",NA,"posterior",588,2.71710343505597,13042
"Gender agreement","Ungrammatical","midline","midline posterior",NA,"posterior",590,2.75492393804631,13042
"Gender agreement","Ungrammatical","midline","midline posterior",NA,"posterior",592,2.79691166998927,13042
"Gender agreement","Ungrammatical","midline","midline posterior",NA,"posterior",594,2.84424022389204,13042
"Gender agreement","Ungrammatical","midline","midline posterior",NA,"posterior",596,2.89665480754486,13042
"Gender agreement","Ungrammatical","midline","midline posterior",NA,"posterior",598,2.95167666002147,13042
"Gender agreement","Ungrammatical","midline","midline posterior",NA,"posterior",600,3.00535094310689,13042
"Gender agreement","Ungrammatical","midline","midline posterior",NA,"posterior",602,3.05366546541941,13042
"Gender agreement","Ungrammatical","midline","midline posterior",NA,"posterior",604,3.09374536114093,13042
"Gender agreement","Ungrammatical","midline","midline posterior",NA,"posterior",606,3.12459768440423,13042
"Gender agreement","Ungrammatical","midline","midline posterior",NA,"posterior",608,3.14712160711547,13042
"Gender agreement","Ungrammatical","midline","midline posterior",NA,"posterior",610,3.16343298573838,13042
"Gender agreement","Ungrammatical","midline","midline posterior",NA,"posterior",612,3.17600184020856,13042
"Gender agreement","Ungrammatical","midline","midline posterior",NA,"posterior",614,3.18704738537034,13042
"Gender agreement","Ungrammatical","midline","midline posterior",NA,"posterior",616,3.19803396718295,13042
"Gender agreement","Ungrammatical","midline","midline posterior",NA,"posterior",618,3.20974390430916,13042
"Gender agreement","Ungrammatical","midline","midline posterior",NA,"posterior",620,3.22294709400399,13042
"Gender agreement","Ungrammatical","midline","midline posterior",NA,"posterior",622,3.238553979451,13042
"Gender agreement","Ungrammatical","midline","midline posterior",NA,"posterior",624,3.25689480141083,13042
"Gender agreement","Ungrammatical","midline","midline posterior",NA,"posterior",626,3.2767104738537,13042
"Gender agreement","Ungrammatical","midline","midline posterior",NA,"posterior",628,3.29490047538721,13042
"Gender agreement","Ungrammatical","midline","midline posterior",NA,"posterior",630,3.30818294740071,13042
"Gender agreement","Ungrammatical","midline","midline posterior",NA,"posterior",632,3.314972473547,13042
"Gender agreement","Ungrammatical","midline","midline posterior",NA,"posterior",634,3.31525985278332,13042
"Gender agreement","Ungrammatical","midline","midline posterior",NA,"posterior",636,3.30912344732403,13042
"Gender agreement","Ungrammatical","midline","midline posterior",NA,"posterior",638,3.29660857230486,13042
"Gender agreement","Ungrammatical","midline","midline posterior",NA,"posterior",640,3.2786804937893,13042
"Gender agreement","Ungrammatical","midline","midline posterior",NA,"posterior",642,3.2575522159178,13042
"Gender agreement","Ungrammatical","midline","midline posterior",NA,"posterior",644,3.23586543474927,13042
"Gender agreement","Ungrammatical","midline","midline posterior",NA,"posterior",646,3.21626476000613,13042
"Gender agreement","Ungrammatical","midline","midline posterior",NA,"posterior",648,3.20158142922865,13042
"Gender agreement","Ungrammatical","midline","midline posterior",NA,"posterior",650,3.19400866431529,13042
"Gender agreement","Ungrammatical","midline","midline posterior",NA,"posterior",652,3.19342669835915,13042
"Gender agreement","Ungrammatical","midline","midline posterior",NA,"posterior",654,3.19755190921638,13042
"Gender agreement","Ungrammatical","midline","midline posterior",NA,"posterior",656,3.20401725195522,13042
"Gender agreement","Ungrammatical","midline","midline posterior",NA,"posterior",658,3.21189832847723,13042
"Gender agreement","Ungrammatical","midline","midline posterior",NA,"posterior",660,3.22094556049686,13042
"Gender agreement","Ungrammatical","midline","midline posterior",NA,"posterior",662,3.22971561110259,13042
"Gender agreement","Ungrammatical","midline","midline posterior",NA,"posterior",664,3.23509883453458,13042
"Gender agreement","Ungrammatical","midline","midline posterior",NA,"posterior",666,3.23380225425548,13042
"Gender agreement","Ungrammatical","midline","midline posterior",NA,"posterior",668,3.22440998313142,13042
"Gender agreement","Ungrammatical","midline","midline posterior",NA,"posterior",670,3.20844287685938,13042
"Gender agreement","Ungrammatical","midline","midline posterior",NA,"posterior",672,3.18932287992639,13042
"Gender agreement","Ungrammatical","midline","midline posterior",NA,"posterior",674,3.17037678270204,13042
"Gender agreement","Ungrammatical","midline","midline posterior",NA,"posterior",676,3.1535381076522,13042
"Gender agreement","Ungrammatical","midline","midline posterior",NA,"posterior",678,3.1392960435516,13042
"Gender agreement","Ungrammatical","midline","midline posterior",NA,"posterior",680,3.12700383376783,13042
"Gender agreement","Ungrammatical","midline","midline posterior",NA,"posterior",682,3.11494617389971,13042
"Gender agreement","Ungrammatical","midline","midline posterior",NA,"posterior",684,3.10113809231713,13042
"Gender agreement","Ungrammatical","midline","midline posterior",NA,"posterior",686,3.08435094310689,13042
"Gender agreement","Ungrammatical","midline","midline posterior",NA,"posterior",688,3.06438076982058,13042
"Gender agreement","Ungrammatical","midline","midline posterior",NA,"posterior",690,3.0417567090937,13042
"Gender agreement","Ungrammatical","midline","midline posterior",NA,"posterior",692,3.01798374482441,13042
"Gender agreement","Ungrammatical","midline","midline posterior",NA,"posterior",694,2.99565718448091,13042
"Gender agreement","Ungrammatical","midline","midline posterior",NA,"posterior",696,2.97739717834688,13042
"Gender agreement","Ungrammatical","midline","midline posterior",NA,"posterior",698,2.96453948780862,13042
"Gender agreement","Ungrammatical","midline","midline posterior",NA,"posterior",700,2.95679665695446,13042
"Gender agreement","Ungrammatical","midline","midline posterior",NA,"posterior",702,2.9529038491029,13042
"Gender agreement","Ungrammatical","midline","midline posterior",NA,"posterior",704,2.95146051219138,13042
"Gender agreement","Ungrammatical","midline","midline posterior",NA,"posterior",706,2.95081873945714,13042
"Gender agreement","Ungrammatical","midline","midline posterior",NA,"posterior",708,2.94861570311302,13042
"Gender agreement","Ungrammatical","midline","midline posterior",NA,"posterior",710,2.9423581505904,13042
"Gender agreement","Ungrammatical","midline","midline posterior",NA,"posterior",712,2.93055459285386,13042
"Gender agreement","Ungrammatical","midline","midline posterior",NA,"posterior",714,2.91331498236467,13042
"Gender agreement","Ungrammatical","midline","midline posterior",NA,"posterior",716,2.89189020088943,13042
"Gender agreement","Ungrammatical","midline","midline posterior",NA,"posterior",718,2.86757813218831,13042
"Gender agreement","Ungrammatical","midline","midline posterior",NA,"posterior",720,2.84108533967183,13042
"Gender agreement","Ungrammatical","midline","midline posterior",NA,"posterior",722,2.81287946633952,13042
"Gender agreement","Ungrammatical","midline","midline posterior",NA,"posterior",724,2.78357790216225,13042
"Gender agreement","Ungrammatical","midline","midline posterior",NA,"posterior",726,2.75374375095844,13042
"Gender agreement","Ungrammatical","midline","midline posterior",NA,"posterior",728,2.72374904155804,13042
"Gender agreement","Ungrammatical","midline","midline posterior",NA,"posterior",730,2.69392524152737,13042
"Gender agreement","Ungrammatical","midline","midline posterior",NA,"posterior",732,2.66452637632265,13042
"Gender agreement","Ungrammatical","midline","midline posterior",NA,"posterior",734,2.63574405765987,13042
"Gender agreement","Ungrammatical","midline","midline posterior",NA,"posterior",736,2.60797745744518,13042
"Gender agreement","Ungrammatical","midline","midline posterior",NA,"posterior",738,2.58180493789296,13042
"Gender agreement","Ungrammatical","midline","midline posterior",NA,"posterior",740,2.5577766446864,13042
"Gender agreement","Ungrammatical","midline","midline posterior",NA,"posterior",742,2.5364987731943,13042
"Gender agreement","Ungrammatical","midline","midline posterior",NA,"posterior",744,2.51889388130655,13042
"Gender agreement","Ungrammatical","midline","midline posterior",NA,"posterior",746,2.50598987885294,13042
"Gender agreement","Ungrammatical","midline","midline posterior",NA,"posterior",748,2.49830953841435,13042
"Gender agreement","Ungrammatical","midline","midline posterior",NA,"posterior",750,2.49531850943107,13042
"Gender agreement","Ungrammatical","midline","midline posterior",NA,"posterior",752,2.49529105965343,13042
"Gender agreement","Ungrammatical","midline","midline posterior",NA,"posterior",754,2.49561140929305,13042
"Gender agreement","Ungrammatical","midline","midline posterior",NA,"posterior",756,2.49323662015028,13042
"Gender agreement","Ungrammatical","midline","midline posterior",NA,"posterior",758,2.48558725655574,13042
"Gender agreement","Ungrammatical","midline","midline posterior",NA,"posterior",760,2.47161531973624,13042
"Gender agreement","Ungrammatical","midline","midline posterior",NA,"posterior",762,2.45202330930839,13042
"Gender agreement","Ungrammatical","midline","midline posterior",NA,"posterior",764,2.42848719521546,13042
"Gender agreement","Ungrammatical","midline","midline posterior",NA,"posterior",766,2.40254224812145,13042
"Gender agreement","Ungrammatical","midline","midline posterior",NA,"posterior",768,2.37530179420334,13042
"Gender agreement","Ungrammatical","midline","midline posterior",NA,"posterior",770,2.34744694065327,13042
"Gender agreement","Ungrammatical","midline","midline posterior",NA,"posterior",772,2.31925770587333,13042
"Gender agreement","Ungrammatical","midline","midline posterior",NA,"posterior",774,2.29062567090937,13042
"Gender agreement","Ungrammatical","midline","midline posterior",NA,"posterior",776,2.26119797577059,13042
"Gender agreement","Ungrammatical","midline","midline posterior",NA,"posterior",778,2.23080202422941,13042
"Gender agreement","Ungrammatical","midline","midline posterior",NA,"posterior",780,2.1997713540868,13042
"Gender agreement","Ungrammatical","midline","midline posterior",NA,"posterior",782,2.16916515871799,13042
"Gender agreement","Ungrammatical","midline","midline posterior",NA,"posterior",784,2.14026230639472,13042
"Gender agreement","Ungrammatical","midline","midline posterior",NA,"posterior",786,2.11379474007054,13042
"Gender agreement","Ungrammatical","midline","midline posterior",NA,"posterior",788,2.08986735163319,13042
"Gender agreement","Ungrammatical","midline","midline posterior",NA,"posterior",790,2.06818670449318,13042
"Gender agreement","Ungrammatical","midline","midline posterior",NA,"posterior",792,2.04845338138322,13042
"Gender agreement","Ungrammatical","midline","midline posterior",NA,"posterior",794,2.03030079742371,13042
"Gender agreement","Ungrammatical","midline","midline posterior",NA,"posterior",796,2.01270940039871,13042
"Gender agreement","Ungrammatical","midline","midline posterior",NA,"posterior",798,1.99423355313602,13042
"Gender agreement","Ungrammatical","midline","midline posterior",NA,"posterior",800,1.97431398558503,13042
"Gender agreement","Ungrammatical","midline","midline posterior",NA,"posterior",802,1.95381114859684,13042
"Gender agreement","Ungrammatical","midline","midline posterior",NA,"posterior",804,1.93430562797117,13042
"Gender agreement","Ungrammatical","midline","midline posterior",NA,"posterior",806,1.9169742370802,13042
"Gender agreement","Ungrammatical","midline","midline posterior",NA,"posterior",808,1.90189955528293,13042
"Gender agreement","Ungrammatical","midline","midline posterior",NA,"posterior",810,1.88857422174513,13042
"Gender agreement","Ungrammatical","midline","midline posterior",NA,"posterior",812,1.8767327097071,13042
"Gender agreement","Ungrammatical","midline","midline posterior",NA,"posterior",814,1.8665023002607,13042
"Gender agreement","Ungrammatical","midline","midline posterior",NA,"posterior",816,1.85808265603435,13042
"Gender agreement","Ungrammatical","midline","midline posterior",NA,"posterior",818,1.85211631651587,13042
"Gender agreement","Ungrammatical","midline","midline posterior",NA,"posterior",820,1.84998803864438,13042
"Gender agreement","Ungrammatical","midline","midline posterior",NA,"posterior",822,1.85344226345653,13042
"Gender agreement","Ungrammatical","midline","midline posterior",NA,"posterior",824,1.86313441190002,13042
"Gender agreement","Ungrammatical","midline","midline posterior",NA,"posterior",826,1.87768455758319,13042
"Gender agreement","Ungrammatical","midline","midline posterior",NA,"posterior",828,1.89404684864285,13042
"Gender agreement","Ungrammatical","midline","midline posterior",NA,"posterior",830,1.908809461739,13042
"Gender agreement","Ungrammatical","midline","midline posterior",NA,"posterior",832,1.91905827327097,13042
"Gender agreement","Ungrammatical","midline","midline posterior",NA,"posterior",834,1.92248780861831,13042
"Gender agreement","Ungrammatical","midline","midline posterior",NA,"posterior",836,1.91760688544702,13042
"Gender agreement","Ungrammatical","midline","midline posterior",NA,"posterior",838,1.90375586566478,13042
"Gender agreement","Ungrammatical","midline","midline posterior",NA,"posterior",840,1.88052813985585,13042
"Gender agreement","Ungrammatical","midline","midline posterior",NA,"posterior",842,1.84720618003374,13042
"Gender agreement","Ungrammatical","midline","midline posterior",NA,"posterior",844,1.80306747431376,13042
"Gender agreement","Ungrammatical","midline","midline posterior",NA,"posterior",846,1.74784020855697,13042
"Gender agreement","Ungrammatical","midline","midline posterior",NA,"posterior",848,1.68163717221285,13042
"Gender agreement","Ungrammatical","midline","midline posterior",NA,"posterior",850,1.60549095230793,13042
"Gender agreement","Ungrammatical","midline","midline posterior",NA,"posterior",852,1.52257015795123,13042
"Gender agreement","Ungrammatical","midline","midline posterior",NA,"posterior",854,1.43820556663088,13042
"Gender agreement","Ungrammatical","midline","midline posterior",NA,"posterior",856,1.35790492255789,13042
"Gender agreement","Ungrammatical","midline","midline posterior",NA,"posterior",858,1.2854132034964,13042
"Gender agreement","Ungrammatical","midline","midline posterior",NA,"posterior",860,1.22277043398252,13042
"Gender agreement","Ungrammatical","midline","midline posterior",NA,"posterior",862,1.17115963809232,13042
"Gender agreement","Ungrammatical","midline","midline posterior",NA,"posterior",864,1.13092470479988,13042
"Gender agreement","Ungrammatical","midline","midline posterior",NA,"posterior",866,1.10072304861218,13042
"Gender agreement","Ungrammatical","midline","midline posterior",NA,"posterior",868,1.07748251801871,13042
"Gender agreement","Ungrammatical","midline","midline posterior",NA,"posterior",870,1.05781820272964,13042
"Gender agreement","Ungrammatical","midline","midline posterior",NA,"posterior",872,1.03998382149977,13042
"Gender agreement","Ungrammatical","midline","midline posterior",NA,"posterior",874,1.0248897408373,13042
"Gender agreement","Ungrammatical","midline","midline posterior",NA,"posterior",876,1.01524720134949,13042
"Gender agreement","Ungrammatical","midline","midline posterior",NA,"posterior",878,1.01368946480601,13042
"Gender agreement","Ungrammatical","midline","midline posterior",NA,"posterior",880,1.02146181567244,13042
"Gender agreement","Ungrammatical","midline","midline posterior",NA,"posterior",882,1.03827334764607,13042
"Gender agreement","Ungrammatical","midline","midline posterior",NA,"posterior",884,1.06277986505137,13042
"Gender agreement","Ungrammatical","midline","midline posterior",NA,"posterior",886,1.09361447630731,13042
"Gender agreement","Ungrammatical","midline","midline posterior",NA,"posterior",888,1.13022488882073,13042
"Gender agreement","Ungrammatical","midline","midline posterior",NA,"posterior",890,1.17209155037571,13042
"Gender agreement","Ungrammatical","midline","midline posterior",NA,"posterior",892,1.21758809998466,13042
"Gender agreement","Ungrammatical","midline","midline posterior",NA,"posterior",894,1.264481291213,13042
"Gender agreement","Ungrammatical","midline","midline posterior",NA,"posterior",896,1.31109638092317,13042
"Gender agreement","Ungrammatical","midline","midline posterior",NA,"posterior",898,1.35617658334611,13042
"Gender agreement","Ungrammatical","midline","midline posterior",NA,"posterior",900,1.398072688238,13042
"Gender agreement","Ungrammatical","midline","midline posterior",NA,"posterior",902,1.43518279404999,13042
"Gender agreement","Ungrammatical","midline","midline posterior",NA,"posterior",904,1.46709898788529,13042
"Gender agreement","Ungrammatical","midline","midline posterior",NA,"posterior",906,1.49538529366662,13042
"Gender agreement","Ungrammatical","midline","midline posterior",NA,"posterior",908,1.52355865664775,13042
"Gender agreement","Ungrammatical","midline","midline posterior",NA,"posterior",910,1.55643743290906,13042
"Gender agreement","Ungrammatical","midline","midline posterior",NA,"posterior",912,1.59852959668762,13042
"Gender agreement","Ungrammatical","midline","midline posterior",NA,"posterior",914,1.65241374022389,13042
"Gender agreement","Ungrammatical","midline","midline posterior",NA,"posterior",916,1.71766508204263,13042
"Gender agreement","Ungrammatical","midline","midline posterior",NA,"posterior",918,1.7906547308695,13042
"Gender agreement","Ungrammatical","midline","midline posterior",NA,"posterior",920,1.86552583959515,13042
"Gender agreement","Ungrammatical","midline","midline posterior",NA,"posterior",922,1.935972473547,13042
"Gender agreement","Ungrammatical","midline","midline posterior",NA,"posterior",924,1.99699953994786,13042
"Gender agreement","Ungrammatical","midline","midline posterior",NA,"posterior",926,2.04615450084343,13042
"Gender agreement","Ungrammatical","midline","midline posterior",NA,"posterior",928,2.08394080662475,13042
"Gender agreement","Ungrammatical","midline","midline posterior",NA,"posterior",930,2.11285424014722,13042
"Gender agreement","Ungrammatical","midline","midline posterior",NA,"posterior",932,2.13573830700813,13042
"Gender agreement","Ungrammatical","midline","midline posterior",NA,"posterior",934,2.15470088943414,13042
"Gender agreement","Ungrammatical","midline","midline posterior",NA,"posterior",936,2.17087793283239,13042
"Gender agreement","Ungrammatical","midline","midline posterior",NA,"posterior",938,2.18449578285539,13042
"Gender agreement","Ungrammatical","midline","midline posterior",NA,"posterior",940,2.19505796656954,13042
"Gender agreement","Ungrammatical","midline","midline posterior",NA,"posterior",942,2.20213885907069,13042
"Gender agreement","Ungrammatical","midline","midline posterior",NA,"posterior",944,2.20641051985892,13042
"Gender agreement","Ungrammatical","midline","midline posterior",NA,"posterior",946,2.21019138168993,13042
"Gender agreement","Ungrammatical","midline","midline posterior",NA,"posterior",948,2.21659707100138,13042
"Gender agreement","Ungrammatical","midline","midline posterior",NA,"posterior",950,2.2277895261463,13042
"Gender agreement","Ungrammatical","midline","midline posterior",NA,"posterior",952,2.24365350406379,13042
"Gender agreement","Ungrammatical","midline","midline posterior",NA,"posterior",954,2.26211140929305,13042
"Gender agreement","Ungrammatical","midline","midline posterior",NA,"posterior",956,2.28081352553289,13042
"Gender agreement","Ungrammatical","midline","midline posterior",NA,"posterior",958,2.29848198129121,13042
"Gender agreement","Ungrammatical","midline","midline posterior",NA,"posterior",960,2.31539725502224,13042
"Gender agreement","Ungrammatical","midline","midline posterior",NA,"posterior",962,2.33317297960436,13042
"Gender agreement","Ungrammatical","midline","midline posterior",NA,"posterior",964,2.35397623063947,13042
"Gender agreement","Ungrammatical","midline","midline posterior",NA,"posterior",966,2.37956801104125,13042
"Gender agreement","Ungrammatical","midline","midline posterior",NA,"posterior",968,2.41067052599295,13042
"Gender agreement","Ungrammatical","midline","midline posterior",NA,"posterior",970,2.44682426008281,13042
"Gender agreement","Ungrammatical","midline","midline posterior",NA,"posterior",972,2.48671093390584,13042
"Gender agreement","Ungrammatical","midline","midline posterior",NA,"posterior",974,2.52854270817359,13042
"Gender agreement","Ungrammatical","midline","midline posterior",NA,"posterior",976,2.57066316515872,13042
"Gender agreement","Ungrammatical","midline","midline posterior",NA,"posterior",978,2.61201065787456,13042
"Gender agreement","Ungrammatical","midline","midline posterior",NA,"posterior",980,2.65192110105812,13042
"Gender agreement","Ungrammatical","midline","midline posterior",NA,"posterior",982,2.68936428461892,13042
"Gender agreement","Ungrammatical","midline","midline posterior",NA,"posterior",984,2.72277886827174,13042
"Gender agreement","Ungrammatical","midline","midline posterior",NA,"posterior",986,2.75077955834995,13042
"Gender agreement","Ungrammatical","midline","midline posterior",NA,"posterior",988,2.7724308388284,13042
"Gender agreement","Ungrammatical","midline","midline posterior",NA,"posterior",990,2.78680547462046,13042
"Gender agreement","Ungrammatical","midline","midline posterior",NA,"posterior",992,2.79326276644686,13042
"Gender agreement","Ungrammatical","midline","midline posterior",NA,"posterior",994,2.79237494249348,13042
"Gender agreement","Ungrammatical","midline","midline posterior",NA,"posterior",996,2.78591581045852,13042
"Gender agreement","Ungrammatical","midline","midline posterior",NA,"posterior",998,2.77567451311149,13042
"Gender agreement","Ungrammatical","midline","midline posterior",NA,"posterior",1000,2.76223915043705,13042
"Gender agreement","Ungrammatical","midline","midline posterior",NA,"posterior",1002,2.74401219138169,13042
"Gender agreement","Ungrammatical","midline","midline posterior",NA,"posterior",1004,2.71751219138169,13042
"Gender agreement","Ungrammatical","midline","midline posterior",NA,"posterior",1006,2.67919291519706,13042
"Gender agreement","Ungrammatical","midline","midline posterior",NA,"posterior",1008,2.62755244594387,13042
"Gender agreement","Ungrammatical","midline","midline posterior",NA,"posterior",1010,2.56357261156264,13042
"Gender agreement","Ungrammatical","midline","midline posterior",NA,"posterior",1012,2.48971139395798,13042
"Gender agreement","Ungrammatical","midline","midline posterior",NA,"posterior",1014,2.4086875479221,13042
"Gender agreement","Ungrammatical","midline","midline posterior",NA,"posterior",1016,2.32290009201043,13042
"Gender agreement","Ungrammatical","midline","midline posterior",NA,"posterior",1018,2.23471269743904,13042
"Gender agreement","Ungrammatical","midline","midline posterior",NA,"posterior",1020,2.1468576138629,13042
"Gender agreement","Ungrammatical","midline","midline posterior",NA,"posterior",1022,2.06223232633032,13042
"Gender agreement","Ungrammatical","midline","midline posterior",NA,"posterior",1024,1.98307422174513,13042
"Gender agreement","Ungrammatical","midline","midline posterior",NA,"posterior",1026,1.9101213770894,13042
"Gender agreement","Ungrammatical","midline","midline posterior",NA,"posterior",1028,1.84241596380923,13042
"Gender agreement","Ungrammatical","midline","midline posterior",NA,"posterior",1030,1.77843467259623,13042
"Gender agreement","Ungrammatical","midline","midline posterior",NA,"posterior",1032,1.71715312068701,13042
"Gender agreement","Ungrammatical","midline","midline posterior",NA,"posterior",1034,1.65813341512038,13042
"Gender agreement","Ungrammatical","midline","midline posterior",NA,"posterior",1036,1.60087325563564,13042
"Gender agreement","Ungrammatical","midline","midline posterior",NA,"posterior",1038,1.54480424781475,13042
"Gender agreement","Ungrammatical","midline","midline posterior",NA,"posterior",1040,1.48963655881,13042
"Gender agreement","Ungrammatical","midline","midline posterior",NA,"posterior",1042,1.43504638859071,13042
"Gender agreement","Ungrammatical","midline","midline posterior",NA,"posterior",1044,1.38045330470787,13042
"Gender agreement","Ungrammatical","midline","midline posterior",NA,"posterior",1046,1.32566316515872,13042
"Gender agreement","Ungrammatical","midline","midline posterior",NA,"posterior",1048,1.27156962122374,13042
"Gender agreement","Ungrammatical","midline","midline posterior",NA,"posterior",1050,1.2196875479221,13042
"Gender agreement","Ungrammatical","midline","midline posterior",NA,"posterior",1052,1.17073332310995,13042
"Gender agreement","Ungrammatical","midline","midline posterior",NA,"posterior",1054,1.1235146449931,13042
"Gender agreement","Ungrammatical","midline","midline posterior",NA,"posterior",1056,1.07548167458979,13042
"Gender agreement","Ungrammatical","midline","midline posterior",NA,"posterior",1058,1.0244765373409,13042
"Gender agreement","Ungrammatical","midline","midline posterior",NA,"posterior",1060,0.970514721668456,13042
"Gender agreement","Ungrammatical","midline","midline posterior",NA,"posterior",1062,0.915889357460512,13042
"Gender agreement","Ungrammatical","midline","midline posterior",NA,"posterior",1064,0.863499923324644,13042
"Gender agreement","Ungrammatical","midline","midline posterior",NA,"posterior",1066,0.81488429688698,13042
"Gender agreement","Ungrammatical","midline","midline posterior",NA,"posterior",1068,0.769879696365588,13042
"Gender agreement","Ungrammatical","midline","midline posterior",NA,"posterior",1070,0.727289756172366,13042
"Gender agreement","Ungrammatical","midline","midline posterior",NA,"posterior",1072,0.685913740223892,13042
"Gender agreement","Ungrammatical","midline","midline posterior",NA,"posterior",1074,0.645381919950928,13042
"Gender agreement","Ungrammatical","midline","midline posterior",NA,"posterior",1076,0.606490798957215,13042
"Gender agreement","Ungrammatical","midline","midline posterior",NA,"posterior",1078,0.57080141082656,13042
"Gender agreement","Ungrammatical","midline","midline posterior",NA,"posterior",1080,0.539859684097531,13042
"Gender agreement","Ungrammatical","midline","midline posterior",NA,"posterior",1082,0.514495706180034,13042
"Gender agreement","Ungrammatical","midline","midline posterior",NA,"posterior",1084,0.494377856157031,13042
"Gender agreement","Ungrammatical","midline","midline posterior",NA,"posterior",1086,0.478117006594081,13042
"Gender agreement","Ungrammatical","midline","midline posterior",NA,"posterior",1088,0.464313295506824,13042
"Gender agreement","Ungrammatical","midline","midline posterior",NA,"posterior",1090,0.452159254715534,13042
"Gender agreement","Ungrammatical","midline","midline posterior",NA,"posterior",1092,0.440754025456218,13042
"Gender agreement","Ungrammatical","midline","midline posterior",NA,"posterior",1094,0.428148443490262,13042
"Gender agreement","Ungrammatical","midline","midline posterior",NA,"posterior",1096,0.4116072688238,13042
"Gender agreement","Ungrammatical","midline","midline posterior",NA,"posterior",1098,0.388676966722895,13042
