"grammatical_property","grammaticality","macroregion","brain_region","hemisphere","caudality","time","mean_amp","n_obs"
"Gender agreement","Grammatical","lateral","left anterior","left","anterior",-100,-0.0275996959099894,32885
"Gender agreement","Grammatical","lateral","left anterior","left","anterior",-98,-0.0253924585677361,32885
"Gender agreement","Grammatical","lateral","left anterior","left","anterior",-96,-0.0261050326896762,32885
"Gender agreement","Grammatical","lateral","left anterior","left","anterior",-94,-0.0301323095636308,32885
"Gender agreement","Grammatical","lateral","left anterior","left","anterior",-92,-0.0366724038315341,32885
"Gender agreement","Grammatical","lateral","left anterior","left","anterior",-90,-0.0439918503877148,32885
"Gender agreement","Grammatical","lateral","left anterior","left","anterior",-88,-0.0496848107039684,32885
"Gender agreement","Grammatical","lateral","left anterior","left","anterior",-86,-0.0514769043636917,32885
"Gender agreement","Grammatical","lateral","left anterior","left","anterior",-84,-0.0486540063858902,32885
"Gender agreement","Grammatical","lateral","left anterior","left","anterior",-82,-0.0424041660331458,32885
"Gender agreement","Grammatical","lateral","left anterior","left","anterior",-80,-0.0347746084841113,32885
"Gender agreement","Grammatical","lateral","left anterior","left","anterior",-78,-0.0276245096548579,32885
"Gender agreement","Grammatical","lateral","left anterior","left","anterior",-76,-0.0215999695909989,32885
"Gender agreement","Grammatical","lateral","left anterior","left","anterior",-74,-0.0148811312148396,32885
"Gender agreement","Grammatical","lateral","left anterior","left","anterior",-72,-0.00309387258628553,32885
"Gender agreement","Grammatical","lateral","left anterior","left","anterior",-70,0.0185537479093812,32885
"Gender agreement","Grammatical","lateral","left anterior","left","anterior",-68,0.0522031017181085,32885
"Gender agreement","Grammatical","lateral","left anterior","left","anterior",-66,0.0962363387562719,32885
"Gender agreement","Grammatical","lateral","left anterior","left","anterior",-64,0.146801520450053,32885
"Gender agreement","Grammatical","lateral","left anterior","left","anterior",-62,0.19964257260149,32885
"Gender agreement","Grammatical","lateral","left anterior","left","anterior",-60,0.251026699102934,32885
"Gender agreement","Grammatical","lateral","left anterior","left","anterior",-58,0.298026395012924,32885
"Gender agreement","Grammatical","lateral","left anterior","left","anterior",-56,0.338341614717956,32885
"Gender agreement","Grammatical","lateral","left anterior","left","anterior",-54,0.370267538391364,32885
"Gender agreement","Grammatical","lateral","left anterior","left","anterior",-52,0.393058719781055,32885
"Gender agreement","Grammatical","lateral","left anterior","left","anterior",-50,0.406531914246617,32885
"Gender agreement","Grammatical","lateral","left anterior","left","anterior",-48,0.410371750038011,32885
"Gender agreement","Grammatical","lateral","left anterior","left","anterior",-46,0.404604409305154,32885
"Gender agreement","Grammatical","lateral","left anterior","left","anterior",-44,0.39039513455983,32885
"Gender agreement","Grammatical","lateral","left anterior","left","anterior",-42,0.370122213775277,32885
"Gender agreement","Grammatical","lateral","left anterior","left","anterior",-40,0.346738452181846,32885
"Gender agreement","Grammatical","lateral","left anterior","left","anterior",-38,0.322987927626577,32885
"Gender agreement","Grammatical","lateral","left anterior","left","anterior",-36,0.300899407024479,32885
"Gender agreement","Grammatical","lateral","left anterior","left","anterior",-34,0.281437980842329,32885
"Gender agreement","Grammatical","lateral","left anterior","left","anterior",-32,0.263740489584917,32885
"Gender agreement","Grammatical","lateral","left anterior","left","anterior",-30,0.244936232324768,32885
"Gender agreement","Grammatical","lateral","left anterior","left","anterior",-28,0.221854158430896,32885
"Gender agreement","Grammatical","lateral","left anterior","left","anterior",-26,0.193733769195682,32885
"Gender agreement","Grammatical","lateral","left anterior","left","anterior",-24,0.163140550402919,32885
"Gender agreement","Grammatical","lateral","left anterior","left","anterior",-22,0.13377029040596,32885
"Gender agreement","Grammatical","lateral","left anterior","left","anterior",-20,0.10732485935837,32885
"Gender agreement","Grammatical","lateral","left anterior","left","anterior",-18,0.0824930515432568,32885
"Gender agreement","Grammatical","lateral","left anterior","left","anterior",-16,0.056162171202676,32885
"Gender agreement","Grammatical","lateral","left anterior","left","anterior",-14,0.0255984795499468,32885
"Gender agreement","Grammatical","lateral","left anterior","left","anterior",-12,-0.00991309107495817,32885
"Gender agreement","Grammatical","lateral","left anterior","left","anterior",-10,-0.0489247073133648,32885
"Gender agreement","Grammatical","lateral","left anterior","left","anterior",-8,-0.0886920480462217,32885
"Gender agreement","Grammatical","lateral","left anterior","left","anterior",-6,-0.125623627793827,32885
"Gender agreement","Grammatical","lateral","left anterior","left","anterior",-4,-0.155334103694694,32885
"Gender agreement","Grammatical","lateral","left anterior","left","anterior",-2,-0.173854644974913,32885
"Gender agreement","Grammatical","lateral","left anterior","left","anterior",0,-0.179770685722974,32885
"Gender agreement","Grammatical","lateral","left anterior","left","anterior",2,-0.175222411433784,32885
"Gender agreement","Grammatical","lateral","left anterior","left","anterior",4,-0.164416055952562,32885
"Gender agreement","Grammatical","lateral","left anterior","left","anterior",6,-0.150907252546754,32885
"Gender agreement","Grammatical","lateral","left anterior","left","anterior",8,-0.136125589174396,32885
"Gender agreement","Grammatical","lateral","left anterior","left","anterior",10,-0.120062155998175,32885
"Gender agreement","Grammatical","lateral","left anterior","left","anterior",12,-0.103162414474684,32885
"Gender agreement","Grammatical","lateral","left anterior","left","anterior",14,-0.0873421924889767,32885
"Gender agreement","Grammatical","lateral","left anterior","left","anterior",16,-0.0748551315189296,32885
"Gender agreement","Grammatical","lateral","left anterior","left","anterior",18,-0.0659776189752167,32885
"Gender agreement","Grammatical","lateral","left anterior","left","anterior",20,-0.0582859358370077,32885
"Gender agreement","Grammatical","lateral","left anterior","left","anterior",22,-0.0489339820586894,32885
"Gender agreement","Grammatical","lateral","left anterior","left","anterior",24,-0.0375187775581572,32885
"Gender agreement","Grammatical","lateral","left anterior","left","anterior",26,-0.026816542496579,32885
"Gender agreement","Grammatical","lateral","left anterior","left","anterior",28,-0.020633084993158,32885
"Gender agreement","Grammatical","lateral","left anterior","left","anterior",30,-0.0203441690740459,32885
"Gender agreement","Grammatical","lateral","left anterior","left","anterior",32,-0.023410886422381,32885
"Gender agreement","Grammatical","lateral","left anterior","left","anterior",34,-0.0253126045309412,32885
"Gender agreement","Grammatical","lateral","left anterior","left","anterior",36,-0.0226121027824236,32885
"Gender agreement","Grammatical","lateral","left anterior","left","anterior",38,-0.0141393036338756,32885
"Gender agreement","Grammatical","lateral","left anterior","left","anterior",40,-0.00100504789417666,32885
"Gender agreement","Grammatical","lateral","left anterior","left","anterior",42,0.0136951801733313,32885
"Gender agreement","Grammatical","lateral","left anterior","left","anterior",44,0.026274684506614,32885
"Gender agreement","Grammatical","lateral","left anterior","left","anterior",46,0.0348751102326289,32885
"Gender agreement","Grammatical","lateral","left anterior","left","anterior",48,0.0402922913182302,32885
"Gender agreement","Grammatical","lateral","left anterior","left","anterior",50,0.0447967158278851,32885
"Gender agreement","Grammatical","lateral","left anterior","left","anterior",52,0.0511143074350008,32885
"Gender agreement","Grammatical","lateral","left anterior","left","anterior",54,0.0623080735897826,32885
"Gender agreement","Grammatical","lateral","left anterior","left","anterior",56,0.0810704880644671,32885
"Gender agreement","Grammatical","lateral","left anterior","left","anterior",58,0.108321179869241,32885
"Gender agreement","Grammatical","lateral","left anterior","left","anterior",60,0.142052820434849,32885
"Gender agreement","Grammatical","lateral","left anterior","left","anterior",62,0.177506188231717,32885
"Gender agreement","Grammatical","lateral","left anterior","left","anterior",64,0.209311601033906,32885
"Gender agreement","Grammatical","lateral","left anterior","left","anterior",66,0.234033115402159,32885
"Gender agreement","Grammatical","lateral","left anterior","left","anterior",68,0.25132257868329,32885
"Gender agreement","Grammatical","lateral","left anterior","left","anterior",70,0.263353170138361,32885
"Gender agreement","Grammatical","lateral","left anterior","left","anterior",72,0.273283411889919,32885
"Gender agreement","Grammatical","lateral","left anterior","left","anterior",74,0.283222107343774,32885
"Gender agreement","Grammatical","lateral","left anterior","left","anterior",76,0.29310314733161,32885
"Gender agreement","Grammatical","lateral","left anterior","left","anterior",78,0.301425573969895,32885
"Gender agreement","Grammatical","lateral","left anterior","left","anterior",80,0.306667447164361,32885
"Gender agreement","Grammatical","lateral","left anterior","left","anterior",82,0.307393370837768,32885
"Gender agreement","Grammatical","lateral","left anterior","left","anterior",84,0.301642876691501,32885
"Gender agreement","Grammatical","lateral","left anterior","left","anterior",86,0.286983579139425,32885
"Gender agreement","Grammatical","lateral","left anterior","left","anterior",88,0.261430196138057,32885
"Gender agreement","Grammatical","lateral","left anterior","left","anterior",90,0.224139546905884,32885
"Gender agreement","Grammatical","lateral","left anterior","left","anterior",92,0.175611403375399,32885
"Gender agreement","Grammatical","lateral","left anterior","left","anterior",94,0.117551740915311,32885
"Gender agreement","Grammatical","lateral","left anterior","left","anterior",96,0.052159343165577,32885
"Gender agreement","Grammatical","lateral","left anterior","left","anterior",98,-0.0188390755663677,32885
"Gender agreement","Grammatical","lateral","left anterior","left","anterior",100,-0.0947315189296032,32885
"Gender agreement","Grammatical","lateral","left anterior","left","anterior",102,-0.175853732704881,32885
"Gender agreement","Grammatical","lateral","left anterior","left","anterior",104,-0.263416633723582,32885
"Gender agreement","Grammatical","lateral","left anterior","left","anterior",106,-0.358754234453398,32885
"Gender agreement","Grammatical","lateral","left anterior","left","anterior",108,-0.461890071461153,32885
"Gender agreement","Grammatical","lateral","left anterior","left","anterior",110,-0.571176341797172,32885
"Gender agreement","Grammatical","lateral","left anterior","left","anterior",112,-0.684545750342101,32885
"Gender agreement","Grammatical","lateral","left anterior","left","anterior",114,-0.800759069484567,32885
"Gender agreement","Grammatical","lateral","left anterior","left","anterior",116,-0.919457229740003,32885
"Gender agreement","Grammatical","lateral","left anterior","left","anterior",118,-1.04002055648472,32885
"Gender agreement","Grammatical","lateral","left anterior","left","anterior",120,-1.15980839288429,32885
"Gender agreement","Grammatical","lateral","left anterior","left","anterior",122,-1.27353246160864,32885
"Gender agreement","Grammatical","lateral","left anterior","left","anterior",124,-1.37511631442907,32885
"Gender agreement","Grammatical","lateral","left anterior","left","anterior",126,-1.46048891591911,32885
"Gender agreement","Grammatical","lateral","left anterior","left","anterior",128,-1.52835292686635,32885
"Gender agreement","Grammatical","lateral","left anterior","left","anterior",130,-1.5785371141858,32885
"Gender agreement","Grammatical","lateral","left anterior","left","anterior",132,-1.61030676600274,32885
"Gender agreement","Grammatical","lateral","left anterior","left","anterior",134,-1.62234936901323,32885
"Gender agreement","Grammatical","lateral","left anterior","left","anterior",136,-1.61344117378744,32885
"Gender agreement","Grammatical","lateral","left anterior","left","anterior",138,-1.58253863463585,32885
"Gender agreement","Grammatical","lateral","left anterior","left","anterior",140,-1.52847082256348,32885
"Gender agreement","Grammatical","lateral","left anterior","left","anterior",142,-1.44971670974608,32885
"Gender agreement","Grammatical","lateral","left anterior","left","anterior",144,-1.34451172266991,32885
"Gender agreement","Grammatical","lateral","left anterior","left","anterior",146,-1.21190506309868,32885
"Gender agreement","Grammatical","lateral","left anterior","left","anterior",148,-1.05352160559526,32885
"Gender agreement","Grammatical","lateral","left anterior","left","anterior",150,-0.873608879428311,32885
"Gender agreement","Grammatical","lateral","left anterior","left","anterior",152,-0.677282621255892,32885
"Gender agreement","Grammatical","lateral","left anterior","left","anterior",154,-0.469598084232933,32885
"Gender agreement","Grammatical","lateral","left anterior","left","anterior",156,-0.255741979625969,32885
"Gender agreement","Grammatical","lateral","left anterior","left","anterior",158,-0.0404843849779535,32885
"Gender agreement","Grammatical","lateral","left anterior","left","anterior",160,0.172821833662764,32885
"Gender agreement","Grammatical","lateral","left anterior","left","anterior",162,0.382330059297552,32885
"Gender agreement","Grammatical","lateral","left anterior","left","anterior",164,0.587141067355937,32885
"Gender agreement","Grammatical","lateral","left anterior","left","anterior",166,0.786883107799909,32885
"Gender agreement","Grammatical","lateral","left anterior","left","anterior",168,0.981603527444123,32885
"Gender agreement","Grammatical","lateral","left anterior","left","anterior",170,1.17141073437738,32885
"Gender agreement","Grammatical","lateral","left anterior","left","anterior",172,1.35602937509503,32885
"Gender agreement","Grammatical","lateral","left anterior","left","anterior",174,1.53486732552836,32885
"Gender agreement","Grammatical","lateral","left anterior","left","anterior",176,1.70762803709898,32885
"Gender agreement","Grammatical","lateral","left anterior","left","anterior",178,1.87455405199939,32885
"Gender agreement","Grammatical","lateral","left anterior","left","anterior",180,2.03581736353961,32885
"Gender agreement","Grammatical","lateral","left anterior","left","anterior",182,2.19020659875323,32885
"Gender agreement","Grammatical","lateral","left anterior","left","anterior",184,2.33472510263038,32885
"Gender agreement","Grammatical","lateral","left anterior","left","anterior",186,2.46644062642542,32885
"Gender agreement","Grammatical","lateral","left anterior","left","anterior",188,2.58530393796564,32885
"Gender agreement","Grammatical","lateral","left anterior","left","anterior",190,2.69480088186103,32885
"Gender agreement","Grammatical","lateral","left anterior","left","anterior",192,2.79954048958492,32885
"Gender agreement","Grammatical","lateral","left anterior","left","anterior",194,2.9019543864984,32885
"Gender agreement","Grammatical","lateral","left anterior","left","anterior",196,3.00102204652577,32885
"Gender agreement","Grammatical","lateral","left anterior","left","anterior",198,3.09362311084081,32885
"Gender agreement","Grammatical","lateral","left anterior","left","anterior",200,3.17645108712179,32885
"Gender agreement","Grammatical","lateral","left anterior","left","anterior",202,3.24682548274289,32885
"Gender agreement","Grammatical","lateral","left anterior","left","anterior",204,3.30288812528508,32885
"Gender agreement","Grammatical","lateral","left anterior","left","anterior",206,3.34395900866657,32885
"Gender agreement","Grammatical","lateral","left anterior","left","anterior",208,3.37087909381177,32885
"Gender agreement","Grammatical","lateral","left anterior","left","anterior",210,3.38587234301353,32885
"Gender agreement","Grammatical","lateral","left anterior","left","anterior",212,3.39173896913486,32885
"Gender agreement","Grammatical","lateral","left anterior","left","anterior",214,3.3917227915463,32885
"Gender agreement","Grammatical","lateral","left anterior","left","anterior",216,3.3903085905428,32885
"Gender agreement","Grammatical","lateral","left anterior","left","anterior",218,3.39273495514672,32885
"Gender agreement","Grammatical","lateral","left anterior","left","anterior",220,3.40260076022503,32885
"Gender agreement","Grammatical","lateral","left anterior","left","anterior",222,3.4204942679033,32885
"Gender agreement","Grammatical","lateral","left anterior","left","anterior",224,3.4448371902083,32885
"Gender agreement","Grammatical","lateral","left anterior","left","anterior",226,3.47336721909685,32885
"Gender agreement","Grammatical","lateral","left anterior","left","anterior",228,3.5036171506766,32885
"Gender agreement","Grammatical","lateral","left anterior","left","anterior",230,3.53219796259693,32885
"Gender agreement","Grammatical","lateral","left anterior","left","anterior",232,3.5548600273681,32885
"Gender agreement","Grammatical","lateral","left anterior","left","anterior",234,3.56777570320815,32885
"Gender agreement","Grammatical","lateral","left anterior","left","anterior",236,3.569028523643,32885
"Gender agreement","Grammatical","lateral","left anterior","left","anterior",238,3.5594686027064,32885
"Gender agreement","Grammatical","lateral","left anterior","left","anterior",240,3.54185126957579,32885
"Gender agreement","Grammatical","lateral","left anterior","left","anterior",242,3.51847325528356,32885
"Gender agreement","Grammatical","lateral","left anterior","left","anterior",244,3.48951962901019,32885
"Gender agreement","Grammatical","lateral","left anterior","left","anterior",246,3.4535858598145,32885
"Gender agreement","Grammatical","lateral","left anterior","left","anterior",248,3.40919032993766,32885
"Gender agreement","Grammatical","lateral","left anterior","left","anterior",250,3.35592300440931,32885
"Gender agreement","Grammatical","lateral","left anterior","left","anterior",252,3.29511683138209,32885
"Gender agreement","Grammatical","lateral","left anterior","left","anterior",254,3.22964509654858,32885
"Gender agreement","Grammatical","lateral","left anterior","left","anterior",256,3.16311041508286,32885
"Gender agreement","Grammatical","lateral","left anterior","left","anterior",258,3.09903974456439,32885
"Gender agreement","Grammatical","lateral","left anterior","left","anterior",260,3.03975228827733,32885
"Gender agreement","Grammatical","lateral","left anterior","left","anterior",262,2.98566790329938,32885
"Gender agreement","Grammatical","lateral","left anterior","left","anterior",264,2.93553282651665,32885
"Gender agreement","Grammatical","lateral","left anterior","left","anterior",266,2.88678017333131,32885
"Gender agreement","Grammatical","lateral","left anterior","left","anterior",268,2.83593389083169,32885
"Gender agreement","Grammatical","lateral","left anterior","left","anterior",270,2.77983177740611,32885
"Gender agreement","Grammatical","lateral","left anterior","left","anterior",272,2.71756530332979,32885
"Gender agreement","Grammatical","lateral","left anterior","left","anterior",274,2.65064923217272,32885
"Gender agreement","Grammatical","lateral","left anterior","left","anterior",276,2.58077938269728,32885
"Gender agreement","Grammatical","lateral","left anterior","left","anterior",278,2.50770618823172,32885
"Gender agreement","Grammatical","lateral","left anterior","left","anterior",280,2.42978218032538,32885
"Gender agreement","Grammatical","lateral","left anterior","left","anterior",282,2.34575894784856,32885
"Gender agreement","Grammatical","lateral","left anterior","left","anterior",284,2.25565370229588,32885
"Gender agreement","Grammatical","lateral","left anterior","left","anterior",286,2.16058208909837,32885
"Gender agreement","Grammatical","lateral","left anterior","left","anterior",288,2.06251777406112,32885
"Gender agreement","Grammatical","lateral","left anterior","left","anterior",290,1.96388894632811,32885
"Gender agreement","Grammatical","lateral","left anterior","left","anterior",292,1.86692336931732,32885
"Gender agreement","Grammatical","lateral","left anterior","left","anterior",294,1.7734971263494,32885
"Gender agreement","Grammatical","lateral","left anterior","left","anterior",296,1.68549654857838,32885
"Gender agreement","Grammatical","lateral","left anterior","left","anterior",298,1.60430214383458,32885
"Gender agreement","Grammatical","lateral","left anterior","left","anterior",300,1.52975481222442,32885
"Gender agreement","Grammatical","lateral","left anterior","left","anterior",302,1.45973589782576,32885
"Gender agreement","Grammatical","lateral","left anterior","left","anterior",304,1.39078947848563,32885
"Gender agreement","Grammatical","lateral","left anterior","left","anterior",306,1.31928894632811,32885
"Gender agreement","Grammatical","lateral","left anterior","left","anterior",308,1.24228906796412,32885
"Gender agreement","Grammatical","lateral","left anterior","left","anterior",310,1.15812300440931,32885
"Gender agreement","Grammatical","lateral","left anterior","left","anterior",312,1.06727827276874,32885
"Gender agreement","Grammatical","lateral","left anterior","left","anterior",314,0.973123308499316,32885
"Gender agreement","Grammatical","lateral","left anterior","left","anterior",316,0.881562992245705,32885
"Gender agreement","Grammatical","lateral","left anterior","left","anterior",318,0.799390907708682,32885
"Gender agreement","Grammatical","lateral","left anterior","left","anterior",320,0.731453063706857,32885
"Gender agreement","Grammatical","lateral","left anterior","left","anterior",322,0.678435061578227,32885
"Gender agreement","Grammatical","lateral","left anterior","left","anterior",324,0.637099224570473,32885
"Gender agreement","Grammatical","lateral","left anterior","left","anterior",326,0.602580963965334,32885
"Gender agreement","Grammatical","lateral","left anterior","left","anterior",328,0.571029679185039,32885
"Gender agreement","Grammatical","lateral","left anterior","left","anterior",330,0.541049475444732,32885
"Gender agreement","Grammatical","lateral","left anterior","left","anterior",332,0.513169226090923,32885
"Gender agreement","Grammatical","lateral","left anterior","left","anterior",334,0.488637403071309,32885
"Gender agreement","Grammatical","lateral","left anterior","left","anterior",336,0.468540215903908,32885
"Gender agreement","Grammatical","lateral","left anterior","left","anterior",338,0.452861973544169,32885
"Gender agreement","Grammatical","lateral","left anterior","left","anterior",340,0.439962019157671,32885
"Gender agreement","Grammatical","lateral","left anterior","left","anterior",342,0.427845948000608,32885
"Gender agreement","Grammatical","lateral","left anterior","left","anterior",344,0.416016968222594,32885
"Gender agreement","Grammatical","lateral","left anterior","left","anterior",346,0.405609852516345,32885
"Gender agreement","Grammatical","lateral","left anterior","left","anterior",348,0.397745446252091,32885
"Gender agreement","Grammatical","lateral","left anterior","left","anterior",350,0.39250342101262,32885
"Gender agreement","Grammatical","lateral","left anterior","left","anterior",352,0.389532248745629,32885
"Gender agreement","Grammatical","lateral","left anterior","left","anterior",354,0.388969226090923,32885
"Gender agreement","Grammatical","lateral","left anterior","left","anterior",356,0.391295849171355,32885
"Gender agreement","Grammatical","lateral","left anterior","left","anterior",358,0.396786224722518,32885
"Gender agreement","Grammatical","lateral","left anterior","left","anterior",360,0.404979382697278,32885
"Gender agreement","Grammatical","lateral","left anterior","left","anterior",362,0.413430591455071,32885
"Gender agreement","Grammatical","lateral","left anterior","left","anterior",364,0.4174742891896,32885
"Gender agreement","Grammatical","lateral","left anterior","left","anterior",366,0.412641812376463,32885
"Gender agreement","Grammatical","lateral","left anterior","left","anterior",368,0.397845157366581,32885
"Gender agreement","Grammatical","lateral","left anterior","left","anterior",370,0.37629484567432,32885
"Gender agreement","Grammatical","lateral","left anterior","left","anterior",372,0.353477178044701,32885
"Gender agreement","Grammatical","lateral","left anterior","left","anterior",374,0.334076144138665,32885
"Gender agreement","Grammatical","lateral","left anterior","left","anterior",376,0.320262125589174,32885
"Gender agreement","Grammatical","lateral","left anterior","left","anterior",378,0.311380325376311,32885
"Gender agreement","Grammatical","lateral","left anterior","left","anterior",380,0.304596715827885,32885
"Gender agreement","Grammatical","lateral","left anterior","left","anterior",382,0.296887456287061,32885
"Gender agreement","Grammatical","lateral","left anterior","left","anterior",384,0.287053215751863,32885
"Gender agreement","Grammatical","lateral","left anterior","left","anterior",386,0.275937448684811,32885
"Gender agreement","Grammatical","lateral","left anterior","left","anterior",388,0.26538199787137,32885
"Gender agreement","Grammatical","lateral","left anterior","left","anterior",390,0.25716685418884,32885
"Gender agreement","Grammatical","lateral","left anterior","left","anterior",392,0.25251172266991,32885
"Gender agreement","Grammatical","lateral","left anterior","left","anterior",394,0.251836338756272,32885
"Gender agreement","Grammatical","lateral","left anterior","left","anterior",396,0.254571962901019,32885
"Gender agreement","Grammatical","lateral","left anterior","left","anterior",398,0.259377862247225,32885
"Gender agreement","Grammatical","lateral","left anterior","left","anterior",400,0.264624692108864,32885
"Gender agreement","Grammatical","lateral","left anterior","left","anterior",402,0.268551497643302,32885
"Gender agreement","Grammatical","lateral","left anterior","left","anterior",404,0.269098707617455,32885
"Gender agreement","Grammatical","lateral","left anterior","left","anterior",406,0.263939334042877,32885
"Gender agreement","Grammatical","lateral","left anterior","left","anterior",408,0.25131686179109,32885
"Gender agreement","Grammatical","lateral","left anterior","left","anterior",410,0.231456469514976,32885
"Gender agreement","Grammatical","lateral","left anterior","left","anterior",412,0.207160711570625,32885
"Gender agreement","Grammatical","lateral","left anterior","left","anterior",414,0.18253057625057,32885
"Gender agreement","Grammatical","lateral","left anterior","left","anterior",416,0.160797901778927,32885
"Gender agreement","Grammatical","lateral","left anterior","left","anterior",418,0.143267082256348,32885
"Gender agreement","Grammatical","lateral","left anterior","left","anterior",420,0.12943627793827,32885
"Gender agreement","Grammatical","lateral","left anterior","left","anterior",422,0.1178685722974,32885
"Gender agreement","Grammatical","lateral","left anterior","left","anterior",424,0.107854797019918,32885
"Gender agreement","Grammatical","lateral","left anterior","left","anterior",426,0.100345294207085,32885
"Gender agreement","Grammatical","lateral","left anterior","left","anterior",428,0.0966034058081192,32885
"Gender agreement","Grammatical","lateral","left anterior","left","anterior",430,0.0963751558461304,32885
"Gender agreement","Grammatical","lateral","left anterior","left","anterior",432,0.0981289037555116,32885
"Gender agreement","Grammatical","lateral","left anterior","left","anterior",434,0.100581268055344,32885
"Gender agreement","Grammatical","lateral","left anterior","left","anterior",436,0.103363904515737,32885
"Gender agreement","Grammatical","lateral","left anterior","left","anterior",438,0.107129207845522,32885
"Gender agreement","Grammatical","lateral","left anterior","left","anterior",440,0.113267112665349,32885
"Gender agreement","Grammatical","lateral","left anterior","left","anterior",442,0.122677786224723,32885
"Gender agreement","Grammatical","lateral","left anterior","left","anterior",444,0.134780386194314,32885
"Gender agreement","Grammatical","lateral","left anterior","left","anterior",446,0.148085783792002,32885
"Gender agreement","Grammatical","lateral","left anterior","left","anterior",448,0.161239258020374,32885
"Gender agreement","Grammatical","lateral","left anterior","left","anterior",450,0.173770107951954,32885
"Gender agreement","Grammatical","lateral","left anterior","left","anterior",452,0.186443697734529,32885
"Gender agreement","Grammatical","lateral","left anterior","left","anterior",454,0.200779656378288,32885
"Gender agreement","Grammatical","lateral","left anterior","left","anterior",456,0.21763627793827,32885
"Gender agreement","Grammatical","lateral","left anterior","left","anterior",458,0.236307465409761,32885
"Gender agreement","Grammatical","lateral","left anterior","left","anterior",460,0.255211312148396,32885
"Gender agreement","Grammatical","lateral","left anterior","left","anterior",462,0.272821681617759,32885
"Gender agreement","Grammatical","lateral","left anterior","left","anterior",464,0.287876478637677,32885
"Gender agreement","Grammatical","lateral","left anterior","left","anterior",466,0.299423536566824,32885
"Gender agreement","Grammatical","lateral","left anterior","left","anterior",468,0.306889067964117,32885
"Gender agreement","Grammatical","lateral","left anterior","left","anterior",470,0.310350038011251,32885
"Gender agreement","Grammatical","lateral","left anterior","left","anterior",472,0.310946997111145,32885
"Gender agreement","Grammatical","lateral","left anterior","left","anterior",474,0.310464223810248,32885
"Gender agreement","Grammatical","lateral","left anterior","left","anterior",476,0.310018488672647,32885
"Gender agreement","Grammatical","lateral","left anterior","left","anterior",478,0.309674410825604,32885
"Gender agreement","Grammatical","lateral","left anterior","left","anterior",480,0.309344807663068,32885
"Gender agreement","Grammatical","lateral","left anterior","left","anterior",482,0.308748791242208,32885
"Gender agreement","Grammatical","lateral","left anterior","left","anterior",484,0.306555633267447,32885
"Gender agreement","Grammatical","lateral","left anterior","left","anterior",486,0.30101398814049,32885
"Gender agreement","Grammatical","lateral","left anterior","left","anterior",488,0.291693233997263,32885
"Gender agreement","Grammatical","lateral","left anterior","left","anterior",490,0.280106097004713,32885
"Gender agreement","Grammatical","lateral","left anterior","left","anterior",492,0.268667599209366,32885
"Gender agreement","Grammatical","lateral","left anterior","left","anterior",494,0.259502630378592,32885
"Gender agreement","Grammatical","lateral","left anterior","left","anterior",496,0.254067295119355,32885
"Gender agreement","Grammatical","lateral","left anterior","left","anterior",498,0.253255344381937,32885
"Gender agreement","Grammatical","lateral","left anterior","left","anterior",500,0.257178531245249,32885
"Gender agreement","Grammatical","lateral","left anterior","left","anterior",502,0.264704789417668,32885
"Gender agreement","Grammatical","lateral","left anterior","left","anterior",504,0.273616785768587,32885
"Gender agreement","Grammatical","lateral","left anterior","left","anterior",506,0.28170913790482,32885
"Gender agreement","Grammatical","lateral","left anterior","left","anterior",508,0.287751223962293,32885
"Gender agreement","Grammatical","lateral","left anterior","left","anterior",510,0.291600486544017,32885
"Gender agreement","Grammatical","lateral","left anterior","left","anterior",512,0.293670761745477,32885
"Gender agreement","Grammatical","lateral","left anterior","left","anterior",514,0.294970624904972,32885
"Gender agreement","Grammatical","lateral","left anterior","left","anterior",516,0.297817333130607,32885
"Gender agreement","Grammatical","lateral","left anterior","left","anterior",518,0.305511783487912,32885
"Gender agreement","Grammatical","lateral","left anterior","left","anterior",520,0.320535198418732,32885
"Gender agreement","Grammatical","lateral","left anterior","left","anterior",522,0.343053854340885,32885
"Gender agreement","Grammatical","lateral","left anterior","left","anterior",524,0.371507222137753,32885
"Gender agreement","Grammatical","lateral","left anterior","left","anterior",526,0.403703694693629,32885
"Gender agreement","Grammatical","lateral","left anterior","left","anterior",528,0.437430743500076,32885
"Gender agreement","Grammatical","lateral","left anterior","left","anterior",530,0.470931549338604,32885
"Gender agreement","Grammatical","lateral","left anterior","left","anterior",532,0.502901626881557,32885
"Gender agreement","Grammatical","lateral","left anterior","left","anterior",534,0.531768161775886,32885
"Gender agreement","Grammatical","lateral","left anterior","left","anterior",536,0.555626090922913,32885
"Gender agreement","Grammatical","lateral","left anterior","left","anterior",538,0.573371324311996,32885
"Gender agreement","Grammatical","lateral","left anterior","left","anterior",540,0.585772054128022,32885
"Gender agreement","Grammatical","lateral","left anterior","left","anterior",542,0.595229527140033,32885
"Gender agreement","Grammatical","lateral","left anterior","left","anterior",544,0.604600212863007,32885
"Gender agreement","Grammatical","lateral","left anterior","left","anterior",546,0.616221681617759,32885
"Gender agreement","Grammatical","lateral","left anterior","left","anterior",548,0.631694024631291,32885
"Gender agreement","Grammatical","lateral","left anterior","left","anterior",550,0.651876326592671,32885
"Gender agreement","Grammatical","lateral","left anterior","left","anterior",552,0.676681556940854,32885
"Gender agreement","Grammatical","lateral","left anterior","left","anterior",554,0.705056439105975,32885
"Gender agreement","Grammatical","lateral","left anterior","left","anterior",556,0.735711023262886,32885
"Gender agreement","Grammatical","lateral","left anterior","left","anterior",558,0.767599209365972,32885
"Gender agreement","Grammatical","lateral","left anterior","left","anterior",560,0.799665926714307,32885
"Gender agreement","Grammatical","lateral","left anterior","left","anterior",562,0.830676083320663,32885
"Gender agreement","Grammatical","lateral","left anterior","left","anterior",564,0.859676326592671,32885
"Gender agreement","Grammatical","lateral","left anterior","left","anterior",566,0.886190269119659,32885
"Gender agreement","Grammatical","lateral","left anterior","left","anterior",568,0.909939942222898,32885
"Gender agreement","Grammatical","lateral","left anterior","left","anterior",570,0.930775520754143,32885
"Gender agreement","Grammatical","lateral","left anterior","left","anterior",572,0.949206264254219,32885
"Gender agreement","Grammatical","lateral","left anterior","left","anterior",574,0.967258263646039,32885
"Gender agreement","Grammatical","lateral","left anterior","left","anterior",576,0.988704150828645,32885
"Gender agreement","Grammatical","lateral","left anterior","left","anterior",578,1.0168685418884,32885
"Gender agreement","Grammatical","lateral","left anterior","left","anterior",580,1.05147225178653,32885
"Gender agreement","Grammatical","lateral","left anterior","left","anterior",582,1.08840960924434,32885
"Gender agreement","Grammatical","lateral","left anterior","left","anterior",584,1.12306486239927,32885
"Gender agreement","Grammatical","lateral","left anterior","left","anterior",586,1.15348949369013,32885
"Gender agreement","Grammatical","lateral","left anterior","left","anterior",588,1.18042466169986,32885
"Gender agreement","Grammatical","lateral","left anterior","left","anterior",590,1.20542697278394,32885
"Gender agreement","Grammatical","lateral","left anterior","left","anterior",592,1.22948733465106,32885
"Gender agreement","Grammatical","lateral","left anterior","left","anterior",594,1.25263080431808,32885
"Gender agreement","Grammatical","lateral","left anterior","left","anterior",596,1.27442140793675,32885
"Gender agreement","Grammatical","lateral","left anterior","left","anterior",598,1.29486121331914,32885
"Gender agreement","Grammatical","lateral","left anterior","left","anterior",600,1.31417844001825,32885
"Gender agreement","Grammatical","lateral","left anterior","left","anterior",602,1.33174231412498,32885
"Gender agreement","Grammatical","lateral","left anterior","left","anterior",604,1.34606087882013,32885
"Gender agreement","Grammatical","lateral","left anterior","left","anterior",606,1.35619300592976,32885
"Gender agreement","Grammatical","lateral","left anterior","left","anterior",608,1.362942952714,32885
"Gender agreement","Grammatical","lateral","left anterior","left","anterior",610,1.36865552683594,32885
"Gender agreement","Grammatical","lateral","left anterior","left","anterior",612,1.37598750190056,32885
"Gender agreement","Grammatical","lateral","left anterior","left","anterior",614,1.38650062338452,32885
"Gender agreement","Grammatical","lateral","left anterior","left","anterior",616,1.40052458567736,32885
"Gender agreement","Grammatical","lateral","left anterior","left","anterior",618,1.41806163904516,32885
"Gender agreement","Grammatical","lateral","left anterior","left","anterior",620,1.43853875627186,32885
"Gender agreement","Grammatical","lateral","left anterior","left","anterior",622,1.45918041660331,32885
"Gender agreement","Grammatical","lateral","left anterior","left","anterior",624,1.47557801429223,32885
"Gender agreement","Grammatical","lateral","left anterior","left","anterior",626,1.48474730120116,32885
"Gender agreement","Grammatical","lateral","left anterior","left","anterior",628,1.48712200091227,32885
"Gender agreement","Grammatical","lateral","left anterior","left","anterior",630,1.48500100349704,32885
"Gender agreement","Grammatical","lateral","left anterior","left","anterior",632,1.48031114489889,32885
"Gender agreement","Grammatical","lateral","left anterior","left","anterior",634,1.47431169226091,32885
"Gender agreement","Grammatical","lateral","left anterior","left","anterior",636,1.46825248593584,32885
"Gender agreement","Grammatical","lateral","left anterior","left","anterior",638,1.46366927170442,32885
"Gender agreement","Grammatical","lateral","left anterior","left","anterior",640,1.46244816785769,32885
"Gender agreement","Grammatical","lateral","left anterior","left","anterior",642,1.46581675535959,32885
"Gender agreement","Grammatical","lateral","left anterior","left","anterior",644,1.47293757032081,32885
"Gender agreement","Grammatical","lateral","left anterior","left","anterior",646,1.48075791394253,32885
"Gender agreement","Grammatical","lateral","left anterior","left","anterior",648,1.48533802645583,32885
"Gender agreement","Grammatical","lateral","left anterior","left","anterior",650,1.48343515280523,32885
"Gender agreement","Grammatical","lateral","left anterior","left","anterior",652,1.47345038771476,32885
"Gender agreement","Grammatical","lateral","left anterior","left","anterior",654,1.45552750494146,32885
"Gender agreement","Grammatical","lateral","left anterior","left","anterior",656,1.43154307435001,32885
"Gender agreement","Grammatical","lateral","left anterior","left","anterior",658,1.40505385434089,32885
"Gender agreement","Grammatical","lateral","left anterior","left","anterior",660,1.38027185646951,32885
"Gender agreement","Grammatical","lateral","left anterior","left","anterior",662,1.36072312604531,32885
"Gender agreement","Grammatical","lateral","left anterior","left","anterior",664,1.3486629162232,32885
"Gender agreement","Grammatical","lateral","left anterior","left","anterior",666,1.34515830925954,32885
"Gender agreement","Grammatical","lateral","left anterior","left","anterior",668,1.34960380112513,32885
"Gender agreement","Grammatical","lateral","left anterior","left","anterior",670,1.35949277786225,32885
"Gender agreement","Grammatical","lateral","left anterior","left","anterior",672,1.37140997415235,32885
"Gender agreement","Grammatical","lateral","left anterior","left","anterior",674,1.38250415082865,32885
"Gender agreement","Grammatical","lateral","left anterior","left","anterior",676,1.39095764026152,32885
"Gender agreement","Grammatical","lateral","left anterior","left","anterior",678,1.39536481678577,32885
"Gender agreement","Grammatical","lateral","left anterior","left","anterior",680,1.39451208757792,32885
"Gender agreement","Grammatical","lateral","left anterior","left","anterior",682,1.38802712482895,32885
"Gender agreement","Grammatical","lateral","left anterior","left","anterior",684,1.37681532613654,32885
"Gender agreement","Grammatical","lateral","left anterior","left","anterior",686,1.36264686027064,32885
"Gender agreement","Grammatical","lateral","left anterior","left","anterior",688,1.3472799452638,32885
"Gender agreement","Grammatical","lateral","left anterior","left","anterior",690,1.33190156606355,32885
"Gender agreement","Grammatical","lateral","left anterior","left","anterior",692,1.31697068572297,32885
"Gender agreement","Grammatical","lateral","left anterior","left","anterior",694,1.30228505397598,32885
"Gender agreement","Grammatical","lateral","left anterior","left","anterior",696,1.28732838680249,32885
"Gender agreement","Grammatical","lateral","left anterior","left","anterior",698,1.27171975064619,32885
"Gender agreement","Grammatical","lateral","left anterior","left","anterior",700,1.25560085145203,32885
"Gender agreement","Grammatical","lateral","left anterior","left","anterior",702,1.23979020830166,32885
"Gender agreement","Grammatical","lateral","left anterior","left","anterior",704,1.22515663676448,32885
"Gender agreement","Grammatical","lateral","left anterior","left","anterior",706,1.21167930667478,32885
"Gender agreement","Grammatical","lateral","left anterior","left","anterior",708,1.19871488520602,32885
"Gender agreement","Grammatical","lateral","left anterior","left","anterior",710,1.18622371902083,32885
"Gender agreement","Grammatical","lateral","left anterior","left","anterior",712,1.17534711874715,32885
"Gender agreement","Grammatical","lateral","left anterior","left","anterior",714,1.16762636460392,32885
"Gender agreement","Grammatical","lateral","left anterior","left","anterior",716,1.16396554660179,32885
"Gender agreement","Grammatical","lateral","left anterior","left","anterior",718,1.16443040900106,32885
"Gender agreement","Grammatical","lateral","left anterior","left","anterior",720,1.16871315189296,32885
"Gender agreement","Grammatical","lateral","left anterior","left","anterior",722,1.17577263189904,32885
"Gender agreement","Grammatical","lateral","left anterior","left","anterior",724,1.18374249657899,32885
"Gender agreement","Grammatical","lateral","left anterior","left","anterior",726,1.19131044549187,32885
"Gender agreement","Grammatical","lateral","left anterior","left","anterior",728,1.19824369773453,32885
"Gender agreement","Grammatical","lateral","left anterior","left","anterior",730,1.2041572753535,32885
"Gender agreement","Grammatical","lateral","left anterior","left","anterior",732,1.20785072221378,32885
"Gender agreement","Grammatical","lateral","left anterior","left","anterior",734,1.20868219552988,32885
"Gender agreement","Grammatical","lateral","left anterior","left","anterior",736,1.20776265774669,32885
"Gender agreement","Grammatical","lateral","left anterior","left","anterior",738,1.20706489280827,32885
"Gender agreement","Grammatical","lateral","left anterior","left","anterior",740,1.2072741675536,32885
"Gender agreement","Grammatical","lateral","left anterior","left","anterior",742,1.20710710050175,32885
"Gender agreement","Grammatical","lateral","left anterior","left","anterior",744,1.20485686483199,32885
"Gender agreement","Grammatical","lateral","left anterior","left","anterior",746,1.20006200395317,32885
"Gender agreement","Grammatical","lateral","left anterior","left","anterior",748,1.19326659571233,32885
"Gender agreement","Grammatical","lateral","left anterior","left","anterior",750,1.18474593279611,32885
"Gender agreement","Grammatical","lateral","left anterior","left","anterior",752,1.17426665653033,32885
"Gender agreement","Grammatical","lateral","left anterior","left","anterior",754,1.16207465409761,32885
"Gender agreement","Grammatical","lateral","left anterior","left","anterior",756,1.14941319750646,32885
"Gender agreement","Grammatical","lateral","left anterior","left","anterior",758,1.13798698494754,32885
"Gender agreement","Grammatical","lateral","left anterior","left","anterior",760,1.12925032689676,32885
"Gender agreement","Grammatical","lateral","left anterior","left","anterior",762,1.12418516040748,32885
"Gender agreement","Grammatical","lateral","left anterior","left","anterior",764,1.12324661699863,32885
"Gender agreement","Grammatical","lateral","left anterior","left","anterior",766,1.12623199026912,32885
"Gender agreement","Grammatical","lateral","left anterior","left","anterior",768,1.13202636460392,32885
"Gender agreement","Grammatical","lateral","left anterior","left","anterior",770,1.13864704272465,32885
"Gender agreement","Grammatical","lateral","left anterior","left","anterior",772,1.14413538087274,32885
"Gender agreement","Grammatical","lateral","left anterior","left","anterior",774,1.1476514520298,32885
"Gender agreement","Grammatical","lateral","left anterior","left","anterior",776,1.14962876691501,32885
"Gender agreement","Grammatical","lateral","left anterior","left","anterior",778,1.15080374030713,32885
"Gender agreement","Grammatical","lateral","left anterior","left","anterior",780,1.15160556484719,32885
"Gender agreement","Grammatical","lateral","left anterior","left","anterior",782,1.15214371293903,32885
"Gender agreement","Grammatical","lateral","left anterior","left","anterior",784,1.15225485783792,32885
"Gender agreement","Grammatical","lateral","left anterior","left","anterior",786,1.15172911661852,32885
"Gender agreement","Grammatical","lateral","left anterior","left","anterior",788,1.15058589022351,32885
"Gender agreement","Grammatical","lateral","left anterior","left","anterior",790,1.14910685722974,32885
"Gender agreement","Grammatical","lateral","left anterior","left","anterior",792,1.1478486239927,32885
"Gender agreement","Grammatical","lateral","left anterior","left","anterior",794,1.147800121636,32885
"Gender agreement","Grammatical","lateral","left anterior","left","anterior",796,1.1499970199179,32885
"Gender agreement","Grammatical","lateral","left anterior","left","anterior",798,1.15485157366581,32885
"Gender agreement","Grammatical","lateral","left anterior","left","anterior",800,1.1617056712787,32885
"Gender agreement","Grammatical","lateral","left anterior","left","anterior",802,1.16889259540824,32885
"Gender agreement","Grammatical","lateral","left anterior","left","anterior",804,1.17449806902843,32885
"Gender agreement","Grammatical","lateral","left anterior","left","anterior",806,1.17732525467538,32885
"Gender agreement","Grammatical","lateral","left anterior","left","anterior",808,1.17719616846587,32885
"Gender agreement","Grammatical","lateral","left anterior","left","anterior",810,1.1744771476357,32885
"Gender agreement","Grammatical","lateral","left anterior","left","anterior",812,1.1699115098069,32885
"Gender agreement","Grammatical","lateral","left anterior","left","anterior",814,1.16445695605899,32885
"Gender agreement","Grammatical","lateral","left anterior","left","anterior",816,1.15877013836095,32885
"Gender agreement","Grammatical","lateral","left anterior","left","anterior",818,1.15277655466018,32885
"Gender agreement","Grammatical","lateral","left anterior","left","anterior",820,1.14556743195986,32885
"Gender agreement","Grammatical","lateral","left anterior","left","anterior",822,1.13558619431352,32885
"Gender agreement","Grammatical","lateral","left anterior","left","anterior",824,1.12145875019006,32885
"Gender agreement","Grammatical","lateral","left anterior","left","anterior",826,1.10302621255892,32885
"Gender agreement","Grammatical","lateral","left anterior","left","anterior",828,1.08139589478486,32885
"Gender agreement","Grammatical","lateral","left anterior","left","anterior",830,1.05773833054584,32885
"Gender agreement","Grammatical","lateral","left anterior","left","anterior",832,1.03231242207693,32885
"Gender agreement","Grammatical","lateral","left anterior","left","anterior",834,1.00445951041508,32885
"Gender agreement","Grammatical","lateral","left anterior","left","anterior",836,0.973038589022351,32885
"Gender agreement","Grammatical","lateral","left anterior","left","anterior",838,0.936659206325072,32885
"Gender agreement","Grammatical","lateral","left anterior","left","anterior",840,0.893864406264254,32885
"Gender agreement","Grammatical","lateral","left anterior","left","anterior",842,0.843772388627034,32885
"Gender agreement","Grammatical","lateral","left anterior","left","anterior",844,0.786250266078759,32885
"Gender agreement","Grammatical","lateral","left anterior","left","anterior",846,0.721170959403984,32885
"Gender agreement","Grammatical","lateral","left anterior","left","anterior",848,0.648328204348487,32885
"Gender agreement","Grammatical","lateral","left anterior","left","anterior",850,0.568343500076023,32885
"Gender agreement","Grammatical","lateral","left anterior","left","anterior",852,0.482665318534286,32885
"Gender agreement","Grammatical","lateral","left anterior","left","anterior",854,0.39224199483047,32885
"Gender agreement","Grammatical","lateral","left anterior","left","anterior",856,0.297163174699711,32885
"Gender agreement","Grammatical","lateral","left anterior","left","anterior",858,0.197998357913943,32885
"Gender agreement","Grammatical","lateral","left anterior","left","anterior",860,0.0965059753687092,32885
"Gender agreement","Grammatical","lateral","left anterior","left","anterior",862,-0.00541344077847039,32885
"Gender agreement","Grammatical","lateral","left anterior","left","anterior",864,-0.107228736506006,32885
"Gender agreement","Grammatical","lateral","left anterior","left","anterior",866,-0.210516223202068,32885
"Gender agreement","Grammatical","lateral","left anterior","left","anterior",868,-0.317660909229132,32885
"Gender agreement","Grammatical","lateral","left anterior","left","anterior",870,-0.428980933556333,32885
"Gender agreement","Grammatical","lateral","left anterior","left","anterior",872,-0.541652668389843,32885
"Gender agreement","Grammatical","lateral","left anterior","left","anterior",874,-0.651236734073286,32885
"Gender agreement","Grammatical","lateral","left anterior","left","anterior",876,-0.75331342557397,32885
"Gender agreement","Grammatical","lateral","left anterior","left","anterior",878,-0.844455313972936,32885
"Gender agreement","Grammatical","lateral","left anterior","left","anterior",880,-0.922766398053824,32885
"Gender agreement","Grammatical","lateral","left anterior","left","anterior",882,-0.987847650904668,32885
"Gender agreement","Grammatical","lateral","left anterior","left","anterior",884,-1.04100732856926,32885
"Gender agreement","Grammatical","lateral","left anterior","left","anterior",886,-1.08519093811768,32885
"Gender agreement","Grammatical","lateral","left anterior","left","anterior",888,-1.12313462064771,32885
"Gender agreement","Grammatical","lateral","left anterior","left","anterior",890,-1.1551227915463,32885
"Gender agreement","Grammatical","lateral","left anterior","left","anterior",892,-1.17890475900867,32885
"Gender agreement","Grammatical","lateral","left anterior","left","anterior",894,-1.19110351223962,32885
"Gender agreement","Grammatical","lateral","left anterior","left","anterior",896,-1.18825102630379,32885
"Gender agreement","Grammatical","lateral","left anterior","left","anterior",898,-1.16757795347423,32885
"Gender agreement","Grammatical","lateral","left anterior","left","anterior",900,-1.12842523947088,32885
"Gender agreement","Grammatical","lateral","left anterior","left","anterior",902,-1.07319543864984,32885
"Gender agreement","Grammatical","lateral","left anterior","left","anterior",904,-1.00618108560134,32885
"Gender agreement","Grammatical","lateral","left anterior","left","anterior",906,-0.93132513303938,32885
"Gender agreement","Grammatical","lateral","left anterior","left","anterior",908,-0.851230591455071,32885
"Gender agreement","Grammatical","lateral","left anterior","left","anterior",910,-0.767328386802493,32885
"Gender agreement","Grammatical","lateral","left anterior","left","anterior",912,-0.67967456287061,32885
"Gender agreement","Grammatical","lateral","left anterior","left","anterior",914,-0.587027459327961,32885
"Gender agreement","Grammatical","lateral","left anterior","left","anterior",916,-0.487257047285997,32885
"Gender agreement","Grammatical","lateral","left anterior","left","anterior",918,-0.37747571841265,32885
"Gender agreement","Grammatical","lateral","left anterior","left","anterior",920,-0.254543956211038,32885
"Gender agreement","Grammatical","lateral","left anterior","left","anterior",922,-0.116744990117075,32885
"Gender agreement","Grammatical","lateral","left anterior","left","anterior",924,0.0346682377983883,32885
"Gender agreement","Grammatical","lateral","left anterior","left","anterior",926,0.195897947392428,32885
"Gender agreement","Grammatical","lateral","left anterior","left","anterior",928,0.362185859814505,32885
"Gender agreement","Grammatical","lateral","left anterior","left","anterior",930,0.529462885814201,32885
"Gender agreement","Grammatical","lateral","left anterior","left","anterior",932,0.694983487912422,32885
"Gender agreement","Grammatical","lateral","left anterior","left","anterior",934,0.856672221377528,32885
"Gender agreement","Grammatical","lateral","left anterior","left","anterior",936,1.01211376007298,32885
"Gender agreement","Grammatical","lateral","left anterior","left","anterior",938,1.15822460088186,32885
"Gender agreement","Grammatical","lateral","left anterior","left","anterior",940,1.29155359586438,32885
"Gender agreement","Grammatical","lateral","left anterior","left","anterior",942,1.40891920328417,32885
"Gender agreement","Grammatical","lateral","left anterior","left","anterior",944,1.50787903299377,32885
"Gender agreement","Grammatical","lateral","left anterior","left","anterior",946,1.58703311540216,32885
"Gender agreement","Grammatical","lateral","left anterior","left","anterior",948,1.64639677664589,32885
"Gender agreement","Grammatical","lateral","left anterior","left","anterior",950,1.68725513151893,32885
"Gender agreement","Grammatical","lateral","left anterior","left","anterior",952,1.71107410673559,32885
"Gender agreement","Grammatical","lateral","left anterior","left","anterior",954,1.71808894632811,32885
"Gender agreement","Grammatical","lateral","left anterior","left","anterior",956,1.7073942222898,32885
"Gender agreement","Grammatical","lateral","left anterior","left","anterior",958,1.67916837463889,32885
"Gender agreement","Grammatical","lateral","left anterior","left","anterior",960,1.63656673255284,32885
"Gender agreement","Grammatical","lateral","left anterior","left","anterior",962,1.58447970199179,32885
"Gender agreement","Grammatical","lateral","left anterior","left","anterior",964,1.52775688003649,32885
"Gender agreement","Grammatical","lateral","left anterior","left","anterior",966,1.47092133191425,32885
"Gender agreement","Grammatical","lateral","left anterior","left","anterior",968,1.41769892048046,32885
"Gender agreement","Grammatical","lateral","left anterior","left","anterior",970,1.36990512391668,32885
"Gender agreement","Grammatical","lateral","left anterior","left","anterior",972,1.32728502356698,32885
"Gender agreement","Grammatical","lateral","left anterior","left","anterior",974,1.2878170594496,32885
"Gender agreement","Grammatical","lateral","left anterior","left","anterior",976,1.24777795347423,32885
"Gender agreement","Grammatical","lateral","left anterior","left","anterior",978,1.20290485023567,32885
"Gender agreement","Grammatical","lateral","left anterior","left","anterior",980,1.15047614413867,32885
"Gender agreement","Grammatical","lateral","left anterior","left","anterior",982,1.08975648471948,32885
"Gender agreement","Grammatical","lateral","left anterior","left","anterior",984,1.02122818914399,32885
"Gender agreement","Grammatical","lateral","left anterior","left","anterior",986,0.946508803405808,32885
"Gender agreement","Grammatical","lateral","left anterior","left","anterior",988,0.868466626121332,32885
"Gender agreement","Grammatical","lateral","left anterior","left","anterior",990,0.790838467386346,32885
"Gender agreement","Grammatical","lateral","left anterior","left","anterior",992,0.717011768283412,32885
"Gender agreement","Grammatical","lateral","left anterior","left","anterior",994,0.648553687091379,32885
"Gender agreement","Grammatical","lateral","left anterior","left","anterior",996,0.585009396381329,32885
"Gender agreement","Grammatical","lateral","left anterior","left","anterior",998,0.525280066899802,32885
"Gender agreement","Grammatical","lateral","left anterior","left","anterior",1000,0.468626790329938,32885
"Gender agreement","Grammatical","lateral","left anterior","left","anterior",1002,0.414804074806143,32885
"Gender agreement","Grammatical","lateral","left anterior","left","anterior",1004,0.36394629770412,32885
"Gender agreement","Grammatical","lateral","left anterior","left","anterior",1006,0.315912878211951,32885
"Gender agreement","Grammatical","lateral","left anterior","left","anterior",1008,0.269477786224723,32885
"Gender agreement","Grammatical","lateral","left anterior","left","anterior",1010,0.222954751406416,32885
"Gender agreement","Grammatical","lateral","left anterior","left","anterior",1012,0.175646373726623,32885
"Gender agreement","Grammatical","lateral","left anterior","left","anterior",1014,0.128536536414779,32885
"Gender agreement","Grammatical","lateral","left anterior","left","anterior",1016,0.0832290710050174,32885
"Gender agreement","Grammatical","lateral","left anterior","left","anterior",1018,0.0399721453550251,32885
"Gender agreement","Grammatical","lateral","left anterior","left","anterior",1020,-0.00306145659115102,32885
"Gender agreement","Grammatical","lateral","left anterior","left","anterior",1022,-0.048652485935837,32885
"Gender agreement","Grammatical","lateral","left anterior","left","anterior",1024,-0.0990583244640414,32885
"Gender agreement","Grammatical","lateral","left anterior","left","anterior",1026,-0.154928478029497,32885
"Gender agreement","Grammatical","lateral","left anterior","left","anterior",1028,-0.21475599817546,32885
"Gender agreement","Grammatical","lateral","left anterior","left","anterior",1030,-0.275112422076935,32885
"Gender agreement","Grammatical","lateral","left anterior","left","anterior",1032,-0.331764543104759,32885
"Gender agreement","Grammatical","lateral","left anterior","left","anterior",1034,-0.38127456287061,32885
"Gender agreement","Grammatical","lateral","left anterior","left","anterior",1036,-0.422781937053368,32885
"Gender agreement","Grammatical","lateral","left anterior","left","anterior",1038,-0.458712604530941,32885
"Gender agreement","Grammatical","lateral","left anterior","left","anterior",1040,-0.493840839288429,32885
"Gender agreement","Grammatical","lateral","left anterior","left","anterior",1042,-0.533351892960316,32885
"Gender agreement","Grammatical","lateral","left anterior","left","anterior",1044,-0.580601581268055,32885
"Gender agreement","Grammatical","lateral","left anterior","left","anterior",1046,-0.635384734681466,32885
"Gender agreement","Grammatical","lateral","left anterior","left","anterior",1048,-0.694661851908165,32885
"Gender agreement","Grammatical","lateral","left anterior","left","anterior",1050,-0.755482256347879,32885
"Gender agreement","Grammatical","lateral","left anterior","left","anterior",1052,-0.816942192488977,32885
"Gender agreement","Grammatical","lateral","left anterior","left","anterior",1054,-0.879555663676448,32885
"Gender agreement","Grammatical","lateral","left anterior","left","anterior",1056,-0.943293477269272,32885
"Gender agreement","Grammatical","lateral","left anterior","left","anterior",1058,-1.00641006537935,32885
"Gender agreement","Grammatical","lateral","left anterior","left","anterior",1060,-1.06540887942831,32885
"Gender agreement","Grammatical","lateral","left anterior","left","anterior",1062,-1.11599923977497,32885
"Gender agreement","Grammatical","lateral","left anterior","left","anterior",1064,-1.15443937965638,32885
"Gender agreement","Grammatical","lateral","left anterior","left","anterior",1066,-1.17910366428463,32885
"Gender agreement","Grammatical","lateral","left anterior","left","anterior",1068,-1.19163262885814,32885
"Gender agreement","Grammatical","lateral","left anterior","left","anterior",1070,-1.19670159647256,32885
"Gender agreement","Grammatical","lateral","left anterior","left","anterior",1072,-1.19959589478486,32885
"Gender agreement","Grammatical","lateral","left anterior","left","anterior",1074,-1.20354672343014,32885
"Gender agreement","Grammatical","lateral","left anterior","left","anterior",1076,-1.2090198874867,32885
"Gender agreement","Grammatical","lateral","left anterior","left","anterior",1078,-1.21491366884598,32885
"Gender agreement","Grammatical","lateral","left anterior","left","anterior",1080,-1.22013933404288,32885
"Gender agreement","Grammatical","lateral","left anterior","left","anterior",1082,-1.2242372206173,32885
"Gender agreement","Grammatical","lateral","left anterior","left","anterior",1084,-1.22683527444123,32885
"Gender agreement","Grammatical","lateral","left anterior","left","anterior",1086,-1.22703843697735,32885
"Gender agreement","Grammatical","lateral","left anterior","left","anterior",1088,-1.22369399422229,32885
"Gender agreement","Grammatical","lateral","left anterior","left","anterior",1090,-1.21564920176372,32885
"Gender agreement","Grammatical","lateral","left anterior","left","anterior",1092,-1.20186717348335,32885
"Gender agreement","Grammatical","lateral","left anterior","left","anterior",1094,-1.18171601033906,32885
"Gender agreement","Grammatical","lateral","left anterior","left","anterior",1096,-1.15497865288125,32885
"Gender agreement","Grammatical","lateral","left anterior","left","anterior",1098,-1.12155207541432,32885
"Gender agreement","Grammatical","lateral","left medial","left","medial",-100,0.0936622573615123,19731
"Gender agreement","Grammatical","lateral","left medial","left","medial",-98,0.0905062591860524,19731
"Gender agreement","Grammatical","lateral","left medial","left","medial",-96,0.0862819928032031,19731
"Gender agreement","Grammatical","lateral","left medial","left","medial",-94,0.0788116162384066,19731
"Gender agreement","Grammatical","lateral","left medial","left","medial",-92,0.0663971415538999,19731
"Gender agreement","Grammatical","lateral","left medial","left","medial",-90,0.0486303785920633,19731
"Gender agreement","Grammatical","lateral","left medial","left","medial",-88,0.0269875829912321,19731
"Gender agreement","Grammatical","lateral","left medial","left","medial",-86,0.00418960012163601,19731
"Gender agreement","Grammatical","lateral","left medial","left","medial",-84,-0.0174473164056561,19731
"Gender agreement","Grammatical","lateral","left medial","left","medial",-82,-0.0368914905478688,19731
"Gender agreement","Grammatical","lateral","left medial","left","medial",-80,-0.0538556079266129,19731
"Gender agreement","Grammatical","lateral","left medial","left","medial",-78,-0.0681809335563327,19731
"Gender agreement","Grammatical","lateral","left medial","left","medial",-76,-0.0797574882165121,19731
"Gender agreement","Grammatical","lateral","left medial","left","medial",-74,-0.0885237950433328,19731
"Gender agreement","Grammatical","lateral","left medial","left","medial",-72,-0.0940671532106837,19731
"Gender agreement","Grammatical","lateral","left medial","left","medial",-70,-0.0958285439156657,19731
"Gender agreement","Grammatical","lateral","left medial","left","medial",-68,-0.0942169175409255,19731
"Gender agreement","Grammatical","lateral","left medial","left","medial",-66,-0.0912933961786022,19731
"Gender agreement","Grammatical","lateral","left medial","left","medial",-64,-0.0898311286807562,19731
"Gender agreement","Grammatical","lateral","left medial","left","medial",-62,-0.0914700724747859,19731
"Gender agreement","Grammatical","lateral","left medial","left","medial",-60,-0.095766915006842,19731
"Gender agreement","Grammatical","lateral","left medial","left","medial",-58,-0.10122619228625,19731
"Gender agreement","Grammatical","lateral","left medial","left","medial",-56,-0.107198418731945,19731
"Gender agreement","Grammatical","lateral","left medial","left","medial",-54,-0.11454533475242,19731
"Gender agreement","Grammatical","lateral","left medial","left","medial",-52,-0.124500329430845,19731
"Gender agreement","Grammatical","lateral","left medial","left","medial",-50,-0.137587704627236,19731
"Gender agreement","Grammatical","lateral","left medial","left","medial",-48,-0.153109776493842,19731
"Gender agreement","Grammatical","lateral","left medial","left","medial",-46,-0.16865161421114,19731
"Gender agreement","Grammatical","lateral","left medial","left","medial",-44,-0.18052389640667,19731
"Gender agreement","Grammatical","lateral","left medial","left","medial",-42,-0.185913283665298,19731
"Gender agreement","Grammatical","lateral","left medial","left","medial",-40,-0.18466332167655,19731
"Gender agreement","Grammatical","lateral","left medial","left","medial",-38,-0.178864223810248,19731
"Gender agreement","Grammatical","lateral","left medial","left","medial",-36,-0.171050732350109,19731
"Gender agreement","Grammatical","lateral","left medial","left","medial",-34,-0.163000152045005,19731
"Gender agreement","Grammatical","lateral","left medial","left","medial",-32,-0.156187826263241,19731
"Gender agreement","Grammatical","lateral","left medial","left","medial",-30,-0.152598398459277,19731
"Gender agreement","Grammatical","lateral","left medial","left","medial",-28,-0.154511428716233,19731
"Gender agreement","Grammatical","lateral","left medial","left","medial",-26,-0.163155288632102,19731
"Gender agreement","Grammatical","lateral","left medial","left","medial",-24,-0.177408899700978,19731
"Gender agreement","Grammatical","lateral","left medial","left","medial",-22,-0.194254574020577,19731
"Gender agreement","Grammatical","lateral","left medial","left","medial",-20,-0.211124372814353,19731
"Gender agreement","Grammatical","lateral","left medial","left","medial",-18,-0.227881252850844,19731
"Gender agreement","Grammatical","lateral","left medial","left","medial",-16,-0.246614211139831,19731
"Gender agreement","Grammatical","lateral","left medial","left","medial",-14,-0.26956743195986,19731
"Gender agreement","Grammatical","lateral","left medial","left","medial",-12,-0.297019259034007,19731
"Gender agreement","Grammatical","lateral","left medial","left","medial",-10,-0.327131316202929,19731
"Gender agreement","Grammatical","lateral","left medial","left","medial",-8,-0.357309208859156,19731
"Gender agreement","Grammatical","lateral","left medial","left","medial",-6,-0.385045613501596,19731
"Gender agreement","Grammatical","lateral","left medial","left","medial",-4,-0.407438497795347,19731
"Gender agreement","Grammatical","lateral","left medial","left","medial",-2,-0.421627540418631,19731
"Gender agreement","Grammatical","lateral","left medial","left","medial",0,-0.426497440575744,19731
"Gender agreement","Grammatical","lateral","left medial","left","medial",2,-0.42385018498809,19731
"Gender agreement","Grammatical","lateral","left medial","left","medial",4,-0.41777284476205,19731
"Gender agreement","Grammatical","lateral","left medial","left","medial",6,-0.412221022756069,19731
"Gender agreement","Grammatical","lateral","left medial","left","medial",8,-0.408880289899143,19731
"Gender agreement","Grammatical","lateral","left medial","left","medial",10,-0.407095991080026,19731
"Gender agreement","Grammatical","lateral","left medial","left","medial",12,-0.405502001925903,19731
"Gender agreement","Grammatical","lateral","left medial","left","medial",14,-0.403415285591202,19731
"Gender agreement","Grammatical","lateral","left medial","left","medial",16,-0.400875728548984,19731
"Gender agreement","Grammatical","lateral","left medial","left","medial",18,-0.397557396989509,19731
"Gender agreement","Grammatical","lateral","left medial","left","medial",20,-0.392551619279307,19731
"Gender agreement","Grammatical","lateral","left medial","left","medial",22,-0.385469464294765,19731
"Gender agreement","Grammatical","lateral","left medial","left","medial",24,-0.377418630581319,19731
"Gender agreement","Grammatical","lateral","left medial","left","medial",26,-0.370946429476458,19731
"Gender agreement","Grammatical","lateral","left medial","left","medial",28,-0.368608332066292,19731
"Gender agreement","Grammatical","lateral","left medial","left","medial",30,-0.370840504789418,19731
"Gender agreement","Grammatical","lateral","left medial","left","medial",32,-0.375404541077492,19731
"Gender agreement","Grammatical","lateral","left medial","left","medial",34,-0.379541584308955,19731
"Gender agreement","Grammatical","lateral","left medial","left","medial",36,-0.382231969996452,19731
"Gender agreement","Grammatical","lateral","left medial","left","medial",38,-0.384253712432213,19731
"Gender agreement","Grammatical","lateral","left medial","left","medial",40,-0.386940398357914,19731
"Gender agreement","Grammatical","lateral","left medial","left","medial",42,-0.391101363336881,19731
"Gender agreement","Grammatical","lateral","left medial","left","medial",44,-0.396369418681263,19731
"Gender agreement","Grammatical","lateral","left medial","left","medial",46,-0.400629060868684,19731
"Gender agreement","Grammatical","lateral","left medial","left","medial",48,-0.400370989812985,19731
"Gender agreement","Grammatical","lateral","left medial","left","medial",50,-0.392649941716081,19731
"Gender agreement","Grammatical","lateral","left medial","left","medial",52,-0.376557194262835,19731
"Gender agreement","Grammatical","lateral","left medial","left","medial",54,-0.353267548527698,19731
"Gender agreement","Grammatical","lateral","left medial","left","medial",56,-0.325053114388526,19731
"Gender agreement","Grammatical","lateral","left medial","left","medial",58,-0.294653438751204,19731
"Gender agreement","Grammatical","lateral","left medial","left","medial",60,-0.265127464396128,19731
"Gender agreement","Grammatical","lateral","left medial","left","medial",62,-0.239494754447316,19731
"Gender agreement","Grammatical","lateral","left medial","left","medial",64,-0.219594648015813,19731
"Gender agreement","Grammatical","lateral","left medial","left","medial",66,-0.205230601591404,19731
"Gender agreement","Grammatical","lateral","left medial","left","medial",68,-0.194300035477168,19731
"Gender agreement","Grammatical","lateral","left medial","left","medial",70,-0.184110384673863,19731
"Gender agreement","Grammatical","lateral","left medial","left","medial",72,-0.173114489889007,19731
"Gender agreement","Grammatical","lateral","left medial","left","medial",74,-0.161783133140743,19731
"Gender agreement","Grammatical","lateral","left medial","left","medial",76,-0.151424915108205,19731
"Gender agreement","Grammatical","lateral","left medial","left","medial",78,-0.142715270386701,19731
"Gender agreement","Grammatical","lateral","left medial","left","medial",80,-0.136152298413664,19731
"Gender agreement","Grammatical","lateral","left medial","left","medial",82,-0.133217981855963,19731
"Gender agreement","Grammatical","lateral","left medial","left","medial",84,-0.136478536313415,19731
"Gender agreement","Grammatical","lateral","left medial","left","medial",86,-0.148539861132228,19731
"Gender agreement","Grammatical","lateral","left medial","left","medial",88,-0.171040545334752,19731
"Gender agreement","Grammatical","lateral","left medial","left","medial",90,-0.20439227611373,19731
"Gender agreement","Grammatical","lateral","left medial","left","medial",92,-0.247887993512746,19731
"Gender agreement","Grammatical","lateral","left medial","left","medial",94,-0.299685722974,19731
"Gender agreement","Grammatical","lateral","left medial","left","medial",96,-0.357415234909533,19731
"Gender agreement","Grammatical","lateral","left medial","left","medial",98,-0.419333941513355,19731
"Gender agreement","Grammatical","lateral","left medial","left","medial",100,-0.485031067862754,19731
"Gender agreement","Grammatical","lateral","left medial","left","medial",102,-0.555297197303735,19731
"Gender agreement","Grammatical","lateral","left medial","left","medial",104,-0.631043839643201,19731
"Gender agreement","Grammatical","lateral","left medial","left","medial",106,-0.711925700674066,19731
"Gender agreement","Grammatical","lateral","left medial","left","medial",108,-0.795721301505246,19731
"Gender agreement","Grammatical","lateral","left medial","left","medial",110,-0.879840504789418,19731
"Gender agreement","Grammatical","lateral","left medial","left","medial",112,-0.963284830976636,19731
"Gender agreement","Grammatical","lateral","left medial","left","medial",114,-1.0468827733009,19731
"Gender agreement","Grammatical","lateral","left medial","left","medial",116,-1.1317171962901,19731
"Gender agreement","Grammatical","lateral","left medial","left","medial",118,-1.21743064213674,19731
"Gender agreement","Grammatical","lateral","left medial","left","medial",120,-1.30102336424915,19731
"Gender agreement","Grammatical","lateral","left medial","left","medial",122,-1.37695372763671,19731
"Gender agreement","Grammatical","lateral","left medial","left","medial",124,-1.43899746591658,19731
"Gender agreement","Grammatical","lateral","left medial","left","medial",126,-1.48265095534945,19731
"Gender agreement","Grammatical","lateral","left medial","left","medial",128,-1.50629952866048,19731
"Gender agreement","Grammatical","lateral","left medial","left","medial",130,-1.51054077340226,19731
"Gender agreement","Grammatical","lateral","left medial","left","medial",132,-1.49679742537124,19731
"Gender agreement","Grammatical","lateral","left medial","left","medial",134,-1.46675196391465,19731
"Gender agreement","Grammatical","lateral","left medial","left","medial",136,-1.42286746743703,19731
"Gender agreement","Grammatical","lateral","left medial","left","medial",138,-1.36869859611778,19731
"Gender agreement","Grammatical","lateral","left medial","left","medial",140,-1.30779843900461,19731
"Gender agreement","Grammatical","lateral","left medial","left","medial",142,-1.2418848512493,19731
"Gender agreement","Grammatical","lateral","left medial","left","medial",144,-1.17000136840505,19731
"Gender agreement","Grammatical","lateral","left medial","left","medial",146,-1.08979271197608,19731
"Gender agreement","Grammatical","lateral","left medial","left","medial",148,-0.999434240535198,19731
"Gender agreement","Grammatical","lateral","left medial","left","medial",150,-0.89810171810856,19731
"Gender agreement","Grammatical","lateral","left medial","left","medial",152,-0.785317622016117,19731
"Gender agreement","Grammatical","lateral","left medial","left","medial",154,-0.661714358116669,19731
"Gender agreement","Grammatical","lateral","left medial","left","medial",156,-0.530255283563935,19731
"Gender agreement","Grammatical","lateral","left medial","left","medial",158,-0.395422279661446,19731
"Gender agreement","Grammatical","lateral","left medial","left","medial",160,-0.261058588008717,19731
"Gender agreement","Grammatical","lateral","left medial","left","medial",162,-0.129082763164563,19731
"Gender agreement","Grammatical","lateral","left medial","left","medial",164,0.000540469312249781,19731
"Gender agreement","Grammatical","lateral","left medial","left","medial",166,0.129105823323704,19731
"Gender agreement","Grammatical","lateral","left medial","left","medial",168,0.258567888094876,19731
"Gender agreement","Grammatical","lateral","left medial","left","medial",170,0.390588971668947,19731
"Gender agreement","Grammatical","lateral","left medial","left","medial",172,0.525385991586843,19731
"Gender agreement","Grammatical","lateral","left medial","left","medial",174,0.661680908215499,19731
"Gender agreement","Grammatical","lateral","left medial","left","medial",176,0.797401348132381,19731
"Gender agreement","Grammatical","lateral","left medial","left","medial",178,0.930078505904414,19731
"Gender agreement","Grammatical","lateral","left medial","left","medial",180,1.05691095230855,19731
"Gender agreement","Grammatical","lateral","left medial","left","medial",182,1.17498418731945,19731
"Gender agreement","Grammatical","lateral","left medial","left","medial",184,1.2817819167807,19731
"Gender agreement","Grammatical","lateral","left medial","left","medial",186,1.37630702954741,19731
"Gender agreement","Grammatical","lateral","left medial","left","medial",188,1.45980811920328,19731
"Gender agreement","Grammatical","lateral","left medial","left","medial",190,1.53530986772085,19731
"Gender agreement","Grammatical","lateral","left medial","left","medial",192,1.60622122548274,19731
"Gender agreement","Grammatical","lateral","left medial","left","medial",194,1.67473402260402,19731
"Gender agreement","Grammatical","lateral","left medial","left","medial",196,1.74134387512037,19731
"Gender agreement","Grammatical","lateral","left medial","left","medial",198,1.80584091024277,19731
"Gender agreement","Grammatical","lateral","left medial","left","medial",200,1.86852475799503,19731
"Gender agreement","Grammatical","lateral","left medial","left","medial",202,1.93005681415032,19731
"Gender agreement","Grammatical","lateral","left medial","left","medial",204,1.99059561096751,19731
"Gender agreement","Grammatical","lateral","left medial","left","medial",206,2.04983021641072,19731
"Gender agreement","Grammatical","lateral","left medial","left","medial",208,2.10721747503928,19731
"Gender agreement","Grammatical","lateral","left medial","left","medial",210,2.16196006284527,19731
"Gender agreement","Grammatical","lateral","left medial","left","medial",212,2.21340109472404,19731
"Gender agreement","Grammatical","lateral","left medial","left","medial",214,2.26183325731083,19731
"Gender agreement","Grammatical","lateral","left medial","left","medial",216,2.30860691297958,19731
"Gender agreement","Grammatical","lateral","left medial","left","medial",218,2.35512852871117,19731
"Gender agreement","Grammatical","lateral","left medial","left","medial",220,2.40226957579444,19731
"Gender agreement","Grammatical","lateral","left medial","left","medial",222,2.45043961279205,19731
"Gender agreement","Grammatical","lateral","left medial","left","medial",224,2.49947747199838,19731
"Gender agreement","Grammatical","lateral","left medial","left","medial",226,2.54840342608079,19731
"Gender agreement","Grammatical","lateral","left medial","left","medial",228,2.59570214383458,19731
"Gender agreement","Grammatical","lateral","left medial","left","medial",230,2.63977319953373,19731
"Gender agreement","Grammatical","lateral","left medial","left","medial",232,2.67912680553444,19731
"Gender agreement","Grammatical","lateral","left medial","left","medial",234,2.71190786072678,19731
"Gender agreement","Grammatical","lateral","left medial","left","medial",236,2.73584172114946,19731
"Gender agreement","Grammatical","lateral","left medial","left","medial",238,2.74965288125285,19731
"Gender agreement","Grammatical","lateral","left medial","left","medial",240,2.75436521210278,19731
"Gender agreement","Grammatical","lateral","left medial","left","medial",242,2.75218159241802,19731
"Gender agreement","Grammatical","lateral","left medial","left","medial",244,2.74445268866251,19731
"Gender agreement","Grammatical","lateral","left medial","left","medial",246,2.73127940803811,19731
"Gender agreement","Grammatical","lateral","left medial","left","medial",248,2.71256358015306,19731
"Gender agreement","Grammatical","lateral","left medial","left","medial",250,2.68878201814404,19731
"Gender agreement","Grammatical","lateral","left medial","left","medial",252,2.66116537428412,19731
"Gender agreement","Grammatical","lateral","left medial","left","medial",254,2.6313579646242,19731
"Gender agreement","Grammatical","lateral","left medial","left","medial",256,2.60091510820536,19731
"Gender agreement","Grammatical","lateral","left medial","left","medial",258,2.57040991333435,19731
"Gender agreement","Grammatical","lateral","left medial","left","medial",260,2.53927783690639,19731
"Gender agreement","Grammatical","lateral","left medial","left","medial",262,2.50685636815164,19731
"Gender agreement","Grammatical","lateral","left medial","left","medial",264,2.47376017434494,19731
"Gender agreement","Grammatical","lateral","left medial","left","medial",266,2.44114723024682,19731
"Gender agreement","Grammatical","lateral","left medial","left","medial",268,2.40876042775328,19731
"Gender agreement","Grammatical","lateral","left medial","left","medial",270,2.37482803709898,19731
"Gender agreement","Grammatical","lateral","left medial","left","medial",272,2.33783584207592,19731
"Gender agreement","Grammatical","lateral","left medial","left","medial",274,2.29739075566368,19731
"Gender agreement","Grammatical","lateral","left medial","left","medial",276,2.253552278141,19731
"Gender agreement","Grammatical","lateral","left medial","left","medial",278,2.20661593431656,19731
"Gender agreement","Grammatical","lateral","left medial","left","medial",280,2.15702904059602,19731
"Gender agreement","Grammatical","lateral","left medial","left","medial",282,2.1050703461558,19731
"Gender agreement","Grammatical","lateral","left medial","left","medial",284,2.05067340732857,19731
"Gender agreement","Grammatical","lateral","left medial","left","medial",286,1.99368450661396,19731
"Gender agreement","Grammatical","lateral","left medial","left","medial",288,1.93450129238255,19731
"Gender agreement","Grammatical","lateral","left medial","left","medial",290,1.87423926815671,19731
"Gender agreement","Grammatical","lateral","left medial","left","medial",292,1.81440692311591,19731
"Gender agreement","Grammatical","lateral","left medial","left","medial",294,1.75618184582636,19731
"Gender agreement","Grammatical","lateral","left medial","left","medial",296,1.70034635852212,19731
"Gender agreement","Grammatical","lateral","left medial","left","medial",298,1.64747990471846,19731
"Gender agreement","Grammatical","lateral","left medial","left","medial",300,1.59754067203892,19731
"Gender agreement","Grammatical","lateral","left medial","left","medial",302,1.54891409457199,19731
"Gender agreement","Grammatical","lateral","left medial","left","medial",304,1.49835826871421,19731
"Gender agreement","Grammatical","lateral","left medial","left","medial",306,1.4426789823121,19731
"Gender agreement","Grammatical","lateral","left medial","left","medial",308,1.38058441031879,19731
"Gender agreement","Grammatical","lateral","left medial","left","medial",310,1.31323627793827,19731
"Gender agreement","Grammatical","lateral","left medial","left","medial",312,1.24371962901019,19731
"Gender agreement","Grammatical","lateral","left medial","left","medial",314,1.17578222087071,19731
"Gender agreement","Grammatical","lateral","left medial","left","medial",316,1.11299062389134,19731
"Gender agreement","Grammatical","lateral","left medial","left","medial",318,1.05840646698089,19731
"Gender agreement","Grammatical","lateral","left medial","left","medial",320,1.01367011302012,19731
"Gender agreement","Grammatical","lateral","left medial","left","medial",322,0.977769601135269,19731
"Gender agreement","Grammatical","lateral","left medial","left","medial",324,0.947472251786529,19731
"Gender agreement","Grammatical","lateral","left medial","left","medial",326,0.919337185140135,19731
"Gender agreement","Grammatical","lateral","left medial","left","medial",328,0.891528964573514,19731
"Gender agreement","Grammatical","lateral","left medial","left","medial",330,0.86431133748923,19731
"Gender agreement","Grammatical","lateral","left medial","left","medial",332,0.839476863818357,19731
"Gender agreement","Grammatical","lateral","left medial","left","medial",334,0.819054837565253,19731
"Gender agreement","Grammatical","lateral","left medial","left","medial",336,0.803820485530384,19731
"Gender agreement","Grammatical","lateral","left medial","left","medial",338,0.792460341594445,19731
"Gender agreement","Grammatical","lateral","left medial","left","medial",340,0.782075465004308,19731
"Gender agreement","Grammatical","lateral","left medial","left","medial",342,0.769588312807258,19731
"Gender agreement","Grammatical","lateral","left medial","left","medial",344,0.753262733769196,19731
"Gender agreement","Grammatical","lateral","left medial","left","medial",346,0.733001368405048,19731
"Gender agreement","Grammatical","lateral","left medial","left","medial",348,0.70955770107952,19731
"Gender agreement","Grammatical","lateral","left medial","left","medial",350,0.683908823678475,19731
"Gender agreement","Grammatical","lateral","left medial","left","medial",352,0.657484263341949,19731
"Gender agreement","Grammatical","lateral","left medial","left","medial",354,0.632575135573463,19731
"Gender agreement","Grammatical","lateral","left medial","left","medial",356,0.611733211697329,19731
"Gender agreement","Grammatical","lateral","left medial","left","medial",358,0.596473012011555,19731
"Gender agreement","Grammatical","lateral","left medial","left","medial",360,0.586377223658203,19731
"Gender agreement","Grammatical","lateral","left medial","left","medial",362,0.578620850438396,19731
"Gender agreement","Grammatical","lateral","left medial","left","medial",364,0.568342810805332,19731
"Gender agreement","Grammatical","lateral","left medial","left","medial",366,0.550742739850996,19731
"Gender agreement","Grammatical","lateral","left medial","left","medial",368,0.524286554153363,19731
"Gender agreement","Grammatical","lateral","left medial","left","medial",370,0.492342151943642,19731
"Gender agreement","Grammatical","lateral","left medial","left","medial",372,0.461827175510618,19731
"Gender agreement","Grammatical","lateral","left medial","left","medial",374,0.439534032740358,19731
"Gender agreement","Grammatical","lateral","left medial","left","medial",376,0.428432365313466,19731
"Gender agreement","Grammatical","lateral","left medial","left","medial",378,0.426610410014698,19731
"Gender agreement","Grammatical","lateral","left medial","left","medial",380,0.429063149358877,19731
"Gender agreement","Grammatical","lateral","left medial","left","medial",382,0.430895646444681,19731
"Gender agreement","Grammatical","lateral","left medial","left","medial",384,0.429712634939942,19731
"Gender agreement","Grammatical","lateral","left medial","left","medial",386,0.425855405199939,19731
"Gender agreement","Grammatical","lateral","left medial","left","medial",388,0.421010997922052,19731
"Gender agreement","Grammatical","lateral","left medial","left","medial",390,0.417002027266738,19731
"Gender agreement","Grammatical","lateral","left medial","left","medial",392,0.416101616745223,19731
"Gender agreement","Grammatical","lateral","left medial","left","medial",394,0.421243474735188,19731
"Gender agreement","Grammatical","lateral","left medial","left","medial",396,0.434894936901323,19731
"Gender agreement","Grammatical","lateral","left medial","left","medial",398,0.457795651512848,19731
"Gender agreement","Grammatical","lateral","left medial","left","medial",400,0.488714510161674,19731
"Gender agreement","Grammatical","lateral","left medial","left","medial",402,0.524615072728194,19731
"Gender agreement","Grammatical","lateral","left medial","left","medial",404,0.561340530130252,19731
"Gender agreement","Grammatical","lateral","left medial","left","medial",406,0.594619076580001,19731
"Gender agreement","Grammatical","lateral","left medial","left","medial",408,0.621356697582484,19731
"Gender agreement","Grammatical","lateral","left medial","left","medial",410,0.640904160964979,19731
"Gender agreement","Grammatical","lateral","left medial","left","medial",412,0.655029648776038,19731
"Gender agreement","Grammatical","lateral","left medial","left","medial",414,0.666378338654908,19731
"Gender agreement","Grammatical","lateral","left medial","left","medial",416,0.677493031270589,19731
"Gender agreement","Grammatical","lateral","left medial","left","medial",418,0.690868278343723,19731
"Gender agreement","Grammatical","lateral","left medial","left","medial",420,0.708611372966398,19731
"Gender agreement","Grammatical","lateral","left medial","left","medial",422,0.731634483807207,19731
"Gender agreement","Grammatical","lateral","left medial","left","medial",424,0.759692007500887,19731
"Gender agreement","Grammatical","lateral","left medial","left","medial",426,0.792319649282854,19731
"Gender agreement","Grammatical","lateral","left medial","left","medial",428,0.82931037453753,19731
"Gender agreement","Grammatical","lateral","left medial","left","medial",430,0.870248390857027,19731
"Gender agreement","Grammatical","lateral","left medial","left","medial",432,0.913880492625817,19731
"Gender agreement","Grammatical","lateral","left medial","left","medial",434,0.958423850793168,19731
"Gender agreement","Grammatical","lateral","left medial","left","medial",436,1.00221119051239,19731
"Gender agreement","Grammatical","lateral","left medial","left","medial",438,1.04411945669251,19731
"Gender agreement","Grammatical","lateral","left medial","left","medial",440,1.08343059145507,19731
"Gender agreement","Grammatical","lateral","left medial","left","medial",442,1.1194771172267,19731
"Gender agreement","Grammatical","lateral","left medial","left","medial",444,1.15184521818458,19731
"Gender agreement","Grammatical","lateral","left medial","left","medial",446,1.18105600324363,19731
"Gender agreement","Grammatical","lateral","left medial","left","medial",448,1.20869180477421,19731
"Gender agreement","Grammatical","lateral","left medial","left","medial",450,1.23694724038315,19731
"Gender agreement","Grammatical","lateral","left medial","left","medial",452,1.26817485175612,19731
"Gender agreement","Grammatical","lateral","left medial","left","medial",454,1.30426648421266,19731
"Gender agreement","Grammatical","lateral","left medial","left","medial",456,1.34590466778166,19731
"Gender agreement","Grammatical","lateral","left medial","left","medial",458,1.39191227003193,19731
"Gender agreement","Grammatical","lateral","left medial","left","medial",460,1.43957574375348,19731
"Gender agreement","Grammatical","lateral","left medial","left","medial",462,1.48546779179971,19731
"Gender agreement","Grammatical","lateral","left medial","left","medial",464,1.52616740155086,19731
"Gender agreement","Grammatical","lateral","left medial","left","medial",466,1.55879489128782,19731
"Gender agreement","Grammatical","lateral","left medial","left","medial",468,1.58185636815164,19731
"Gender agreement","Grammatical","lateral","left medial","left","medial",470,1.59591409457199,19731
"Gender agreement","Grammatical","lateral","left medial","left","medial",472,1.60341908671633,19731
"Gender agreement","Grammatical","lateral","left medial","left","medial",474,1.60765597283463,19731
"Gender agreement","Grammatical","lateral","left medial","left","medial",476,1.61147990471846,19731
"Gender agreement","Grammatical","lateral","left medial","left","medial",478,1.61698798844458,19731
"Gender agreement","Grammatical","lateral","left medial","left","medial",480,1.62574522325275,19731
"Gender agreement","Grammatical","lateral","left medial","left","medial",482,1.63847600222999,19731
"Gender agreement","Grammatical","lateral","left medial","left","medial",484,1.65426334194922,19731
"Gender agreement","Grammatical","lateral","left medial","left","medial",486,1.67070898585981,19731
"Gender agreement","Grammatical","lateral","left medial","left","medial",488,1.68542679032994,19731
"Gender agreement","Grammatical","lateral","left medial","left","medial",490,1.69716613450915,19731
"Gender agreement","Grammatical","lateral","left medial","left","medial",492,1.70567872890376,19731
"Gender agreement","Grammatical","lateral","left medial","left","medial",494,1.71118260605139,19731
"Gender agreement","Grammatical","lateral","left medial","left","medial",496,1.71410450560032,19731
"Gender agreement","Grammatical","lateral","left medial","left","medial",498,1.71495970807359,19731
"Gender agreement","Grammatical","lateral","left medial","left","medial",500,1.71432699812478,19731
"Gender agreement","Grammatical","lateral","left medial","left","medial",502,1.71279377629112,19731
"Gender agreement","Grammatical","lateral","left medial","left","medial",504,1.71121483959252,19731
"Gender agreement","Grammatical","lateral","left medial","left","medial",506,1.71120120622371,19731
"Gender agreement","Grammatical","lateral","left medial","left","medial",508,1.71515873498556,19731
"Gender agreement","Grammatical","lateral","left medial","left","medial",510,1.72519750646191,19731
"Gender agreement","Grammatical","lateral","left medial","left","medial",512,1.74168536820232,19731
"Gender agreement","Grammatical","lateral","left medial","left","medial",514,1.7632705894278,19731
"Gender agreement","Grammatical","lateral","left medial","left","medial",516,1.78855643403781,19731
"Gender agreement","Grammatical","lateral","left medial","left","medial",518,1.81687628604734,19731
"Gender agreement","Grammatical","lateral","left medial","left","medial",520,1.84707617454767,19731
"Gender agreement","Grammatical","lateral","left medial","left","medial",522,1.87670244792459,19731
"Gender agreement","Grammatical","lateral","left medial","left","medial",524,1.90306112209214,19731
"Gender agreement","Grammatical","lateral","left medial","left","medial",526,1.92478683290254,19731
"Gender agreement","Grammatical","lateral","left medial","left","medial",528,1.94246718361968,19731
"Gender agreement","Grammatical","lateral","left medial","left","medial",530,1.95837671684152,19731
"Gender agreement","Grammatical","lateral","left medial","left","medial",532,1.97529557549035,19731
"Gender agreement","Grammatical","lateral","left medial","left","medial",534,1.9944753433683,19731
"Gender agreement","Grammatical","lateral","left medial","left","medial",536,2.01465004307942,19731
"Gender agreement","Grammatical","lateral","left medial","left","medial",538,2.03308017839947,19731
"Gender agreement","Grammatical","lateral","left medial","left","medial",540,2.0478553038366,19731
"Gender agreement","Grammatical","lateral","left medial","left","medial",542,2.05930616795905,19731
"Gender agreement","Grammatical","lateral","left medial","left","medial",544,2.06945025594243,19731
"Gender agreement","Grammatical","lateral","left medial","left","medial",546,2.08076184684,19731
"Gender agreement","Grammatical","lateral","left medial","left","medial",548,2.09540737925093,19731
"Gender agreement","Grammatical","lateral","left medial","left","medial",550,2.11440940651766,19731
"Gender agreement","Grammatical","lateral","left medial","left","medial",552,2.13648086767016,19731
"Gender agreement","Grammatical","lateral","left medial","left","medial",554,2.1580989306168,19731
"Gender agreement","Grammatical","lateral","left medial","left","medial",556,2.17572454513203,19731
"Gender agreement","Grammatical","lateral","left medial","left","medial",558,2.1879951852415,19731
"Gender agreement","Grammatical","lateral","left medial","left","medial",560,2.19616142111398,19731
"Gender agreement","Grammatical","lateral","left medial","left","medial",562,2.20309614312503,19731
"Gender agreement","Grammatical","lateral","left medial","left","medial",564,2.21189453144798,19731
"Gender agreement","Grammatical","lateral","left medial","left","medial",566,2.22428528711165,19731
"Gender agreement","Grammatical","lateral","left medial","left","medial",568,2.23963696720896,19731
"Gender agreement","Grammatical","lateral","left medial","left","medial",570,2.25623947088338,19731
"Gender agreement","Grammatical","lateral","left medial","left","medial",572,2.27381622827023,19731
"Gender agreement","Grammatical","lateral","left medial","left","medial",574,2.29457913942527,19731
"Gender agreement","Grammatical","lateral","left medial","left","medial",576,2.3215885662156,19731
"Gender agreement","Grammatical","lateral","left medial","left","medial",578,2.35581328873347,19731
"Gender agreement","Grammatical","lateral","left medial","left","medial",580,2.39450625918605,19731
"Gender agreement","Grammatical","lateral","left medial","left","medial",582,2.43249556535401,19731
"Gender agreement","Grammatical","lateral","left medial","left","medial",584,2.46502554356089,19731
"Gender agreement","Grammatical","lateral","left medial","left","medial",586,2.48970072474786,19731
"Gender agreement","Grammatical","lateral","left medial","left","medial",588,2.50686265267853,19731
"Gender agreement","Grammatical","lateral","left medial","left","medial",590,2.51902635446759,19731
"Gender agreement","Grammatical","lateral","left medial","left","medial",592,2.52931868633115,19731
"Gender agreement","Grammatical","lateral","left medial","left","medial",594,2.53980208808474,19731
"Gender agreement","Grammatical","lateral","left medial","left","medial",596,2.55087400537226,19731
"Gender agreement","Grammatical","lateral","left medial","left","medial",598,2.56212117986924,19731
"Gender agreement","Grammatical","lateral","left medial","left","medial",600,2.57348999037048,19731
"Gender agreement","Grammatical","lateral","left medial","left","medial",602,2.58543459530688,19731
"Gender agreement","Grammatical","lateral","left medial","left","medial",604,2.59811930464751,19731
"Gender agreement","Grammatical","lateral","left medial","left","medial",606,2.61117687902286,19731
"Gender agreement","Grammatical","lateral","left medial","left","medial",608,2.62403552784958,19731
"Gender agreement","Grammatical","lateral","left medial","left","medial",610,2.63611869646749,19731
"Gender agreement","Grammatical","lateral","left medial","left","medial",612,2.64650428260098,19731
"Gender agreement","Grammatical","lateral","left medial","left","medial",614,2.6540970047134,19731
"Gender agreement","Grammatical","lateral","left medial","left","medial",616,2.65857138513,19731
"Gender agreement","Grammatical","lateral","left medial","left","medial",618,2.66095641376514,19731
"Gender agreement","Grammatical","lateral","left medial","left","medial",620,2.66235461963408,19731
"Gender agreement","Grammatical","lateral","left medial","left","medial",622,2.66241488013785,19731
"Gender agreement","Grammatical","lateral","left medial","left","medial",624,2.65978977243931,19731
"Gender agreement","Grammatical","lateral","left medial","left","medial",626,2.65407480614262,19731
"Gender agreement","Grammatical","lateral","left medial","left","medial",628,2.64652551822006,19731
"Gender agreement","Grammatical","lateral","left medial","left","medial",630,2.63890775936344,19731
"Gender agreement","Grammatical","lateral","left medial","left","medial",632,2.6328389336577,19731
"Gender agreement","Grammatical","lateral","left medial","left","medial",634,2.63018068014799,19731
"Gender agreement","Grammatical","lateral","left medial","left","medial",636,2.63256748264153,19731
"Gender agreement","Grammatical","lateral","left medial","left","medial",638,2.64036835436623,19731
"Gender agreement","Grammatical","lateral","left medial","left","medial",640,2.65262510769855,19731
"Gender agreement","Grammatical","lateral","left medial","left","medial",642,2.66724828949369,19731
"Gender agreement","Grammatical","lateral","left medial","left","medial",644,2.68079007652932,19731
"Gender agreement","Grammatical","lateral","left medial","left","medial",646,2.68914489889007,19731
"Gender agreement","Grammatical","lateral","left medial","left","medial",648,2.68919649282854,19731
"Gender agreement","Grammatical","lateral","left medial","left","medial",650,2.68011428716233,19731
"Gender agreement","Grammatical","lateral","left medial","left","medial",652,2.66383128072576,19731
"Gender agreement","Grammatical","lateral","left medial","left","medial",654,2.64435497440576,19731
"Gender agreement","Grammatical","lateral","left medial","left","medial",656,2.62636632709949,19731
"Gender agreement","Grammatical","lateral","left medial","left","medial",658,2.61392914702752,19731
"Gender agreement","Grammatical","lateral","left medial","left","medial",660,2.60928853073843,19731
"Gender agreement","Grammatical","lateral","left medial","left","medial",662,2.61224382950687,19731
"Gender agreement","Grammatical","lateral","left medial","left","medial",664,2.62085621610663,19731
"Gender agreement","Grammatical","lateral","left medial","left","medial",666,2.63306492321727,19731
"Gender agreement","Grammatical","lateral","left medial","left","medial",668,2.64719172875171,19731
"Gender agreement","Grammatical","lateral","left medial","left","medial",670,2.66165308397952,19731
"Gender agreement","Grammatical","lateral","left medial","left","medial",672,2.67469966043282,19731
"Gender agreement","Grammatical","lateral","left medial","left","medial",674,2.68412087577923,19731
"Gender agreement","Grammatical","lateral","left medial","left","medial",676,2.68705645937864,19731
"Gender agreement","Grammatical","lateral","left medial","left","medial",678,2.6809295017992,19731
"Gender agreement","Grammatical","lateral","left medial","left","medial",680,2.66539622928387,19731
"Gender agreement","Grammatical","lateral","left medial","left","medial",682,2.6433267953981,19731
"Gender agreement","Grammatical","lateral","left medial","left","medial",684,2.6196618012265,19731
"Gender agreement","Grammatical","lateral","left medial","left","medial",686,2.5988400486544,19731
"Gender agreement","Grammatical","lateral","left medial","left","medial",688,2.58309659926005,19731
"Gender agreement","Grammatical","lateral","left medial","left","medial",690,2.57255653540115,19731
"Gender agreement","Grammatical","lateral","left medial","left","medial",692,2.56607085297248,19731
"Gender agreement","Grammatical","lateral","left medial","left","medial",694,2.56174699711115,19731
"Gender agreement","Grammatical","lateral","left medial","left","medial",696,2.55780147990472,19731
"Gender agreement","Grammatical","lateral","left medial","left","medial",698,2.55372049059855,19731
"Gender agreement","Grammatical","lateral","left medial","left","medial",700,2.55016400587907,19731
"Gender agreement","Grammatical","lateral","left medial","left","medial",702,2.54697592620749,19731
"Gender agreement","Grammatical","lateral","left medial","left","medial",704,2.54174101667427,19731
"Gender agreement","Grammatical","lateral","left medial","left","medial",706,2.53101738381228,19731
"Gender agreement","Grammatical","lateral","left medial","left","medial",708,2.51301272109878,19731
"Gender agreement","Grammatical","lateral","left medial","left","medial",710,2.48886407176524,19731
"Gender agreement","Grammatical","lateral","left medial","left","medial",712,2.46192620749075,19731
"Gender agreement","Grammatical","lateral","left medial","left","medial",714,2.43622908114135,19731
"Gender agreement","Grammatical","lateral","left medial","left","medial",716,2.41498788708124,19731
"Gender agreement","Grammatical","lateral","left medial","left","medial",718,2.39981501191019,19731
"Gender agreement","Grammatical","lateral","left medial","left","medial",720,2.3909553494501,19731
"Gender agreement","Grammatical","lateral","left medial","left","medial",722,2.38750478941767,19731
"Gender agreement","Grammatical","lateral","left medial","left","medial",724,2.38755268359434,19731
"Gender agreement","Grammatical","lateral","left medial","left","medial",726,2.38903350058284,19731
"Gender agreement","Grammatical","lateral","left medial","left","medial",728,2.39073898940753,19731
"Gender agreement","Grammatical","lateral","left medial","left","medial",730,2.39192970452587,19731
"Gender agreement","Grammatical","lateral","left medial","left","medial",732,2.39102807764432,19731
"Gender agreement","Grammatical","lateral","left medial","left","medial",734,2.38517490243779,19731
"Gender agreement","Grammatical","lateral","left medial","left","medial",736,2.37181328873347,19731
"Gender agreement","Grammatical","lateral","left medial","left","medial",738,2.3510239217475,19731
"Gender agreement","Grammatical","lateral","left medial","left","medial",740,2.32567741118038,19731
"Gender agreement","Grammatical","lateral","left medial","left","medial",742,2.29939065430034,19731
"Gender agreement","Grammatical","lateral","left medial","left","medial",744,2.27480969033501,19731
"Gender agreement","Grammatical","lateral","left medial","left","medial",746,2.25365293193452,19731
"Gender agreement","Grammatical","lateral","left medial","left","medial",748,2.23700993360701,19731
"Gender agreement","Grammatical","lateral","left medial","left","medial",750,2.22466088895646,19731
"Gender agreement","Grammatical","lateral","left medial","left","medial",752,2.21495256195834,19731
"Gender agreement","Grammatical","lateral","left medial","left","medial",754,2.20606750798236,19731
"Gender agreement","Grammatical","lateral","left medial","left","medial",756,2.19685444224824,19731
"Gender agreement","Grammatical","lateral","left medial","left","medial",758,2.18672403831534,19731
"Gender agreement","Grammatical","lateral","left medial","left","medial",760,2.17558324464041,19731
"Gender agreement","Grammatical","lateral","left medial","left","medial",762,2.16374040849425,19731
"Gender agreement","Grammatical","lateral","left medial","left","medial",764,2.15173787441083,19731
"Gender agreement","Grammatical","lateral","left medial","left","medial",766,2.14061086614971,19731
"Gender agreement","Grammatical","lateral","left medial","left","medial",768,2.13179570219452,19731
"Gender agreement","Grammatical","lateral","left medial","left","medial",770,2.12633890831686,19731
"Gender agreement","Grammatical","lateral","left medial","left","medial",772,2.12420713597892,19731
"Gender agreement","Grammatical","lateral","left medial","left","medial",774,2.12438923521362,19731
"Gender agreement","Grammatical","lateral","left medial","left","medial",776,2.1250590948254,19731
"Gender agreement","Grammatical","lateral","left medial","left","medial",778,2.12390720186509,19731
"Gender agreement","Grammatical","lateral","left medial","left","medial",780,2.11905493892859,19731
"Gender agreement","Grammatical","lateral","left medial","left","medial",782,2.10995555217678,19731
"Gender agreement","Grammatical","lateral","left medial","left","medial",784,2.09748395925194,19731
"Gender agreement","Grammatical","lateral","left medial","left","medial",786,2.08347848563175,19731
"Gender agreement","Grammatical","lateral","left medial","left","medial",788,2.06997998074097,19731
"Gender agreement","Grammatical","lateral","left medial","left","medial",790,2.05863544675891,19731
"Gender agreement","Grammatical","lateral","left medial","left","medial",792,2.05022533069789,19731
"Gender agreement","Grammatical","lateral","left medial","left","medial",794,2.04414160458162,19731
"Gender agreement","Grammatical","lateral","left medial","left","medial",796,2.03854852769753,19731
"Gender agreement","Grammatical","lateral","left medial","left","medial",798,2.03191064821854,19731
"Gender agreement","Grammatical","lateral","left medial","left","medial",800,2.02423419998986,19731
"Gender agreement","Grammatical","lateral","left medial","left","medial",802,2.01626212558917,19731
"Gender agreement","Grammatical","lateral","left medial","left","medial",804,2.00813608027976,19731
"Gender agreement","Grammatical","lateral","left medial","left","medial",806,1.99965764532968,19731
"Gender agreement","Grammatical","lateral","left medial","left","medial",808,1.99094632811312,19731
"Gender agreement","Grammatical","lateral","left medial","left","medial",810,1.98179940195631,19731
"Gender agreement","Grammatical","lateral","left medial","left","medial",812,1.97129826161877,19731
"Gender agreement","Grammatical","lateral","left medial","left","medial",814,1.95864132583245,19731
"Gender agreement","Grammatical","lateral","left medial","left","medial",816,1.94425584106229,19731
"Gender agreement","Grammatical","lateral","left medial","left","medial",818,1.92965678374132,19731
"Gender agreement","Grammatical","lateral","left medial","left","medial",820,1.91585256702651,19731
"Gender agreement","Grammatical","lateral","left medial","left","medial",822,1.90206745730069,19731
"Gender agreement","Grammatical","lateral","left medial","left","medial",824,1.88631498656936,19731
"Gender agreement","Grammatical","lateral","left medial","left","medial",826,1.86717692970453,19731
"Gender agreement","Grammatical","lateral","left medial","left","medial",828,1.84489559576301,19731
"Gender agreement","Grammatical","lateral","left medial","left","medial",830,1.82082803709898,19731
"Gender agreement","Grammatical","lateral","left medial","left","medial",832,1.79622325274948,19731
"Gender agreement","Grammatical","lateral","left medial","left","medial",834,1.77152567026507,19731
"Gender agreement","Grammatical","lateral","left medial","left","medial",836,1.74610435355532,19731
"Gender agreement","Grammatical","lateral","left medial","left","medial",838,1.71821929957934,19731
"Gender agreement","Grammatical","lateral","left medial","left","medial",840,1.6854247630632,19731
"Gender agreement","Grammatical","lateral","left medial","left","medial",842,1.64559748618925,19731
"Gender agreement","Grammatical","lateral","left medial","left","medial",844,1.59759388779079,19731
"Gender agreement","Grammatical","lateral","left medial","left","medial",846,1.54108626019969,19731
"Gender agreement","Grammatical","lateral","left medial","left","medial",848,1.47654548679743,19731
"Gender agreement","Grammatical","lateral","left medial","left","medial",850,1.40549348740561,19731
"Gender agreement","Grammatical","lateral","left medial","left","medial",852,1.33016689473417,19731
"Gender agreement","Grammatical","lateral","left medial","left","medial",854,1.25242562465156,19731
"Gender agreement","Grammatical","lateral","left medial","left","medial",856,1.1732848816583,19731
"Gender agreement","Grammatical","lateral","left medial","left","medial",858,1.09390132279155,19731
"Gender agreement","Grammatical","lateral","left medial","left","medial",860,1.01656459378643,19731
"Gender agreement","Grammatical","lateral","left medial","left","medial",862,0.944391566570371,19731
"Gender agreement","Grammatical","lateral","left medial","left","medial",864,0.880035122396229,19731
"Gender agreement","Grammatical","lateral","left medial","left","medial",866,0.824056611423648,19731
"Gender agreement","Grammatical","lateral","left medial","left","medial",868,0.774028331052658,19731
"Gender agreement","Grammatical","lateral","left medial","left","medial",870,0.725789113577619,19731
"Gender agreement","Grammatical","lateral","left medial","left","medial",872,0.676004662713497,19731
"Gender agreement","Grammatical","lateral","left medial","left","medial",874,0.62414332775835,19731
"Gender agreement","Grammatical","lateral","left medial","left","medial",876,0.572303735238964,19731
"Gender agreement","Grammatical","lateral","left medial","left","medial",878,0.522976027570828,19731
"Gender agreement","Grammatical","lateral","left medial","left","medial",880,0.477163448380721,19731
"Gender agreement","Grammatical","lateral","left medial","left","medial",882,0.434676904363692,19731
"Gender agreement","Grammatical","lateral","left medial","left","medial",884,0.394811210785059,19731
"Gender agreement","Grammatical","lateral","left medial","left","medial",886,0.356347929653844,19731
"Gender agreement","Grammatical","lateral","left medial","left","medial",888,0.31827950940145,19731
"Gender agreement","Grammatical","lateral","left medial","left","medial",890,0.281331001976585,19731
"Gender agreement","Grammatical","lateral","left medial","left","medial",892,0.248189093304952,19731
"Gender agreement","Grammatical","lateral","left medial","left","medial",894,0.222624651563529,19731
"Gender agreement","Grammatical","lateral","left medial","left","medial",896,0.208911560488571,19731
"Gender agreement","Grammatical","lateral","left medial","left","medial",898,0.210868176980386,19731
"Gender agreement","Grammatical","lateral","left medial","left","medial",900,0.229944807663068,19731
"Gender agreement","Grammatical","lateral","left medial","left","medial",902,0.264112969438954,19731
"Gender agreement","Grammatical","lateral","left medial","left","medial",904,0.308567888094876,19731
"Gender agreement","Grammatical","lateral","left medial","left","medial",906,0.357341847853631,19731
"Gender agreement","Grammatical","lateral","left medial","left","medial",908,0.405354923724089,19731
"Gender agreement","Grammatical","lateral","left medial","left","medial",910,0.450228675688004,19731
"Gender agreement","Grammatical","lateral","left medial","left","medial",912,0.492476863818357,19731
"Gender agreement","Grammatical","lateral","left medial","left","medial",914,0.534352440322335,19731
"Gender agreement","Grammatical","lateral","left medial","left","medial",916,0.579049617353403,19731
"Gender agreement","Grammatical","lateral","left medial","left","medial",918,0.630471035426486,19731
"Gender agreement","Grammatical","lateral","left medial","left","medial",920,0.69216218133901,19731
"Gender agreement","Grammatical","lateral","left medial","left","medial",922,0.765638082205666,19731
"Gender agreement","Grammatical","lateral","left medial","left","medial",924,0.850155237950433,19731
"Gender agreement","Grammatical","lateral","left medial","left","medial",926,0.943597739597588,19731
"Gender agreement","Grammatical","lateral","left medial","left","medial",928,1.04286047336678,19731
"Gender agreement","Grammatical","lateral","left medial","left","medial",930,1.14403426080787,19731
"Gender agreement","Grammatical","lateral","left medial","left","medial",932,1.24354214180731,19731
"Gender agreement","Grammatical","lateral","left medial","left","medial",934,1.33899650296488,19731
"Gender agreement","Grammatical","lateral","left medial","left","medial",936,1.42924018042674,19731
"Gender agreement","Grammatical","lateral","left medial","left","medial",938,1.51390694845674,19731
"Gender agreement","Grammatical","lateral","left medial","left","medial",940,1.59301464700218,19731
"Gender agreement","Grammatical","lateral","left medial","left","medial",942,1.66653423546703,19731
"Gender agreement","Grammatical","lateral","left medial","left","medial",944,1.73430875272414,19731
"Gender agreement","Grammatical","lateral","left medial","left","medial",946,1.79626526785262,19731
"Gender agreement","Grammatical","lateral","left medial","left","medial",948,1.85305823323704,19731
"Gender agreement","Grammatical","lateral","left medial","left","medial",950,1.90616015407227,19731
"Gender agreement","Grammatical","lateral","left medial","left","medial",952,1.95675272413968,19731
"Gender agreement","Grammatical","lateral","left medial","left","medial",954,2.00417510516446,19731
"Gender agreement","Grammatical","lateral","left medial","left","medial",956,2.04572054128022,19731
"Gender agreement","Grammatical","lateral","left medial","left","medial",958,2.07871501697836,19731
"Gender agreement","Grammatical","lateral","left medial","left","medial",960,2.10260118595104,19731
"Gender agreement","Grammatical","lateral","left medial","left","medial",962,2.11863098677208,19731
"Gender agreement","Grammatical","lateral","left medial","left","medial",964,2.12822421570118,19731
"Gender agreement","Grammatical","lateral","left medial","left","medial",966,2.13238877907861,19731
"Gender agreement","Grammatical","lateral","left medial","left","medial",968,2.13230039024885,19731
"Gender agreement","Grammatical","lateral","left medial","left","medial",970,2.1294686027064,19731
"Gender agreement","Grammatical","lateral","left medial","left","medial",972,2.12494354062136,19731
"Gender agreement","Grammatical","lateral","left medial","left","medial",974,2.11796264761036,19731
"Gender agreement","Grammatical","lateral","left medial","left","medial",976,2.10528913891845,19731
"Gender agreement","Grammatical","lateral","left medial","left","medial",978,2.08279889513963,19731
"Gender agreement","Grammatical","lateral","left medial","left","medial",980,2.04847625563834,19731
"Gender agreement","Grammatical","lateral","left medial","left","medial",982,2.00400902133698,19731
"Gender agreement","Grammatical","lateral","left medial","left","medial",984,1.95377669656885,19731
"Gender agreement","Grammatical","lateral","left medial","left","medial",986,1.90245922659774,19731
"Gender agreement","Grammatical","lateral","left medial","left","medial",988,1.85321200141909,19731
"Gender agreement","Grammatical","lateral","left medial","left","medial",990,1.80727656986468,19731
"Gender agreement","Grammatical","lateral","left medial","left","medial",992,1.76457655466018,19731
"Gender agreement","Grammatical","lateral","left medial","left","medial",994,1.72397455780244,19731
"Gender agreement","Grammatical","lateral","left medial","left","medial",996,1.68390289392327,19731
"Gender agreement","Grammatical","lateral","left medial","left","medial",998,1.64341533627287,19731
"Gender agreement","Grammatical","lateral","left medial","left","medial",1000,1.60266453803659,19731
"Gender agreement","Grammatical","lateral","left medial","left","medial",1002,1.56253742841214,19731
"Gender agreement","Grammatical","lateral","left medial","left","medial",1004,1.52395991080026,19731
"Gender agreement","Grammatical","lateral","left medial","left","medial",1006,1.4866600273681,19731
"Gender agreement","Grammatical","lateral","left medial","left","medial",1008,1.44845268866251,19731
"Gender agreement","Grammatical","lateral","left medial","left","medial",1010,1.40595078809994,19731
"Gender agreement","Grammatical","lateral","left medial","left","medial",1012,1.35628016826314,19731
"Gender agreement","Grammatical","lateral","left medial","left","medial",1014,1.29856211038467,19731
"Gender agreement","Grammatical","lateral","left medial","left","medial",1016,1.23436516142111,19731
"Gender agreement","Grammatical","lateral","left medial","left","medial",1018,1.1668105012417,19731
"Gender agreement","Grammatical","lateral","left medial","left","medial",1020,1.09935735644417,19731
"Gender agreement","Grammatical","lateral","left medial","left","medial",1022,1.03506948456743,19731
"Gender agreement","Grammatical","lateral","left medial","left","medial",1024,0.976158785667224,19731
"Gender agreement","Grammatical","lateral","left medial","left","medial",1026,0.923745425979423,19731
"Gender agreement","Grammatical","lateral","left medial","left","medial",1028,0.877865642896964,19731
"Gender agreement","Grammatical","lateral","left medial","left","medial",1030,0.837816735086919,19731
"Gender agreement","Grammatical","lateral","left medial","left","medial",1032,0.802754143226395,19731
"Gender agreement","Grammatical","lateral","left medial","left","medial",1034,0.771724494450357,19731
"Gender agreement","Grammatical","lateral","left medial","left","medial",1036,0.742750696872941,19731
"Gender agreement","Grammatical","lateral","left medial","left","medial",1038,0.712509553494501,19731
"Gender agreement","Grammatical","lateral","left medial","left","medial",1040,0.677125386447722,19731
"Gender agreement","Grammatical","lateral","left medial","left","medial",1042,0.633067355937358,19731
"Gender agreement","Grammatical","lateral","left medial","left","medial",1044,0.578432365313466,19731
"Gender agreement","Grammatical","lateral","left medial","left","medial",1046,0.514513202574629,19731
"Gender agreement","Grammatical","lateral","left medial","left","medial",1048,0.445793066747757,19731
"Gender agreement","Grammatical","lateral","left medial","left","medial",1050,0.377385332725153,19731
"Gender agreement","Grammatical","lateral","left medial","left","medial",1052,0.312321929957934,19731
"Gender agreement","Grammatical","lateral","left medial","left","medial",1054,0.251139273224875,19731
"Gender agreement","Grammatical","lateral","left medial","left","medial",1056,0.193004358623486,19731
"Gender agreement","Grammatical","lateral","left medial","left","medial",1058,0.136883229435913,19731
"Gender agreement","Grammatical","lateral","left medial","left","medial",1060,0.0823273528964574,19731
"Gender agreement","Grammatical","lateral","left medial","left","medial",1062,0.0300824083928843,19731
"Gender agreement","Grammatical","lateral","left medial","left","medial",1064,-0.017960772388627,19731
"Gender agreement","Grammatical","lateral","left medial","left","medial",1066,-0.0595660128731438,19731
"Gender agreement","Grammatical","lateral","left medial","left","medial",1068,-0.0934357103035832,19731
"Gender agreement","Grammatical","lateral","left medial","left","medial",1070,-0.119898332573108,19731
"Gender agreement","Grammatical","lateral","left medial","left","medial",1072,-0.140187572854898,19731
"Gender agreement","Grammatical","lateral","left medial","left","medial",1074,-0.155042724646495,19731
"Gender agreement","Grammatical","lateral","left medial","left","medial",1076,-0.164658557599716,19731
"Gender agreement","Grammatical","lateral","left medial","left","medial",1078,-0.169825908468907,19731
"Gender agreement","Grammatical","lateral","left medial","left","medial",1080,-0.1725076275911,19731
"Gender agreement","Grammatical","lateral","left medial","left","medial",1082,-0.174666261213319,19731
"Gender agreement","Grammatical","lateral","left medial","left","medial",1084,-0.17665419897623,19731
"Gender agreement","Grammatical","lateral","left medial","left","medial",1086,-0.176901069383204,19731
"Gender agreement","Grammatical","lateral","left medial","left","medial",1088,-0.173290456641833,19731
"Gender agreement","Grammatical","lateral","left medial","left","medial",1090,-0.164700471339516,19731
"Gender agreement","Grammatical","lateral","left medial","left","medial",1092,-0.151201560995388,19731
"Gender agreement","Grammatical","lateral","left medial","left","medial",1094,-0.133090264051493,19731
"Gender agreement","Grammatical","lateral","left medial","left","medial",1096,-0.110238609295018,19731
"Gender agreement","Grammatical","lateral","left medial","left","medial",1098,-0.0826106634230399,19731
"Gender agreement","Grammatical","lateral","left posterior","left","posterior",-100,-0.605683645025594,19731
"Gender agreement","Grammatical","lateral","left posterior","left","posterior",-98,-0.603436369165273,19731
"Gender agreement","Grammatical","lateral","left posterior","left","posterior",-96,-0.603133596878009,19731
"Gender agreement","Grammatical","lateral","left posterior","left","posterior",-94,-0.607462571587857,19731
"Gender agreement","Grammatical","lateral","left posterior","left","posterior",-92,-0.618124068724342,19731
"Gender agreement","Grammatical","lateral","left posterior","left","posterior",-90,-0.635659824641427,19731
"Gender agreement","Grammatical","lateral","left posterior","left","posterior",-88,-0.659414728092849,19731
"Gender agreement","Grammatical","lateral","left posterior","left","posterior",-86,-0.687805078303178,19731
"Gender agreement","Grammatical","lateral","left posterior","left","posterior",-84,-0.719183974456439,19731
"Gender agreement","Grammatical","lateral","left posterior","left","posterior",-82,-0.752960113526937,19731
"Gender agreement","Grammatical","lateral","left posterior","left","posterior",-80,-0.790040798743095,19731
"Gender agreement","Grammatical","lateral","left posterior","left","posterior",-78,-0.832362171202676,19731
"Gender agreement","Grammatical","lateral","left posterior","left","posterior",-76,-0.881535755917085,19731
"Gender agreement","Grammatical","lateral","left posterior","left","posterior",-74,-0.936983781866099,19731
"Gender agreement","Grammatical","lateral","left posterior","left","posterior",-72,-0.99555542040444,19731
"Gender agreement","Grammatical","lateral","left posterior","left","posterior",-70,-1.05355856266788,19731
"Gender agreement","Grammatical","lateral","left posterior","left","posterior",-68,-1.10902412447418,19731
"Gender agreement","Grammatical","lateral","left posterior","left","posterior",-66,-1.16167756322538,19731
"Gender agreement","Grammatical","lateral","left posterior","left","posterior",-64,-1.21117834879124,19731
"Gender agreement","Grammatical","lateral","left posterior","left","posterior",-62,-1.2559637119254,19731
"Gender agreement","Grammatical","lateral","left posterior","left","posterior",-60,-1.29389007146115,19731
"Gender agreement","Grammatical","lateral","left posterior","left","posterior",-58,-1.3237363032791,19731
"Gender agreement","Grammatical","lateral","left posterior","left","posterior",-56,-1.34589443008464,19731
"Gender agreement","Grammatical","lateral","left posterior","left","posterior",-54,-1.36187664081902,19731
"Gender agreement","Grammatical","lateral","left posterior","left","posterior",-52,-1.37299381683645,19731
"Gender agreement","Grammatical","lateral","left posterior","left","posterior",-50,-1.37939293497542,19731
"Gender agreement","Grammatical","lateral","left posterior","left","posterior",-48,-1.38024737722366,19731
"Gender agreement","Grammatical","lateral","left posterior","left","posterior",-46,-1.3741161117024,19731
"Gender agreement","Grammatical","lateral","left posterior","left","posterior",-44,-1.35917915969794,19731
"Gender agreement","Grammatical","lateral","left posterior","left","posterior",-42,-1.33415341341037,19731
"Gender agreement","Grammatical","lateral","left posterior","left","posterior",-40,-1.29939541837717,19731
"Gender agreement","Grammatical","lateral","left posterior","left","posterior",-38,-1.25680330444478,19731
"Gender agreement","Grammatical","lateral","left posterior","left","posterior",-36,-1.2088553038366,19731
"Gender agreement","Grammatical","lateral","left posterior","left","posterior",-34,-1.15799320865643,19731
"Gender agreement","Grammatical","lateral","left posterior","left","posterior",-32,-1.10702924332269,19731
"Gender agreement","Grammatical","lateral","left posterior","left","posterior",-30,-1.05944331255385,19731
"Gender agreement","Grammatical","lateral","left posterior","left","posterior",-28,-1.01879935127464,19731
"Gender agreement","Grammatical","lateral","left posterior","left","posterior",-26,-0.987231564543105,19731
"Gender agreement","Grammatical","lateral","left posterior","left","posterior",-24,-0.964171810856013,19731
"Gender agreement","Grammatical","lateral","left posterior","left","posterior",-22,-0.946819370533678,19731
"Gender agreement","Grammatical","lateral","left posterior","left","posterior",-20,-0.932441538695454,19731
"Gender agreement","Grammatical","lateral","left posterior","left","posterior",-18,-0.920370837767979,19731
"Gender agreement","Grammatical","lateral","left posterior","left","posterior",-16,-0.911785920632507,19731
"Gender agreement","Grammatical","lateral","left posterior","left","posterior",-14,-0.907775987025493,19731
"Gender agreement","Grammatical","lateral","left posterior","left","posterior",-12,-0.907856824286655,19731
"Gender agreement","Grammatical","lateral","left posterior","left","posterior",-10,-0.910160660888956,19731
"Gender agreement","Grammatical","lateral","left posterior","left","posterior",-8,-0.91265389488622,19731
"Gender agreement","Grammatical","lateral","left posterior","left","posterior",-6,-0.913796513101211,19731
"Gender agreement","Grammatical","lateral","left posterior","left","posterior",-4,-0.912386599766864,19731
"Gender agreement","Grammatical","lateral","left posterior","left","posterior",-2,-0.907748568242867,19731
"Gender agreement","Grammatical","lateral","left posterior","left","posterior",0,-0.900527494805129,19731
"Gender agreement","Grammatical","lateral","left posterior","left","posterior",2,-0.892997972733262,19731
"Gender agreement","Grammatical","lateral","left posterior","left","posterior",4,-0.888414474684507,19731
"Gender agreement","Grammatical","lateral","left posterior","left","posterior",6,-0.889489230145456,19731
"Gender agreement","Grammatical","lateral","left posterior","left","posterior",8,-0.896836652982616,19731
"Gender agreement","Grammatical","lateral","left posterior","left","posterior",10,-0.908795499467843,19731
"Gender agreement","Grammatical","lateral","left posterior","left","posterior",12,-0.923011454057068,19731
"Gender agreement","Grammatical","lateral","left posterior","left","posterior",14,-0.938215853225888,19731
"Gender agreement","Grammatical","lateral","left posterior","left","posterior",16,-0.95440525062085,19731
"Gender agreement","Grammatical","lateral","left posterior","left","posterior",18,-0.97146799452638,19731
"Gender agreement","Grammatical","lateral","left posterior","left","posterior",20,-0.988124322132685,19731
"Gender agreement","Grammatical","lateral","left posterior","left","posterior",22,-1.00235705235416,19731
"Gender agreement","Grammatical","lateral","left posterior","left","posterior",24,-1.01267107597182,19731
"Gender agreement","Grammatical","lateral","left posterior","left","posterior",26,-1.0190589427804,19731
"Gender agreement","Grammatical","lateral","left posterior","left","posterior",28,-1.02239952359232,19731
"Gender agreement","Grammatical","lateral","left posterior","left","posterior",30,-1.02343824438701,19731
"Gender agreement","Grammatical","lateral","left posterior","left","posterior",32,-1.02276701637018,19731
"Gender agreement","Grammatical","lateral","left posterior","left","posterior",34,-1.02161963407835,19731
"Gender agreement","Grammatical","lateral","left posterior","left","posterior",36,-1.02184273478283,19731
"Gender agreement","Grammatical","lateral","left posterior","left","posterior",38,-1.02472459581369,19731
"Gender agreement","Grammatical","lateral","left posterior","left","posterior",40,-1.03024585677361,19731
"Gender agreement","Grammatical","lateral","left posterior","left","posterior",42,-1.03729451117531,19731
"Gender agreement","Grammatical","lateral","left posterior","left","posterior",44,-1.04399280320308,19731
"Gender agreement","Grammatical","lateral","left posterior","left","posterior",46,-1.04809801834676,19731
"Gender agreement","Grammatical","lateral","left posterior","left","posterior",48,-1.04818149105469,19731
"Gender agreement","Grammatical","lateral","left posterior","left","posterior",50,-1.0445466524758,19731
"Gender agreement","Grammatical","lateral","left posterior","left","posterior",52,-1.03835882621256,19731
"Gender agreement","Grammatical","lateral","left posterior","left","posterior",54,-1.0302893923268,19731
"Gender agreement","Grammatical","lateral","left posterior","left","posterior",56,-1.02034615579545,19731
"Gender agreement","Grammatical","lateral","left posterior","left","posterior",58,-1.0081951244235,19731
"Gender agreement","Grammatical","lateral","left posterior","left","posterior",60,-0.993577061476864,19731
"Gender agreement","Grammatical","lateral","left posterior","left","posterior",62,-0.976953829000051,19731
"Gender agreement","Grammatical","lateral","left posterior","left","posterior",64,-0.959655668744615,19731
"Gender agreement","Grammatical","lateral","left posterior","left","posterior",66,-0.94317094926765,19731
"Gender agreement","Grammatical","lateral","left posterior","left","posterior",68,-0.928388627033602,19731
"Gender agreement","Grammatical","lateral","left posterior","left","posterior",70,-0.915315442704374,19731
"Gender agreement","Grammatical","lateral","left posterior","left","posterior",72,-0.903436825300289,19731
"Gender agreement","Grammatical","lateral","left posterior","left","posterior",74,-0.892453955704222,19731
"Gender agreement","Grammatical","lateral","left posterior","left","posterior",76,-0.882386447721859,19731
"Gender agreement","Grammatical","lateral","left posterior","left","posterior",78,-0.873146317976788,19731
"Gender agreement","Grammatical","lateral","left posterior","left","posterior",80,-0.864374993664791,19731
"Gender agreement","Grammatical","lateral","left posterior","left","posterior",82,-0.85614657138513,19731
"Gender agreement","Grammatical","lateral","left posterior","left","posterior",84,-0.849694085449293,19731
"Gender agreement","Grammatical","lateral","left posterior","left","posterior",86,-0.847358826212559,19731
"Gender agreement","Grammatical","lateral","left posterior","left","posterior",88,-0.851552531549339,19731
"Gender agreement","Grammatical","lateral","left posterior","left","posterior",90,-0.863764431605088,19731
"Gender agreement","Grammatical","lateral","left posterior","left","posterior",92,-0.884369672089605,19731
"Gender agreement","Grammatical","lateral","left posterior","left","posterior",94,-0.91275399118139,19731
"Gender agreement","Grammatical","lateral","left posterior","left","posterior",96,-0.947844610004561,19731
"Gender agreement","Grammatical","lateral","left posterior","left","posterior",98,-0.98846084841113,19731
"Gender agreement","Grammatical","lateral","left posterior","left","posterior",100,-1.03319659419188,19731
"Gender agreement","Grammatical","lateral","left posterior","left","posterior",102,-1.07990238710658,19731
"Gender agreement","Grammatical","lateral","left posterior","left","posterior",104,-1.12515493386042,19731
"Gender agreement","Grammatical","lateral","left posterior","left","posterior",106,-1.16435821803254,19731
"Gender agreement","Grammatical","lateral","left posterior","left","posterior",108,-1.19314444275506,19731
"Gender agreement","Grammatical","lateral","left posterior","left","posterior",110,-1.20932167654959,19731
"Gender agreement","Grammatical","lateral","left posterior","left","posterior",112,-1.21332269018296,19731
"Gender agreement","Grammatical","lateral","left posterior","left","posterior",114,-1.20715888703056,19731
"Gender agreement","Grammatical","lateral","left posterior","left","posterior",116,-1.19338543408849,19731
"Gender agreement","Grammatical","lateral","left posterior","left","posterior",118,-1.17470700927475,19731
"Gender agreement","Grammatical","lateral","left posterior","left","posterior",120,-1.15318417718311,19731
"Gender agreement","Grammatical","lateral","left posterior","left","posterior",122,-1.12907247478587,19731
"Gender agreement","Grammatical","lateral","left posterior","left","posterior",124,-1.10093010997922,19731
"Gender agreement","Grammatical","lateral","left posterior","left","posterior",126,-1.06771385129998,19731
"Gender agreement","Grammatical","lateral","left posterior","left","posterior",128,-1.03063620698393,19731
"Gender agreement","Grammatical","lateral","left posterior","left","posterior",130,-0.992855810653287,19731
"Gender agreement","Grammatical","lateral","left posterior","left","posterior",132,-0.957822056662105,19731
"Gender agreement","Grammatical","lateral","left posterior","left","posterior",134,-0.92839420201713,19731
"Gender agreement","Grammatical","lateral","left posterior","left","posterior",136,-0.907279864173129,19731
"Gender agreement","Grammatical","lateral","left posterior","left","posterior",138,-0.897225685469566,19731
"Gender agreement","Grammatical","lateral","left posterior","left","posterior",140,-0.899724038315341,19731
"Gender agreement","Grammatical","lateral","left posterior","left","posterior",142,-0.913575946480158,19731
"Gender agreement","Grammatical","lateral","left posterior","left","posterior",144,-0.935142263443313,19731
"Gender agreement","Grammatical","lateral","left posterior","left","posterior",146,-0.960412903552785,19731
"Gender agreement","Grammatical","lateral","left posterior","left","posterior",148,-0.987269322386093,19731
"Gender agreement","Grammatical","lateral","left posterior","left","posterior",150,-1.0155448786174,19731
"Gender agreement","Grammatical","lateral","left posterior","left","posterior",152,-1.04549926511581,19731
"Gender agreement","Grammatical","lateral","left posterior","left","posterior",154,-1.07670939131316,19731
"Gender agreement","Grammatical","lateral","left posterior","left","posterior",156,-1.10785413815823,19731
"Gender agreement","Grammatical","lateral","left posterior","left","posterior",158,-1.13654143226395,19731
"Gender agreement","Grammatical","lateral","left posterior","left","posterior",160,-1.16005970300542,19731
"Gender agreement","Grammatical","lateral","left posterior","left","posterior",162,-1.17680001013633,19731
"Gender agreement","Grammatical","lateral","left posterior","left","posterior",164,-1.18683447367087,19731
"Gender agreement","Grammatical","lateral","left posterior","left","posterior",166,-1.19114733161016,19731
"Gender agreement","Grammatical","lateral","left posterior","left","posterior",168,-1.19025538492727,19731
"Gender agreement","Grammatical","lateral","left posterior","left","posterior",170,-1.18374993664791,19731
"Gender agreement","Grammatical","lateral","left posterior","left","posterior",172,-1.17122928386802,19731
"Gender agreement","Grammatical","lateral","left posterior","left","posterior",174,-1.15326739648269,19731
"Gender agreement","Grammatical","lateral","left posterior","left","posterior",176,-1.13156692514318,19731
"Gender agreement","Grammatical","lateral","left posterior","left","posterior",178,-1.10835112259896,19731
"Gender agreement","Grammatical","lateral","left posterior","left","posterior",180,-1.08562490497187,19731
"Gender agreement","Grammatical","lateral","left posterior","left","posterior",182,-1.06475951548325,19731
"Gender agreement","Grammatical","lateral","left posterior","left","posterior",184,-1.04626967715777,19731
"Gender agreement","Grammatical","lateral","left posterior","left","posterior",186,-1.02937281435305,19731
"Gender agreement","Grammatical","lateral","left posterior","left","posterior",188,-1.01152921798186,19731
"Gender agreement","Grammatical","lateral","left posterior","left","posterior",190,-0.988934722011049,19731
"Gender agreement","Grammatical","lateral","left posterior","left","posterior",192,-0.95812315645431,19731
"Gender agreement","Grammatical","lateral","left posterior","left","posterior",194,-0.917622269525113,19731
"Gender agreement","Grammatical","lateral","left posterior","left","posterior",196,-0.868344280573717,19731
"Gender agreement","Grammatical","lateral","left posterior","left","posterior",198,-0.812431047590087,19731
"Gender agreement","Grammatical","lateral","left posterior","left","posterior",200,-0.751571283766662,19731
"Gender agreement","Grammatical","lateral","left posterior","left","posterior",202,-0.686171709492676,19731
"Gender agreement","Grammatical","lateral","left posterior","left","posterior",204,-0.615872231513861,19731
"Gender agreement","Grammatical","lateral","left posterior","left","posterior",206,-0.540471947696518,19731
"Gender agreement","Grammatical","lateral","left posterior","left","posterior",208,-0.460374841619786,19731
"Gender agreement","Grammatical","lateral","left posterior","left","posterior",210,-0.376123561907658,19731
"Gender agreement","Grammatical","lateral","left posterior","left","posterior",212,-0.287705488824692,19731
"Gender agreement","Grammatical","lateral","left posterior","left","posterior",214,-0.194530991840251,19731
"Gender agreement","Grammatical","lateral","left posterior","left","posterior",216,-0.0963654148294561,19731
"Gender agreement","Grammatical","lateral","left posterior","left","posterior",218,0.00560458162282696,19731
"Gender agreement","Grammatical","lateral","left posterior","left","posterior",220,0.109070143429122,19731
"Gender agreement","Grammatical","lateral","left posterior","left","posterior",222,0.211951548324971,19731
"Gender agreement","Grammatical","lateral","left posterior","left","posterior",224,0.313224012974507,19731
"Gender agreement","Grammatical","lateral","left posterior","left","posterior",226,0.412530434341898,19731
"Gender agreement","Grammatical","lateral","left posterior","left","posterior",228,0.509284577568293,19731
"Gender agreement","Grammatical","lateral","left posterior","left","posterior",230,0.602513962799655,19731
"Gender agreement","Grammatical","lateral","left posterior","left","posterior",232,0.691010541787036,19731
"Gender agreement","Grammatical","lateral","left posterior","left","posterior",234,0.773349602148903,19731
"Gender agreement","Grammatical","lateral","left posterior","left","posterior",236,0.848248441538695,19731
"Gender agreement","Grammatical","lateral","left posterior","left","posterior",238,0.915852668389843,19731
"Gender agreement","Grammatical","lateral","left posterior","left","posterior",240,0.978022705387461,19731
"Gender agreement","Grammatical","lateral","left posterior","left","posterior",242,1.03646551112463,19731
"Gender agreement","Grammatical","lateral","left posterior","left","posterior",244,1.09088520602098,19731
"Gender agreement","Grammatical","lateral","left posterior","left","posterior",246,1.13946627134965,19731
"Gender agreement","Grammatical","lateral","left posterior","left","posterior",248,1.1804419441488,19731
"Gender agreement","Grammatical","lateral","left posterior","left","posterior",250,1.21283837615934,19731
"Gender agreement","Grammatical","lateral","left posterior","left","posterior",252,1.2365389488622,19731
"Gender agreement","Grammatical","lateral","left posterior","left","posterior",254,1.25244863412904,19731
"Gender agreement","Grammatical","lateral","left posterior","left","posterior",256,1.26232512290305,19731
"Gender agreement","Grammatical","lateral","left posterior","left","posterior",258,1.26801449495717,19731
"Gender agreement","Grammatical","lateral","left posterior","left","posterior",260,1.27060549389286,19731
"Gender agreement","Grammatical","lateral","left posterior","left","posterior",262,1.27035178146065,19731
"Gender agreement","Grammatical","lateral","left posterior","left","posterior",264,1.26708534792965,19731
"Gender agreement","Grammatical","lateral","left posterior","left","posterior",266,1.26051279712128,19731
"Gender agreement","Grammatical","lateral","left posterior","left","posterior",268,1.25012052100755,19731
"Gender agreement","Grammatical","lateral","left posterior","left","posterior",270,1.23551771324312,19731
"Gender agreement","Grammatical","lateral","left posterior","left","posterior",272,1.21713653641478,19731
"Gender agreement","Grammatical","lateral","left posterior","left","posterior",274,1.19611063808221,19731
"Gender agreement","Grammatical","lateral","left posterior","left","posterior",276,1.17327459327961,19731
"Gender agreement","Grammatical","lateral","left posterior","left","posterior",278,1.14902838173433,19731
"Gender agreement","Grammatical","lateral","left posterior","left","posterior",280,1.12398910344129,19731
"Gender agreement","Grammatical","lateral","left posterior","left","posterior",282,1.0993465612488,19731
"Gender agreement","Grammatical","lateral","left posterior","left","posterior",284,1.07644148801379,19731
"Gender agreement","Grammatical","lateral","left posterior","left","posterior",286,1.05636419846941,19731
"Gender agreement","Grammatical","lateral","left posterior","left","posterior",288,1.03974426030105,19731
"Gender agreement","Grammatical","lateral","left posterior","left","posterior",290,1.02651294916629,19731
"Gender agreement","Grammatical","lateral","left posterior","left","posterior",292,1.01577254067204,19731
"Gender agreement","Grammatical","lateral","left posterior","left","posterior",294,1.00614342912169,19731
"Gender agreement","Grammatical","lateral","left posterior","left","posterior",296,0.996623181795145,19731
"Gender agreement","Grammatical","lateral","left posterior","left","posterior",298,0.987291774365212,19731
"Gender agreement","Grammatical","lateral","left posterior","left","posterior",300,0.978753687091379,19731
"Gender agreement","Grammatical","lateral","left posterior","left","posterior",302,0.97100876792864,19731
"Gender agreement","Grammatical","lateral","left posterior","left","posterior",304,0.963348132380518,19731
"Gender agreement","Grammatical","lateral","left posterior","left","posterior",306,0.955558157214536,19731
"Gender agreement","Grammatical","lateral","left posterior","left","posterior",308,0.948727028533779,19731
"Gender agreement","Grammatical","lateral","left posterior","left","posterior",310,0.944805179666515,19731
"Gender agreement","Grammatical","lateral","left posterior","left","posterior",312,0.945489179463788,19731
"Gender agreement","Grammatical","lateral","left posterior","left","posterior",314,0.951522071866606,19731
"Gender agreement","Grammatical","lateral","left posterior","left","posterior",316,0.963077289544372,19731
"Gender agreement","Grammatical","lateral","left posterior","left","posterior",318,0.980616137043231,19731
"Gender agreement","Grammatical","lateral","left posterior","left","posterior",320,1.00497688915919,19731
"Gender agreement","Grammatical","lateral","left posterior","left","posterior",322,1.03635340327404,19731
"Gender agreement","Grammatical","lateral","left posterior","left","posterior",324,1.07352450458669,19731
"Gender agreement","Grammatical","lateral","left posterior","left","posterior",326,1.11423120977143,19731
"Gender agreement","Grammatical","lateral","left posterior","left","posterior",328,1.15625690537733,19731
"Gender agreement","Grammatical","lateral","left posterior","left","posterior",330,1.19838872839694,19731
"Gender agreement","Grammatical","lateral","left posterior","left","posterior",332,1.24083898433936,19731
"Gender agreement","Grammatical","lateral","left posterior","left","posterior",334,1.28460782524961,19731
"Gender agreement","Grammatical","lateral","left posterior","left","posterior",336,1.32969641680604,19731
"Gender agreement","Grammatical","lateral","left posterior","left","posterior",338,1.37362505701688,19731
"Gender agreement","Grammatical","lateral","left posterior","left","posterior",340,1.41209163245654,19731
"Gender agreement","Grammatical","lateral","left posterior","left","posterior",342,1.4415694592266,19731
"Gender agreement","Grammatical","lateral","left posterior","left","posterior",344,1.4616646900816,19731
"Gender agreement","Grammatical","lateral","left posterior","left","posterior",346,1.47508732451472,19731
"Gender agreement","Grammatical","lateral","left posterior","left","posterior",348,1.48539308702042,19731
"Gender agreement","Grammatical","lateral","left posterior","left","posterior",350,1.49469378135928,19731
"Gender agreement","Grammatical","lateral","left posterior","left","posterior",352,1.50318742080989,19731
"Gender agreement","Grammatical","lateral","left posterior","left","posterior",354,1.50977943337895,19731
"Gender agreement","Grammatical","lateral","left posterior","left","posterior",356,1.51271385129998,19731
"Gender agreement","Grammatical","lateral","left posterior","left","posterior",358,1.51028736506006,19731
"Gender agreement","Grammatical","lateral","left posterior","left","posterior",360,1.50149764330242,19731
"Gender agreement","Grammatical","lateral","left posterior","left","posterior",362,1.48575753889818,19731
"Gender agreement","Grammatical","lateral","left posterior","left","posterior",364,1.46201854949065,19731
"Gender agreement","Grammatical","lateral","left posterior","left","posterior",366,1.42904728599665,19731
"Gender agreement","Grammatical","lateral","left posterior","left","posterior",368,1.38710962444884,19731
"Gender agreement","Grammatical","lateral","left posterior","left","posterior",370,1.3391848360448,19731
"Gender agreement","Grammatical","lateral","left posterior","left","posterior",372,1.28994840606153,19731
"Gender agreement","Grammatical","lateral","left posterior","left","posterior",374,1.24322989204805,19731
"Gender agreement","Grammatical","lateral","left posterior","left","posterior",376,1.20059044143733,19731
"Gender agreement","Grammatical","lateral","left posterior","left","posterior",378,1.16186067609346,19731
"Gender agreement","Grammatical","lateral","left posterior","left","posterior",380,1.12629136891186,19731
"Gender agreement","Grammatical","lateral","left posterior","left","posterior",382,1.09337671684152,19731
"Gender agreement","Grammatical","lateral","left posterior","left","posterior",384,1.06325685469566,19731
"Gender agreement","Grammatical","lateral","left posterior","left","posterior",386,1.03669651816938,19731
"Gender agreement","Grammatical","lateral","left posterior","left","posterior",388,1.01440575743753,19731
"Gender agreement","Grammatical","lateral","left posterior","left","posterior",390,0.996391769297045,19731
"Gender agreement","Grammatical","lateral","left posterior","left","posterior",392,0.982032334904465,19731
"Gender agreement","Grammatical","lateral","left posterior","left","posterior",394,0.970761897521666,19731
"Gender agreement","Grammatical","lateral","left posterior","left","posterior",396,0.962557143581167,19731
"Gender agreement","Grammatical","lateral","left posterior","left","posterior",398,0.957848005676347,19731
"Gender agreement","Grammatical","lateral","left posterior","left","posterior",400,0.957220465257716,19731
"Gender agreement","Grammatical","lateral","left posterior","left","posterior",402,0.960930211342557,19731
"Gender agreement","Grammatical","lateral","left posterior","left","posterior",404,0.96830743500076,19731
"Gender agreement","Grammatical","lateral","left posterior","left","posterior",406,0.977471187471492,19731
"Gender agreement","Grammatical","lateral","left posterior","left","posterior",408,0.985988799351275,19731
"Gender agreement","Grammatical","lateral","left posterior","left","posterior",410,0.992358015305864,19731
"Gender agreement","Grammatical","lateral","left posterior","left","posterior",412,0.997058131873701,19731
"Gender agreement","Grammatical","lateral","left posterior","left","posterior",414,1.00247635700167,19731
"Gender agreement","Grammatical","lateral","left posterior","left","posterior",416,1.01200065886169,19731
"Gender agreement","Grammatical","lateral","left posterior","left","posterior",418,1.02877568293548,19731
"Gender agreement","Grammatical","lateral","left posterior","left","posterior",420,1.05435862348589,19731
"Gender agreement","Grammatical","lateral","left posterior","left","posterior",422,1.08785662155998,19731
"Gender agreement","Grammatical","lateral","left posterior","left","posterior",424,1.12642861487,19731
"Gender agreement","Grammatical","lateral","left posterior","left","posterior",426,1.16709462267498,19731
"Gender agreement","Grammatical","lateral","left posterior","left","posterior",428,1.20820642643556,19731
"Gender agreement","Grammatical","lateral","left posterior","left","posterior",430,1.24921620799757,19731
"Gender agreement","Grammatical","lateral","left posterior","left","posterior",432,1.28967781663372,19731
"Gender agreement","Grammatical","lateral","left posterior","left","posterior",434,1.32875135573463,19731
"Gender agreement","Grammatical","lateral","left posterior","left","posterior",436,1.36513354619634,19731
"Gender agreement","Grammatical","lateral","left posterior","left","posterior",438,1.39738604226851,19731
"Gender agreement","Grammatical","lateral","left posterior","left","posterior",440,1.42454726065582,19731
"Gender agreement","Grammatical","lateral","left posterior","left","posterior",442,1.44660625411789,19731
"Gender agreement","Grammatical","lateral","left posterior","left","posterior",444,1.46482154984542,19731
"Gender agreement","Grammatical","lateral","left posterior","left","posterior",446,1.48146115250114,19731
"Gender agreement","Grammatical","lateral","left posterior","left","posterior",448,1.49893010997922,19731
"Gender agreement","Grammatical","lateral","left posterior","left","posterior",450,1.51895540013177,19731
"Gender agreement","Grammatical","lateral","left posterior","left","posterior",452,1.54270746540976,19731
"Gender agreement","Grammatical","lateral","left posterior","left","posterior",454,1.57116486746744,19731
"Gender agreement","Grammatical","lateral","left posterior","left","posterior",456,1.60475312959303,19731
"Gender agreement","Grammatical","lateral","left posterior","left","posterior",458,1.64233277583498,19731
"Gender agreement","Grammatical","lateral","left posterior","left","posterior",460,1.68087081242714,19731
"Gender agreement","Grammatical","lateral","left posterior","left","posterior",462,1.7160791647661,19731
"Gender agreement","Grammatical","lateral","left posterior","left","posterior",464,1.74365404693122,19731
"Gender agreement","Grammatical","lateral","left posterior","left","posterior",466,1.76074790938118,19731
"Gender agreement","Grammatical","lateral","left posterior","left","posterior",468,1.76682073893873,19731
"Gender agreement","Grammatical","lateral","left posterior","left","posterior",470,1.76337342253307,19731
"Gender agreement","Grammatical","lateral","left posterior","left","posterior",472,1.75314287162333,19731
"Gender agreement","Grammatical","lateral","left posterior","left","posterior",474,1.73961801226496,19731
"Gender agreement","Grammatical","lateral","left posterior","left","posterior",476,1.72638756271856,19731
"Gender agreement","Grammatical","lateral","left posterior","left","posterior",478,1.71602452992753,19731
"Gender agreement","Grammatical","lateral","left posterior","left","posterior",480,1.70924443768689,19731
"Gender agreement","Grammatical","lateral","left posterior","left","posterior",482,1.70479088743601,19731
"Gender agreement","Grammatical","lateral","left posterior","left","posterior",484,1.70032897470985,19731
"Gender agreement","Grammatical","lateral","left posterior","left","posterior",486,1.69416562769246,19731
"Gender agreement","Grammatical","lateral","left posterior","left","posterior",488,1.6863913638437,19731
"Gender agreement","Grammatical","lateral","left posterior","left","posterior",490,1.67834346966702,19731
"Gender agreement","Grammatical","lateral","left posterior","left","posterior",492,1.67093451928437,19731
"Gender agreement","Grammatical","lateral","left posterior","left","posterior",494,1.66374527393442,19731
"Gender agreement","Grammatical","lateral","left posterior","left","posterior",496,1.65517454766611,19731
"Gender agreement","Grammatical","lateral","left posterior","left","posterior",498,1.6432648117176,19731
"Gender agreement","Grammatical","lateral","left posterior","left","posterior",500,1.6267676245502,19731
"Gender agreement","Grammatical","lateral","left posterior","left","posterior",502,1.60612792053114,19731
"Gender agreement","Grammatical","lateral","left posterior","left","posterior",504,1.58389671075972,19731
"Gender agreement","Grammatical","lateral","left posterior","left","posterior",506,1.56447833358674,19731
"Gender agreement","Grammatical","lateral","left posterior","left","posterior",508,1.55278531245249,19731
"Gender agreement","Grammatical","lateral","left posterior","left","posterior",510,1.55197313871573,19731
"Gender agreement","Grammatical","lateral","left posterior","left","posterior",512,1.56167426891693,19731
"Gender agreement","Grammatical","lateral","left posterior","left","posterior",514,1.57822604024124,19731
"Gender agreement","Grammatical","lateral","left posterior","left","posterior",516,1.5967342253307,19731
"Gender agreement","Grammatical","lateral","left posterior","left","posterior",518,1.61326283513253,19731
"Gender agreement","Grammatical","lateral","left posterior","left","posterior",520,1.62591926410217,19731
"Gender agreement","Grammatical","lateral","left posterior","left","posterior",522,1.63477157772034,19731
"Gender agreement","Grammatical","lateral","left posterior","left","posterior",524,1.64090583346004,19731
"Gender agreement","Grammatical","lateral","left posterior","left","posterior",526,1.6455018498809,19731
"Gender agreement","Grammatical","lateral","left posterior","left","posterior",528,1.64931762201612,19731
"Gender agreement","Grammatical","lateral","left posterior","left","posterior",530,1.65255927221124,19731
"Gender agreement","Grammatical","lateral","left posterior","left","posterior",532,1.65475475140642,19731
"Gender agreement","Grammatical","lateral","left posterior","left","posterior",534,1.65467340732857,19731
"Gender agreement","Grammatical","lateral","left posterior","left","posterior",536,1.65069960975115,19731
"Gender agreement","Grammatical","lateral","left posterior","left","posterior",538,1.64203344990117,19731
"Gender agreement","Grammatical","lateral","left posterior","left","posterior",540,1.62984217728448,19731
"Gender agreement","Grammatical","lateral","left posterior","left","posterior",542,1.61698150119102,19731
"Gender agreement","Grammatical","lateral","left posterior","left","posterior",544,1.60615594749379,19731
"Gender agreement","Grammatical","lateral","left posterior","left","posterior",546,1.59848380720693,19731
"Gender agreement","Grammatical","lateral","left posterior","left","posterior",548,1.5933589275759,19731
"Gender agreement","Grammatical","lateral","left posterior","left","posterior",550,1.58908509452131,19731
"Gender agreement","Grammatical","lateral","left posterior","left","posterior",552,1.58360047640768,19731
"Gender agreement","Grammatical","lateral","left posterior","left","posterior",554,1.57489027418783,19731
"Gender agreement","Grammatical","lateral","left posterior","left","posterior",556,1.56170417110131,19731
"Gender agreement","Grammatical","lateral","left posterior","left","posterior",558,1.54429461253864,19731
"Gender agreement","Grammatical","lateral","left posterior","left","posterior",560,1.52463671380062,19731
"Gender agreement","Grammatical","lateral","left posterior","left","posterior",562,1.50586690993868,19731
"Gender agreement","Grammatical","lateral","left posterior","left","posterior",564,1.49126491308094,19731
"Gender agreement","Grammatical","lateral","left posterior","left","posterior",566,1.48275971820992,19731
"Gender agreement","Grammatical","lateral","left posterior","left","posterior",568,1.47998631594952,19731
"Gender agreement","Grammatical","lateral","left posterior","left","posterior",570,1.48113613096143,19731
"Gender agreement","Grammatical","lateral","left posterior","left","posterior",572,1.48470214383458,19731
"Gender agreement","Grammatical","lateral","left posterior","left","posterior",574,1.4905798996503,19731
"Gender agreement","Grammatical","lateral","left posterior","left","posterior",576,1.49986589630531,19731
"Gender agreement","Grammatical","lateral","left posterior","left","posterior",578,1.51336825300289,19731
"Gender agreement","Grammatical","lateral","left posterior","left","posterior",580,1.53029055800517,19731
"Gender agreement","Grammatical","lateral","left posterior","left","posterior",582,1.54788611829101,19731
"Gender agreement","Grammatical","lateral","left posterior","left","posterior",584,1.56244528913892,19731
"Gender agreement","Grammatical","lateral","left posterior","left","posterior",586,1.57106948456743,19731
"Gender agreement","Grammatical","lateral","left posterior","left","posterior",588,1.57341508286453,19731
"Gender agreement","Grammatical","lateral","left posterior","left","posterior",590,1.57180639602656,19731
"Gender agreement","Grammatical","lateral","left posterior","left","posterior",592,1.5693341949217,19731
"Gender agreement","Grammatical","lateral","left posterior","left","posterior",594,1.5680322842228,19731
"Gender agreement","Grammatical","lateral","left posterior","left","posterior",596,1.5686915006842,19731
"Gender agreement","Grammatical","lateral","left posterior","left","posterior",598,1.57147093406315,19731
"Gender agreement","Grammatical","lateral","left posterior","left","posterior",600,1.57642349602149,19731
"Gender agreement","Grammatical","lateral","left posterior","left","posterior",602,1.58351528052303,19731
"Gender agreement","Grammatical","lateral","left posterior","left","posterior",604,1.59220242258375,19731
"Gender agreement","Grammatical","lateral","left posterior","left","posterior",606,1.60139947291065,19731
"Gender agreement","Grammatical","lateral","left posterior","left","posterior",608,1.60990988799351,19731
"Gender agreement","Grammatical","lateral","left posterior","left","posterior",610,1.61676422887841,19731
"Gender agreement","Grammatical","lateral","left posterior","left","posterior",612,1.62125274948051,19731
"Gender agreement","Grammatical","lateral","left posterior","left","posterior",614,1.62291759160712,19731
"Gender agreement","Grammatical","lateral","left posterior","left","posterior",616,1.62180872738331,19731
"Gender agreement","Grammatical","lateral","left posterior","left","posterior",618,1.61897425371243,19731
"Gender agreement","Grammatical","lateral","left posterior","left","posterior",620,1.61615209568699,19731
"Gender agreement","Grammatical","lateral","left posterior","left","posterior",622,1.61464279560083,19731
"Gender agreement","Grammatical","lateral","left posterior","left","posterior",624,1.61444270437383,19731
"Gender agreement","Grammatical","lateral","left posterior","left","posterior",626,1.61458572804217,19731
"Gender agreement","Grammatical","lateral","left posterior","left","posterior",628,1.61403704829963,19731
"Gender agreement","Grammatical","lateral","left posterior","left","posterior",630,1.61234412852871,19731
"Gender agreement","Grammatical","lateral","left posterior","left","posterior",632,1.60993289747098,19731
"Gender agreement","Grammatical","lateral","left posterior","left","posterior",634,1.60790198165324,19731
"Gender agreement","Grammatical","lateral","left posterior","left","posterior",636,1.60720429780548,19731
"Gender agreement","Grammatical","lateral","left posterior","left","posterior",638,1.60811423648066,19731
"Gender agreement","Grammatical","lateral","left posterior","left","posterior",640,1.61058212964371,19731
"Gender agreement","Grammatical","lateral","left posterior","left","posterior",642,1.61428047235315,19731
"Gender agreement","Grammatical","lateral","left posterior","left","posterior",644,1.61792134205058,19731
"Gender agreement","Grammatical","lateral","left posterior","left","posterior",646,1.61920444985049,19731
"Gender agreement","Grammatical","lateral","left posterior","left","posterior",648,1.61565460442958,19731
"Gender agreement","Grammatical","lateral","left posterior","left","posterior",650,1.605866707212,19731
"Gender agreement","Grammatical","lateral","left posterior","left","posterior",652,1.59079240788607,19731
"Gender agreement","Grammatical","lateral","left posterior","left","posterior",654,1.57400334499012,19731
"Gender agreement","Grammatical","lateral","left posterior","left","posterior",656,1.56013080938624,19731
"Gender agreement","Grammatical","lateral","left posterior","left","posterior",658,1.55296092443363,19731
"Gender agreement","Grammatical","lateral","left posterior","left","posterior",660,1.55457021945162,19731
"Gender agreement","Grammatical","lateral","left posterior","left","posterior",662,1.56538092342,19731
"Gender agreement","Grammatical","lateral","left posterior","left","posterior",664,1.58438163296336,19731
"Gender agreement","Grammatical","lateral","left posterior","left","posterior",666,1.60946429476458,19731
"Gender agreement","Grammatical","lateral","left posterior","left","posterior",668,1.63781790076529,19731
"Gender agreement","Grammatical","lateral","left posterior","left","posterior",670,1.66640489584917,19731
"Gender agreement","Grammatical","lateral","left posterior","left","posterior",672,1.69236561755613,19731
"Gender agreement","Grammatical","lateral","left posterior","left","posterior",674,1.71314236480665,19731
"Gender agreement","Grammatical","lateral","left posterior","left","posterior",676,1.72661750544828,19731
"Gender agreement","Grammatical","lateral","left posterior","left","posterior",678,1.73144944503573,19731
"Gender agreement","Grammatical","lateral","left posterior","left","posterior",680,1.72751680097309,19731
"Gender agreement","Grammatical","lateral","left posterior","left","posterior",682,1.71610440423699,19731
"Gender agreement","Grammatical","lateral","left posterior","left","posterior",684,1.69962546247022,19731
"Gender agreement","Grammatical","lateral","left posterior","left","posterior",686,1.68084369773453,19731
"Gender agreement","Grammatical","lateral","left posterior","left","posterior",688,1.66230936090416,19731
"Gender agreement","Grammatical","lateral","left posterior","left","posterior",690,1.64600709543358,19731
"Gender agreement","Grammatical","lateral","left posterior","left","posterior",692,1.63327849576808,19731
"Gender agreement","Grammatical","lateral","left posterior","left","posterior",694,1.62482129643708,19731
"Gender agreement","Grammatical","lateral","left posterior","left","posterior",696,1.62042831077999,19731
"Gender agreement","Grammatical","lateral","left posterior","left","posterior",698,1.61874573006943,19731
"Gender agreement","Grammatical","lateral","left posterior","left","posterior",700,1.61744574527393,19731
"Gender agreement","Grammatical","lateral","left posterior","left","posterior",702,1.61374451370939,19731
"Gender agreement","Grammatical","lateral","left posterior","left","posterior",704,1.60505884141706,19731
"Gender agreement","Grammatical","lateral","left posterior","left","posterior",706,1.58971922355684,19731
"Gender agreement","Grammatical","lateral","left posterior","left","posterior",708,1.56767786731539,19731
"Gender agreement","Grammatical","lateral","left posterior","left","posterior",710,1.54074243576099,19731
"Gender agreement","Grammatical","lateral","left posterior","left","posterior",712,1.51214327707668,19731
"Gender agreement","Grammatical","lateral","left posterior","left","posterior",714,1.48526491308094,19731
"Gender agreement","Grammatical","lateral","left posterior","left","posterior",716,1.46215300795702,19731
"Gender agreement","Grammatical","lateral","left posterior","left","posterior",718,1.44323582180325,19731
"Gender agreement","Grammatical","lateral","left posterior","left","posterior",720,1.42827048806447,19731
"Gender agreement","Grammatical","lateral","left posterior","left","posterior",722,1.41711165171557,19731
"Gender agreement","Grammatical","lateral","left posterior","left","posterior",724,1.40969200750089,19731
"Gender agreement","Grammatical","lateral","left posterior","left","posterior",726,1.40589483553799,19731
"Gender agreement","Grammatical","lateral","left posterior","left","posterior",728,1.40504221782981,19731
"Gender agreement","Grammatical","lateral","left posterior","left","posterior",730,1.40510415082865,19731
"Gender agreement","Grammatical","lateral","left posterior","left","posterior",732,1.40282874664234,19731
"Gender agreement","Grammatical","lateral","left posterior","left","posterior",734,1.39499265115808,19731
"Gender agreement","Grammatical","lateral","left posterior","left","posterior",736,1.38005671278698,19731
"Gender agreement","Grammatical","lateral","left posterior","left","posterior",738,1.35924464041356,19731
"Gender agreement","Grammatical","lateral","left posterior","left","posterior",740,1.33600304090011,19731
"Gender agreement","Grammatical","lateral","left posterior","left","posterior",742,1.31383290253915,19731
"Gender agreement","Grammatical","lateral","left posterior","left","posterior",744,1.29432861993817,19731
"Gender agreement","Grammatical","lateral","left posterior","left","posterior",746,1.27678196746237,19731
"Gender agreement","Grammatical","lateral","left posterior","left","posterior",748,1.25928366529826,19731
"Gender agreement","Grammatical","lateral","left posterior","left","posterior",750,1.24012325781765,19731
"Gender agreement","Grammatical","lateral","left posterior","left","posterior",752,1.21913932390654,19731
"Gender agreement","Grammatical","lateral","left posterior","left","posterior",754,1.19810349196696,19731
"Gender agreement","Grammatical","lateral","left posterior","left","posterior",756,1.17945385434089,19731
"Gender agreement","Grammatical","lateral","left posterior","left","posterior",758,1.16457853124525,19731
"Gender agreement","Grammatical","lateral","left posterior","left","posterior",760,1.1532771780447,19731
"Gender agreement","Grammatical","lateral","left posterior","left","posterior",762,1.14438543408849,19731
"Gender agreement","Grammatical","lateral","left posterior","left","posterior",764,1.13642314124981,19731
"Gender agreement","Grammatical","lateral","left posterior","left","posterior",766,1.12807151183417,19731
"Gender agreement","Grammatical","lateral","left posterior","left","posterior",768,1.11878445086412,19731
"Gender agreement","Grammatical","lateral","left posterior","left","posterior",770,1.10890172824489,19731
"Gender agreement","Grammatical","lateral","left posterior","left","posterior",772,1.09894465561806,19731
"Gender agreement","Grammatical","lateral","left posterior","left","posterior",774,1.08875753889818,19731
"Gender agreement","Grammatical","lateral","left posterior","left","posterior",776,1.0771008565202,19731
"Gender agreement","Grammatical","lateral","left posterior","left","posterior",778,1.06200152045005,19731
"Gender agreement","Grammatical","lateral","left posterior","left","posterior",780,1.04209305154326,19731
"Gender agreement","Grammatical","lateral","left posterior","left","posterior",782,1.01792914702752,19731
"Gender agreement","Grammatical","lateral","left posterior","left","posterior",784,0.991877755815721,19731
"Gender agreement","Grammatical","lateral","left posterior","left","posterior",786,0.966698900207795,19731
"Gender agreement","Grammatical","lateral","left posterior","left","posterior",788,0.944339921950231,19731
"Gender agreement","Grammatical","lateral","left posterior","left","posterior",790,0.925592924839086,19731
"Gender agreement","Grammatical","lateral","left posterior","left","posterior",792,0.91013455982971,19731
"Gender agreement","Grammatical","lateral","left posterior","left","posterior",794,0.896652323754498,19731
"Gender agreement","Grammatical","lateral","left posterior","left","posterior",796,0.883949571739902,19731
"Gender agreement","Grammatical","lateral","left posterior","left","posterior",798,0.872157062490497,19731
"Gender agreement","Grammatical","lateral","left posterior","left","posterior",800,0.862734529420708,19731
"Gender agreement","Grammatical","lateral","left posterior","left","posterior",802,0.856999797273326,19731
"Gender agreement","Grammatical","lateral","left posterior","left","posterior",804,0.855415691044549,19731
"Gender agreement","Grammatical","lateral","left posterior","left","posterior",806,0.857502508742588,19731
"Gender agreement","Grammatical","lateral","left posterior","left","posterior",808,0.86155932289291,19731
"Gender agreement","Grammatical","lateral","left posterior","left","posterior",810,0.864682884800568,19731
"Gender agreement","Grammatical","lateral","left posterior","left","posterior",812,0.86423789975166,19731
"Gender agreement","Grammatical","lateral","left posterior","left","posterior",814,0.859114489889007,19731
"Gender agreement","Grammatical","lateral","left posterior","left","posterior",816,0.849790735391009,19731
"Gender agreement","Grammatical","lateral","left posterior","left","posterior",818,0.837562819928032,19731
"Gender agreement","Grammatical","lateral","left posterior","left","posterior",820,0.823675941411991,19731
"Gender agreement","Grammatical","lateral","left posterior","left","posterior",822,0.809155389995439,19731
"Gender agreement","Grammatical","lateral","left posterior","left","posterior",824,0.79520896051898,19731
"Gender agreement","Grammatical","lateral","left posterior","left","posterior",826,0.783603010491105,19731
"Gender agreement","Grammatical","lateral","left posterior","left","posterior",828,0.776271653742841,19731
"Gender agreement","Grammatical","lateral","left posterior","left","posterior",830,0.774717804470123,19731
"Gender agreement","Grammatical","lateral","left posterior","left","posterior",832,0.779159748618925,19731
"Gender agreement","Grammatical","lateral","left posterior","left","posterior",834,0.787489787643809,19731
"Gender agreement","Grammatical","lateral","left posterior","left","posterior",836,0.7951771324312,19731
"Gender agreement","Grammatical","lateral","left posterior","left","posterior",838,0.797068724342405,19731
"Gender agreement","Grammatical","lateral","left posterior","left","posterior",840,0.790043180781511,19731
"Gender agreement","Grammatical","lateral","left posterior","left","posterior",842,0.774461456591151,19731
"Gender agreement","Grammatical","lateral","left posterior","left","posterior",844,0.753217981855963,19731
"Gender agreement","Grammatical","lateral","left posterior","left","posterior",846,0.729660483503117,19731
"Gender agreement","Grammatical","lateral","left posterior","left","posterior",848,0.706203790988799,19731
"Gender agreement","Grammatical","lateral","left posterior","left","posterior",850,0.684287010288379,19731
"Gender agreement","Grammatical","lateral","left posterior","left","posterior",852,0.664953474228372,19731
"Gender agreement","Grammatical","lateral","left posterior","left","posterior",854,0.649077441589377,19731
"Gender agreement","Grammatical","lateral","left posterior","left","posterior",856,0.637510921899549,19731
"Gender agreement","Grammatical","lateral","left posterior","left","posterior",858,0.63145953068775,19731
"Gender agreement","Grammatical","lateral","left posterior","left","posterior",860,0.63258790735391,19731
"Gender agreement","Grammatical","lateral","left posterior","left","posterior",862,0.642437281435305,19731
"Gender agreement","Grammatical","lateral","left posterior","left","posterior",864,0.661505144189347,19731
"Gender agreement","Grammatical","lateral","left posterior","left","posterior",866,0.688606912979575,19731
"Gender agreement","Grammatical","lateral","left posterior","left","posterior",868,0.721012264963763,19731
"Gender agreement","Grammatical","lateral","left posterior","left","posterior",870,0.755485935837008,19731
"Gender agreement","Grammatical","lateral","left posterior","left","posterior",872,0.789451624347474,19731
"Gender agreement","Grammatical","lateral","left posterior","left","posterior",874,0.821849374081395,19731
"Gender agreement","Grammatical","lateral","left posterior","left","posterior",876,0.853260554457453,19731
"Gender agreement","Grammatical","lateral","left posterior","left","posterior",878,0.884707364046424,19731
"Gender agreement","Grammatical","lateral","left posterior","left","posterior",880,0.916324413359688,19731
"Gender agreement","Grammatical","lateral","left posterior","left","posterior",882,0.947481019715169,19731
"Gender agreement","Grammatical","lateral","left posterior","left","posterior",884,0.977429577821702,19731
"Gender agreement","Grammatical","lateral","left posterior","left","posterior",886,1.00533890831686,19731
"Gender agreement","Grammatical","lateral","left posterior","left","posterior",888,1.03015189296032,19731
"Gender agreement","Grammatical","lateral","left posterior","left","posterior",890,1.05088110080584,19731
"Gender agreement","Grammatical","lateral","left posterior","left","posterior",892,1.06673224874563,19731
"Gender agreement","Grammatical","lateral","left posterior","left","posterior",894,1.07723267953981,19731
"Gender agreement","Grammatical","lateral","left posterior","left","posterior",896,1.08301875221732,19731
"Gender agreement","Grammatical","lateral","left posterior","left","posterior",898,1.08636825300289,19731
"Gender agreement","Grammatical","lateral","left posterior","left","posterior",900,1.0899646748771,19731
"Gender agreement","Grammatical","lateral","left posterior","left","posterior",902,1.09488976737114,19731
"Gender agreement","Grammatical","lateral","left posterior","left","posterior",904,1.10003897420303,19731
"Gender agreement","Grammatical","lateral","left posterior","left","posterior",906,1.10296568851047,19731
"Gender agreement","Grammatical","lateral","left posterior","left","posterior",908,1.10124590745527,19731
"Gender agreement","Grammatical","lateral","left posterior","left","posterior",910,1.09317363539608,19731
"Gender agreement","Grammatical","lateral","left posterior","left","posterior",912,1.07778744108256,19731
"Gender agreement","Grammatical","lateral","left posterior","left","posterior",914,1.05487841467741,19731
"Gender agreement","Grammatical","lateral","left posterior","left","posterior",916,1.02505838528204,19731
"Gender agreement","Grammatical","lateral","left posterior","left","posterior",918,0.989840251381075,19731
"Gender agreement","Grammatical","lateral","left posterior","left","posterior",920,0.951113273528965,19731
"Gender agreement","Grammatical","lateral","left posterior","left","posterior",922,0.910337742638488,19731
"Gender agreement","Grammatical","lateral","left posterior","left","posterior",924,0.868447367087325,19731
"Gender agreement","Grammatical","lateral","left posterior","left","posterior",926,0.82632694744311,19731
"Gender agreement","Grammatical","lateral","left posterior","left","posterior",928,0.784900207794841,19731
"Gender agreement","Grammatical","lateral","left posterior","left","posterior",930,0.745338249455172,19731
"Gender agreement","Grammatical","lateral","left posterior","left","posterior",932,0.709479195175105,19731
"Gender agreement","Grammatical","lateral","left posterior","left","posterior",934,0.679659267143074,19731
"Gender agreement","Grammatical","lateral","left posterior","left","posterior",936,0.65760610207288,19731
"Gender agreement","Grammatical","lateral","left posterior","left","posterior",938,0.643294612538645,19731
"Gender agreement","Grammatical","lateral","left posterior","left","posterior",940,0.635376767523187,19731
"Gender agreement","Grammatical","lateral","left posterior","left","posterior",942,0.632872586285541,19731
"Gender agreement","Grammatical","lateral","left posterior","left","posterior",944,0.636537580457149,19731
"Gender agreement","Grammatical","lateral","left posterior","left","posterior",946,0.648693984085956,19731
"Gender agreement","Grammatical","lateral","left posterior","left","posterior",948,0.672187167401551,19731
"Gender agreement","Grammatical","lateral","left posterior","left","posterior",950,0.709165475647458,19731
"Gender agreement","Grammatical","lateral","left posterior","left","posterior",952,0.760277380771375,19731
"Gender agreement","Grammatical","lateral","left posterior","left","posterior",954,0.824345953068775,19731
"Gender agreement","Grammatical","lateral","left posterior","left","posterior",956,0.898851452029801,19731
"Gender agreement","Grammatical","lateral","left posterior","left","posterior",958,0.980961633976991,19731
"Gender agreement","Grammatical","lateral","left posterior","left","posterior",960,1.06846383862957,19731
"Gender agreement","Grammatical","lateral","left posterior","left","posterior",962,1.15970447519132,19731
"Gender agreement","Grammatical","lateral","left posterior","left","posterior",964,1.25323166590644,19731
"Gender agreement","Grammatical","lateral","left posterior","left","posterior",966,1.3477274846688,19731
"Gender agreement","Grammatical","lateral","left posterior","left","posterior",968,1.44160149004105,19731
"Gender agreement","Grammatical","lateral","left posterior","left","posterior",970,1.53229886979879,19731
"Gender agreement","Grammatical","lateral","left posterior","left","posterior",972,1.61645010389742,19731
"Gender agreement","Grammatical","lateral","left posterior","left","posterior",974,1.69095261264001,19731
"Gender agreement","Grammatical","lateral","left posterior","left","posterior",976,1.75401662358725,19731
"Gender agreement","Grammatical","lateral","left posterior","left","posterior",978,1.80559616846587,19731
"Gender agreement","Grammatical","lateral","left posterior","left","posterior",980,1.8475399118139,19731
"Gender agreement","Grammatical","lateral","left posterior","left","posterior",982,1.88303892352136,19731
"Gender agreement","Grammatical","lateral","left posterior","left","posterior",984,1.91535933302924,19731
"Gender agreement","Grammatical","lateral","left posterior","left","posterior",986,1.94648228675688,19731
"Gender agreement","Grammatical","lateral","left posterior","left","posterior",988,1.97691455070701,19731
"Gender agreement","Grammatical","lateral","left posterior","left","posterior",990,2.00633987126856,19731
"Gender agreement","Grammatical","lateral","left posterior","left","posterior",992,2.0339486087882,19731
"Gender agreement","Grammatical","lateral","left posterior","left","posterior",994,2.0583399726319,19731
"Gender agreement","Grammatical","lateral","left posterior","left","posterior",996,2.07792955248087,19731
"Gender agreement","Grammatical","lateral","left posterior","left","posterior",998,2.09115594749379,19731
"Gender agreement","Grammatical","lateral","left posterior","left","posterior",1000,2.09644184278546,19731
"Gender agreement","Grammatical","lateral","left posterior","left","posterior",1002,2.09261927930667,19731
"Gender agreement","Grammatical","lateral","left posterior","left","posterior",1004,2.07981465713851,19731
"Gender agreement","Grammatical","lateral","left posterior","left","posterior",1006,2.05928189143987,19731
"Gender agreement","Grammatical","lateral","left posterior","left","posterior",1008,2.03240337539912,19731
"Gender agreement","Grammatical","lateral","left posterior","left","posterior",1010,2.00066078759313,19731
"Gender agreement","Grammatical","lateral","left posterior","left","posterior",1012,1.96643565962191,19731
"Gender agreement","Grammatical","lateral","left posterior","left","posterior",1014,1.93277411180376,19731
"Gender agreement","Grammatical","lateral","left posterior","left","posterior",1016,1.90189620394303,19731
"Gender agreement","Grammatical","lateral","left posterior","left","posterior",1018,1.87410653286706,19731
"Gender agreement","Grammatical","lateral","left posterior","left","posterior",1020,1.84850544827936,19731
"Gender agreement","Grammatical","lateral","left posterior","left","posterior",1022,1.82447387359992,19731
"Gender agreement","Grammatical","lateral","left posterior","left","posterior",1024,1.8021201155542,19731
"Gender agreement","Grammatical","lateral","left posterior","left","posterior",1026,1.78148629060869,19731
"Gender agreement","Grammatical","lateral","left posterior","left","posterior",1028,1.76210207288024,19731
"Gender agreement","Grammatical","lateral","left posterior","left","posterior",1030,1.74349541330901,19731
"Gender agreement","Grammatical","lateral","left posterior","left","posterior",1032,1.7256675789367,19731
"Gender agreement","Grammatical","lateral","left posterior","left","posterior",1034,1.70841640058791,19731
"Gender agreement","Grammatical","lateral","left posterior","left","posterior",1036,1.69038391363844,19731
"Gender agreement","Grammatical","lateral","left posterior","left","posterior",1038,1.66938213978004,19731
"Gender agreement","Grammatical","lateral","left posterior","left","posterior",1040,1.64349657898738,19731
"Gender agreement","Grammatical","lateral","left posterior","left","posterior",1042,1.61163397699052,19731
"Gender agreement","Grammatical","lateral","left posterior","left","posterior",1044,1.57354178703563,19731
"Gender agreement","Grammatical","lateral","left posterior","left","posterior",1046,1.52997070599564,19731
"Gender agreement","Grammatical","lateral","left posterior","left","posterior",1048,1.48241599513456,19731
"Gender agreement","Grammatical","lateral","left posterior","left","posterior",1050,1.43233774263849,19731
"Gender agreement","Grammatical","lateral","left posterior","left","posterior",1052,1.38035107191729,19731
"Gender agreement","Grammatical","lateral","left posterior","left","posterior",1054,1.3259943743348,19731
"Gender agreement","Grammatical","lateral","left posterior","left","posterior",1056,1.26863590289392,19731
"Gender agreement","Grammatical","lateral","left posterior","left","posterior",1058,1.2088989914348,19731
"Gender agreement","Grammatical","lateral","left posterior","left","posterior",1060,1.14932689676144,19731
"Gender agreement","Grammatical","lateral","left posterior","left","posterior",1062,1.09359951345598,19731
"Gender agreement","Grammatical","lateral","left posterior","left","posterior",1064,1.04496325579038,19731
"Gender agreement","Grammatical","lateral","left posterior","left","posterior",1066,1.00513253256297,19731
"Gender agreement","Grammatical","lateral","left posterior","left","posterior",1068,0.974211950737418,19731
"Gender agreement","Grammatical","lateral","left posterior","left","posterior",1070,0.95113648573311,19731
"Gender agreement","Grammatical","lateral","left posterior","left","posterior",1072,0.933922862500633,19731
"Gender agreement","Grammatical","lateral","left posterior","left","posterior",1074,0.920138715726522,19731
"Gender agreement","Grammatical","lateral","left posterior","left","posterior",1076,0.907380670011657,19731
"Gender agreement","Grammatical","lateral","left posterior","left","posterior",1078,0.893177537884547,19731
"Gender agreement","Grammatical","lateral","left posterior","left","posterior",1080,0.874815974861892,19731
"Gender agreement","Grammatical","lateral","left posterior","left","posterior",1082,0.850216157315899,19731
"Gender agreement","Grammatical","lateral","left posterior","left","posterior",1084,0.819418478536313,19731
"Gender agreement","Grammatical","lateral","left posterior","left","posterior",1086,0.785087476559728,19731
"Gender agreement","Grammatical","lateral","left posterior","left","posterior",1088,0.751214839592519,19731
"Gender agreement","Grammatical","lateral","left posterior","left","posterior",1090,0.721029294004359,19731
"Gender agreement","Grammatical","lateral","left posterior","left","posterior",1092,0.696242613146825,19731
"Gender agreement","Grammatical","lateral","left posterior","left","posterior",1094,0.677354214180731,19731
"Gender agreement","Grammatical","lateral","left posterior","left","posterior",1096,0.663720997415235,19731
"Gender agreement","Grammatical","lateral","left posterior","left","posterior",1098,0.653308803405808,19731
"Gender agreement","Grammatical","lateral","right anterior","right","anterior",-100,-0.707018214991638,32885
"Gender agreement","Grammatical","lateral","right anterior","right","anterior",-98,-0.712206598753231,32885
"Gender agreement","Grammatical","lateral","right anterior","right","anterior",-96,-0.71761572145355,32885
"Gender agreement","Grammatical","lateral","right anterior","right","anterior",-94,-0.721971081039988,32885
"Gender agreement","Grammatical","lateral","right anterior","right","anterior",-92,-0.723263980538239,32885
"Gender agreement","Grammatical","lateral","right anterior","right","anterior",-90,-0.720003527444123,32885
"Gender agreement","Grammatical","lateral","right anterior","right","anterior",-88,-0.712356241447468,32885
"Gender agreement","Grammatical","lateral","right anterior","right","anterior",-86,-0.702386163904516,32885
"Gender agreement","Grammatical","lateral","right anterior","right","anterior",-84,-0.693547909381177,32885
"Gender agreement","Grammatical","lateral","right anterior","right","anterior",-82,-0.688937752774821,32885
"Gender agreement","Grammatical","lateral","right anterior","right","anterior",-80,-0.688845400638589,32885
"Gender agreement","Grammatical","lateral","right anterior","right","anterior",-78,-0.690060939638133,32885
"Gender agreement","Grammatical","lateral","right anterior","right","anterior",-76,-0.687692808271248,32885
"Gender agreement","Grammatical","lateral","right anterior","right","anterior",-74,-0.677059358370078,32885
"Gender agreement","Grammatical","lateral","right anterior","right","anterior",-72,-0.654653124524859,32885
"Gender agreement","Grammatical","lateral","right anterior","right","anterior",-70,-0.619140428766915,32885
"Gender agreement","Grammatical","lateral","right anterior","right","anterior",-68,-0.572683746388931,32885
"Gender agreement","Grammatical","lateral","right anterior","right","anterior",-66,-0.520579686787289,32885
"Gender agreement","Grammatical","lateral","right anterior","right","anterior",-64,-0.468416633723582,32885
"Gender agreement","Grammatical","lateral","right anterior","right","anterior",-62,-0.419138117682834,32885
"Gender agreement","Grammatical","lateral","right anterior","right","anterior",-60,-0.373183944047438,32885
"Gender agreement","Grammatical","lateral","right anterior","right","anterior",-58,-0.330696943895393,32885
"Gender agreement","Grammatical","lateral","right anterior","right","anterior",-56,-0.293122213775277,32885
"Gender agreement","Grammatical","lateral","right anterior","right","anterior",-54,-0.262668359434393,32885
"Gender agreement","Grammatical","lateral","right anterior","right","anterior",-52,-0.240962992245705,32885
"Gender agreement","Grammatical","lateral","right anterior","right","anterior",-50,-0.228934924737722,32885
"Gender agreement","Grammatical","lateral","right anterior","right","anterior",-48,-0.227466078759313,32885
"Gender agreement","Grammatical","lateral","right anterior","right","anterior",-46,-0.236811616238407,32885
"Gender agreement","Grammatical","lateral","right anterior","right","anterior",-44,-0.255317652425118,32885
"Gender agreement","Grammatical","lateral","right anterior","right","anterior",-42,-0.279372084537023,32885
"Gender agreement","Grammatical","lateral","right anterior","right","anterior",-40,-0.304424935380873,32885
"Gender agreement","Grammatical","lateral","right anterior","right","anterior",-38,-0.326046616998632,32885
"Gender agreement","Grammatical","lateral","right anterior","right","anterior",-36,-0.340834970351224,32885
"Gender agreement","Grammatical","lateral","right anterior","right","anterior",-34,-0.347748669606203,32885
"Gender agreement","Grammatical","lateral","right anterior","right","anterior",-32,-0.349266230804318,32885
"Gender agreement","Grammatical","lateral","right anterior","right","anterior",-30,-0.351028918960012,32885
"Gender agreement","Grammatical","lateral","right anterior","right","anterior",-28,-0.359418427854645,32885
"Gender agreement","Grammatical","lateral","right anterior","right","anterior",-26,-0.378299072525468,32885
"Gender agreement","Grammatical","lateral","right anterior","right","anterior",-24,-0.407231959860119,32885
"Gender agreement","Grammatical","lateral","right anterior","right","anterior",-22,-0.442490983731184,32885
"Gender agreement","Grammatical","lateral","right anterior","right","anterior",-20,-0.479634696670214,32885
"Gender agreement","Grammatical","lateral","right anterior","right","anterior",-18,-0.515469575794435,32885
"Gender agreement","Grammatical","lateral","right anterior","right","anterior",-16,-0.548169286908925,32885
"Gender agreement","Grammatical","lateral","right anterior","right","anterior",-14,-0.576320875779231,32885
"Gender agreement","Grammatical","lateral","right anterior","right","anterior",-12,-0.598460909229132,32885
"Gender agreement","Grammatical","lateral","right anterior","right","anterior",-10,-0.613605686483199,32885
"Gender agreement","Grammatical","lateral","right anterior","right","anterior",-8,-0.621694511175308,32885
"Gender agreement","Grammatical","lateral","right anterior","right","anterior",-6,-0.623128052303482,32885
"Gender agreement","Grammatical","lateral","right anterior","right","anterior",-4,-0.618291561502205,32885
"Gender agreement","Grammatical","lateral","right anterior","right","anterior",-2,-0.608419644214688,32885
"Gender agreement","Grammatical","lateral","right anterior","right","anterior",0,-0.596542466169986,32885
"Gender agreement","Grammatical","lateral","right anterior","right","anterior",2,-0.586502964877604,32885
"Gender agreement","Grammatical","lateral","right anterior","right","anterior",4,-0.580930971567584,32885
"Gender agreement","Grammatical","lateral","right anterior","right","anterior",6,-0.580188474988597,32885
"Gender agreement","Grammatical","lateral","right anterior","right","anterior",8,-0.582608757792307,32885
"Gender agreement","Grammatical","lateral","right anterior","right","anterior",10,-0.585489828189144,32885
"Gender agreement","Grammatical","lateral","right anterior","right","anterior",12,-0.586540185494906,32885
"Gender agreement","Grammatical","lateral","right anterior","right","anterior",14,-0.584490922913182,32885
"Gender agreement","Grammatical","lateral","right anterior","right","anterior",16,-0.578363448380721,32885
"Gender agreement","Grammatical","lateral","right anterior","right","anterior",18,-0.566659966550099,32885
"Gender agreement","Grammatical","lateral","right anterior","right","anterior",20,-0.548270153565455,32885
"Gender agreement","Grammatical","lateral","right anterior","right","anterior",22,-0.524386042268511,32885
"Gender agreement","Grammatical","lateral","right anterior","right","anterior",24,-0.499138634635852,32885
"Gender agreement","Grammatical","lateral","right anterior","right","anterior",26,-0.478364755967766,32885
"Gender agreement","Grammatical","lateral","right anterior","right","anterior",28,-0.467279245856774,32885
"Gender agreement","Grammatical","lateral","right anterior","right","anterior",30,-0.467928265166489,32885
"Gender agreement","Grammatical","lateral","right anterior","right","anterior",32,-0.478102752014596,32885
"Gender agreement","Grammatical","lateral","right anterior","right","anterior",34,-0.492424722517865,32885
"Gender agreement","Grammatical","lateral","right anterior","right","anterior",36,-0.504542222897978,32885
"Gender agreement","Grammatical","lateral","right anterior","right","anterior",38,-0.509088672647104,32885
"Gender agreement","Grammatical","lateral","right anterior","right","anterior",40,-0.50344056560742,32885
"Gender agreement","Grammatical","lateral","right anterior","right","anterior",42,-0.488580142922305,32885
"Gender agreement","Grammatical","lateral","right anterior","right","anterior",44,-0.468213836095484,32885
"Gender agreement","Grammatical","lateral","right anterior","right","anterior",46,-0.446194921696822,32885
"Gender agreement","Grammatical","lateral","right anterior","right","anterior",48,-0.425111509806903,32885
"Gender agreement","Grammatical","lateral","right anterior","right","anterior",50,-0.406886148700015,32885
"Gender agreement","Grammatical","lateral","right anterior","right","anterior",52,-0.392913121483959,32885
"Gender agreement","Grammatical","lateral","right anterior","right","anterior",54,-0.382757123308499,32885
"Gender agreement","Grammatical","lateral","right anterior","right","anterior",56,-0.37387970199179,32885
"Gender agreement","Grammatical","lateral","right anterior","right","anterior",58,-0.363215660635548,32885
"Gender agreement","Grammatical","lateral","right anterior","right","anterior",60,-0.348815356545537,32885
"Gender agreement","Grammatical","lateral","right anterior","right","anterior",62,-0.330235031169226,32885
"Gender agreement","Grammatical","lateral","right anterior","right","anterior",64,-0.30806884597841,32885
"Gender agreement","Grammatical","lateral","right anterior","right","anterior",66,-0.283966215599818,32885
"Gender agreement","Grammatical","lateral","right anterior","right","anterior",68,-0.260795286604835,32885
"Gender agreement","Grammatical","lateral","right anterior","right","anterior",70,-0.241754599361411,32885
"Gender agreement","Grammatical","lateral","right anterior","right","anterior",72,-0.228634727079215,32885
"Gender agreement","Grammatical","lateral","right anterior","right","anterior",74,-0.221039592519386,32885
"Gender agreement","Grammatical","lateral","right anterior","right","anterior",76,-0.217505367188688,32885
"Gender agreement","Grammatical","lateral","right anterior","right","anterior",78,-0.217060878820131,32885
"Gender agreement","Grammatical","lateral","right anterior","right","anterior",80,-0.219551041508286,32885
"Gender agreement","Grammatical","lateral","right anterior","right","anterior",82,-0.225125771628402,32885
"Gender agreement","Grammatical","lateral","right anterior","right","anterior",84,-0.234429952866048,32885
"Gender agreement","Grammatical","lateral","right anterior","right","anterior",86,-0.249079215447773,32885
"Gender agreement","Grammatical","lateral","right anterior","right","anterior",88,-0.271303664284628,32885
"Gender agreement","Grammatical","lateral","right anterior","right","anterior",90,-0.302806933252243,32885
"Gender agreement","Grammatical","lateral","right anterior","right","anterior",92,-0.344067325528356,32885
"Gender agreement","Grammatical","lateral","right anterior","right","anterior",94,-0.39413285692565,32885
"Gender agreement","Grammatical","lateral","right anterior","right","anterior",96,-0.451206142618215,32885
"Gender agreement","Grammatical","lateral","right anterior","right","anterior",98,-0.513878303177741,32885
"Gender agreement","Grammatical","lateral","right anterior","right","anterior",100,-0.582070123156454,32885
"Gender agreement","Grammatical","lateral","right anterior","right","anterior",102,-0.656603770716132,32885
"Gender agreement","Grammatical","lateral","right anterior","right","anterior",104,-0.738018123764634,32885
"Gender agreement","Grammatical","lateral","right anterior","right","anterior",106,-0.825840626425422,32885
"Gender agreement","Grammatical","lateral","right anterior","right","anterior",108,-0.918510323855861,32885
"Gender agreement","Grammatical","lateral","right anterior","right","anterior",110,-1.01396250570169,32885
"Gender agreement","Grammatical","lateral","right anterior","right","anterior",112,-1.11101043028737,32885
"Gender agreement","Grammatical","lateral","right anterior","right","anterior",114,-1.20997488216512,32885
"Gender agreement","Grammatical","lateral","right anterior","right","anterior",116,-1.31147796867873,32885
"Gender agreement","Grammatical","lateral","right anterior","right","anterior",118,-1.4146458263646,32885
"Gender agreement","Grammatical","lateral","right anterior","right","anterior",120,-1.51612151436825,32885
"Gender agreement","Grammatical","lateral","right anterior","right","anterior",122,-1.61032628858142,32885
"Gender agreement","Grammatical","lateral","right anterior","right","anterior",124,-1.69126589630531,32885
"Gender agreement","Grammatical","lateral","right anterior","right","anterior",126,-1.75506385890223,32885
"Gender agreement","Grammatical","lateral","right anterior","right","anterior",128,-1.80118792762658,32885
"Gender agreement","Grammatical","lateral","right anterior","right","anterior",130,-1.83145260757184,32885
"Gender agreement","Grammatical","lateral","right anterior","right","anterior",132,-1.84810652273073,32885
"Gender agreement","Grammatical","lateral","right anterior","right","anterior",134,-1.8526029192641,32885
"Gender agreement","Grammatical","lateral","right anterior","right","anterior",136,-1.84512303481831,32885
"Gender agreement","Grammatical","lateral","right anterior","right","anterior",138,-1.82473291774365,32885
"Gender agreement","Grammatical","lateral","right anterior","right","anterior",140,-1.78976937813593,32885
"Gender agreement","Grammatical","lateral","right anterior","right","anterior",142,-1.73778342709442,32885
"Gender agreement","Grammatical","lateral","right anterior","right","anterior",144,-1.66521386650449,32885
"Gender agreement","Grammatical","lateral","right anterior","right","anterior",146,-1.56827772540672,32885
"Gender agreement","Grammatical","lateral","right anterior","right","anterior",148,-1.44502268511479,32885
"Gender agreement","Grammatical","lateral","right anterior","right","anterior",150,-1.29622174243576,32885
"Gender agreement","Grammatical","lateral","right anterior","right","anterior",152,-1.12435520754143,32885
"Gender agreement","Grammatical","lateral","right anterior","right","anterior",154,-0.933044427550555,32885
"Gender agreement","Grammatical","lateral","right anterior","right","anterior",156,-0.727803618671127,32885
"Gender agreement","Grammatical","lateral","right anterior","right","anterior",158,-0.515820890983731,32885
"Gender agreement","Grammatical","lateral","right anterior","right","anterior",160,-0.303889311236126,32885
"Gender agreement","Grammatical","lateral","right anterior","right","anterior",162,-0.0962798236277938,32885
"Gender agreement","Grammatical","lateral","right anterior","right","anterior",164,0.105502752014596,32885
"Gender agreement","Grammatical","lateral","right anterior","right","anterior",166,0.301292686635244,32885
"Gender agreement","Grammatical","lateral","right anterior","right","anterior",168,0.491017181085601,32885
"Gender agreement","Grammatical","lateral","right anterior","right","anterior",170,0.673993310019766,32885
"Gender agreement","Grammatical","lateral","right anterior","right","anterior",172,0.848993462064771,32885
"Gender agreement","Grammatical","lateral","right anterior","right","anterior",174,1.01540766306827,32885
"Gender agreement","Grammatical","lateral","right anterior","right","anterior",176,1.17436138056865,32885
"Gender agreement","Grammatical","lateral","right anterior","right","anterior",178,1.32799388779079,32885
"Gender agreement","Grammatical","lateral","right anterior","right","anterior",180,1.47765653033298,32885
"Gender agreement","Grammatical","lateral","right anterior","right","anterior",182,1.62267945871978,32885
"Gender agreement","Grammatical","lateral","right anterior","right","anterior",184,1.76057731488521,32885
"Gender agreement","Grammatical","lateral","right anterior","right","anterior",186,1.88909901170747,32885
"Gender agreement","Grammatical","lateral","right anterior","right","anterior",188,2.0085343773757,32885
"Gender agreement","Grammatical","lateral","right anterior","right","anterior",190,2.12220538239319,32885
"Gender agreement","Grammatical","lateral","right anterior","right","anterior",192,2.23432127109624,32885
"Gender agreement","Grammatical","lateral","right anterior","right","anterior",194,2.34663861943135,32885
"Gender agreement","Grammatical","lateral","right anterior","right","anterior",196,2.45694942983123,32885
"Gender agreement","Grammatical","lateral","right anterior","right","anterior",198,2.56070658354873,32885
"Gender agreement","Grammatical","lateral","right anterior","right","anterior",200,2.65362834118899,32885
"Gender agreement","Grammatical","lateral","right anterior","right","anterior",202,2.73293276569865,32885
"Gender agreement","Grammatical","lateral","right anterior","right","anterior",204,2.79678190664437,32885
"Gender agreement","Grammatical","lateral","right anterior","right","anterior",206,2.84393373878668,32885
"Gender agreement","Grammatical","lateral","right anterior","right","anterior",208,2.87446084841113,32885
"Gender agreement","Grammatical","lateral","right anterior","right","anterior",210,2.89049943743348,32885
"Gender agreement","Grammatical","lateral","right anterior","right","anterior",212,2.89618555572449,32885
"Gender agreement","Grammatical","lateral","right anterior","right","anterior",214,2.89715113273529,32885
"Gender agreement","Grammatical","lateral","right anterior","right","anterior",216,2.89967094419948,32885
"Gender agreement","Grammatical","lateral","right anterior","right","anterior",218,2.90890469819066,32885
"Gender agreement","Grammatical","lateral","right anterior","right","anterior",220,2.9272370989813,32885
"Gender agreement","Grammatical","lateral","right anterior","right","anterior",222,2.95431074958188,32885
"Gender agreement","Grammatical","lateral","right anterior","right","anterior",224,2.98788329025392,32885
"Gender agreement","Grammatical","lateral","right anterior","right","anterior",226,3.02433051543257,32885
"Gender agreement","Grammatical","lateral","right anterior","right","anterior",228,3.05971640565607,32885
"Gender agreement","Grammatical","lateral","right anterior","right","anterior",230,3.09093793522883,32885
"Gender agreement","Grammatical","lateral","right anterior","right","anterior",232,3.11594121940094,32885
"Gender agreement","Grammatical","lateral","right anterior","right","anterior",234,3.13308341188992,32885
"Gender agreement","Grammatical","lateral","right anterior","right","anterior",236,3.14082651664893,32885
"Gender agreement","Grammatical","lateral","right anterior","right","anterior",238,3.13873246160864,32885
"Gender agreement","Grammatical","lateral","right anterior","right","anterior",240,3.12875523795043,32885
"Gender agreement","Grammatical","lateral","right anterior","right","anterior",242,3.11475946480158,32885
"Gender agreement","Grammatical","lateral","right anterior","right","anterior",244,3.10032209213927,32885
"Gender agreement","Grammatical","lateral","right anterior","right","anterior",246,3.08691823019614,32885
"Gender agreement","Grammatical","lateral","right anterior","right","anterior",248,3.07352552835639,32885
"Gender agreement","Grammatical","lateral","right anterior","right","anterior",250,3.05761979625969,32885
"Gender agreement","Grammatical","lateral","right anterior","right","anterior",252,3.03695466017941,32885
"Gender agreement","Grammatical","lateral","right anterior","right","anterior",254,3.0112972783944,32885
"Gender agreement","Grammatical","lateral","right anterior","right","anterior",256,2.9826999847955,32885
"Gender agreement","Grammatical","lateral","right anterior","right","anterior",258,2.95419914854797,32885
"Gender agreement","Grammatical","lateral","right anterior","right","anterior",260,2.92815091987228,32885
"Gender agreement","Grammatical","lateral","right anterior","right","anterior",262,2.90520176372206,32885
"Gender agreement","Grammatical","lateral","right anterior","right","anterior",264,2.88368757792307,32885
"Gender agreement","Grammatical","lateral","right anterior","right","anterior",266,2.85965817241904,32885
"Gender agreement","Grammatical","lateral","right anterior","right","anterior",268,2.82885306370686,32885
"Gender agreement","Grammatical","lateral","right anterior","right","anterior",270,2.78935909989357,32885
"Gender agreement","Grammatical","lateral","right anterior","right","anterior",272,2.74261763722062,32885
"Gender agreement","Grammatical","lateral","right anterior","right","anterior",274,2.69189584917135,32885
"Gender agreement","Grammatical","lateral","right anterior","right","anterior",276,2.64000118595104,32885
"Gender agreement","Grammatical","lateral","right anterior","right","anterior",278,2.58787334651057,32885
"Gender agreement","Grammatical","lateral","right anterior","right","anterior",280,2.53468204348487,32885
"Gender agreement","Grammatical","lateral","right anterior","right","anterior",282,2.47885187775582,32885
"Gender agreement","Grammatical","lateral","right anterior","right","anterior",284,2.41892780903147,32885
"Gender agreement","Grammatical","lateral","right anterior","right","anterior",286,2.3538427550555,32885
"Gender agreement","Grammatical","lateral","right anterior","right","anterior",288,2.28325266838984,32885
"Gender agreement","Grammatical","lateral","right anterior","right","anterior",290,2.20800945719933,32885
"Gender agreement","Grammatical","lateral","right anterior","right","anterior",292,2.13042523947088,32885
"Gender agreement","Grammatical","lateral","right anterior","right","anterior",294,2.0541228219553,32885
"Gender agreement","Grammatical","lateral","right anterior","right","anterior",296,1.983171354721,32885
"Gender agreement","Grammatical","lateral","right anterior","right","anterior",298,1.92057247985404,32885
"Gender agreement","Grammatical","lateral","right anterior","right","anterior",300,1.8666400790634,32885
"Gender agreement","Grammatical","lateral","right anterior","right","anterior",302,1.81889463281131,32885
"Gender agreement","Grammatical","lateral","right anterior","right","anterior",304,1.77361444427551,32885
"Gender agreement","Grammatical","lateral","right anterior","right","anterior",306,1.72733872586286,32885
"Gender agreement","Grammatical","lateral","right anterior","right","anterior",308,1.67687371141858,32885
"Gender agreement","Grammatical","lateral","right anterior","right","anterior",310,1.61888170898586,32885
"Gender agreement","Grammatical","lateral","right anterior","right","anterior",312,1.55083077390908,32885
"Gender agreement","Grammatical","lateral","right anterior","right","anterior",314,1.47263475748822,32885
"Gender agreement","Grammatical","lateral","right anterior","right","anterior",316,1.38765157366581,32885
"Gender agreement","Grammatical","lateral","right anterior","right","anterior",318,1.302314185799,32885
"Gender agreement","Grammatical","lateral","right anterior","right","anterior",320,1.22382174243576,32885
"Gender agreement","Grammatical","lateral","right anterior","right","anterior",322,1.15708706097005,32885
"Gender agreement","Grammatical","lateral","right anterior","right","anterior",324,1.10309511935533,32885
"Gender agreement","Grammatical","lateral","right anterior","right","anterior",326,1.05969104454919,32885
"Gender agreement","Grammatical","lateral","right anterior","right","anterior",328,1.02368152653185,32885
"Gender agreement","Grammatical","lateral","right anterior","right","anterior",330,0.99264686027064,32885
"Gender agreement","Grammatical","lateral","right anterior","right","anterior",332,0.965346449749126,32885
"Gender agreement","Grammatical","lateral","right anterior","right","anterior",334,0.940941888398966,32885
"Gender agreement","Grammatical","lateral","right anterior","right","anterior",336,0.91827571841265,32885
"Gender agreement","Grammatical","lateral","right anterior","right","anterior",338,0.896002554356089,32885
"Gender agreement","Grammatical","lateral","right anterior","right","anterior",340,0.873158370077543,32885
"Gender agreement","Grammatical","lateral","right anterior","right","anterior",342,0.849499680705489,32885
"Gender agreement","Grammatical","lateral","right anterior","right","anterior",344,0.825720358826213,32885
"Gender agreement","Grammatical","lateral","right anterior","right","anterior",346,0.803050722213775,32885
"Gender agreement","Grammatical","lateral","right anterior","right","anterior",348,0.782297612893416,32885
"Gender agreement","Grammatical","lateral","right anterior","right","anterior",350,0.763466017941311,32885
"Gender agreement","Grammatical","lateral","right anterior","right","anterior",352,0.746925315493386,32885
"Gender agreement","Grammatical","lateral","right anterior","right","anterior",354,0.734185586133495,32885
"Gender agreement","Grammatical","lateral","right anterior","right","anterior",356,0.726885053975977,32885
"Gender agreement","Grammatical","lateral","right anterior","right","anterior",358,0.725635122396229,32885
"Gender agreement","Grammatical","lateral","right anterior","right","anterior",360,0.729498768435457,32885
"Gender agreement","Grammatical","lateral","right anterior","right","anterior",362,0.735548122244184,32885
"Gender agreement","Grammatical","lateral","right anterior","right","anterior",364,0.73926799452638,32885
"Gender agreement","Grammatical","lateral","right anterior","right","anterior",366,0.736794191880797,32885
"Gender agreement","Grammatical","lateral","right anterior","right","anterior",368,0.727176098525163,32885
"Gender agreement","Grammatical","lateral","right anterior","right","anterior",370,0.71232370381633,32885
"Gender agreement","Grammatical","lateral","right anterior","right","anterior",372,0.694924311996351,32885
"Gender agreement","Grammatical","lateral","right anterior","right","anterior",374,0.677281982666869,32885
"Gender agreement","Grammatical","lateral","right anterior","right","anterior",376,0.661555389995439,32885
"Gender agreement","Grammatical","lateral","right anterior","right","anterior",378,0.649224144746845,32885
"Gender agreement","Grammatical","lateral","right anterior","right","anterior",380,0.640045583092595,32885
"Gender agreement","Grammatical","lateral","right anterior","right","anterior",382,0.632529816025544,32885
"Gender agreement","Grammatical","lateral","right anterior","right","anterior",384,0.625390299528661,32885
"Gender agreement","Grammatical","lateral","right anterior","right","anterior",386,0.618070822563479,32885
"Gender agreement","Grammatical","lateral","right anterior","right","anterior",388,0.61055000760225,32885
"Gender agreement","Grammatical","lateral","right anterior","right","anterior",390,0.603157214535503,32885
"Gender agreement","Grammatical","lateral","right anterior","right","anterior",392,0.59616055952562,32885
"Gender agreement","Grammatical","lateral","right anterior","right","anterior",394,0.589699923977497,32885
"Gender agreement","Grammatical","lateral","right anterior","right","anterior",396,0.584009882925346,32885
"Gender agreement","Grammatical","lateral","right anterior","right","anterior",398,0.579044670822564,32885
"Gender agreement","Grammatical","lateral","right anterior","right","anterior",400,0.574102052607572,32885
"Gender agreement","Grammatical","lateral","right anterior","right","anterior",402,0.567823810247833,32885
"Gender agreement","Grammatical","lateral","right anterior","right","anterior",404,0.557977041204196,32885
"Gender agreement","Grammatical","lateral","right anterior","right","anterior",406,0.541481070396837,32885
"Gender agreement","Grammatical","lateral","right anterior","right","anterior",408,0.51625656074198,32885
"Gender agreement","Grammatical","lateral","right anterior","right","anterior",410,0.483489463281131,32885
"Gender agreement","Grammatical","lateral","right anterior","right","anterior",412,0.447442663828493,32885
"Gender agreement","Grammatical","lateral","right anterior","right","anterior",414,0.412944503573058,32885
"Gender agreement","Grammatical","lateral","right anterior","right","anterior",416,0.383267568800365,32885
"Gender agreement","Grammatical","lateral","right anterior","right","anterior",418,0.359581085601338,32885
"Gender agreement","Grammatical","lateral","right anterior","right","anterior",420,0.341067599209366,32885
"Gender agreement","Grammatical","lateral","right anterior","right","anterior",422,0.325466048350312,32885
"Gender agreement","Grammatical","lateral","right anterior","right","anterior",424,0.310794313516801,32885
"Gender agreement","Grammatical","lateral","right anterior","right","anterior",426,0.296794648015813,32885
"Gender agreement","Grammatical","lateral","right anterior","right","anterior",428,0.284278181541736,32885
"Gender agreement","Grammatical","lateral","right anterior","right","anterior",430,0.273685510110993,32885
"Gender agreement","Grammatical","lateral","right anterior","right","anterior",432,0.264884324159951,32885
"Gender agreement","Grammatical","lateral","right anterior","right","anterior",434,0.257583852820435,32885
"Gender agreement","Grammatical","lateral","right anterior","right","anterior",436,0.251348943287213,32885
"Gender agreement","Grammatical","lateral","right anterior","right","anterior",438,0.246019461760681,32885
"Gender agreement","Grammatical","lateral","right anterior","right","anterior",440,0.242224266382849,32885
"Gender agreement","Grammatical","lateral","right anterior","right","anterior",442,0.24087915462977,32885
"Gender agreement","Grammatical","lateral","right anterior","right","anterior",444,0.242384825908469,32885
"Gender agreement","Grammatical","lateral","right anterior","right","anterior",446,0.246405351984187,32885
"Gender agreement","Grammatical","lateral","right anterior","right","anterior",448,0.252283959251939,32885
"Gender agreement","Grammatical","lateral","right anterior","right","anterior",450,0.259714915615022,32885
"Gender agreement","Grammatical","lateral","right anterior","right","anterior",452,0.269366793370838,32885
"Gender agreement","Grammatical","lateral","right anterior","right","anterior",454,0.282418944807663,32885
"Gender agreement","Grammatical","lateral","right anterior","right","anterior",456,0.298973817850084,32885
"Gender agreement","Grammatical","lateral","right anterior","right","anterior",458,0.317371020221986,32885
"Gender agreement","Grammatical","lateral","right anterior","right","anterior",460,0.334863889311236,32885
"Gender agreement","Grammatical","lateral","right anterior","right","anterior",462,0.348767766458872,32885
"Gender agreement","Grammatical","lateral","right anterior","right","anterior",464,0.357274380416603,32885
"Gender agreement","Grammatical","lateral","right anterior","right","anterior",466,0.360147179565151,32885
"Gender agreement","Grammatical","lateral","right anterior","right","anterior",468,0.358598327504941,32885
"Gender agreement","Grammatical","lateral","right anterior","right","anterior",470,0.354393127565759,32885
"Gender agreement","Grammatical","lateral","right anterior","right","anterior",472,0.349173817850084,32885
"Gender agreement","Grammatical","lateral","right anterior","right","anterior",474,0.344395073741828,32885
"Gender agreement","Grammatical","lateral","right anterior","right","anterior",476,0.341319750646191,32885
"Gender agreement","Grammatical","lateral","right anterior","right","anterior",478,0.341009365972328,32885
"Gender agreement","Grammatical","lateral","right anterior","right","anterior",480,0.344075688003649,32885
"Gender agreement","Grammatical","lateral","right anterior","right","anterior",482,0.349875961684659,32885
"Gender agreement","Grammatical","lateral","right anterior","right","anterior",484,0.356425513151893,32885
"Gender agreement","Grammatical","lateral","right anterior","right","anterior",486,0.361973544169074,32885
"Gender agreement","Grammatical","lateral","right anterior","right","anterior",488,0.366828706097005,32885
"Gender agreement","Grammatical","lateral","right anterior","right","anterior",490,0.373140976128934,32885
"Gender agreement","Grammatical","lateral","right anterior","right","anterior",492,0.38294772692717,32885
"Gender agreement","Grammatical","lateral","right anterior","right","anterior",494,0.396825117834879,32885
"Gender agreement","Grammatical","lateral","right anterior","right","anterior",496,0.414305458415691,32885
"Gender agreement","Grammatical","lateral","right anterior","right","anterior",498,0.435194131062795,32885
"Gender agreement","Grammatical","lateral","right anterior","right","anterior",500,0.459803253763114,32885
"Gender agreement","Grammatical","lateral","right anterior","right","anterior",502,0.48769198722822,32885
"Gender agreement","Grammatical","lateral","right anterior","right","anterior",504,0.516721119051239,32885
"Gender agreement","Grammatical","lateral","right anterior","right","anterior",506,0.543920936597233,32885
"Gender agreement","Grammatical","lateral","right anterior","right","anterior",508,0.566940307130911,32885
"Gender agreement","Grammatical","lateral","right anterior","right","anterior",510,0.584441082560438,32885
"Gender agreement","Grammatical","lateral","right anterior","right","anterior",512,0.596075779230652,32885
"Gender agreement","Grammatical","lateral","right anterior","right","anterior",514,0.60305656074198,32885
"Gender agreement","Grammatical","lateral","right anterior","right","anterior",516,0.608356332674472,32885
"Gender agreement","Grammatical","lateral","right anterior","right","anterior",518,0.615390634027672,32885
"Gender agreement","Grammatical","lateral","right anterior","right","anterior",520,0.626286665653033,32885
"Gender agreement","Grammatical","lateral","right anterior","right","anterior",522,0.64153401246769,32885
"Gender agreement","Grammatical","lateral","right anterior","right","anterior",524,0.660786741675536,32885
"Gender agreement","Grammatical","lateral","right anterior","right","anterior",526,0.683207815113274,32885
"Gender agreement","Grammatical","lateral","right anterior","right","anterior",528,0.707483016572906,32885
"Gender agreement","Grammatical","lateral","right anterior","right","anterior",530,0.732529390299529,32885
"Gender agreement","Grammatical","lateral","right anterior","right","anterior",532,0.758159920936597,32885
"Gender agreement","Grammatical","lateral","right anterior","right","anterior",534,0.784571962901019,32885
"Gender agreement","Grammatical","lateral","right anterior","right","anterior",536,0.811403405808119,32885
"Gender agreement","Grammatical","lateral","right anterior","right","anterior",538,0.837493902995287,32885
"Gender agreement","Grammatical","lateral","right anterior","right","anterior",540,0.861765850691805,32885
"Gender agreement","Grammatical","lateral","right anterior","right","anterior",542,0.884454097612893,32885
"Gender agreement","Grammatical","lateral","right anterior","right","anterior",544,0.907441538695454,32885
"Gender agreement","Grammatical","lateral","right anterior","right","anterior",546,0.93354742283716,32885
"Gender agreement","Grammatical","lateral","right anterior","right","anterior",548,0.965265774669302,32885
"Gender agreement","Grammatical","lateral","right anterior","right","anterior",550,1.003485722974,32885
"Gender agreement","Grammatical","lateral","right anterior","right","anterior",552,1.04675307891136,32885
"Gender agreement","Grammatical","lateral","right anterior","right","anterior",554,1.09185534438194,32885
"Gender agreement","Grammatical","lateral","right anterior","right","anterior",556,1.13572352136232,32885
"Gender agreement","Grammatical","lateral","right anterior","right","anterior",558,1.1765857989965,32885
"Gender agreement","Grammatical","lateral","right anterior","right","anterior",560,1.21346255131519,32885
"Gender agreement","Grammatical","lateral","right anterior","right","anterior",562,1.24566775125437,32885
"Gender agreement","Grammatical","lateral","right anterior","right","anterior",564,1.27307970199179,32885
"Gender agreement","Grammatical","lateral","right anterior","right","anterior",566,1.29633379960468,32885
"Gender agreement","Grammatical","lateral","right anterior","right","anterior",568,1.31635827885054,32885
"Gender agreement","Grammatical","lateral","right anterior","right","anterior",570,1.33361559981755,32885
"Gender agreement","Grammatical","lateral","right anterior","right","anterior",572,1.34819887486696,32885
"Gender agreement","Grammatical","lateral","right anterior","right","anterior",574,1.36136229283868,32885
"Gender agreement","Grammatical","lateral","right anterior","right","anterior",576,1.37621654249658,32885
"Gender agreement","Grammatical","lateral","right anterior","right","anterior",578,1.39556624600882,32885
"Gender agreement","Grammatical","lateral","right anterior","right","anterior",580,1.41916442146875,32885
"Gender agreement","Grammatical","lateral","right anterior","right","anterior",582,1.44368922000912,32885
"Gender agreement","Grammatical","lateral","right anterior","right","anterior",584,1.46539881404896,32885
"Gender agreement","Grammatical","lateral","right anterior","right","anterior",586,1.48294398662004,32885
"Gender agreement","Grammatical","lateral","right anterior","right","anterior",588,1.49811622320207,32885
"Gender agreement","Grammatical","lateral","right anterior","right","anterior",590,1.5146170290406,32885
"Gender agreement","Grammatical","lateral","right anterior","right","anterior",592,1.53607559677665,32885
"Gender agreement","Grammatical","lateral","right anterior","right","anterior",594,1.56443016572906,32885
"Gender agreement","Grammatical","lateral","right anterior","right","anterior",596,1.59952391667934,32885
"Gender agreement","Grammatical","lateral","right anterior","right","anterior",598,1.63985507070093,32885
"Gender agreement","Grammatical","lateral","right anterior","right","anterior",600,1.68338412650144,32885
"Gender agreement","Grammatical","lateral","right anterior","right","anterior",602,1.72766242967919,32885
"Gender agreement","Grammatical","lateral","right anterior","right","anterior",604,1.76962411433784,32885
"Gender agreement","Grammatical","lateral","right anterior","right","anterior",606,1.80608107039684,32885
"Gender agreement","Grammatical","lateral","right anterior","right","anterior",608,1.83524947544473,32885
"Gender agreement","Grammatical","lateral","right anterior","right","anterior",610,1.85786325072221,32885
"Gender agreement","Grammatical","lateral","right anterior","right","anterior",612,1.87621949216968,32885
"Gender agreement","Grammatical","lateral","right anterior","right","anterior",614,1.89220118595104,32885
"Gender agreement","Grammatical","lateral","right anterior","right","anterior",616,1.90663974456439,32885
"Gender agreement","Grammatical","lateral","right anterior","right","anterior",618,1.92018467386346,32885
"Gender agreement","Grammatical","lateral","right anterior","right","anterior",620,1.93318324464041,32885
"Gender agreement","Grammatical","lateral","right anterior","right","anterior",622,1.94465190816482,32885
"Gender agreement","Grammatical","lateral","right anterior","right","anterior",624,1.95255897825756,32885
"Gender agreement","Grammatical","lateral","right anterior","right","anterior",626,1.9557257108104,32885
"Gender agreement","Grammatical","lateral","right anterior","right","anterior",628,1.95464996198875,32885
"Gender agreement","Grammatical","lateral","right anterior","right","anterior",630,1.95020921392732,32885
"Gender agreement","Grammatical","lateral","right anterior","right","anterior",632,1.94252431199635,32885
"Gender agreement","Grammatical","lateral","right anterior","right","anterior",634,1.93165929755208,32885
"Gender agreement","Grammatical","lateral","right anterior","right","anterior",636,1.91855615022047,32885
"Gender agreement","Grammatical","lateral","right anterior","right","anterior",638,1.90542332370382,32885
"Gender agreement","Grammatical","lateral","right anterior","right","anterior",640,1.89574234453398,32885
"Gender agreement","Grammatical","lateral","right anterior","right","anterior",642,1.89308459784096,32885
"Gender agreement","Grammatical","lateral","right anterior","right","anterior",644,1.89895654553748,32885
"Gender agreement","Grammatical","lateral","right anterior","right","anterior",646,1.9114715219705,32885
"Gender agreement","Grammatical","lateral","right anterior","right","anterior",648,1.92596062034362,32885
"Gender agreement","Grammatical","lateral","right anterior","right","anterior",650,1.9369655770108,32885
"Gender agreement","Grammatical","lateral","right anterior","right","anterior",652,1.94010092747453,32885
"Gender agreement","Grammatical","lateral","right anterior","right","anterior",654,1.93314143226395,32885
"Gender agreement","Grammatical","lateral","right anterior","right","anterior",656,1.91663974456439,32885
"Gender agreement","Grammatical","lateral","right anterior","right","anterior",658,1.89352692717044,32885
"Gender agreement","Grammatical","lateral","right anterior","right","anterior",660,1.86724315037251,32885
"Gender agreement","Grammatical","lateral","right anterior","right","anterior",662,1.84040696366124,32885
"Gender agreement","Grammatical","lateral","right anterior","right","anterior",664,1.81551768283412,32885
"Gender agreement","Grammatical","lateral","right anterior","right","anterior",666,1.7953313364756,32885
"Gender agreement","Grammatical","lateral","right anterior","right","anterior",668,1.78126778166337,32885
"Gender agreement","Grammatical","lateral","right anterior","right","anterior",670,1.7719885053976,32885
"Gender agreement","Grammatical","lateral","right anterior","right","anterior",672,1.76454532461609,32885
"Gender agreement","Grammatical","lateral","right anterior","right","anterior",674,1.75648684810704,32885
"Gender agreement","Grammatical","lateral","right anterior","right","anterior",676,1.74669600121636,32885
"Gender agreement","Grammatical","lateral","right anterior","right","anterior",678,1.73502724646495,32885
"Gender agreement","Grammatical","lateral","right anterior","right","anterior",680,1.72210682682074,32885
"Gender agreement","Grammatical","lateral","right anterior","right","anterior",682,1.70967696518169,32885
"Gender agreement","Grammatical","lateral","right anterior","right","anterior",684,1.69996530332979,32885
"Gender agreement","Grammatical","lateral","right anterior","right","anterior",686,1.69393690132279,32885
"Gender agreement","Grammatical","lateral","right anterior","right","anterior",688,1.69039181997871,32885
"Gender agreement","Grammatical","lateral","right anterior","right","anterior",690,1.68694666261213,32885
"Gender agreement","Grammatical","lateral","right anterior","right","anterior",692,1.6813886878516,32885
"Gender agreement","Grammatical","lateral","right anterior","right","anterior",694,1.67229083168618,32885
"Gender agreement","Grammatical","lateral","right anterior","right","anterior",696,1.65927793826973,32885
"Gender agreement","Grammatical","lateral","right anterior","right","anterior",698,1.64313291774365,32885
"Gender agreement","Grammatical","lateral","right anterior","right","anterior",700,1.62542812832598,32885
"Gender agreement","Grammatical","lateral","right anterior","right","anterior",702,1.60818345750342,32885
"Gender agreement","Grammatical","lateral","right anterior","right","anterior",704,1.59328271248289,32885
"Gender agreement","Grammatical","lateral","right anterior","right","anterior",706,1.58151166185191,32885
"Gender agreement","Grammatical","lateral","right anterior","right","anterior",708,1.57239005625665,32885
"Gender agreement","Grammatical","lateral","right anterior","right","anterior",710,1.56534188839897,32885
"Gender agreement","Grammatical","lateral","right anterior","right","anterior",712,1.56098801885358,32885
"Gender agreement","Grammatical","lateral","right anterior","right","anterior",714,1.56113224874563,32885
"Gender agreement","Grammatical","lateral","right anterior","right","anterior",716,1.5675057320967,32885
"Gender agreement","Grammatical","lateral","right anterior","right","anterior",718,1.58059930059298,32885
"Gender agreement","Grammatical","lateral","right anterior","right","anterior",720,1.59950132279155,32885
"Gender agreement","Grammatical","lateral","right anterior","right","anterior",722,1.62198376159343,32885
"Gender agreement","Grammatical","lateral","right anterior","right","anterior",724,1.64455906948457,32885
"Gender agreement","Grammatical","lateral","right anterior","right","anterior",726,1.66312367340733,32885
"Gender agreement","Grammatical","lateral","right anterior","right","anterior",728,1.67387216055953,32885
"Gender agreement","Grammatical","lateral","right anterior","right","anterior",730,1.67393164056561,32885
"Gender agreement","Grammatical","lateral","right anterior","right","anterior",732,1.66226796411738,32885
"Gender agreement","Grammatical","lateral","right anterior","right","anterior",734,1.64049800821043,32885
"Gender agreement","Grammatical","lateral","right anterior","right","anterior",736,1.61297655466018,32885
"Gender agreement","Grammatical","lateral","right anterior","right","anterior",738,1.58535961684659,32885
"Gender agreement","Grammatical","lateral","right anterior","right","anterior",740,1.56204549186559,32885
"Gender agreement","Grammatical","lateral","right anterior","right","anterior",742,1.54493580659875,32885
"Gender agreement","Grammatical","lateral","right anterior","right","anterior",744,1.53430117074654,32885
"Gender agreement","Grammatical","lateral","right anterior","right","anterior",746,1.52956743195986,32885
"Gender agreement","Grammatical","lateral","right anterior","right","anterior",748,1.5291172266991,32885
"Gender agreement","Grammatical","lateral","right anterior","right","anterior",750,1.53049837311844,32885
"Gender agreement","Grammatical","lateral","right anterior","right","anterior",752,1.53175198418732,32885
"Gender agreement","Grammatical","lateral","right anterior","right","anterior",754,1.53223767675232,32885
"Gender agreement","Grammatical","lateral","right anterior","right","anterior",756,1.53234994678425,32885
"Gender agreement","Grammatical","lateral","right anterior","right","anterior",758,1.5325970503269,32885
"Gender agreement","Grammatical","lateral","right anterior","right","anterior",760,1.5331029952866,32885
"Gender agreement","Grammatical","lateral","right anterior","right","anterior",762,1.53395469058841,32885
"Gender agreement","Grammatical","lateral","right anterior","right","anterior",764,1.53548213471187,32885
"Gender agreement","Grammatical","lateral","right anterior","right","anterior",766,1.53802593887791,32885
"Gender agreement","Grammatical","lateral","right anterior","right","anterior",768,1.54178677208454,32885
"Gender agreement","Grammatical","lateral","right anterior","right","anterior",770,1.54651400334499,32885
"Gender agreement","Grammatical","lateral","right anterior","right","anterior",772,1.55129873802646,32885
"Gender agreement","Grammatical","lateral","right anterior","right","anterior",774,1.55470980690284,32885
"Gender agreement","Grammatical","lateral","right anterior","right","anterior",776,1.55548979778014,32885
"Gender agreement","Grammatical","lateral","right anterior","right","anterior",778,1.5531458111601,32885
"Gender agreement","Grammatical","lateral","right anterior","right","anterior",780,1.54828164816786,32885
"Gender agreement","Grammatical","lateral","right anterior","right","anterior",782,1.54240805838528,32885
"Gender agreement","Grammatical","lateral","right anterior","right","anterior",784,1.53681675535959,32885
"Gender agreement","Grammatical","lateral","right anterior","right","anterior",786,1.53154064162992,32885
"Gender agreement","Grammatical","lateral","right anterior","right","anterior",788,1.5255372358218,32885
"Gender agreement","Grammatical","lateral","right anterior","right","anterior",790,1.51758716740155,32885
"Gender agreement","Grammatical","lateral","right anterior","right","anterior",792,1.50693653641478,32885
"Gender agreement","Grammatical","lateral","right anterior","right","anterior",794,1.49389004105215,32885
"Gender agreement","Grammatical","lateral","right anterior","right","anterior",796,1.48009925497947,32885
"Gender agreement","Grammatical","lateral","right anterior","right","anterior",798,1.4678885510111,32885
"Gender agreement","Grammatical","lateral","right anterior","right","anterior",800,1.4588169986316,32885
"Gender agreement","Grammatical","lateral","right anterior","right","anterior",802,1.45271260453094,32885
"Gender agreement","Grammatical","lateral","right anterior","right","anterior",804,1.44768386802494,32885
"Gender agreement","Grammatical","lateral","right anterior","right","anterior",806,1.44104959708074,32885
"Gender agreement","Grammatical","lateral","right anterior","right","anterior",808,1.43088405047894,32885
"Gender agreement","Grammatical","lateral","right anterior","right","anterior",810,1.41759066443667,32885
"Gender agreement","Grammatical","lateral","right anterior","right","anterior",812,1.40427337691957,32885
"Gender agreement","Grammatical","lateral","right anterior","right","anterior",814,1.39459324920176,32885
"Gender agreement","Grammatical","lateral","right anterior","right","anterior",816,1.38989299072525,32885
"Gender agreement","Grammatical","lateral","right anterior","right","anterior",818,1.38846236886118,32885
"Gender agreement","Grammatical","lateral","right anterior","right","anterior",820,1.3871543256804,32885
"Gender agreement","Grammatical","lateral","right anterior","right","anterior",822,1.38334790938118,32885
"Gender agreement","Grammatical","lateral","right anterior","right","anterior",824,1.37645649992398,32885
"Gender agreement","Grammatical","lateral","right anterior","right","anterior",826,1.36799762809792,32885
"Gender agreement","Grammatical","lateral","right anterior","right","anterior",828,1.35990171810856,32885
"Gender agreement","Grammatical","lateral","right anterior","right","anterior",830,1.35271351680097,32885
"Gender agreement","Grammatical","lateral","right anterior","right","anterior",832,1.34539610764786,32885
"Gender agreement","Grammatical","lateral","right anterior","right","anterior",834,1.3355685266839,32885
"Gender agreement","Grammatical","lateral","right anterior","right","anterior",836,1.3195400030409,32885
"Gender agreement","Grammatical","lateral","right anterior","right","anterior",838,1.29340358826213,32885
"Gender agreement","Grammatical","lateral","right anterior","right","anterior",840,1.25501246769044,32885
"Gender agreement","Grammatical","lateral","right anterior","right","anterior",842,1.20487097460848,32885
"Gender agreement","Grammatical","lateral","right anterior","right","anterior",844,1.14513887790786,32885
"Gender agreement","Grammatical","lateral","right anterior","right","anterior",846,1.07790150524555,32885
"Gender agreement","Grammatical","lateral","right anterior","right","anterior",848,1.00476600273681,32885
"Gender agreement","Grammatical","lateral","right anterior","right","anterior",850,0.92798427854645,32885
"Gender agreement","Grammatical","lateral","right anterior","right","anterior",852,0.850575368709138,32885
"Gender agreement","Grammatical","lateral","right anterior","right","anterior",854,0.774615113273529,32885
"Gender agreement","Grammatical","lateral","right anterior","right","anterior",856,0.700153413410369,32885
"Gender agreement","Grammatical","lateral","right anterior","right","anterior",858,0.62605172571081,32885
"Gender agreement","Grammatical","lateral","right anterior","right","anterior",860,0.551418154173635,32885
"Gender agreement","Grammatical","lateral","right anterior","right","anterior",862,0.475756758400487,32885
"Gender agreement","Grammatical","lateral","right anterior","right","anterior",864,0.398024722517865,32885
"Gender agreement","Grammatical","lateral","right anterior","right","anterior",866,0.31593969895089,32885
"Gender agreement","Grammatical","lateral","right anterior","right","anterior",868,0.226821590390756,32885
"Gender agreement","Grammatical","lateral","right anterior","right","anterior",870,0.129872312604531,32885
"Gender agreement","Grammatical","lateral","right anterior","right","anterior",872,0.0272115858294055,32885
"Gender agreement","Grammatical","lateral","right anterior","right","anterior",874,-0.077220343621712,32885
"Gender agreement","Grammatical","lateral","right anterior","right","anterior",876,-0.179120054736202,32885
"Gender agreement","Grammatical","lateral","right anterior","right","anterior",878,-0.274867872890376,32885
"Gender agreement","Grammatical","lateral","right anterior","right","anterior",880,-0.361734164512696,32885
"Gender agreement","Grammatical","lateral","right anterior","right","anterior",882,-0.437314337844002,32885
"Gender agreement","Grammatical","lateral","right anterior","right","anterior",884,-0.499889220009123,32885
"Gender agreement","Grammatical","lateral","right anterior","right","anterior",886,-0.550009518017333,32885
"Gender agreement","Grammatical","lateral","right anterior","right","anterior",888,-0.590374334803102,32885
"Gender agreement","Grammatical","lateral","right anterior","right","anterior",890,-0.623484263341949,32885
"Gender agreement","Grammatical","lateral","right anterior","right","anterior",892,-0.649950220465258,32885
"Gender agreement","Grammatical","lateral","right anterior","right","anterior",894,-0.668961563022655,32885
"Gender agreement","Grammatical","lateral","right anterior","right","anterior",896,-0.679413775277482,32885
"Gender agreement","Grammatical","lateral","right anterior","right","anterior",898,-0.680385069180477,32885
"Gender agreement","Grammatical","lateral","right anterior","right","anterior",900,-0.671282530028889,32885
"Gender agreement","Grammatical","lateral","right anterior","right","anterior",902,-0.651703512239623,32885
"Gender agreement","Grammatical","lateral","right anterior","right","anterior",904,-0.620980355785312,32885
"Gender agreement","Grammatical","lateral","right anterior","right","anterior",906,-0.578172692717044,32885
"Gender agreement","Grammatical","lateral","right anterior","right","anterior",908,-0.523004135624145,32885
"Gender agreement","Grammatical","lateral","right anterior","right","anterior",910,-0.456469575794435,32885
"Gender agreement","Grammatical","lateral","right anterior","right","anterior",912,-0.380108712178805,32885
"Gender agreement","Grammatical","lateral","right anterior","right","anterior",914,-0.294980142922305,32885
"Gender agreement","Grammatical","lateral","right anterior","right","anterior",916,-0.200979960468299,32885
"Gender agreement","Grammatical","lateral","right anterior","right","anterior",918,-0.0962958491713547,32885
"Gender agreement","Grammatical","lateral","right anterior","right","anterior",920,0.0218221681617759,32885
"Gender agreement","Grammatical","lateral","right anterior","right","anterior",922,0.154810399878364,32885
"Gender agreement","Grammatical","lateral","right anterior","right","anterior",924,0.301388383761593,32885
"Gender agreement","Grammatical","lateral","right anterior","right","anterior",926,0.457832415995135,32885
"Gender agreement","Grammatical","lateral","right anterior","right","anterior",928,0.619003649080128,32885
"Gender agreement","Grammatical","lateral","right anterior","right","anterior",930,0.779906370685723,32885
"Gender agreement","Grammatical","lateral","right anterior","right","anterior",932,0.936565060057777,32885
"Gender agreement","Grammatical","lateral","right anterior","right","anterior",934,1.08541514368253,32885
"Gender agreement","Grammatical","lateral","right anterior","right","anterior",936,1.22265862855405,32885
"Gender agreement","Grammatical","lateral","right anterior","right","anterior",938,1.34502457047286,32885
"Gender agreement","Grammatical","lateral","right anterior","right","anterior",940,1.45101471795652,32885
"Gender agreement","Grammatical","lateral","right anterior","right","anterior",942,1.54142526987988,32885
"Gender agreement","Grammatical","lateral","right anterior","right","anterior",944,1.61877454766611,32885
"Gender agreement","Grammatical","lateral","right anterior","right","anterior",946,1.68610196138057,32885
"Gender agreement","Grammatical","lateral","right anterior","right","anterior",948,1.74569527140033,32885
"Gender agreement","Grammatical","lateral","right anterior","right","anterior",950,1.79799893568496,32885
"Gender agreement","Grammatical","lateral","right anterior","right","anterior",952,1.84097840960924,32885
"Gender agreement","Grammatical","lateral","right anterior","right","anterior",954,1.8704370077543,32885
"Gender agreement","Grammatical","lateral","right anterior","right","anterior",956,1.88181240687243,32885
"Gender agreement","Grammatical","lateral","right anterior","right","anterior",958,1.87294970351224,32885
"Gender agreement","Grammatical","lateral","right anterior","right","anterior",960,1.84568748669606,32885
"Gender agreement","Grammatical","lateral","right anterior","right","anterior",962,1.80478984339364,32885
"Gender agreement","Grammatical","lateral","right anterior","right","anterior",964,1.75611312148396,32885
"Gender agreement","Grammatical","lateral","right anterior","right","anterior",966,1.70543497035122,32885
"Gender agreement","Grammatical","lateral","right anterior","right","anterior",968,1.65727206933252,32885
"Gender agreement","Grammatical","lateral","right anterior","right","anterior",970,1.61344464041356,32885
"Gender agreement","Grammatical","lateral","right anterior","right","anterior",972,1.57277801429223,32885
"Gender agreement","Grammatical","lateral","right anterior","right","anterior",974,1.5321113881709,32885
"Gender agreement","Grammatical","lateral","right anterior","right","anterior",976,1.48775262277634,32885
"Gender agreement","Grammatical","lateral","right anterior","right","anterior",978,1.43715484263342,32885
"Gender agreement","Grammatical","lateral","right anterior","right","anterior",980,1.38016880036491,32885
"Gender agreement","Grammatical","lateral","right anterior","right","anterior",982,1.3184828037099,32885
"Gender agreement","Grammatical","lateral","right anterior","right","anterior",984,1.253999908773,32885
"Gender agreement","Grammatical","lateral","right anterior","right","anterior",986,1.18776119811464,32885
"Gender agreement","Grammatical","lateral","right anterior","right","anterior",988,1.11983779838832,32885
"Gender agreement","Grammatical","lateral","right anterior","right","anterior",990,1.04993811768283,32885
"Gender agreement","Grammatical","lateral","right anterior","right","anterior",992,0.978202189448077,32885
"Gender agreement","Grammatical","lateral","right anterior","right","anterior",994,0.905075931275658,32885
"Gender agreement","Grammatical","lateral","right anterior","right","anterior",996,0.830406051391212,32885
"Gender agreement","Grammatical","lateral","right anterior","right","anterior",998,0.753442542192489,32885
"Gender agreement","Grammatical","lateral","right anterior","right","anterior",1000,0.674076904363692,32885
"Gender agreement","Grammatical","lateral","right anterior","right","anterior",1002,0.594007298160255,32885
"Gender agreement","Grammatical","lateral","right anterior","right","anterior",1004,0.516817515584613,32885
"Gender agreement","Grammatical","lateral","right anterior","right","anterior",1006,0.446198631594952,32885
"Gender agreement","Grammatical","lateral","right anterior","right","anterior",1008,0.383485479701992,32885
"Gender agreement","Grammatical","lateral","right anterior","right","anterior",1010,0.327222381024783,32885
"Gender agreement","Grammatical","lateral","right anterior","right","anterior",1012,0.275202159039076,32885
"Gender agreement","Grammatical","lateral","right anterior","right","anterior",1014,0.226294663220313,32885
"Gender agreement","Grammatical","lateral","right anterior","right","anterior",1016,0.180456773604987,32885
"Gender agreement","Grammatical","lateral","right anterior","right","anterior",1018,0.137490101870154,32885
"Gender agreement","Grammatical","lateral","right anterior","right","anterior",1020,0.0964752014596321,32885
"Gender agreement","Grammatical","lateral","right anterior","right","anterior",1022,0.0558800973088034,32885
"Gender agreement","Grammatical","lateral","right anterior","right","anterior",1024,0.0135805686483199,32885
"Gender agreement","Grammatical","lateral","right anterior","right","anterior",1026,-0.0325736658050783,32885
"Gender agreement","Grammatical","lateral","right anterior","right","anterior",1028,-0.0830877603770716,32885
"Gender agreement","Grammatical","lateral","right anterior","right","anterior",1030,-0.136104515736658,32885
"Gender agreement","Grammatical","lateral","right anterior","right","anterior",1032,-0.188488398966094,32885
"Gender agreement","Grammatical","lateral","right anterior","right","anterior",1034,-0.237298555572449,32885
"Gender agreement","Grammatical","lateral","right anterior","right","anterior",1036,-0.281085966246009,32885
"Gender agreement","Grammatical","lateral","right anterior","right","anterior",1038,-0.32078485631747,32885
"Gender agreement","Grammatical","lateral","right anterior","right","anterior",1040,-0.359226668693933,32885
"Gender agreement","Grammatical","lateral","right anterior","right","anterior",1042,-0.399458689372054,32885
"Gender agreement","Grammatical","lateral","right anterior","right","anterior",1044,-0.443060787593128,32885
"Gender agreement","Grammatical","lateral","right anterior","right","anterior",1046,-0.489525072221378,32885
"Gender agreement","Grammatical","lateral","right anterior","right","anterior",1048,-0.537173544169074,32885
"Gender agreement","Grammatical","lateral","right anterior","right","anterior",1050,-0.584987866808575,32885
"Gender agreement","Grammatical","lateral","right anterior","right","anterior",1052,-0.633372510263038,32885
"Gender agreement","Grammatical","lateral","right anterior","right","anterior",1054,-0.683060149004105,32885
"Gender agreement","Grammatical","lateral","right anterior","right","anterior",1056,-0.733723247681314,32885
"Gender agreement","Grammatical","lateral","right anterior","right","anterior",1058,-0.783674167553596,32885
"Gender agreement","Grammatical","lateral","right anterior","right","anterior",1060,-0.830096731032386,32885
"Gender agreement","Grammatical","lateral","right anterior","right","anterior",1062,-0.869605534438194,32885
"Gender agreement","Grammatical","lateral","right anterior","right","anterior",1064,-0.899527930667478,32885
"Gender agreement","Grammatical","lateral","right anterior","right","anterior",1066,-0.918994222289798,32885
"Gender agreement","Grammatical","lateral","right anterior","right","anterior",1068,-0.929497916983427,32885
"Gender agreement","Grammatical","lateral","right anterior","right","anterior",1070,-0.934941006537935,32885
"Gender agreement","Grammatical","lateral","right anterior","right","anterior",1072,-0.940375764026152,32885
"Gender agreement","Grammatical","lateral","right anterior","right","anterior",1074,-0.949448715219705,32885
"Gender agreement","Grammatical","lateral","right anterior","right","anterior",1076,-0.962829071005017,32885
"Gender agreement","Grammatical","lateral","right anterior","right","anterior",1078,-0.979024144746845,32885
"Gender agreement","Grammatical","lateral","right anterior","right","anterior",1080,-0.996413684050479,32885
"Gender agreement","Grammatical","lateral","right anterior","right","anterior",1082,-1.01406325072221,32885
"Gender agreement","Grammatical","lateral","right anterior","right","anterior",1084,-1.030400060818,32885
"Gender agreement","Grammatical","lateral","right anterior","right","anterior",1086,-1.04222970959404,32885
"Gender agreement","Grammatical","lateral","right anterior","right","anterior",1088,-1.04580325376311,32885
"Gender agreement","Grammatical","lateral","right anterior","right","anterior",1090,-1.03838506918048,32885
"Gender agreement","Grammatical","lateral","right anterior","right","anterior",1092,-1.01926112209214,32885
"Gender agreement","Grammatical","lateral","right anterior","right","anterior",1094,-0.98983399726319,32885
"Gender agreement","Grammatical","lateral","right anterior","right","anterior",1096,-0.952825209061882,32885
"Gender agreement","Grammatical","lateral","right anterior","right","anterior",1098,-0.910903512239623,32885
"Gender agreement","Grammatical","lateral","right medial","right","medial",-100,-0.849346814657138,19731
"Gender agreement","Grammatical","lateral","right medial","right","medial",-98,-0.855460747047793,19731
"Gender agreement","Grammatical","lateral","right medial","right","medial",-96,-0.857921240687243,19731
"Gender agreement","Grammatical","lateral","right medial","right","medial",-94,-0.858478789721758,19731
"Gender agreement","Grammatical","lateral","right medial","right","medial",-92,-0.858523744361664,19731
"Gender agreement","Grammatical","lateral","right medial","right","medial",-90,-0.859876742182353,19731
"Gender agreement","Grammatical","lateral","right medial","right","medial",-88,-0.865186407176524,19731
"Gender agreement","Grammatical","lateral","right medial","right","medial",-86,-0.877005879073539,19731
"Gender agreement","Grammatical","lateral","right medial","right","medial",-84,-0.896663220313213,19731
"Gender agreement","Grammatical","lateral","right medial","right","medial",-82,-0.923856976331661,19731
"Gender agreement","Grammatical","lateral","right medial","right","medial",-80,-0.956533272515331,19731
"Gender agreement","Grammatical","lateral","right medial","right","medial",-78,-0.991042319193148,19731
"Gender agreement","Grammatical","lateral","right medial","right","medial",-76,-1.02338523136182,19731
"Gender agreement","Grammatical","lateral","right medial","right","medial",-74,-1.05006167959049,19731
"Gender agreement","Grammatical","lateral","right medial","right","medial",-72,-1.06823506157823,19731
"Gender agreement","Grammatical","lateral","right medial","right","medial",-70,-1.07682677005727,19731
"Gender agreement","Grammatical","lateral","right medial","right","medial",-68,-1.07814429071005,19731
"Gender agreement","Grammatical","lateral","right medial","right","medial",-66,-1.07701976585069,19731
"Gender agreement","Grammatical","lateral","right medial","right","medial",-64,-1.07721813390097,19731
"Gender agreement","Grammatical","lateral","right medial","right","medial",-62,-1.07887177537885,19731
"Gender agreement","Grammatical","lateral","right medial","right","medial",-60,-1.07980614261822,19731
"Gender agreement","Grammatical","lateral","right medial","right","medial",-58,-1.07884886726471,19731
"Gender agreement","Grammatical","lateral","right medial","right","medial",-56,-1.07710359333029,19731
"Gender agreement","Grammatical","lateral","right medial","right","medial",-54,-1.07643236531347,19731
"Gender agreement","Grammatical","lateral","right medial","right","medial",-52,-1.07770320814961,19731
"Gender agreement","Grammatical","lateral","right medial","right","medial",-50,-1.0808705590188,19731
"Gender agreement","Grammatical","lateral","right medial","right","medial",-48,-1.08591612183873,19731
"Gender agreement","Grammatical","lateral","right medial","right","medial",-46,-1.09270954335817,19731
"Gender agreement","Grammatical","lateral","right medial","right","medial",-44,-1.10064583650094,19731
"Gender agreement","Grammatical","lateral","right medial","right","medial",-42,-1.10904804622168,19731
"Gender agreement","Grammatical","lateral","right medial","right","medial",-40,-1.11729506867366,19731
"Gender agreement","Grammatical","lateral","right medial","right","medial",-38,-1.1240780497694,19731
"Gender agreement","Grammatical","lateral","right medial","right","medial",-36,-1.12729952866048,19731
"Gender agreement","Grammatical","lateral","right medial","right","medial",-34,-1.12558491713547,19731
"Gender agreement","Grammatical","lateral","right medial","right","medial",-32,-1.12006512594395,19731
"Gender agreement","Grammatical","lateral","right medial","right","medial",-30,-1.11427839440474,19731
"Gender agreement","Grammatical","lateral","right medial","right","medial",-28,-1.11213805686483,19731
"Gender agreement","Grammatical","lateral","right medial","right","medial",-26,-1.11583148345244,19731
"Gender agreement","Grammatical","lateral","right medial","right","medial",-24,-1.12469444022097,19731
"Gender agreement","Grammatical","lateral","right medial","right","medial",-22,-1.13570807358978,19731
"Gender agreement","Grammatical","lateral","right medial","right","medial",-20,-1.14564705286098,19731
"Gender agreement","Grammatical","lateral","right medial","right","medial",-18,-1.15328908823678,19731
"Gender agreement","Grammatical","lateral","right medial","right","medial",-16,-1.15947443109827,19731
"Gender agreement","Grammatical","lateral","right medial","right","medial",-14,-1.16518133900968,19731
"Gender agreement","Grammatical","lateral","right medial","right","medial",-12,-1.16975931275658,19731
"Gender agreement","Grammatical","lateral","right medial","right","medial",-10,-1.17093168111094,19731
"Gender agreement","Grammatical","lateral","right medial","right","medial",-8,-1.16637752774821,19731
"Gender agreement","Grammatical","lateral","right medial","right","medial",-6,-1.15513080938625,19731
"Gender agreement","Grammatical","lateral","right medial","right","medial",-4,-1.13814439207339,19731
"Gender agreement","Grammatical","lateral","right medial","right","medial",-2,-1.11869226090923,19731
"Gender agreement","Grammatical","lateral","right medial","right","medial",0,-1.10159637119254,19731
"Gender agreement","Grammatical","lateral","right medial","right","medial",2,-1.09078328518575,19731
"Gender agreement","Grammatical","lateral","right medial","right","medial",4,-1.08747453246161,19731
"Gender agreement","Grammatical","lateral","right medial","right","medial",6,-1.09049292990725,19731
"Gender agreement","Grammatical","lateral","right medial","right","medial",8,-1.09711013126552,19731
"Gender agreement","Grammatical","lateral","right medial","right","medial",10,-1.10388236784755,19731
"Gender agreement","Grammatical","lateral","right medial","right","medial",12,-1.10771207744159,19731
"Gender agreement","Grammatical","lateral","right medial","right","medial",14,-1.10632603517308,19731
"Gender agreement","Grammatical","lateral","right medial","right","medial",16,-1.09828452688663,19731
"Gender agreement","Grammatical","lateral","right medial","right","medial",18,-1.08345775682935,19731
"Gender agreement","Grammatical","lateral","right medial","right","medial",20,-1.06401545790887,19731
"Gender agreement","Grammatical","lateral","right medial","right","medial",22,-1.0441408443566,19731
"Gender agreement","Grammatical","lateral","right medial","right","medial",24,-1.02794931833156,19731
"Gender agreement","Grammatical","lateral","right medial","right","medial",26,-1.01788753737773,19731
"Gender agreement","Grammatical","lateral","right medial","right","medial",28,-1.01461127160306,19731
"Gender agreement","Grammatical","lateral","right medial","right","medial",30,-1.01754249657899,19731
"Gender agreement","Grammatical","lateral","right medial","right","medial",32,-1.0255704221783,19731
"Gender agreement","Grammatical","lateral","right medial","right","medial",34,-1.03806269322386,19731
"Gender agreement","Grammatical","lateral","right medial","right","medial",36,-1.05463863970402,19731
"Gender agreement","Grammatical","lateral","right medial","right","medial",38,-1.07373513760073,19731
"Gender agreement","Grammatical","lateral","right medial","right","medial",40,-1.09236901322792,19731
"Gender agreement","Grammatical","lateral","right medial","right","medial",42,-1.10778434950079,19731
"Gender agreement","Grammatical","lateral","right medial","right","medial",44,-1.11825285084385,19731
"Gender agreement","Grammatical","lateral","right medial","right","medial",46,-1.12228168871319,19731
"Gender agreement","Grammatical","lateral","right medial","right","medial",48,-1.11859003598398,19731
"Gender agreement","Grammatical","lateral","right medial","right","medial",50,-1.10731093203588,19731
"Gender agreement","Grammatical","lateral","right medial","right","medial",52,-1.09017875424459,19731
"Gender agreement","Grammatical","lateral","right medial","right","medial",54,-1.06932968425321,19731
"Gender agreement","Grammatical","lateral","right medial","right","medial",56,-1.04693725609447,19731
"Gender agreement","Grammatical","lateral","right medial","right","medial",58,-1.02528746642339,19731
"Gender agreement","Grammatical","lateral","right medial","right","medial",60,-1.00617824742791,19731
"Gender agreement","Grammatical","lateral","right medial","right","medial",62,-0.989891693274543,19731
"Gender agreement","Grammatical","lateral","right medial","right","medial",64,-0.975283310526583,19731
"Gender agreement","Grammatical","lateral","right medial","right","medial",66,-0.961080685216157,19731
"Gender agreement","Grammatical","lateral","right medial","right","medial",68,-0.947131214839593,19731
"Gender agreement","Grammatical","lateral","right medial","right","medial",70,-0.934622776341797,19731
"Gender agreement","Grammatical","lateral","right medial","right","medial",72,-0.925178956971264,19731
"Gender agreement","Grammatical","lateral","right medial","right","medial",74,-0.919814910546855,19731
"Gender agreement","Grammatical","lateral","right medial","right","medial",76,-0.918652374436166,19731
"Gender agreement","Grammatical","lateral","right medial","right","medial",78,-0.921457351376007,19731
"Gender agreement","Grammatical","lateral","right medial","right","medial",80,-0.928159799300593,19731
"Gender agreement","Grammatical","lateral","right medial","right","medial",82,-0.938857685875019,19731
"Gender agreement","Grammatical","lateral","right medial","right","medial",84,-0.953953271501698,19731
"Gender agreement","Grammatical","lateral","right medial","right","medial",86,-0.974530282296893,19731
"Gender agreement","Grammatical","lateral","right medial","right","medial",88,-1.00171131721656,19731
"Gender agreement","Grammatical","lateral","right medial","right","medial",90,-1.03539303633876,19731
"Gender agreement","Grammatical","lateral","right medial","right","medial",92,-1.07407166387917,19731
"Gender agreement","Grammatical","lateral","right medial","right","medial",94,-1.11573270488064,19731
"Gender agreement","Grammatical","lateral","right medial","right","medial",96,-1.15897055395064,19731
"Gender agreement","Grammatical","lateral","right medial","right","medial",98,-1.203885662156,19731
"Gender agreement","Grammatical","lateral","right medial","right","medial",100,-1.25180401398814,19731
"Gender agreement","Grammatical","lateral","right medial","right","medial",102,-1.30341579240789,19731
"Gender agreement","Grammatical","lateral","right medial","right","medial",104,-1.35705858800872,19731
"Gender agreement","Grammatical","lateral","right medial","right","medial",106,-1.4088609295018,19731
"Gender agreement","Grammatical","lateral","right medial","right","medial",108,-1.45511849374081,19731
"Gender agreement","Grammatical","lateral","right medial","right","medial",110,-1.4948933657696,19731
"Gender agreement","Grammatical","lateral","right medial","right","medial",112,-1.530542800669,19731
"Gender agreement","Grammatical","lateral","right medial","right","medial",114,-1.56575100096295,19731
"Gender agreement","Grammatical","lateral","right medial","right","medial",116,-1.60337813592823,19731
"Gender agreement","Grammatical","lateral","right medial","right","medial",118,-1.64475444731641,19731
"Gender agreement","Grammatical","lateral","right medial","right","medial",120,-1.68932116973291,19731
"Gender agreement","Grammatical","lateral","right medial","right","medial",122,-1.73426790329938,19731
"Gender agreement","Grammatical","lateral","right medial","right","medial",124,-1.77524970858041,19731
"Gender agreement","Grammatical","lateral","right medial","right","medial",126,-1.80815954589225,19731
"Gender agreement","Grammatical","lateral","right medial","right","medial",128,-1.83016689473417,19731
"Gender agreement","Grammatical","lateral","right medial","right","medial",130,-1.8395972327809,19731
"Gender agreement","Grammatical","lateral","right medial","right","medial",132,-1.83618448127312,19731
"Gender agreement","Grammatical","lateral","right medial","right","medial",134,-1.82169667021438,19731
"Gender agreement","Grammatical","lateral","right medial","right","medial",136,-1.7992617708175,19731
"Gender agreement","Grammatical","lateral","right medial","right","medial",138,-1.7714828949369,19731
"Gender agreement","Grammatical","lateral","right medial","right","medial",140,-1.73878779585424,19731
"Gender agreement","Grammatical","lateral","right medial","right","medial",142,-1.69936379301607,19731
"Gender agreement","Grammatical","lateral","right medial","right","medial",144,-1.65029258527191,19731
"Gender agreement","Grammatical","lateral","right medial","right","medial",146,-1.58934433125538,19731
"Gender agreement","Grammatical","lateral","right medial","right","medial",148,-1.51574557802443,19731
"Gender agreement","Grammatical","lateral","right medial","right","medial",150,-1.42957498352846,19731
"Gender agreement","Grammatical","lateral","right medial","right","medial",152,-1.33095980943693,19731
"Gender agreement","Grammatical","lateral","right medial","right","medial",154,-1.22053945567888,19731
"Gender agreement","Grammatical","lateral","right medial","right","medial",156,-1.10044944503573,19731
"Gender agreement","Grammatical","lateral","right medial","right","medial",158,-0.974051137803457,19731
"Gender agreement","Grammatical","lateral","right medial","right","medial",160,-0.84474649029446,19731
"Gender agreement","Grammatical","lateral","right medial","right","medial",162,-0.715130708022908,19731
"Gender agreement","Grammatical","lateral","right medial","right","medial",164,-0.587168415184228,19731
"Gender agreement","Grammatical","lateral","right medial","right","medial",166,-0.462402564492423,19731
"Gender agreement","Grammatical","lateral","right medial","right","medial",168,-0.341649586944402,19731
"Gender agreement","Grammatical","lateral","right medial","right","medial",170,-0.224768739546906,19731
"Gender agreement","Grammatical","lateral","right medial","right","medial",172,-0.11112153464092,19731
"Gender agreement","Grammatical","lateral","right medial","right","medial",174,0.000121483959251935,19731
"Gender agreement","Grammatical","lateral","right medial","right","medial",176,0.109804774213167,19731
"Gender agreement","Grammatical","lateral","right medial","right","medial",178,0.218271552379504,19731
"Gender agreement","Grammatical","lateral","right medial","right","medial",180,0.325291926410217,19731
"Gender agreement","Grammatical","lateral","right medial","right","medial",182,0.430178652881253,19731
"Gender agreement","Grammatical","lateral","right medial","right","medial",184,0.531600780497694,19731
"Gender agreement","Grammatical","lateral","right medial","right","medial",186,0.628188333079925,19731
"Gender agreement","Grammatical","lateral","right medial","right","medial",188,0.71994865946987,19731
"Gender agreement","Grammatical","lateral","right medial","right","medial",190,0.808771577720339,19731
"Gender agreement","Grammatical","lateral","right medial","right","medial",192,0.897291014140186,19731
"Gender agreement","Grammatical","lateral","right medial","right","medial",194,0.986912827530282,19731
"Gender agreement","Grammatical","lateral","right medial","right","medial",196,1.07646758907303,19731
"Gender agreement","Grammatical","lateral","right medial","right","medial",198,1.16292022705387,19731
"Gender agreement","Grammatical","lateral","right medial","right","medial",200,1.24369114591252,19731
"Gender agreement","Grammatical","lateral","right medial","right","medial",202,1.31807647863768,19731
"Gender agreement","Grammatical","lateral","right medial","right","medial",204,1.38655369722771,19731
"Gender agreement","Grammatical","lateral","right medial","right","medial",206,1.44965166489281,19731
"Gender agreement","Grammatical","lateral","right medial","right","medial",208,1.50799564137651,19731
"Gender agreement","Grammatical","lateral","right medial","right","medial",210,1.56276990522528,19731
"Gender agreement","Grammatical","lateral","right medial","right","medial",212,1.61574243576099,19731
"Gender agreement","Grammatical","lateral","right medial","right","medial",214,1.66873209670062,19731
"Gender agreement","Grammatical","lateral","right medial","right","medial",216,1.72298449140946,19731
"Gender agreement","Grammatical","lateral","right medial","right","medial",218,1.77869028432416,19731
"Gender agreement","Grammatical","lateral","right medial","right","medial",220,1.83463488926055,19731
"Gender agreement","Grammatical","lateral","right medial","right","medial",222,1.88894911560489,19731
"Gender agreement","Grammatical","lateral","right medial","right","medial",224,1.94003664284628,19731
"Gender agreement","Grammatical","lateral","right medial","right","medial",226,1.98718569763317,19731
"Gender agreement","Grammatical","lateral","right medial","right","medial",228,2.03099939181998,19731
"Gender agreement","Grammatical","lateral","right medial","right","medial",230,2.07302397242917,19731
"Gender agreement","Grammatical","lateral","right medial","right","medial",232,2.11402792559931,19731
"Gender agreement","Grammatical","lateral","right medial","right","medial",234,2.15280553443819,19731
"Gender agreement","Grammatical","lateral","right medial","right","medial",236,2.18722451979119,19731
"Gender agreement","Grammatical","lateral","right medial","right","medial",238,2.21641822512797,19731
"Gender agreement","Grammatical","lateral","right medial","right","medial",240,2.24136850641123,19731
"Gender agreement","Grammatical","lateral","right medial","right","medial",242,2.26354685520247,19731
"Gender agreement","Grammatical","lateral","right medial","right","medial",244,2.28334199989864,19731
"Gender agreement","Grammatical","lateral","right medial","right","medial",246,2.29979362424611,19731
"Gender agreement","Grammatical","lateral","right medial","right","medial",248,2.31196644873549,19731
"Gender agreement","Grammatical","lateral","right medial","right","medial",250,2.32032694744311,19731
"Gender agreement","Grammatical","lateral","right medial","right","medial",252,2.32665972327809,19731
"Gender agreement","Grammatical","lateral","right medial","right","medial",254,2.33307642795601,19731
"Gender agreement","Grammatical","lateral","right medial","right","medial",256,2.34162318179514,19731
"Gender agreement","Grammatical","lateral","right medial","right","medial",258,2.35373858395418,19731
"Gender agreement","Grammatical","lateral","right medial","right","medial",260,2.36912138259592,19731
"Gender agreement","Grammatical","lateral","right medial","right","medial",262,2.38513466119305,19731
"Gender agreement","Grammatical","lateral","right medial","right","medial",264,2.39748152653185,19731
"Gender agreement","Grammatical","lateral","right medial","right","medial",266,2.40213415437636,19731
"Gender agreement","Grammatical","lateral","right medial","right","medial",268,2.39714114844661,19731
"Gender agreement","Grammatical","lateral","right medial","right","medial",270,2.38325269879884,19731
"Gender agreement","Grammatical","lateral","right medial","right","medial",272,2.36316365110739,19731
"Gender agreement","Grammatical","lateral","right medial","right","medial",274,2.34012553849273,19731
"Gender agreement","Grammatical","lateral","right medial","right","medial",276,2.31659398915412,19731
"Gender agreement","Grammatical","lateral","right medial","right","medial",278,2.29375115300796,19731
"Gender agreement","Grammatical","lateral","right medial","right","medial",280,2.27166246008819,19731
"Gender agreement","Grammatical","lateral","right medial","right","medial",282,2.24965769601135,19731
"Gender agreement","Grammatical","lateral","right medial","right","medial",284,2.22658684303887,19731
"Gender agreement","Grammatical","lateral","right medial","right","medial",286,2.20144174142213,19731
"Gender agreement","Grammatical","lateral","right medial","right","medial",288,2.17363276063048,19731
"Gender agreement","Grammatical","lateral","right medial","right","medial",290,2.14229375095028,19731
"Gender agreement","Grammatical","lateral","right medial","right","medial",292,2.10633277583498,19731
"Gender agreement","Grammatical","lateral","right medial","right","medial",294,2.0658447113679,19731
"Gender agreement","Grammatical","lateral","right medial","right","medial",296,2.02323942020171,19731
"Gender agreement","Grammatical","lateral","right medial","right","medial",298,1.98204485327657,19731
"Gender agreement","Grammatical","lateral","right medial","right","medial",300,1.94454178703563,19731
"Gender agreement","Grammatical","lateral","right medial","right","medial",302,1.91039557042218,19731
"Gender agreement","Grammatical","lateral","right medial","right","medial",304,1.87715229841366,19731
"Gender agreement","Grammatical","lateral","right medial","right","medial",306,1.84162034362171,19731
"Gender agreement","Grammatical","lateral","right medial","right","medial",308,1.80078759312757,19731
"Gender agreement","Grammatical","lateral","right medial","right","medial",310,1.75237342253307,19731
"Gender agreement","Grammatical","lateral","right medial","right","medial",312,1.69592635953576,19731
"Gender agreement","Grammatical","lateral","right medial","right","medial",314,1.63350950281283,19731
"Gender agreement","Grammatical","lateral","right medial","right","medial",316,1.56902969945771,19731
"Gender agreement","Grammatical","lateral","right medial","right","medial",318,1.5070743500076,19731
"Gender agreement","Grammatical","lateral","right medial","right","medial",320,1.45166210531651,19731
"Gender agreement","Grammatical","lateral","right medial","right","medial",322,1.40452840707516,19731
"Gender agreement","Grammatical","lateral","right medial","right","medial",324,1.36362698292028,19731
"Gender agreement","Grammatical","lateral","right medial","right","medial",326,1.32385895291673,19731
"Gender agreement","Grammatical","lateral","right medial","right","medial",328,1.28025538492727,19731
"Gender agreement","Grammatical","lateral","right medial","right","medial",330,1.23092093659723,19731
"Gender agreement","Grammatical","lateral","right medial","right","medial",332,1.17720936597233,19731
"Gender agreement","Grammatical","lateral","right medial","right","medial",334,1.12233221833663,19731
"Gender agreement","Grammatical","lateral","right medial","right","medial",336,1.06976787795854,19731
"Gender agreement","Grammatical","lateral","right medial","right","medial",338,1.0222494044904,19731
"Gender agreement","Grammatical","lateral","right medial","right","medial",340,0.981144696163398,19731
"Gender agreement","Grammatical","lateral","right medial","right","medial",342,0.946464852262937,19731
"Gender agreement","Grammatical","lateral","right medial","right","medial",344,0.917744969844407,19731
"Gender agreement","Grammatical","lateral","right medial","right","medial",346,0.894366479144493,19731
"Gender agreement","Grammatical","lateral","right medial","right","medial",348,0.874830469819066,19731
"Gender agreement","Grammatical","lateral","right medial","right","medial",350,0.856766560235163,19731
"Gender agreement","Grammatical","lateral","right medial","right","medial",352,0.83851446961634,19731
"Gender agreement","Grammatical","lateral","right medial","right","medial",354,0.820360904160965,19731
"Gender agreement","Grammatical","lateral","right medial","right","medial",356,0.80369971111449,19731
"Gender agreement","Grammatical","lateral","right medial","right","medial",358,0.789419036034666,19731
"Gender agreement","Grammatical","lateral","right medial","right","medial",360,0.777321372459581,19731
"Gender agreement","Grammatical","lateral","right medial","right","medial",362,0.766356444174142,19731
"Gender agreement","Grammatical","lateral","right medial","right","medial",364,0.754738077137499,19731
"Gender agreement","Grammatical","lateral","right medial","right","medial",366,0.740053823931884,19731
"Gender agreement","Grammatical","lateral","right medial","right","medial",368,0.720035679894582,19731
"Gender agreement","Grammatical","lateral","right medial","right","medial",370,0.693603213217779,19731
"Gender agreement","Grammatical","lateral","right medial","right","medial",372,0.661517105063099,19731
"Gender agreement","Grammatical","lateral","right medial","right","medial",374,0.626734681465714,19731
"Gender agreement","Grammatical","lateral","right medial","right","medial",376,0.594026607875931,19731
"Gender agreement","Grammatical","lateral","right medial","right","medial",378,0.568049769398409,19731
"Gender agreement","Grammatical","lateral","right medial","right","medial",380,0.550801226496376,19731
"Gender agreement","Grammatical","lateral","right medial","right","medial",382,0.541060108458771,19731
"Gender agreement","Grammatical","lateral","right medial","right","medial",384,0.53640753129593,19731
"Gender agreement","Grammatical","lateral","right medial","right","medial",386,0.535144341391719,19731
"Gender agreement","Grammatical","lateral","right medial","right","medial",388,0.536420961938067,19731
"Gender agreement","Grammatical","lateral","right medial","right","medial",390,0.539395874512189,19731
"Gender agreement","Grammatical","lateral","right medial","right","medial",392,0.54269286908925,19731
"Gender agreement","Grammatical","lateral","right medial","right","medial",394,0.544880188535807,19731
"Gender agreement","Grammatical","lateral","right medial","right","medial",396,0.545518270741473,19731
"Gender agreement","Grammatical","lateral","right medial","right","medial",398,0.545229892048046,19731
"Gender agreement","Grammatical","lateral","right medial","right","medial",400,0.544986265267853,19731
"Gender agreement","Grammatical","lateral","right medial","right","medial",402,0.545163194972379,19731
"Gender agreement","Grammatical","lateral","right medial","right","medial",404,0.544546399067457,19731
"Gender agreement","Grammatical","lateral","right medial","right","medial",406,0.540424611018195,19731
"Gender agreement","Grammatical","lateral","right medial","right","medial",408,0.530491865592215,19731
"Gender agreement","Grammatical","lateral","right medial","right","medial",410,0.514915361613704,19731
"Gender agreement","Grammatical","lateral","right medial","right","medial",412,0.496612386599767,19731
"Gender agreement","Grammatical","lateral","right medial","right","medial",414,0.479747554609498,19731
"Gender agreement","Grammatical","lateral","right medial","right","medial",416,0.468051796665146,19731
"Gender agreement","Grammatical","lateral","right medial","right","medial",418,0.46392103796057,19731
"Gender agreement","Grammatical","lateral","right medial","right","medial",420,0.468172925852719,19731
"Gender agreement","Grammatical","lateral","right medial","right","medial",422,0.479959403983579,19731
"Gender agreement","Grammatical","lateral","right medial","right","medial",424,0.497757690943186,19731
"Gender agreement","Grammatical","lateral","right medial","right","medial",426,0.520741827580964,19731
"Gender agreement","Grammatical","lateral","right medial","right","medial",428,0.548426435558259,19731
"Gender agreement","Grammatical","lateral","right medial","right","medial",430,0.578941918807967,19731
"Gender agreement","Grammatical","lateral","right medial","right","medial",432,0.608520906188232,19731
"Gender agreement","Grammatical","lateral","right medial","right","medial",434,0.633381886371699,19731
"Gender agreement","Grammatical","lateral","right medial","right","medial",436,0.651860777456794,19731
"Gender agreement","Grammatical","lateral","right medial","right","medial",438,0.664670366428463,19731
"Gender agreement","Grammatical","lateral","right medial","right","medial",440,0.673664639399929,19731
"Gender agreement","Grammatical","lateral","right medial","right","medial",442,0.680921848867265,19731
"Gender agreement","Grammatical","lateral","right medial","right","medial",444,0.688930363387563,19731
"Gender agreement","Grammatical","lateral","right medial","right","medial",446,0.70049009173382,19731
"Gender agreement","Grammatical","lateral","right medial","right","medial",448,0.717467842481375,19731
"Gender agreement","Grammatical","lateral","right medial","right","medial",450,0.739967361005524,19731
"Gender agreement","Grammatical","lateral","right medial","right","medial",452,0.767012315645431,19731
"Gender agreement","Grammatical","lateral","right medial","right","medial",454,0.797738330545842,19731
"Gender agreement","Grammatical","lateral","right medial","right","medial",456,0.831705438143024,19731
"Gender agreement","Grammatical","lateral","right medial","right","medial",458,0.868129238254523,19731
"Gender agreement","Grammatical","lateral","right medial","right","medial",460,0.905086919061376,19731
"Gender agreement","Grammatical","lateral","right medial","right","medial",462,0.939416755359586,19731
"Gender agreement","Grammatical","lateral","right medial","right","medial",464,0.967769297045259,19731
"Gender agreement","Grammatical","lateral","right medial","right","medial",466,0.988068521615732,19731
"Gender agreement","Grammatical","lateral","right medial","right","medial",468,1.00014935887689,19731
"Gender agreement","Grammatical","lateral","right medial","right","medial",470,1.00521468754751,19731
"Gender agreement","Grammatical","lateral","right medial","right","medial",472,1.00514540570676,19731
"Gender agreement","Grammatical","lateral","right medial","right","medial",474,1.00237621002483,19731
"Gender agreement","Grammatical","lateral","right medial","right","medial",476,0.999752876184684,19731
"Gender agreement","Grammatical","lateral","right medial","right","medial",478,1.0003589275759,19731
"Gender agreement","Grammatical","lateral","right medial","right","medial",480,1.00702807764432,19731
"Gender agreement","Grammatical","lateral","right medial","right","medial",482,1.0217437028027,19731
"Gender agreement","Grammatical","lateral","right medial","right","medial",484,1.04504536009325,19731
"Gender agreement","Grammatical","lateral","right medial","right","medial",486,1.07623617657493,19731
"Gender agreement","Grammatical","lateral","right medial","right","medial",488,1.11381470782018,19731
"Gender agreement","Grammatical","lateral","right medial","right","medial",490,1.15550367442096,19731
"Gender agreement","Grammatical","lateral","right medial","right","medial",492,1.19768673660737,19731
"Gender agreement","Grammatical","lateral","right medial","right","medial",494,1.23560645684456,19731
"Gender agreement","Grammatical","lateral","right medial","right","medial",496,1.26524793472201,19731
"Gender agreement","Grammatical","lateral","right medial","right","medial",498,1.2856629162232,19731
"Gender agreement","Grammatical","lateral","right medial","right","medial",500,1.29961238659977,19731
"Gender agreement","Grammatical","lateral","right medial","right","medial",502,1.31170726268309,19731
"Gender agreement","Grammatical","lateral","right medial","right","medial",504,1.32570726268309,19731
"Gender agreement","Grammatical","lateral","right medial","right","medial",506,1.34333642491511,19731
"Gender agreement","Grammatical","lateral","right medial","right","medial",508,1.36480751102326,19731
"Gender agreement","Grammatical","lateral","right medial","right","medial",510,1.38928239825655,19731
"Gender agreement","Grammatical","lateral","right medial","right","medial",512,1.41527874917642,19731
"Gender agreement","Grammatical","lateral","right medial","right","medial",514,1.44178830267092,19731
"Gender agreement","Grammatical","lateral","right medial","right","medial",516,1.46907455273428,19731
"Gender agreement","Grammatical","lateral","right medial","right","medial",518,1.49786756880036,19731
"Gender agreement","Grammatical","lateral","right medial","right","medial",520,1.52815984998226,19731
"Gender agreement","Grammatical","lateral","right medial","right","medial",522,1.55896903350058,19731
"Gender agreement","Grammatical","lateral","right medial","right","medial",524,1.58891095230855,19731
"Gender agreement","Grammatical","lateral","right medial","right","medial",526,1.61689108509452,19731
"Gender agreement","Grammatical","lateral","right medial","right","medial",528,1.64263245654047,19731
"Gender agreement","Grammatical","lateral","right medial","right","medial",530,1.66667234301353,19731
"Gender agreement","Grammatical","lateral","right medial","right","medial",532,1.6896046323045,19731
"Gender agreement","Grammatical","lateral","right medial","right","medial",534,1.71131757133445,19731
"Gender agreement","Grammatical","lateral","right medial","right","medial",536,1.73127555623131,19731
"Gender agreement","Grammatical","lateral","right medial","right","medial",538,1.74940398357914,19731
"Gender agreement","Grammatical","lateral","right medial","right","medial",540,1.76685165475647,19731
"Gender agreement","Grammatical","lateral","right medial","right","medial",542,1.78600841315696,19731
"Gender agreement","Grammatical","lateral","right medial","right","medial",544,1.80968567229233,19731
"Gender agreement","Grammatical","lateral","right medial","right","medial",546,1.83976564796513,19731
"Gender agreement","Grammatical","lateral","right medial","right","medial",548,1.87616684405251,19731
"Gender agreement","Grammatical","lateral","right medial","right","medial",550,1.91647073133648,19731
"Gender agreement","Grammatical","lateral","right medial","right","medial",552,1.95652916730019,19731
"Gender agreement","Grammatical","lateral","right medial","right","medial",554,1.99180517966651,19731
"Gender agreement","Grammatical","lateral","right medial","right","medial",556,2.01908722315139,19731
"Gender agreement","Grammatical","lateral","right medial","right","medial",558,2.03755967766459,19731
"Gender agreement","Grammatical","lateral","right medial","right","medial",560,2.04826638284932,19731
"Gender agreement","Grammatical","lateral","right medial","right","medial",562,2.053142922305,19731
"Gender agreement","Grammatical","lateral","right medial","right","medial",564,2.05461193046475,19731
"Gender agreement","Grammatical","lateral","right medial","right","medial",566,2.05542511783488,19731
"Gender agreement","Grammatical","lateral","right medial","right","medial",568,2.05835755917085,19731
"Gender agreement","Grammatical","lateral","right medial","right","medial",570,2.06601753585728,19731
"Gender agreement","Grammatical","lateral","right medial","right","medial",572,2.08077578429882,19731
"Gender agreement","Grammatical","lateral","right medial","right","medial",574,2.10441604581623,19731
"Gender agreement","Grammatical","lateral","right medial","right","medial",576,2.13731478384268,19731
"Gender agreement","Grammatical","lateral","right medial","right","medial",578,2.17739754700725,19731
"Gender agreement","Grammatical","lateral","right medial","right","medial",580,2.22045304343419,19731
"Gender agreement","Grammatical","lateral","right medial","right","medial",582,2.26159257006741,19731
"Gender agreement","Grammatical","lateral","right medial","right","medial",584,2.29660230094775,19731
"Gender agreement","Grammatical","lateral","right medial","right","medial",586,2.32310141401855,19731
"Gender agreement","Grammatical","lateral","right medial","right","medial",588,2.34129892048046,19731
"Gender agreement","Grammatical","lateral","right medial","right","medial",590,2.35349379149562,19731
"Gender agreement","Grammatical","lateral","right medial","right","medial",592,2.36272251786529,19731
"Gender agreement","Grammatical","lateral","right medial","right","medial",594,2.3719656378288,19731
"Gender agreement","Grammatical","lateral","right medial","right","medial",596,2.38365364147788,19731
"Gender agreement","Grammatical","lateral","right medial","right","medial",598,2.39898626526785,19731
"Gender agreement","Grammatical","lateral","right medial","right","medial",600,2.41783269981248,19731
"Gender agreement","Grammatical","lateral","right medial","right","medial",602,2.43928518574831,19731
"Gender agreement","Grammatical","lateral","right medial","right","medial",604,2.46184435659622,19731
"Gender agreement","Grammatical","lateral","right medial","right","medial",606,2.48374932846789,19731
"Gender agreement","Grammatical","lateral","right medial","right","medial",608,2.50419882418529,19731
"Gender agreement","Grammatical","lateral","right medial","right","medial",610,2.52377178044701,19731
"Gender agreement","Grammatical","lateral","right medial","right","medial",612,2.54276503978511,19731
"Gender agreement","Grammatical","lateral","right medial","right","medial",614,2.55985246566317,19731
"Gender agreement","Grammatical","lateral","right medial","right","medial",616,2.57335396077239,19731
"Gender agreement","Grammatical","lateral","right medial","right","medial",618,2.58316334701738,19731
"Gender agreement","Grammatical","lateral","right medial","right","medial",620,2.5906494348994,19731
"Gender agreement","Grammatical","lateral","right medial","right","medial",622,2.59688393897927,19731
"Gender agreement","Grammatical","lateral","right medial","right","medial",624,2.60148036085348,19731
"Gender agreement","Grammatical","lateral","right medial","right","medial",626,2.60326237899752,19731
"Gender agreement","Grammatical","lateral","right medial","right","medial",628,2.60181192032842,19731
"Gender agreement","Grammatical","lateral","right medial","right","medial",630,2.59817936242461,19731
"Gender agreement","Grammatical","lateral","right medial","right","medial",632,2.59422619228625,19731
"Gender agreement","Grammatical","lateral","right medial","right","medial",634,2.59149216968223,19731
"Gender agreement","Grammatical","lateral","right medial","right","medial",636,2.59035603872079,19731
"Gender agreement","Grammatical","lateral","right medial","right","medial",638,2.59076220161168,19731
"Gender agreement","Grammatical","lateral","right medial","right","medial",640,2.59340367948913,19731
"Gender agreement","Grammatical","lateral","right medial","right","medial",642,2.5994599361411,19731
"Gender agreement","Grammatical","lateral","right medial","right","medial",644,2.60915361613704,19731
"Gender agreement","Grammatical","lateral","right medial","right","medial",646,2.62080122649638,19731
"Gender agreement","Grammatical","lateral","right medial","right","medial",648,2.63136171506766,19731
"Gender agreement","Grammatical","lateral","right medial","right","medial",650,2.63805316507019,19731
"Gender agreement","Grammatical","lateral","right medial","right","medial",652,2.63982114439207,19731
"Gender agreement","Grammatical","lateral","right medial","right","medial",654,2.63746039227611,19731
"Gender agreement","Grammatical","lateral","right medial","right","medial",656,2.63226937306776,19731
"Gender agreement","Grammatical","lateral","right medial","right","medial",658,2.62468992955248,19731
"Gender agreement","Grammatical","lateral","right medial","right","medial",660,2.61410957376717,19731
"Gender agreement","Grammatical","lateral","right medial","right","medial",662,2.59996300238204,19731
"Gender agreement","Grammatical","lateral","right medial","right","medial",664,2.58299320865643,19731
"Gender agreement","Grammatical","lateral","right medial","right","medial",666,2.56494115858294,19731
"Gender agreement","Grammatical","lateral","right medial","right","medial",668,2.54684445795956,19731
"Gender agreement","Grammatical","lateral","right medial","right","medial",670,2.52826602807764,19731
"Gender agreement","Grammatical","lateral","right medial","right","medial",672,2.50813415437636,19731
"Gender agreement","Grammatical","lateral","right medial","right","medial",674,2.48593892858953,19731
"Gender agreement","Grammatical","lateral","right medial","right","medial",676,2.46232208200294,19731
"Gender agreement","Grammatical","lateral","right medial","right","medial",678,2.43916978358928,19731
"Gender agreement","Grammatical","lateral","right medial","right","medial",680,2.41930236683392,19731
"Gender agreement","Grammatical","lateral","right medial","right","medial",682,2.40552019664487,19731
"Gender agreement","Grammatical","lateral","right medial","right","medial",684,2.39890887436014,19731
"Gender agreement","Grammatical","lateral","right medial","right","medial",686,2.39804774213167,19731
"Gender agreement","Grammatical","lateral","right medial","right","medial",688,2.39991292889362,19731
"Gender agreement","Grammatical","lateral","right medial","right","medial",690,2.40146997111145,19731
"Gender agreement","Grammatical","lateral","right medial","right","medial",692,2.40050833713446,19731
"Gender agreement","Grammatical","lateral","right medial","right","medial",694,2.39591845319548,19731
"Gender agreement","Grammatical","lateral","right medial","right","medial",696,2.3878495261264,19731
"Gender agreement","Grammatical","lateral","right medial","right","medial",698,2.37755607926613,19731
"Gender agreement","Grammatical","lateral","right medial","right","medial",700,2.36692321727231,19731
"Gender agreement","Grammatical","lateral","right medial","right","medial",702,2.35765541533627,19731
"Gender agreement","Grammatical","lateral","right medial","right","medial",704,2.35060427753282,19731
"Gender agreement","Grammatical","lateral","right medial","right","medial",706,2.34547204905985,19731
"Gender agreement","Grammatical","lateral","right medial","right","medial",708,2.34130069433886,19731
"Gender agreement","Grammatical","lateral","right medial","right","medial",710,2.33751426688967,19731
"Gender agreement","Grammatical","lateral","right medial","right","medial",712,2.33458963053064,19731
"Gender agreement","Grammatical","lateral","right medial","right","medial",714,2.33350661395773,19731
"Gender agreement","Grammatical","lateral","right medial","right","medial",716,2.33472677512544,19731
"Gender agreement","Grammatical","lateral","right medial","right","medial",718,2.33809051745983,19731
"Gender agreement","Grammatical","lateral","right medial","right","medial",720,2.3434867467437,19731
"Gender agreement","Grammatical","lateral","right medial","right","medial",722,2.3505667224165,19731
"Gender agreement","Grammatical","lateral","right medial","right","medial",724,2.3578487152197,19731
"Gender agreement","Grammatical","lateral","right medial","right","medial",726,2.36299868227662,19731
"Gender agreement","Grammatical","lateral","right medial","right","medial",728,2.36411479397902,19731
"Gender agreement","Grammatical","lateral","right medial","right","medial",730,2.36041295423445,19731
"Gender agreement","Grammatical","lateral","right medial","right","medial",732,2.35176225229335,19731
"Gender agreement","Grammatical","lateral","right medial","right","medial",734,2.33812178804926,19731
"Gender agreement","Grammatical","lateral","right medial","right","medial",736,2.32015103137195,19731
"Gender agreement","Grammatical","lateral","right medial","right","medial",738,2.30002417515585,19731
"Gender agreement","Grammatical","lateral","right medial","right","medial",740,2.28056773604987,19731
"Gender agreement","Grammatical","lateral","right medial","right","medial",742,2.26404343418985,19731
"Gender agreement","Grammatical","lateral","right medial","right","medial",744,2.25178267700573,19731
"Gender agreement","Grammatical","lateral","right medial","right","medial",746,2.24406304799554,19731
"Gender agreement","Grammatical","lateral","right medial","right","medial",748,2.23983102731742,19731
"Gender agreement","Grammatical","lateral","right medial","right","medial",750,2.23680320308145,19731
"Gender agreement","Grammatical","lateral","right medial","right","medial",752,2.23232380517967,19731
"Gender agreement","Grammatical","lateral","right medial","right","medial",754,2.22474172621763,19731
"Gender agreement","Grammatical","lateral","right medial","right","medial",756,2.21423587248492,19731
"Gender agreement","Grammatical","lateral","right medial","right","medial",758,2.20227474532462,19731
"Gender agreement","Grammatical","lateral","right medial","right","medial",760,2.1905400638589,19731
"Gender agreement","Grammatical","lateral","right medial","right","medial",762,2.18014033753991,19731
"Gender agreement","Grammatical","lateral","right medial","right","medial",764,2.17121068369571,19731
"Gender agreement","Grammatical","lateral","right medial","right","medial",766,2.16339567178552,19731
"Gender agreement","Grammatical","lateral","right medial","right","medial",768,2.15666367644823,19731
"Gender agreement","Grammatical","lateral","right medial","right","medial",770,2.15087157265217,19731
"Gender agreement","Grammatical","lateral","right medial","right","medial",772,2.14487253560387,19731
"Gender agreement","Grammatical","lateral","right medial","right","medial",774,2.13664548172926,19731
"Gender agreement","Grammatical","lateral","right medial","right","medial",776,2.12463367290051,19731
"Gender agreement","Grammatical","lateral","right medial","right","medial",778,2.10864831990269,19731
"Gender agreement","Grammatical","lateral","right medial","right","medial",780,2.08956469514976,19731
"Gender agreement","Grammatical","lateral","right medial","right","medial",782,2.06877259135371,19731
"Gender agreement","Grammatical","lateral","right medial","right","medial",784,2.04784613045461,19731
"Gender agreement","Grammatical","lateral","right medial","right","medial",786,2.02814986569358,19731
"Gender agreement","Grammatical","lateral","right medial","right","medial",788,2.01050722213775,19731
"Gender agreement","Grammatical","lateral","right medial","right","medial",790,1.99536445187776,19731
"Gender agreement","Grammatical","lateral","right medial","right","medial",792,1.98267122801683,19731
"Gender agreement","Grammatical","lateral","right medial","right","medial",794,1.97165865896305,19731
"Gender agreement","Grammatical","lateral","right medial","right","medial",796,1.96112979575288,19731
"Gender agreement","Grammatical","lateral","right medial","right","medial",798,1.95042126602808,19731
"Gender agreement","Grammatical","lateral","right medial","right","medial",800,1.93988338148092,19731
"Gender agreement","Grammatical","lateral","right medial","right","medial",802,1.92991059753687,19731
"Gender agreement","Grammatical","lateral","right medial","right","medial",804,1.91958131873701,19731
"Gender agreement","Grammatical","lateral","right medial","right","medial",806,1.90669393340429,19731
"Gender agreement","Grammatical","lateral","right medial","right","medial",808,1.88935147737064,19731
"Gender agreement","Grammatical","lateral","right medial","right","medial",810,1.86794506107141,19731
"Gender agreement","Grammatical","lateral","right medial","right","medial",812,1.84565941918808,19731
"Gender agreement","Grammatical","lateral","right medial","right","medial",814,1.82646317976788,19731
"Gender agreement","Grammatical","lateral","right medial","right","medial",816,1.81246312908621,19731
"Gender agreement","Grammatical","lateral","right medial","right","medial",818,1.80316755359586,19731
"Gender agreement","Grammatical","lateral","right medial","right","medial",820,1.79658359941209,19731
"Gender agreement","Grammatical","lateral","right medial","right","medial",822,1.79050950281283,19731
"Gender agreement","Grammatical","lateral","right medial","right","medial",824,1.78369626476104,19731
"Gender agreement","Grammatical","lateral","right medial","right","medial",826,1.77606026050378,19731
"Gender agreement","Grammatical","lateral","right medial","right","medial",828,1.76804105215144,19731
"Gender agreement","Grammatical","lateral","right medial","right","medial",830,1.76007044751913,19731
"Gender agreement","Grammatical","lateral","right medial","right","medial",832,1.75224256246516,19731
"Gender agreement","Grammatical","lateral","right medial","right","medial",834,1.74353023161522,19731
"Gender agreement","Grammatical","lateral","right medial","right","medial",836,1.73130743500076,19731
"Gender agreement","Grammatical","lateral","right medial","right","medial",838,1.71274927778622,19731
"Gender agreement","Grammatical","lateral","right medial","right","medial",840,1.6867579950332,19731
"Gender agreement","Grammatical","lateral","right medial","right","medial",842,1.65452425117835,19731
"Gender agreement","Grammatical","lateral","right medial","right","medial",844,1.61844645481729,19731
"Gender agreement","Grammatical","lateral","right medial","right","medial",846,1.58071542243171,19731
"Gender agreement","Grammatical","lateral","right medial","right","medial",848,1.54257336171507,19731
"Gender agreement","Grammatical","lateral","right medial","right","medial",850,1.50490821549845,19731
"Gender agreement","Grammatical","lateral","right medial","right","medial",852,1.46919598601186,19731
"Gender agreement","Grammatical","lateral","right medial","right","medial",854,1.43722629364959,19731
"Gender agreement","Grammatical","lateral","right medial","right","medial",856,1.41021554913588,19731
"Gender agreement","Grammatical","lateral","right medial","right","medial",858,1.38826648421266,19731
"Gender agreement","Grammatical","lateral","right medial","right","medial",860,1.37021372459581,19731
"Gender agreement","Grammatical","lateral","right medial","right","medial",862,1.35385236429983,19731
"Gender agreement","Grammatical","lateral","right medial","right","medial",864,1.33654153362729,19731
"Gender agreement","Grammatical","lateral","right medial","right","medial",866,1.31546145659115,19731
"Gender agreement","Grammatical","lateral","right medial","right","medial",868,1.28783670366428,19731
"Gender agreement","Grammatical","lateral","right medial","right","medial",870,1.25207348841924,19731
"Gender agreement","Grammatical","lateral","right medial","right","medial",872,1.20841275150778,19731
"Gender agreement","Grammatical","lateral","right medial","right","medial",874,1.15835436622574,19731
"Gender agreement","Grammatical","lateral","right medial","right","medial",876,1.10365962191475,19731
"Gender agreement","Grammatical","lateral","right medial","right","medial",878,1.04584283614617,19731
"Gender agreement","Grammatical","lateral","right medial","right","medial",880,0.986398205868937,19731
"Gender agreement","Grammatical","lateral","right medial","right","medial",882,0.927629770412042,19731
"Gender agreement","Grammatical","lateral","right medial","right","medial",884,0.872810602605038,19731
"Gender agreement","Grammatical","lateral","right medial","right","medial",886,0.824500582839187,19731
"Gender agreement","Grammatical","lateral","right medial","right","medial",888,0.782847144087983,19731
"Gender agreement","Grammatical","lateral","right medial","right","medial",890,0.745784146774112,19731
"Gender agreement","Grammatical","lateral","right medial","right","medial",892,0.710347574882165,19731
"Gender agreement","Grammatical","lateral","right medial","right","medial",894,0.674250823577112,19731
"Gender agreement","Grammatical","lateral","right medial","right","medial",896,0.637296335715372,19731
"Gender agreement","Grammatical","lateral","right medial","right","medial",898,0.601573463078405,19731
"Gender agreement","Grammatical","lateral","right medial","right","medial",900,0.570114033753991,19731
"Gender agreement","Grammatical","lateral","right medial","right","medial",902,0.545660686229791,19731
"Gender agreement","Grammatical","lateral","right medial","right","medial",904,0.530275809639653,19731
"Gender agreement","Grammatical","lateral","right medial","right","medial",906,0.525187066038214,19731
"Gender agreement","Grammatical","lateral","right medial","right","medial",908,0.530622218843444,19731
"Gender agreement","Grammatical","lateral","right medial","right","medial",910,0.545708225634788,19731
"Gender agreement","Grammatical","lateral","right medial","right","medial",912,0.568289443008464,19731
"Gender agreement","Grammatical","lateral","right medial","right","medial",914,0.595340124676904,19731
"Gender agreement","Grammatical","lateral","right medial","right","medial",916,0.6243019106989,19731
"Gender agreement","Grammatical","lateral","right medial","right","medial",918,0.654703360194618,19731
"Gender agreement","Grammatical","lateral","right medial","right","medial",920,0.688313516800973,19731
"Gender agreement","Grammatical","lateral","right medial","right","medial",922,0.727687648877401,19731
"Gender agreement","Grammatical","lateral","right medial","right","medial",924,0.77502306015914,19731
"Gender agreement","Grammatical","lateral","right medial","right","medial",926,0.831728346257159,19731
"Gender agreement","Grammatical","lateral","right medial","right","medial",928,0.898192235568395,19731
"Gender agreement","Grammatical","lateral","right medial","right","medial",930,0.973981450509351,19731
"Gender agreement","Grammatical","lateral","right medial","right","medial",932,1.0579551974051,19731
"Gender agreement","Grammatical","lateral","right medial","right","medial",934,1.14764497491257,19731
"Gender agreement","Grammatical","lateral","right medial","right","medial",936,1.2388066494349,19731
"Gender agreement","Grammatical","lateral","right medial","right","medial",938,1.32644812731235,19731
"Gender agreement","Grammatical","lateral","right medial","right","medial",940,1.4069362424611,19731
"Gender agreement","Grammatical","lateral","right medial","right","medial",942,1.47963904515737,19731
"Gender agreement","Grammatical","lateral","right medial","right","medial",944,1.5467971719629,19731
"Gender agreement","Grammatical","lateral","right medial","right","medial",946,1.61165653033298,19731
"Gender agreement","Grammatical","lateral","right medial","right","medial",948,1.67641888398966,19731
"Gender agreement","Grammatical","lateral","right medial","right","medial",950,1.74134483807207,19731
"Gender agreement","Grammatical","lateral","right medial","right","medial",952,1.80471998378187,19731
"Gender agreement","Grammatical","lateral","right medial","right","medial",954,1.86331356748264,19731
"Gender agreement","Grammatical","lateral","right medial","right","medial",956,1.91355526835943,19731
"Gender agreement","Grammatical","lateral","right medial","right","medial",958,1.95325097562212,19731
"Gender agreement","Grammatical","lateral","right medial","right","medial",960,1.98289524099133,19731
"Gender agreement","Grammatical","lateral","right medial","right","medial",962,2.00518326491308,19731
"Gender agreement","Grammatical","lateral","right medial","right","medial",964,2.02340286858243,19731
"Gender agreement","Grammatical","lateral","right medial","right","medial",966,2.04007318432923,19731
"Gender agreement","Grammatical","lateral","right medial","right","medial",968,2.05648152653185,19731
"Gender agreement","Grammatical","lateral","right medial","right","medial",970,2.07247427905327,19731
"Gender agreement","Grammatical","lateral","right medial","right","medial",972,2.08619400942679,19731
"Gender agreement","Grammatical","lateral","right medial","right","medial",974,2.09482991232071,19731
"Gender agreement","Grammatical","lateral","right medial","right","medial",976,2.09599270183974,19731
"Gender agreement","Grammatical","lateral","right medial","right","medial",978,2.08819314783843,19731
"Gender agreement","Grammatical","lateral","right medial","right","medial",980,2.0707515584613,19731
"Gender agreement","Grammatical","lateral","right medial","right","medial",982,2.04446373726623,19731
"Gender agreement","Grammatical","lateral","right medial","right","medial",984,2.0118618924535,19731
"Gender agreement","Grammatical","lateral","right medial","right","medial",986,1.97593477269272,19731
"Gender agreement","Grammatical","lateral","right medial","right","medial",988,1.93820794688561,19731
"Gender agreement","Grammatical","lateral","right medial","right","medial",990,1.89824915108205,19731
"Gender agreement","Grammatical","lateral","right medial","right","medial",992,1.85455237950433,19731
"Gender agreement","Grammatical","lateral","right medial","right","medial",994,1.80561492068319,19731
"Gender agreement","Grammatical","lateral","right medial","right","medial",996,1.7507836906391,19731
"Gender agreement","Grammatical","lateral","right medial","right","medial",998,1.69045674319599,19731
"Gender agreement","Grammatical","lateral","right medial","right","medial",1000,1.62567614413867,19731
"Gender agreement","Grammatical","lateral","right medial","right","medial",1002,1.55783361208251,19731
"Gender agreement","Grammatical","lateral","right medial","right","medial",1004,1.48893051543257,19731
"Gender agreement","Grammatical","lateral","right medial","right","medial",1006,1.42128564188333,19731
"Gender agreement","Grammatical","lateral","right medial","right","medial",1008,1.35629648776038,19731
"Gender agreement","Grammatical","lateral","right medial","right","medial",1010,1.29433596878009,19731
"Gender agreement","Grammatical","lateral","right medial","right","medial",1012,1.23602341493082,19731
"Gender agreement","Grammatical","lateral","right medial","right","medial",1014,1.18250108965587,19731
"Gender agreement","Grammatical","lateral","right medial","right","medial",1016,1.13400603111854,19731
"Gender agreement","Grammatical","lateral","right medial","right","medial",1018,1.08896300238204,19731
"Gender agreement","Grammatical","lateral","right medial","right","medial",1020,1.04508377679793,19731
"Gender agreement","Grammatical","lateral","right medial","right","medial",1022,1.00119781055192,19731
"Gender agreement","Grammatical","lateral","right medial","right","medial",1024,0.957660230094775,19731
"Gender agreement","Grammatical","lateral","right medial","right","medial",1026,0.915403375399118,19731
"Gender agreement","Grammatical","lateral","right medial","right","medial",1028,0.875379352288277,19731
"Gender agreement","Grammatical","lateral","right medial","right","medial",1030,0.838461355227814,19731
"Gender agreement","Grammatical","lateral","right medial","right","medial",1032,0.804735289645735,19731
"Gender agreement","Grammatical","lateral","right medial","right","medial",1034,0.772708681769804,19731
"Gender agreement","Grammatical","lateral","right medial","right","medial",1036,0.739671633470174,19731
"Gender agreement","Grammatical","lateral","right medial","right","medial",1038,0.703095078809994,19731
"Gender agreement","Grammatical","lateral","right medial","right","medial",1040,0.662100805838528,19731
"Gender agreement","Grammatical","lateral","right medial","right","medial",1042,0.617636105620597,19731
"Gender agreement","Grammatical","lateral","right medial","right","medial",1044,0.571785971314176,19731
"Gender agreement","Grammatical","lateral","right medial","right","medial",1046,0.527127667122802,19731
"Gender agreement","Grammatical","lateral","right medial","right","medial",1048,0.485937053367797,19731
"Gender agreement","Grammatical","lateral","right medial","right","medial",1050,0.448926460899093,19731
"Gender agreement","Grammatical","lateral","right medial","right","medial",1052,0.414660534184785,19731
"Gender agreement","Grammatical","lateral","right medial","right","medial",1054,0.380352136232325,19731
"Gender agreement","Grammatical","lateral","right medial","right","medial",1056,0.343710354264862,19731
"Gender agreement","Grammatical","lateral","right medial","right","medial",1058,0.304711570624905,19731
"Gender agreement","Grammatical","lateral","right medial","right","medial",1060,0.26612771780447,19731
"Gender agreement","Grammatical","lateral","right medial","right","medial",1062,0.232018397445644,19731
"Gender agreement","Grammatical","lateral","right medial","right","medial",1064,0.205027064010947,19731
"Gender agreement","Grammatical","lateral","right medial","right","medial",1066,0.184868582433734,19731
"Gender agreement","Grammatical","lateral","right medial","right","medial",1068,0.16920961938067,19731
"Gender agreement","Grammatical","lateral","right medial","right","medial",1070,0.155168769955907,19731
"Gender agreement","Grammatical","lateral","right medial","right","medial",1072,0.139993411383103,19731
"Gender agreement","Grammatical","lateral","right medial","right","medial",1074,0.121657696011353,19731
"Gender agreement","Grammatical","lateral","right medial","right","medial",1076,0.0995818762353656,19731
"Gender agreement","Grammatical","lateral","right medial","right","medial",1078,0.0746986974811211,19731
"Gender agreement","Grammatical","lateral","right medial","right","medial",1080,0.0484005372256855,19731
"Gender agreement","Grammatical","lateral","right medial","right","medial",1082,0.0220110992853884,19731
"Gender agreement","Grammatical","lateral","right medial","right","medial",1084,-0.00248066494348997,19731
"Gender agreement","Grammatical","lateral","right medial","right","medial",1086,-0.0219187572854899,19731
"Gender agreement","Grammatical","lateral","right medial","right","medial",1088,-0.0330001013633369,19731
"Gender agreement","Grammatical","lateral","right medial","right","medial",1090,-0.0337968678728904,19731
"Gender agreement","Grammatical","lateral","right medial","right","medial",1092,-0.0246268815569409,19731
"Gender agreement","Grammatical","lateral","right medial","right","medial",1094,-0.00797830824590743,19731
"Gender agreement","Grammatical","lateral","right medial","right","medial",1096,0.0123387562718565,19731
"Gender agreement","Grammatical","lateral","right medial","right","medial",1098,0.0324829963002382,19731
"Gender agreement","Grammatical","lateral","right posterior","right","posterior",-100,-1.31885160407481,19731
"Gender agreement","Grammatical","lateral","right posterior","right","posterior",-98,-1.31806766002737,19731
"Gender agreement","Grammatical","lateral","right posterior","right","posterior",-96,-1.31740089199736,19731
"Gender agreement","Grammatical","lateral","right posterior","right","posterior",-94,-1.3202779889514,19731
"Gender agreement","Grammatical","lateral","right posterior","right","posterior",-92,-1.32851426688967,19731
"Gender agreement","Grammatical","lateral","right posterior","right","posterior",-90,-1.34253793522883,19731
"Gender agreement","Grammatical","lateral","right posterior","right","posterior",-88,-1.36239546905884,19731
"Gender agreement","Grammatical","lateral","right posterior","right","posterior",-86,-1.38839551974051,19731
"Gender agreement","Grammatical","lateral","right posterior","right","posterior",-84,-1.42120419644215,19731
"Gender agreement","Grammatical","lateral","right posterior","right","posterior",-82,-1.46168065480716,19731
"Gender agreement","Grammatical","lateral","right posterior","right","posterior",-80,-1.51062059703005,19731
"Gender agreement","Grammatical","lateral","right posterior","right","posterior",-78,-1.5683171658811,19731
"Gender agreement","Grammatical","lateral","right posterior","right","posterior",-76,-1.63404728599666,19731
"Gender agreement","Grammatical","lateral","right posterior","right","posterior",-74,-1.70528863210177,19731
"Gender agreement","Grammatical","lateral","right posterior","right","posterior",-72,-1.77800005068167,19731
"Gender agreement","Grammatical","lateral","right posterior","right","posterior",-70,-1.84827464396128,19731
"Gender agreement","Grammatical","lateral","right posterior","right","posterior",-68,-1.91372697785211,19731
"Gender agreement","Grammatical","lateral","right posterior","right","posterior",-66,-1.9732029800821,19731
"Gender agreement","Grammatical","lateral","right posterior","right","posterior",-64,-2.02552597435508,19731
"Gender agreement","Grammatical","lateral","right posterior","right","posterior",-62,-2.0688914398662,19731
"Gender agreement","Grammatical","lateral","right posterior","right","posterior",-60,-2.10191404389032,19731
"Gender agreement","Grammatical","lateral","right posterior","right","posterior",-58,-2.12489265622624,19731
"Gender agreement","Grammatical","lateral","right posterior","right","posterior",-56,-2.14007617454767,19731
"Gender agreement","Grammatical","lateral","right posterior","right","posterior",-54,-2.15043834575034,19731
"Gender agreement","Grammatical","lateral","right posterior","right","posterior",-52,-2.15790193097157,19731
"Gender agreement","Grammatical","lateral","right posterior","right","posterior",-50,-2.16265090466778,19731
"Gender agreement","Grammatical","lateral","right posterior","right","posterior",-48,-2.16388191171253,19731
"Gender agreement","Grammatical","lateral","right posterior","right","posterior",-46,-2.1606238913385,19731
"Gender agreement","Grammatical","lateral","right posterior","right","posterior",-44,-2.15202605037758,19731
"Gender agreement","Grammatical","lateral","right posterior","right","posterior",-42,-2.13755389995439,19731
"Gender agreement","Grammatical","lateral","right posterior","right","posterior",-40,-2.11687816126907,19731
"Gender agreement","Grammatical","lateral","right posterior","right","posterior",-38,-2.08951294916629,19731
"Gender agreement","Grammatical","lateral","right posterior","right","posterior",-36,-2.05495393036339,19731
"Gender agreement","Grammatical","lateral","right posterior","right","posterior",-34,-2.01385185748315,19731
"Gender agreement","Grammatical","lateral","right posterior","right","posterior",-32,-1.96901180882875,19731
"Gender agreement","Grammatical","lateral","right posterior","right","posterior",-30,-1.92478809994425,19731
"Gender agreement","Grammatical","lateral","right posterior","right","posterior",-28,-1.8851210785059,19731
"Gender agreement","Grammatical","lateral","right posterior","right","posterior",-26,-1.85184922203639,19731
"Gender agreement","Grammatical","lateral","right posterior","right","posterior",-24,-1.82408570270133,19731
"Gender agreement","Grammatical","lateral","right posterior","right","posterior",-22,-1.79897678779585,19731
"Gender agreement","Grammatical","lateral","right posterior","right","posterior",-20,-1.77350712077442,19731
"Gender agreement","Grammatical","lateral","right posterior","right","posterior",-18,-1.74637038163296,19731
"Gender agreement","Grammatical","lateral","right posterior","right","posterior",-16,-1.71839982768233,19731
"Gender agreement","Grammatical","lateral","right posterior","right","posterior",-14,-1.69120130758705,19731
"Gender agreement","Grammatical","lateral","right posterior","right","posterior",-12,-1.66510541787036,19731
"Gender agreement","Grammatical","lateral","right posterior","right","posterior",-10,-1.63881638031524,19731
"Gender agreement","Grammatical","lateral","right posterior","right","posterior",-8,-1.61105544574527,19731
"Gender agreement","Grammatical","lateral","right posterior","right","posterior",-6,-1.581933353606,19731
"Gender agreement","Grammatical","lateral","right posterior","right","posterior",-4,-1.55300162181339,19731
"Gender agreement","Grammatical","lateral","right posterior","right","posterior",-2,-1.52708413156961,19731
"Gender agreement","Grammatical","lateral","right posterior","right","posterior",0,-1.50820125690538,19731
"Gender agreement","Grammatical","lateral","right posterior","right","posterior",2,-1.5002751000963,19731
"Gender agreement","Grammatical","lateral","right posterior","right","posterior",4,-1.5053770716132,19731
"Gender agreement","Grammatical","lateral","right posterior","right","posterior",6,-1.52284547159292,19731
"Gender agreement","Grammatical","lateral","right posterior","right","posterior",8,-1.54953626273377,19731
"Gender agreement","Grammatical","lateral","right posterior","right","posterior",10,-1.58086503471694,19731
"Gender agreement","Grammatical","lateral","right posterior","right","posterior",12,-1.61232400790634,19731
"Gender agreement","Grammatical","lateral","right posterior","right","posterior",14,-1.64089073032284,19731
"Gender agreement","Grammatical","lateral","right posterior","right","posterior",16,-1.66533677968679,19731
"Gender agreement","Grammatical","lateral","right posterior","right","posterior",18,-1.68554629770412,19731
"Gender agreement","Grammatical","lateral","right posterior","right","posterior",20,-1.7020019259034,19731
"Gender agreement","Grammatical","lateral","right posterior","right","posterior",22,-1.71514327707668,19731
"Gender agreement","Grammatical","lateral","right posterior","right","posterior",24,-1.72519887486696,19731
"Gender agreement","Grammatical","lateral","right posterior","right","posterior",26,-1.7328808473975,19731
"Gender agreement","Grammatical","lateral","right posterior","right","posterior",28,-1.73981607622523,19731
"Gender agreement","Grammatical","lateral","right posterior","right","posterior",30,-1.74758669099387,19731
"Gender agreement","Grammatical","lateral","right posterior","right","posterior",32,-1.75662272566013,19731
"Gender agreement","Grammatical","lateral","right posterior","right","posterior",34,-1.76655445745274,19731
"Gender agreement","Grammatical","lateral","right posterior","right","posterior",36,-1.77706624094065,19731
"Gender agreement","Grammatical","lateral","right posterior","right","posterior",38,-1.78795073741828,19731
"Gender agreement","Grammatical","lateral","right posterior","right","posterior",40,-1.79834681465714,19731
"Gender agreement","Grammatical","lateral","right posterior","right","posterior",42,-1.80656535401145,19731
"Gender agreement","Grammatical","lateral","right posterior","right","posterior",44,-1.81068455729563,19731
"Gender agreement","Grammatical","lateral","right posterior","right","posterior",46,-1.80904500532158,19731
"Gender agreement","Grammatical","lateral","right posterior","right","posterior",48,-1.80073361715068,19731
"Gender agreement","Grammatical","lateral","right posterior","right","posterior",50,-1.78603268967614,19731
"Gender agreement","Grammatical","lateral","right posterior","right","posterior",52,-1.76634331762202,19731
"Gender agreement","Grammatical","lateral","right posterior","right","posterior",54,-1.7435819775987,19731
"Gender agreement","Grammatical","lateral","right posterior","right","posterior",56,-1.71983655161928,19731
"Gender agreement","Grammatical","lateral","right posterior","right","posterior",58,-1.69679164766104,19731
"Gender agreement","Grammatical","lateral","right posterior","right","posterior",60,-1.67517505448279,19731
"Gender agreement","Grammatical","lateral","right posterior","right","posterior",62,-1.65503426080787,19731
"Gender agreement","Grammatical","lateral","right posterior","right","posterior",64,-1.63670087679286,19731
"Gender agreement","Grammatical","lateral","right posterior","right","posterior",66,-1.6212494044904,19731
"Gender agreement","Grammatical","lateral","right posterior","right","posterior",68,-1.61006806548072,19731
"Gender agreement","Grammatical","lateral","right posterior","right","posterior",70,-1.60406071663879,19731
"Gender agreement","Grammatical","lateral","right posterior","right","posterior",72,-1.60328011758147,19731
"Gender agreement","Grammatical","lateral","right posterior","right","posterior",74,-1.6072742891896,19731
"Gender agreement","Grammatical","lateral","right posterior","right","posterior",76,-1.61513314074299,19731
"Gender agreement","Grammatical","lateral","right posterior","right","posterior",78,-1.62547686381836,19731
"Gender agreement","Grammatical","lateral","right posterior","right","posterior",80,-1.63695874512189,19731
"Gender agreement","Grammatical","lateral","right posterior","right","posterior",82,-1.64891926410217,19731
"Gender agreement","Grammatical","lateral","right posterior","right","posterior",84,-1.66161375500481,19731
"Gender agreement","Grammatical","lateral","right posterior","right","posterior",86,-1.67620176372206,19731
"Gender agreement","Grammatical","lateral","right posterior","right","posterior",88,-1.69431534134104,19731
"Gender agreement","Grammatical","lateral","right posterior","right","posterior",90,-1.71740732856926,19731
"Gender agreement","Grammatical","lateral","right posterior","right","posterior",92,-1.74630206274391,19731
"Gender agreement","Grammatical","lateral","right posterior","right","posterior",94,-1.78071466220668,19731
"Gender agreement","Grammatical","lateral","right posterior","right","posterior",96,-1.81907156251584,19731
"Gender agreement","Grammatical","lateral","right posterior","right","posterior",98,-1.85894779788151,19731
"Gender agreement","Grammatical","lateral","right posterior","right","posterior",100,-1.89760397344281,19731
"Gender agreement","Grammatical","lateral","right posterior","right","posterior",102,-1.9321247782677,19731
"Gender agreement","Grammatical","lateral","right posterior","right","posterior",104,-1.95914363184836,19731
"Gender agreement","Grammatical","lateral","right posterior","right","posterior",106,-1.97495940398358,19731
"Gender agreement","Grammatical","lateral","right posterior","right","posterior",108,-1.97691728751711,19731
"Gender agreement","Grammatical","lateral","right posterior","right","posterior",110,-1.96514494957174,19731
"Gender agreement","Grammatical","lateral","right posterior","right","posterior",112,-1.94267462368861,19731
"Gender agreement","Grammatical","lateral","right posterior","right","posterior",114,-1.91358588008717,19731
"Gender agreement","Grammatical","lateral","right posterior","right","posterior",116,-1.88112173736759,19731
"Gender agreement","Grammatical","lateral","right posterior","right","posterior",118,-1.84733769195682,19731
"Gender agreement","Grammatical","lateral","right posterior","right","posterior",120,-1.81308620951802,19731
"Gender agreement","Grammatical","lateral","right posterior","right","posterior",122,-1.7776208504384,19731
"Gender agreement","Grammatical","lateral","right posterior","right","posterior",124,-1.73912432213268,19731
"Gender agreement","Grammatical","lateral","right posterior","right","posterior",126,-1.69670523541635,19731
"Gender agreement","Grammatical","lateral","right posterior","right","posterior",128,-1.65175591708479,19731
"Gender agreement","Grammatical","lateral","right posterior","right","posterior",130,-1.6072296386397,19731
"Gender agreement","Grammatical","lateral","right posterior","right","posterior",132,-1.5661408443566,19731
"Gender agreement","Grammatical","lateral","right posterior","right","posterior",134,-1.53108453702296,19731
"Gender agreement","Grammatical","lateral","right posterior","right","posterior",136,-1.50422299934114,19731
"Gender agreement","Grammatical","lateral","right posterior","right","posterior",138,-1.48675130505296,19731
"Gender agreement","Grammatical","lateral","right posterior","right","posterior",140,-1.47790740459176,19731
"Gender agreement","Grammatical","lateral","right posterior","right","posterior",142,-1.4748686331154,19731
"Gender agreement","Grammatical","lateral","right posterior","right","posterior",144,-1.47403861943135,19731
"Gender agreement","Grammatical","lateral","right posterior","right","posterior",146,-1.47282332370382,19731
"Gender agreement","Grammatical","lateral","right posterior","right","posterior",148,-1.47031488520602,19731
"Gender agreement","Grammatical","lateral","right posterior","right","posterior",150,-1.46634534488875,19731
"Gender agreement","Grammatical","lateral","right posterior","right","posterior",152,-1.45990791140844,19731
"Gender agreement","Grammatical","lateral","right posterior","right","posterior",154,-1.44864755967766,19731
"Gender agreement","Grammatical","lateral","right posterior","right","posterior",156,-1.42950337033095,19731
"Gender agreement","Grammatical","lateral","right posterior","right","posterior",158,-1.39969317317926,19731
"Gender agreement","Grammatical","lateral","right posterior","right","posterior",160,-1.35771212812326,19731
"Gender agreement","Grammatical","lateral","right posterior","right","posterior",162,-1.30395311945669,19731
"Gender agreement","Grammatical","lateral","right posterior","right","posterior",164,-1.24038715726522,19731
"Gender agreement","Grammatical","lateral","right posterior","right","posterior",166,-1.16959870254929,19731
"Gender agreement","Grammatical","lateral","right posterior","right","posterior",168,-1.09360427753282,19731
"Gender agreement","Grammatical","lateral","right posterior","right","posterior",170,-1.01347407632659,19731
"Gender agreement","Grammatical","lateral","right posterior","right","posterior",172,-0.929893315087933,19731
"Gender agreement","Grammatical","lateral","right posterior","right","posterior",174,-0.844173686077746,19731
"Gender agreement","Grammatical","lateral","right posterior","right","posterior",176,-0.758687902285743,19731
"Gender agreement","Grammatical","lateral","right posterior","right","posterior",178,-0.676338756271856,19731
"Gender agreement","Grammatical","lateral","right posterior","right","posterior",180,-0.599531295930262,19731
"Gender agreement","Grammatical","lateral","right posterior","right","posterior",182,-0.529617910901627,19731
"Gender agreement","Grammatical","lateral","right posterior","right","posterior",184,-0.466810602605038,19731
"Gender agreement","Grammatical","lateral","right posterior","right","posterior",186,-0.409797881506259,19731
"Gender agreement","Grammatical","lateral","right posterior","right","posterior",188,-0.355505346916021,19731
"Gender agreement","Grammatical","lateral","right posterior","right","posterior",190,-0.300001723176727,19731
"Gender agreement","Grammatical","lateral","right posterior","right","posterior",192,-0.240207845522275,19731
"Gender agreement","Grammatical","lateral","right posterior","right","posterior",194,-0.174950838781613,19731
"Gender agreement","Grammatical","lateral","right posterior","right","posterior",196,-0.104978510972581,19731
"Gender agreement","Grammatical","lateral","right posterior","right","posterior",198,-0.032130353251229,19731
"Gender agreement","Grammatical","lateral","right posterior","right","posterior",200,0.0420353758045716,19731
"Gender agreement","Grammatical","lateral","right posterior","right","posterior",202,0.117143885256703,19731
"Gender agreement","Grammatical","lateral","right posterior","right","posterior",204,0.193745882114439,19731
"Gender agreement","Grammatical","lateral","right posterior","right","posterior",206,0.272366225736151,19731
"Gender agreement","Grammatical","lateral","right posterior","right","posterior",208,0.353170442450965,19731
"Gender agreement","Grammatical","lateral","right posterior","right","posterior",210,0.436220161167706,19731
"Gender agreement","Grammatical","lateral","right posterior","right","posterior",212,0.521496224215701,19731
"Gender agreement","Grammatical","lateral","right posterior","right","posterior",214,0.608680806852162,19731
"Gender agreement","Grammatical","lateral","right posterior","right","posterior",216,0.697308499315797,19731
"Gender agreement","Grammatical","lateral","right posterior","right","posterior",218,0.786986163904516,19731
"Gender agreement","Grammatical","lateral","right posterior","right","posterior",220,0.877582078962039,19731
"Gender agreement","Grammatical","lateral","right posterior","right","posterior",222,0.969213978004156,19731
"Gender agreement","Grammatical","lateral","right posterior","right","posterior",224,1.06199771932492,19731
"Gender agreement","Grammatical","lateral","right posterior","right","posterior",226,1.15556925649992,19731
"Gender agreement","Grammatical","lateral","right posterior","right","posterior",228,1.24937894683493,19731
"Gender agreement","Grammatical","lateral","right posterior","right","posterior",230,1.34314702752015,19731
"Gender agreement","Grammatical","lateral","right posterior","right","posterior",232,1.43678896153261,19731
"Gender agreement","Grammatical","lateral","right posterior","right","posterior",234,1.52987400537226,19731
"Gender agreement","Grammatical","lateral","right posterior","right","posterior",236,1.6218408595611,19731
"Gender agreement","Grammatical","lateral","right posterior","right","posterior",238,1.71292818407582,19731
"Gender agreement","Grammatical","lateral","right posterior","right","posterior",240,1.8041467741118,19731
"Gender agreement","Grammatical","lateral","right posterior","right","posterior",242,1.89582154984542,19731
"Gender agreement","Grammatical","lateral","right posterior","right","posterior",244,1.98631660838275,19731
"Gender agreement","Grammatical","lateral","right posterior","right","posterior",246,2.07260949774467,19731
"Gender agreement","Grammatical","lateral","right posterior","right","posterior",248,2.15247640768334,19731
"Gender agreement","Grammatical","lateral","right posterior","right","posterior",250,2.22592899498251,19731
"Gender agreement","Grammatical","lateral","right posterior","right","posterior",252,2.29463499062389,19731
"Gender agreement","Grammatical","lateral","right posterior","right","posterior",254,2.36054736201916,19731
"Gender agreement","Grammatical","lateral","right posterior","right","posterior",256,2.42511256398561,19731
"Gender agreement","Grammatical","lateral","right posterior","right","posterior",258,2.4883629314277,19731
"Gender agreement","Grammatical","lateral","right posterior","right","posterior",260,2.54827677259135,19731
"Gender agreement","Grammatical","lateral","right posterior","right","posterior",262,2.60113060665957,19731
"Gender agreement","Grammatical","lateral","right posterior","right","posterior",264,2.64286118291014,19731
"Gender agreement","Grammatical","lateral","right posterior","right","posterior",266,2.67045339820587,19731
"Gender agreement","Grammatical","lateral","right posterior","right","posterior",268,2.6827151183417,19731
"Gender agreement","Grammatical","lateral","right posterior","right","posterior",270,2.68041310627946,19731
"Gender agreement","Grammatical","lateral","right posterior","right","posterior",272,2.66618128832801,19731
"Gender agreement","Grammatical","lateral","right posterior","right","posterior",274,2.64370959403984,19731
"Gender agreement","Grammatical","lateral","right posterior","right","posterior",276,2.61648735492372,19731
"Gender agreement","Grammatical","lateral","right posterior","right","posterior",278,2.58724078860676,19731
"Gender agreement","Grammatical","lateral","right posterior","right","posterior",280,2.55816461405909,19731
"Gender agreement","Grammatical","lateral","right posterior","right","posterior",282,2.5309084689068,19731
"Gender agreement","Grammatical","lateral","right posterior","right","posterior",284,2.50629598094369,19731
"Gender agreement","Grammatical","lateral","right posterior","right","posterior",286,2.48434620647712,19731
"Gender agreement","Grammatical","lateral","right posterior","right","posterior",288,2.46436404642441,19731
"Gender agreement","Grammatical","lateral","right posterior","right","posterior",290,2.44452354163499,19731
"Gender agreement","Grammatical","lateral","right posterior","right","posterior",292,2.42199543864984,19731
"Gender agreement","Grammatical","lateral","right posterior","right","posterior",294,2.39430804318078,19731
"Gender agreement","Grammatical","lateral","right posterior","right","posterior",296,2.36076306320004,19731
"Gender agreement","Grammatical","lateral","right posterior","right","posterior",298,2.32263428108053,19731
"Gender agreement","Grammatical","lateral","right posterior","right","posterior",300,2.28211180376058,19731
"Gender agreement","Grammatical","lateral","right posterior","right","posterior",302,2.24124778267701,19731
"Gender agreement","Grammatical","lateral","right posterior","right","posterior",304,2.20143824438701,19731
"Gender agreement","Grammatical","lateral","right posterior","right","posterior",306,2.16333895899853,19731
"Gender agreement","Grammatical","lateral","right posterior","right","posterior",308,2.12703334853783,19731
"Gender agreement","Grammatical","lateral","right posterior","right","posterior",310,2.09218123764634,19731
"Gender agreement","Grammatical","lateral","right posterior","right","posterior",312,2.05821828594597,19731
"Gender agreement","Grammatical","lateral","right posterior","right","posterior",314,2.02462784450864,19731
"Gender agreement","Grammatical","lateral","right posterior","right","posterior",316,1.99142040443971,19731
"Gender agreement","Grammatical","lateral","right posterior","right","posterior",318,1.95991652729208,19731
"Gender agreement","Grammatical","lateral","right posterior","right","posterior",320,1.93272018650854,19731
"Gender agreement","Grammatical","lateral","right posterior","right","posterior",322,1.91198560640616,19731
"Gender agreement","Grammatical","lateral","right posterior","right","posterior",324,1.89747909381177,19731
"Gender agreement","Grammatical","lateral","right posterior","right","posterior",326,1.88680335512645,19731
"Gender agreement","Grammatical","lateral","right posterior","right","posterior",328,1.87754797019918,19731
"Gender agreement","Grammatical","lateral","right posterior","right","posterior",330,1.86876149206832,19731
"Gender agreement","Grammatical","lateral","right posterior","right","posterior",332,1.86083416958086,19731
"Gender agreement","Grammatical","lateral","right posterior","right","posterior",334,1.85461370432315,19731
"Gender agreement","Grammatical","lateral","right posterior","right","posterior",336,1.85041868126299,19731
"Gender agreement","Grammatical","lateral","right posterior","right","posterior",338,1.84738882976028,19731
"Gender agreement","Grammatical","lateral","right posterior","right","posterior",340,1.84389235213623,19731
"Gender agreement","Grammatical","lateral","right posterior","right","posterior",342,1.8389534235467,19731
"Gender agreement","Grammatical","lateral","right posterior","right","posterior",344,1.83321367391415,19731
"Gender agreement","Grammatical","lateral","right posterior","right","posterior",346,1.82831047590087,19731
"Gender agreement","Grammatical","lateral","right posterior","right","posterior",348,1.82520637575389,19731
"Gender agreement","Grammatical","lateral","right posterior","right","posterior",350,1.82346115250114,19731
"Gender agreement","Grammatical","lateral","right posterior","right","posterior",352,1.82177076681364,19731
"Gender agreement","Grammatical","lateral","right posterior","right","posterior",354,1.81882692210228,19731
"Gender agreement","Grammatical","lateral","right posterior","right","posterior",356,1.81368430388728,19731
"Gender agreement","Grammatical","lateral","right posterior","right","posterior",358,1.8057475546095,19731
"Gender agreement","Grammatical","lateral","right posterior","right","posterior",360,1.79447240383153,19731
"Gender agreement","Grammatical","lateral","right posterior","right","posterior",362,1.77871116517156,19731
"Gender agreement","Grammatical","lateral","right posterior","right","posterior",364,1.75652921798186,19731
"Gender agreement","Grammatical","lateral","right posterior","right","posterior",366,1.7260704982008,19731
"Gender agreement","Grammatical","lateral","right posterior","right","posterior",368,1.68707384319092,19731
"Gender agreement","Grammatical","lateral","right posterior","right","posterior",370,1.64153089047691,19731
"Gender agreement","Grammatical","lateral","right posterior","right","posterior",372,1.59297790279256,19731
"Gender agreement","Grammatical","lateral","right posterior","right","posterior",374,1.54480234149308,19731
"Gender agreement","Grammatical","lateral","right posterior","right","posterior",376,1.49894252698799,19731
"Gender agreement","Grammatical","lateral","right posterior","right","posterior",378,1.45572702853378,19731
"Gender agreement","Grammatical","lateral","right posterior","right","posterior",380,1.41456241447468,19731
"Gender agreement","Grammatical","lateral","right posterior","right","posterior",382,1.37504120419644,19731
"Gender agreement","Grammatical","lateral","right posterior","right","posterior",384,1.33758121737368,19731
"Gender agreement","Grammatical","lateral","right posterior","right","posterior",386,1.30312513303938,19731
"Gender agreement","Grammatical","lateral","right posterior","right","posterior",388,1.27237879478992,19731
"Gender agreement","Grammatical","lateral","right posterior","right","posterior",390,1.24559936141098,19731
"Gender agreement","Grammatical","lateral","right posterior","right","posterior",392,1.22288414170595,19731
"Gender agreement","Grammatical","lateral","right posterior","right","posterior",394,1.20467127869849,19731
"Gender agreement","Grammatical","lateral","right posterior","right","posterior",396,1.19194551720643,19731
"Gender agreement","Grammatical","lateral","right posterior","right","posterior",398,1.18599569205818,19731
"Gender agreement","Grammatical","lateral","right posterior","right","posterior",400,1.18792448431402,19731
"Gender agreement","Grammatical","lateral","right posterior","right","posterior",402,1.19782844255233,19731
"Gender agreement","Grammatical","lateral","right posterior","right","posterior",404,1.21381384623182,19731
"Gender agreement","Grammatical","lateral","right posterior","right","posterior",406,1.2321228523643,19731
"Gender agreement","Grammatical","lateral","right posterior","right","posterior",408,1.24876777659521,19731
"Gender agreement","Grammatical","lateral","right posterior","right","posterior",410,1.26157878465359,19731
"Gender agreement","Grammatical","lateral","right posterior","right","posterior",412,1.27112918757285,19731
"Gender agreement","Grammatical","lateral","right posterior","right","posterior",414,1.2801344077847,19731
"Gender agreement","Grammatical","lateral","right posterior","right","posterior",416,1.29208154680452,19731
"Gender agreement","Grammatical","lateral","right posterior","right","posterior",418,1.30992412954234,19731
"Gender agreement","Grammatical","lateral","right posterior","right","posterior",420,1.3351951244235,19731
"Gender agreement","Grammatical","lateral","right posterior","right","posterior",422,1.36749480512898,19731
"Gender agreement","Grammatical","lateral","right posterior","right","posterior",424,1.40504297805484,19731
"Gender agreement","Grammatical","lateral","right posterior","right","posterior",426,1.44600501748518,19731
"Gender agreement","Grammatical","lateral","right posterior","right","posterior",428,1.48912538644772,19731
"Gender agreement","Grammatical","lateral","right posterior","right","posterior",430,1.53290963458517,19731
"Gender agreement","Grammatical","lateral","right posterior","right","posterior",432,1.57490720186509,19731
"Gender agreement","Grammatical","lateral","right posterior","right","posterior",434,1.61217981855963,19731
"Gender agreement","Grammatical","lateral","right posterior","right","posterior",436,1.64231326339263,19731
"Gender agreement","Grammatical","lateral","right posterior","right","posterior",438,1.6641562515838,19731
"Gender agreement","Grammatical","lateral","right posterior","right","posterior",440,1.6779314277026,19731
"Gender agreement","Grammatical","lateral","right posterior","right","posterior",442,1.68503360194618,19731
"Gender agreement","Grammatical","lateral","right posterior","right","posterior",444,1.68783984592773,19731
"Gender agreement","Grammatical","lateral","right posterior","right","posterior",446,1.68926906897775,19731
"Gender agreement","Grammatical","lateral","right posterior","right","posterior",448,1.69182600983224,19731
"Gender agreement","Grammatical","lateral","right posterior","right","posterior",450,1.69727494805129,19731
"Gender agreement","Grammatical","lateral","right posterior","right","posterior",452,1.70719887486696,19731
"Gender agreement","Grammatical","lateral","right posterior","right","posterior",454,1.72312786984948,19731
"Gender agreement","Grammatical","lateral","right posterior","right","posterior",456,1.74556905377325,19731
"Gender agreement","Grammatical","lateral","right posterior","right","posterior",458,1.77299057320967,19731
"Gender agreement","Grammatical","lateral","right posterior","right","posterior",460,1.80191845319548,19731
"Gender agreement","Grammatical","lateral","right posterior","right","posterior",462,1.8280293953677,19731
"Gender agreement","Grammatical","lateral","right posterior","right","posterior",464,1.84753783386549,19731
"Gender agreement","Grammatical","lateral","right posterior","right","posterior",466,1.85843413917186,19731
"Gender agreement","Grammatical","lateral","right posterior","right","posterior",468,1.86086817698039,19731
"Gender agreement","Grammatical","lateral","right posterior","right","posterior",470,1.85644630277229,19731
"Gender agreement","Grammatical","lateral","right posterior","right","posterior",472,1.84755582585779,19731
"Gender agreement","Grammatical","lateral","right posterior","right","posterior",474,1.83722325274948,19731
"Gender agreement","Grammatical","lateral","right posterior","right","posterior",476,1.82830931022249,19731
"Gender agreement","Grammatical","lateral","right posterior","right","posterior",478,1.82242805737165,19731
"Gender agreement","Grammatical","lateral","right posterior","right","posterior",480,1.8195350970554,19731
"Gender agreement","Grammatical","lateral","right posterior","right","posterior",482,1.81852344027165,19731
"Gender agreement","Grammatical","lateral","right posterior","right","posterior",484,1.81804277532816,19731
"Gender agreement","Grammatical","lateral","right posterior","right","posterior",486,1.81763012518372,19731
"Gender agreement","Grammatical","lateral","right posterior","right","posterior",488,1.81833064720491,19731
"Gender agreement","Grammatical","lateral","right posterior","right","posterior",490,1.82181744463028,19731
"Gender agreement","Grammatical","lateral","right posterior","right","posterior",492,1.82887076174548,19731
"Gender agreement","Grammatical","lateral","right posterior","right","posterior",494,1.83846429476458,19731
"Gender agreement","Grammatical","lateral","right posterior","right","posterior",496,1.84794029699458,19731
"Gender agreement","Grammatical","lateral","right posterior","right","posterior",498,1.8539400942679,19731
"Gender agreement","Grammatical","lateral","right posterior","right","posterior",500,1.85399954386498,19731
"Gender agreement","Grammatical","lateral","right posterior","right","posterior",502,1.8478999543865,19731
"Gender agreement","Grammatical","lateral","right posterior","right","posterior",504,1.8376153768182,19731
"Gender agreement","Grammatical","lateral","right posterior","right","posterior",506,1.82648720287872,19731
"Gender agreement","Grammatical","lateral","right posterior","right","posterior",508,1.81834868987887,19731
"Gender agreement","Grammatical","lateral","right posterior","right","posterior",510,1.8161676549592,19731
"Gender agreement","Grammatical","lateral","right posterior","right","posterior",512,1.82067766458872,19731
"Gender agreement","Grammatical","lateral","right posterior","right","posterior",514,1.83042836146166,19731
"Gender agreement","Grammatical","lateral","right posterior","right","posterior",516,1.84293679995945,19731
"Gender agreement","Grammatical","lateral","right posterior","right","posterior",518,1.85585885155339,19731
"Gender agreement","Grammatical","lateral","right posterior","right","posterior",520,1.86752653185343,19731
"Gender agreement","Grammatical","lateral","right posterior","right","posterior",522,1.8768151639552,19731
"Gender agreement","Grammatical","lateral","right posterior","right","posterior",524,1.88279899650296,19731
"Gender agreement","Grammatical","lateral","right posterior","right","posterior",526,1.88478880948761,19731
"Gender agreement","Grammatical","lateral","right posterior","right","posterior",528,1.88295641376514,19731
"Gender agreement","Grammatical","lateral","right posterior","right","posterior",530,1.87842116466474,19731
"Gender agreement","Grammatical","lateral","right posterior","right","posterior",532,1.87251223962293,19731
"Gender agreement","Grammatical","lateral","right posterior","right","posterior",534,1.86610364401196,19731
"Gender agreement","Grammatical","lateral","right posterior","right","posterior",536,1.8594303887284,19731
"Gender agreement","Grammatical","lateral","right posterior","right","posterior",538,1.85251781460646,19731
"Gender agreement","Grammatical","lateral","right posterior","right","posterior",540,1.84571030358319,19731
"Gender agreement","Grammatical","lateral","right posterior","right","posterior",542,1.8395267345801,19731
"Gender agreement","Grammatical","lateral","right posterior","right","posterior",544,1.83393163042927,19731
"Gender agreement","Grammatical","lateral","right posterior","right","posterior",546,1.82810785059044,19731
"Gender agreement","Grammatical","lateral","right posterior","right","posterior",548,1.8210942679033,19731
"Gender agreement","Grammatical","lateral","right posterior","right","posterior",550,1.8125867923572,19731
"Gender agreement","Grammatical","lateral","right posterior","right","posterior",552,1.8030239217475,19731
"Gender agreement","Grammatical","lateral","right posterior","right","posterior",554,1.79267178551518,19731
"Gender agreement","Grammatical","lateral","right posterior","right","posterior",556,1.78099797273326,19731
"Gender agreement","Grammatical","lateral","right posterior","right","posterior",558,1.76686391972024,19731
"Gender agreement","Grammatical","lateral","right posterior","right","posterior",560,1.74939551974051,19731
"Gender agreement","Grammatical","lateral","right posterior","right","posterior",562,1.72883837615934,19731
"Gender agreement","Grammatical","lateral","right posterior","right","posterior",564,1.7069208352339,19731
"Gender agreement","Grammatical","lateral","right posterior","right","posterior",566,1.6860504282601,19731
"Gender agreement","Grammatical","lateral","right posterior","right","posterior",568,1.66837945365161,19731
"Gender agreement","Grammatical","lateral","right posterior","right","posterior",570,1.65551259439461,19731
"Gender agreement","Grammatical","lateral","right posterior","right","posterior",572,1.64868927069079,19731
"Gender agreement","Grammatical","lateral","right posterior","right","posterior",574,1.64881116010339,19731
"Gender agreement","Grammatical","lateral","right posterior","right","posterior",576,1.65610394810197,19731
"Gender agreement","Grammatical","lateral","right posterior","right","posterior",578,1.66979276265775,19731
"Gender agreement","Grammatical","lateral","right posterior","right","posterior",580,1.68805696619533,19731
"Gender agreement","Grammatical","lateral","right posterior","right","posterior",582,1.70812533576605,19731
"Gender agreement","Grammatical","lateral","right posterior","right","posterior",584,1.72676747250519,19731
"Gender agreement","Grammatical","lateral","right posterior","right","posterior",586,1.74136647914449,19731
"Gender agreement","Grammatical","lateral","right posterior","right","posterior",588,1.75116420860575,19731
"Gender agreement","Grammatical","lateral","right posterior","right","posterior",590,1.75727444123461,19731
"Gender agreement","Grammatical","lateral","right posterior","right","posterior",592,1.76173123511226,19731
"Gender agreement","Grammatical","lateral","right posterior","right","posterior",594,1.76650316760428,19731
"Gender agreement","Grammatical","lateral","right posterior","right","posterior",596,1.77283731184431,19731
"Gender agreement","Grammatical","lateral","right posterior","right","posterior",598,1.7806820232122,19731
"Gender agreement","Grammatical","lateral","right posterior","right","posterior",600,1.78882874664234,19731
"Gender agreement","Grammatical","lateral","right posterior","right","posterior",602,1.79591429729867,19731
"Gender agreement","Grammatical","lateral","right posterior","right","posterior",604,1.80126582535097,19731
"Gender agreement","Grammatical","lateral","right posterior","right","posterior",606,1.80537073640464,19731
"Gender agreement","Grammatical","lateral","right posterior","right","posterior",608,1.80968622979068,19731
"Gender agreement","Grammatical","lateral","right posterior","right","posterior",610,1.81550534691602,19731
"Gender agreement","Grammatical","lateral","right posterior","right","posterior",612,1.82258187623537,19731
"Gender agreement","Grammatical","lateral","right posterior","right","posterior",614,1.82920536212052,19731
"Gender agreement","Grammatical","lateral","right posterior","right","posterior",616,1.83392752521413,19731
"Gender agreement","Grammatical","lateral","right posterior","right","posterior",618,1.8372315645431,19731
"Gender agreement","Grammatical","lateral","right posterior","right","posterior",620,1.84122609092291,19731
"Gender agreement","Grammatical","lateral","right posterior","right","posterior",622,1.84759221529573,19731
"Gender agreement","Grammatical","lateral","right posterior","right","posterior",624,1.85597070599564,19731
"Gender agreement","Grammatical","lateral","right posterior","right","posterior",626,1.86415234909533,19731
"Gender agreement","Grammatical","lateral","right posterior","right","posterior",628,1.86940819015762,19731
"Gender agreement","Grammatical","lateral","right posterior","right","posterior",630,1.8698361968476,19731
"Gender agreement","Grammatical","lateral","right posterior","right","posterior",632,1.86538507931681,19731
"Gender agreement","Grammatical","lateral","right posterior","right","posterior",634,1.85805737164867,19731
"Gender agreement","Grammatical","lateral","right posterior","right","posterior",636,1.85070599564138,19731
"Gender agreement","Grammatical","lateral","right posterior","right","posterior",638,1.84545537479094,19731
"Gender agreement","Grammatical","lateral","right posterior","right","posterior",640,1.84337134458466,19731
"Gender agreement","Grammatical","lateral","right posterior","right","posterior",642,1.8448991434798,19731
"Gender agreement","Grammatical","lateral","right posterior","right","posterior",644,1.84984283614617,19731
"Gender agreement","Grammatical","lateral","right posterior","right","posterior",646,1.8572065277989,19731
"Gender agreement","Grammatical","lateral","right posterior","right","posterior",648,1.86514251685165,19731
"Gender agreement","Grammatical","lateral","right posterior","right","posterior",650,1.87153808727383,19731
"Gender agreement","Grammatical","lateral","right posterior","right","posterior",652,1.87512954234453,19731
"Gender agreement","Grammatical","lateral","right posterior","right","posterior",654,1.87608955450813,19731
"Gender agreement","Grammatical","lateral","right posterior","right","posterior",656,1.87527824235974,19731
"Gender agreement","Grammatical","lateral","right posterior","right","posterior",658,1.8731562515838,19731
"Gender agreement","Grammatical","lateral","right posterior","right","posterior",660,1.86964315037251,19731
"Gender agreement","Grammatical","lateral","right posterior","right","posterior",662,1.86452556890173,19731
"Gender agreement","Grammatical","lateral","right posterior","right","posterior",664,1.85797982869596,19731
"Gender agreement","Grammatical","lateral","right posterior","right","posterior",666,1.85070994881151,19731
"Gender agreement","Grammatical","lateral","right posterior","right","posterior",668,1.84353448887537,19731
"Gender agreement","Grammatical","lateral","right posterior","right","posterior",670,1.83683751457098,19731
"Gender agreement","Grammatical","lateral","right posterior","right","posterior",672,1.83062835132533,19731
"Gender agreement","Grammatical","lateral","right posterior","right","posterior",674,1.82496279965536,19731
"Gender agreement","Grammatical","lateral","right posterior","right","posterior",676,1.82001900562567,19731
"Gender agreement","Grammatical","lateral","right posterior","right","posterior",678,1.8158124271451,19731
"Gender agreement","Grammatical","lateral","right posterior","right","posterior",680,1.81213719527647,19731
"Gender agreement","Grammatical","lateral","right posterior","right","posterior",682,1.80827150169784,19731
"Gender agreement","Grammatical","lateral","right posterior","right","posterior",684,1.8028601185951,19731
"Gender agreement","Grammatical","lateral","right posterior","right","posterior",686,1.79464315037251,19731
"Gender agreement","Grammatical","lateral","right posterior","right","posterior",688,1.78348046221682,19731
"Gender agreement","Grammatical","lateral","right posterior","right","posterior",690,1.77065435102124,19731
"Gender agreement","Grammatical","lateral","right posterior","right","posterior",692,1.7579609751153,19731
"Gender agreement","Grammatical","lateral","right posterior","right","posterior",694,1.74649445035731,19731
"Gender agreement","Grammatical","lateral","right posterior","right","posterior",696,1.7363963306472,19731
"Gender agreement","Grammatical","lateral","right posterior","right","posterior",698,1.72751715574477,19731
"Gender agreement","Grammatical","lateral","right posterior","right","posterior",700,1.71965283057118,19731
"Gender agreement","Grammatical","lateral","right posterior","right","posterior",702,1.71206010845877,19731
"Gender agreement","Grammatical","lateral","right posterior","right","posterior",704,1.70311829101414,19731
"Gender agreement","Grammatical","lateral","right posterior","right","posterior",706,1.69105118848512,19731
"Gender agreement","Grammatical","lateral","right posterior","right","posterior",708,1.67521458618418,19731
"Gender agreement","Grammatical","lateral","right posterior","right","posterior",710,1.65682210734377,19731
"Gender agreement","Grammatical","lateral","right posterior","right","posterior",712,1.63851740915311,19731
"Gender agreement","Grammatical","lateral","right posterior","right","posterior",714,1.6228657442603,19731
"Gender agreement","Grammatical","lateral","right posterior","right","posterior",716,1.61084846181136,19731
"Gender agreement","Grammatical","lateral","right posterior","right","posterior",718,1.60176909431858,19731
"Gender agreement","Grammatical","lateral","right posterior","right","posterior",720,1.59417642288784,19731
"Gender agreement","Grammatical","lateral","right posterior","right","posterior",722,1.58659039075566,19731
"Gender agreement","Grammatical","lateral","right posterior","right","posterior",724,1.57809274745325,19731
"Gender agreement","Grammatical","lateral","right posterior","right","posterior",726,1.56872337945365,19731
"Gender agreement","Grammatical","lateral","right posterior","right","posterior",728,1.55904870508337,19731
"Gender agreement","Grammatical","lateral","right posterior","right","posterior",730,1.54908129339618,19731
"Gender agreement","Grammatical","lateral","right posterior","right","posterior",732,1.53779848968628,19731
"Gender agreement","Grammatical","lateral","right posterior","right","posterior",734,1.52333677968679,19731
"Gender agreement","Grammatical","lateral","right posterior","right","posterior",736,1.50403015559272,19731
"Gender agreement","Grammatical","lateral","right posterior","right","posterior",738,1.4798887030561,19731
"Gender agreement","Grammatical","lateral","right posterior","right","posterior",740,1.45281045056003,19731
"Gender agreement","Grammatical","lateral","right posterior","right","posterior",742,1.42545466524758,19731
"Gender agreement","Grammatical","lateral","right posterior","right","posterior",744,1.39990502255334,19731
"Gender agreement","Grammatical","lateral","right posterior","right","posterior",746,1.37727398509959,19731
"Gender agreement","Grammatical","lateral","right posterior","right","posterior",748,1.35775845116821,19731
"Gender agreement","Grammatical","lateral","right posterior","right","posterior",750,1.3408400486544,19731
"Gender agreement","Grammatical","lateral","right posterior","right","posterior",752,1.3256686939334,19731
"Gender agreement","Grammatical","lateral","right posterior","right","posterior",754,1.31184096092443,19731
"Gender agreement","Grammatical","lateral","right posterior","right","posterior",756,1.29958415691045,19731
"Gender agreement","Grammatical","lateral","right posterior","right","posterior",758,1.28908884496478,19731
"Gender agreement","Grammatical","lateral","right posterior","right","posterior",760,1.27997648370584,19731
"Gender agreement","Grammatical","lateral","right posterior","right","posterior",762,1.27136475596777,19731
"Gender agreement","Grammatical","lateral","right posterior","right","posterior",764,1.26210719172875,19731
"Gender agreement","Grammatical","lateral","right posterior","right","posterior",766,1.25124418427855,19731
"Gender agreement","Grammatical","lateral","right posterior","right","posterior",768,1.23857761897522,19731
"Gender agreement","Grammatical","lateral","right posterior","right","posterior",770,1.22438376159343,19731
"Gender agreement","Grammatical","lateral","right posterior","right","posterior",772,1.20862262429679,19731
"Gender agreement","Grammatical","lateral","right posterior","right","posterior",774,1.19048228675688,19731
"Gender agreement","Grammatical","lateral","right posterior","right","posterior",776,1.16866048350312,19731
"Gender agreement","Grammatical","lateral","right posterior","right","posterior",778,1.14177309817039,19731
"Gender agreement","Grammatical","lateral","right posterior","right","posterior",780,1.10897516598246,19731
"Gender agreement","Grammatical","lateral","right posterior","right","posterior",782,1.07113881708986,19731
"Gender agreement","Grammatical","lateral","right posterior","right","posterior",784,1.03125862855405,19731
"Gender agreement","Grammatical","lateral","right posterior","right","posterior",786,0.99312933961786,19731
"Gender agreement","Grammatical","lateral","right posterior","right","posterior",788,0.959372206173027,19731
"Gender agreement","Grammatical","lateral","right posterior","right","posterior",790,0.93029608230703,19731
"Gender agreement","Grammatical","lateral","right posterior","right","posterior",792,0.904154984542091,19731
"Gender agreement","Grammatical","lateral","right posterior","right","posterior",794,0.878567685368202,19731
"Gender agreement","Grammatical","lateral","right posterior","right","posterior",796,0.852119000557498,19731
"Gender agreement","Grammatical","lateral","right posterior","right","posterior",798,0.825210937104049,19731
"Gender agreement","Grammatical","lateral","right posterior","right","posterior",800,0.799711874714916,19731
"Gender agreement","Grammatical","lateral","right posterior","right","posterior",802,0.777714560843343,19731
"Gender agreement","Grammatical","lateral","right posterior","right","posterior",804,0.760264608990928,19731
"Gender agreement","Grammatical","lateral","right posterior","right","posterior",806,0.747113476255638,19731
"Gender agreement","Grammatical","lateral","right posterior","right","posterior",808,0.737282144848208,19731
"Gender agreement","Grammatical","lateral","right posterior","right","posterior",810,0.729805534438194,19731
"Gender agreement","Grammatical","lateral","right posterior","right","posterior",812,0.724102022198571,19731
"Gender agreement","Grammatical","lateral","right posterior","right","posterior",814,0.719646596725964,19731
"Gender agreement","Grammatical","lateral","right posterior","right","posterior",816,0.715550909735948,19731
"Gender agreement","Grammatical","lateral","right posterior","right","posterior",818,0.711006436571892,19731
"Gender agreement","Grammatical","lateral","right posterior","right","posterior",820,0.705873093102225,19731
"Gender agreement","Grammatical","lateral","right posterior","right","posterior",822,0.700707009274745,19731
"Gender agreement","Grammatical","lateral","right posterior","right","posterior",824,0.696443870052202,19731
"Gender agreement","Grammatical","lateral","right posterior","right","posterior",826,0.694379605696619,19731
"Gender agreement","Grammatical","lateral","right posterior","right","posterior",828,0.696003649080128,19731
"Gender agreement","Grammatical","lateral","right posterior","right","posterior",830,0.702446556180629,19731
"Gender agreement","Grammatical","lateral","right posterior","right","posterior",832,0.71383913638437,19731
"Gender agreement","Grammatical","lateral","right posterior","right","posterior",834,0.72884141705945,19731
"Gender agreement","Grammatical","lateral","right posterior","right","posterior",836,0.744698545436116,19731
"Gender agreement","Grammatical","lateral","right posterior","right","posterior",838,0.758707262683088,19731
"Gender agreement","Grammatical","lateral","right posterior","right","posterior",840,0.770087831331407,19731
"Gender agreement","Grammatical","lateral","right posterior","right","posterior",842,0.780791090162688,19731
"Gender agreement","Grammatical","lateral","right posterior","right","posterior",844,0.7943695200446,19731
"Gender agreement","Grammatical","lateral","right posterior","right","posterior",846,0.813984643454463,19731
"Gender agreement","Grammatical","lateral","right posterior","right","posterior",848,0.841181744463028,19731
"Gender agreement","Grammatical","lateral","right posterior","right","posterior",850,0.876134458466373,19731
"Gender agreement","Grammatical","lateral","right posterior","right","posterior",852,0.918724038315341,19731
"Gender agreement","Grammatical","lateral","right posterior","right","posterior",854,0.969063858902235,19731
"Gender agreement","Grammatical","lateral","right posterior","right","posterior",856,1.02727403578126,19731
"Gender agreement","Grammatical","lateral","right posterior","right","posterior",858,1.09309497744666,19731
"Gender agreement","Grammatical","lateral","right posterior","right","posterior",860,1.16557858192692,19731
"Gender agreement","Grammatical","lateral","right posterior","right","posterior",862,1.2430608686838,19731
"Gender agreement","Grammatical","lateral","right posterior","right","posterior",864,1.32331230044093,19731
"Gender agreement","Grammatical","lateral","right posterior","right","posterior",866,1.4036789823121,19731
"Gender agreement","Grammatical","lateral","right posterior","right","posterior",868,1.48129025391516,19731
"Gender agreement","Grammatical","lateral","right posterior","right","posterior",870,1.55367426891693,19731
"Gender agreement","Grammatical","lateral","right posterior","right","posterior",872,1.61886843038873,19731
"Gender agreement","Grammatical","lateral","right posterior","right","posterior",874,1.67523962292839,19731
"Gender agreement","Grammatical","lateral","right posterior","right","posterior",876,1.72151041508286,19731
"Gender agreement","Grammatical","lateral","right posterior","right","posterior",878,1.75665257716284,19731
"Gender agreement","Grammatical","lateral","right posterior","right","posterior",880,1.78003208149612,19731
"Gender agreement","Grammatical","lateral","right posterior","right","posterior",882,1.79212908620952,19731
"Gender agreement","Grammatical","lateral","right posterior","right","posterior",884,1.79471760174345,19731
"Gender agreement","Grammatical","lateral","right posterior","right","posterior",886,1.78964548172926,19731
"Gender agreement","Grammatical","lateral","right posterior","right","posterior",888,1.77765637828797,19731
"Gender agreement","Grammatical","lateral","right posterior","right","posterior",890,1.75840357812579,19731
"Gender agreement","Grammatical","lateral","right posterior","right","posterior",892,1.73101079519538,19731
"Gender agreement","Grammatical","lateral","right posterior","right","posterior",894,1.69461745476661,19731
"Gender agreement","Grammatical","lateral","right posterior","right","posterior",896,1.64939491156049,19731
"Gender agreement","Grammatical","lateral","right posterior","right","posterior",898,1.59708930109979,19731
"Gender agreement","Grammatical","lateral","right posterior","right","posterior",900,1.54025563833561,19731
"Gender agreement","Grammatical","lateral","right posterior","right","posterior",902,1.4810419137398,19731
"Gender agreement","Grammatical","lateral","right posterior","right","posterior",904,1.42059535755917,19731
"Gender agreement","Grammatical","lateral","right posterior","right","posterior",906,1.35948598651868,19731
"Gender agreement","Grammatical","lateral","right posterior","right","posterior",908,1.29818655922153,19731
"Gender agreement","Grammatical","lateral","right posterior","right","posterior",910,1.23717145608433,19731
"Gender agreement","Grammatical","lateral","right posterior","right","posterior",912,1.17665004307942,19731
"Gender agreement","Grammatical","lateral","right posterior","right","posterior",914,1.11621747503928,19731
"Gender agreement","Grammatical","lateral","right posterior","right","posterior",916,1.05508489179464,19731
"Gender agreement","Grammatical","lateral","right posterior","right","posterior",918,0.992916020475394,19731
"Gender agreement","Grammatical","lateral","right posterior","right","posterior",920,0.930170999949318,19731
"Gender agreement","Grammatical","lateral","right posterior","right","posterior",922,0.867520551416553,19731
"Gender agreement","Grammatical","lateral","right posterior","right","posterior",924,0.805496528305712,19731
"Gender agreement","Grammatical","lateral","right posterior","right","posterior",926,0.744595915057524,19731
"Gender agreement","Grammatical","lateral","right posterior","right","posterior",928,0.685405301302519,19731
"Gender agreement","Grammatical","lateral","right posterior","right","posterior",930,0.628900714611525,19731
"Gender agreement","Grammatical","lateral","right posterior","right","posterior",932,0.576630378592063,19731
"Gender agreement","Grammatical","lateral","right posterior","right","posterior",934,0.530055800516953,19731
"Gender agreement","Grammatical","lateral","right posterior","right","posterior",936,0.489800263544676,19731
"Gender agreement","Grammatical","lateral","right posterior","right","posterior",938,0.455507728954437,19731
"Gender agreement","Grammatical","lateral","right posterior","right","posterior",940,0.426577466930211,19731
"Gender agreement","Grammatical","lateral","right posterior","right","posterior",942,0.403243880188536,19731
"Gender agreement","Grammatical","lateral","right posterior","right","posterior",944,0.387145659115098,19731
"Gender agreement","Grammatical","lateral","right posterior","right","posterior",946,0.381211697329076,19731
"Gender agreement","Grammatical","lateral","right posterior","right","posterior",948,0.389001013633369,19731
"Gender agreement","Grammatical","lateral","right posterior","right","posterior",950,0.413507526227763,19731
"Gender agreement","Grammatical","lateral","right posterior","right","posterior",952,0.455797324007906,19731
"Gender agreement","Grammatical","lateral","right posterior","right","posterior",954,0.514397040190563,19731
"Gender agreement","Grammatical","lateral","right posterior","right","posterior",956,0.585792205159394,19731
"Gender agreement","Grammatical","lateral","right posterior","right","posterior",958,0.665859409051746,19731
"Gender agreement","Grammatical","lateral","right posterior","right","posterior",960,0.751375196391465,19731
"Gender agreement","Grammatical","lateral","right posterior","right","posterior",962,0.840793826972784,19731
"Gender agreement","Grammatical","lateral","right posterior","right","posterior",964,0.933925802037403,19731
"Gender agreement","Grammatical","lateral","right posterior","right","posterior",966,1.03107957021945,19731
"Gender agreement","Grammatical","lateral","right posterior","right","posterior",968,1.13218878921494,19731
"Gender agreement","Grammatical","lateral","right posterior","right","posterior",970,1.2358875880594,19731
"Gender agreement","Grammatical","lateral","right posterior","right","posterior",972,1.33901292382545,19731
"Gender agreement","Grammatical","lateral","right posterior","right","posterior",974,1.43769160204754,19731
"Gender agreement","Grammatical","lateral","right posterior","right","posterior",976,1.52883376412752,19731
"Gender agreement","Grammatical","lateral","right posterior","right","posterior",978,1.61058207896204,19731
"Gender agreement","Grammatical","lateral","right posterior","right","posterior",980,1.68242293852314,19731
"Gender agreement","Grammatical","lateral","right posterior","right","posterior",982,1.7456134509148,19731
"Gender agreement","Grammatical","lateral","right posterior","right","posterior",984,1.80289199736455,19731
"Gender agreement","Grammatical","lateral","right posterior","right","posterior",986,1.85695225786833,19731
"Gender agreement","Grammatical","lateral","right posterior","right","posterior",988,1.90881871167199,19731
"Gender agreement","Grammatical","lateral","right posterior","right","posterior",990,1.95749409558563,19731
"Gender agreement","Grammatical","lateral","right posterior","right","posterior",992,2.00072707921545,19731
"Gender agreement","Grammatical","lateral","right posterior","right","posterior",994,2.03603861943135,19731
"Gender agreement","Grammatical","lateral","right posterior","right","posterior",996,2.06143312553849,19731
"Gender agreement","Grammatical","lateral","right posterior","right","posterior",998,2.07542131670975,19731
"Gender agreement","Grammatical","lateral","right posterior","right","posterior",1000,2.07707485682429,19731
"Gender agreement","Grammatical","lateral","right posterior","right","posterior",1002,2.06677664588718,19731
"Gender agreement","Grammatical","lateral","right posterior","right","posterior",1004,2.04714956160357,19731
"Gender agreement","Grammatical","lateral","right posterior","right","posterior",1006,2.02249967056916,19731
"Gender agreement","Grammatical","lateral","right posterior","right","posterior",1008,1.99692929907253,19731
"Gender agreement","Grammatical","lateral","right posterior","right","posterior",1010,1.97338735999189,19731
"Gender agreement","Grammatical","lateral","right posterior","right","posterior",1012,1.9539837818661,19731
"Gender agreement","Grammatical","lateral","right posterior","right","posterior",1014,1.93997354416907,19731
"Gender agreement","Grammatical","lateral","right posterior","right","posterior",1016,1.93086250063352,19731
"Gender agreement","Grammatical","lateral","right posterior","right","posterior",1018,1.92422725660129,19731
"Gender agreement","Grammatical","lateral","right posterior","right","posterior",1020,1.91724165019512,19731
"Gender agreement","Grammatical","lateral","right posterior","right","posterior",1022,1.90854619634078,19731
"Gender agreement","Grammatical","lateral","right posterior","right","posterior",1024,1.89850154579089,19731
"Gender agreement","Grammatical","lateral","right posterior","right","posterior",1026,1.8877685875019,19731
"Gender agreement","Grammatical","lateral","right posterior","right","posterior",1028,1.87632187927627,19731
"Gender agreement","Grammatical","lateral","right posterior","right","posterior",1030,1.86355856266788,19731
"Gender agreement","Grammatical","lateral","right posterior","right","posterior",1032,1.84863499062389,19731
"Gender agreement","Grammatical","lateral","right posterior","right","posterior",1034,1.83035649485581,19731
"Gender agreement","Grammatical","lateral","right posterior","right","posterior",1036,1.80719522578683,19731
"Gender agreement","Grammatical","lateral","right posterior","right","posterior",1038,1.77820850438396,19731
"Gender agreement","Grammatical","lateral","right posterior","right","posterior",1040,1.74367984390046,19731
"Gender agreement","Grammatical","lateral","right posterior","right","posterior",1042,1.70464294764584,19731
"Gender agreement","Grammatical","lateral","right posterior","right","posterior",1044,1.66246013886777,19731
"Gender agreement","Grammatical","lateral","right posterior","right","posterior",1046,1.61923708884496,19731
"Gender agreement","Grammatical","lateral","right posterior","right","posterior",1048,1.57737504434646,19731
"Gender agreement","Grammatical","lateral","right posterior","right","posterior",1050,1.53817399016776,19731
"Gender agreement","Grammatical","lateral","right posterior","right","posterior",1052,1.50157736556687,19731
"Gender agreement","Grammatical","lateral","right posterior","right","posterior",1054,1.46698971162131,19731
"Gender agreement","Grammatical","lateral","right posterior","right","posterior",1056,1.43389696416806,19731
"Gender agreement","Grammatical","lateral","right posterior","right","posterior",1058,1.40242658760326,19731
"Gender agreement","Grammatical","lateral","right posterior","right","posterior",1060,1.37382170189043,19731
"Gender agreement","Grammatical","lateral","right posterior","right","posterior",1062,1.34977705134053,19731
"Gender agreement","Grammatical","lateral","right posterior","right","posterior",1064,1.33093943540621,19731
"Gender agreement","Grammatical","lateral","right posterior","right","posterior",1066,1.31645375297755,19731
"Gender agreement","Grammatical","lateral","right posterior","right","posterior",1068,1.30487638741067,19731
"Gender agreement","Grammatical","lateral","right posterior","right","posterior",1070,1.2948294561857,19731
"Gender agreement","Grammatical","lateral","right posterior","right","posterior",1072,1.28473944554255,19731
"Gender agreement","Grammatical","lateral","right posterior","right","posterior",1074,1.27286098018347,19731
"Gender agreement","Grammatical","lateral","right posterior","right","posterior",1076,1.25760483503117,19731
"Gender agreement","Grammatical","lateral","right posterior","right","posterior",1078,1.23749287922558,19731
"Gender agreement","Grammatical","lateral","right posterior","right","posterior",1080,1.21114743297349,19731
"Gender agreement","Grammatical","lateral","right posterior","right","posterior",1082,1.17819441488014,19731
"Gender agreement","Grammatical","lateral","right posterior","right","posterior",1084,1.14019745578024,19731
"Gender agreement","Grammatical","lateral","right posterior","right","posterior",1086,1.10018742080989,19731
"Gender agreement","Grammatical","lateral","right posterior","right","posterior",1088,1.0609894075313,19731
"Gender agreement","Grammatical","lateral","right posterior","right","posterior",1090,1.0242020171304,19731
"Gender agreement","Grammatical","lateral","right posterior","right","posterior",1092,0.990416045816228,19731
"Gender agreement","Grammatical","lateral","right posterior","right","posterior",1094,0.959727281942122,19731
"Gender agreement","Grammatical","lateral","right posterior","right","posterior",1096,0.931782423597385,19731
"Gender agreement","Grammatical","lateral","right posterior","right","posterior",1098,0.905250266078759,19731
"Gender agreement","Ungrammatical","lateral","left anterior","left","anterior",-100,0.00233862904462507,32605
"Gender agreement","Ungrammatical","lateral","left anterior","left","anterior",-98,0.0057409599754639,32605
"Gender agreement","Ungrammatical","lateral","left anterior","left","anterior",-96,0.0118173593007207,32605
"Gender agreement","Ungrammatical","lateral","left anterior","left","anterior",-94,0.0203341512038031,32605
"Gender agreement","Ungrammatical","lateral","left anterior","left","anterior",-92,0.0300572304861217,32605
"Gender agreement","Ungrammatical","lateral","left anterior","left","anterior",-90,0.0394653274037724,32605
"Gender agreement","Ungrammatical","lateral","left anterior","left","anterior",-88,0.0481954608188928,32605
"Gender agreement","Ungrammatical","lateral","left anterior","left","anterior",-86,0.0575879159638093,32605
"Gender agreement","Ungrammatical","lateral","left anterior","left","anterior",-84,0.0695199202576292,32605
"Gender agreement","Ungrammatical","lateral","left anterior","left","anterior",-82,0.0852480294433369,32605
"Gender agreement","Ungrammatical","lateral","left anterior","left","anterior",-80,0.105425732249655,32605
"Gender agreement","Ungrammatical","lateral","left anterior","left","anterior",-78,0.130275571231406,32605
"Gender agreement","Ungrammatical","lateral","left anterior","left","anterior",-76,0.159238030976844,32605
"Gender agreement","Ungrammatical","lateral","left anterior","left","anterior",-74,0.190914921024383,32605
"Gender agreement","Ungrammatical","lateral","left anterior","left","anterior",-72,0.22352215917804,32605
"Gender agreement","Ungrammatical","lateral","left anterior","left","anterior",-70,0.255550866431529,32605
"Gender agreement","Ungrammatical","lateral","left anterior","left","anterior",-68,0.286015427081736,32605
"Gender agreement","Ungrammatical","lateral","left anterior","left","anterior",-66,0.313939487808618,32605
"Gender agreement","Ungrammatical","lateral","left anterior","left","anterior",-64,0.337963042478148,32605
"Gender agreement","Ungrammatical","lateral","left anterior","left","anterior",-62,0.35717420641006,32605
"Gender agreement","Ungrammatical","lateral","left anterior","left","anterior",-60,0.372039441803404,32605
"Gender agreement","Ungrammatical","lateral","left anterior","left","anterior",-58,0.383989909523079,32605
"Gender agreement","Ungrammatical","lateral","left anterior","left","anterior",-56,0.393862168379083,32605
"Gender agreement","Ungrammatical","lateral","left anterior","left","anterior",-54,0.400904615856464,32605
"Gender agreement","Ungrammatical","lateral","left anterior","left","anterior",-52,0.403903327710474,32605
"Gender agreement","Ungrammatical","lateral","left anterior","left","anterior",-50,0.402950958441957,32605
"Gender agreement","Ungrammatical","lateral","left anterior","left","anterior",-48,0.399726422327864,32605
"Gender agreement","Ungrammatical","lateral","left anterior","left","anterior",-46,0.396013372182181,32605
"Gender agreement","Ungrammatical","lateral","left anterior","left","anterior",-44,0.39227596994326,32605
"Gender agreement","Ungrammatical","lateral","left anterior","left","anterior",-42,0.387798374482441,32605
"Gender agreement","Ungrammatical","lateral","left anterior","left","anterior",-40,0.381558932679037,32605
"Gender agreement","Ungrammatical","lateral","left anterior","left","anterior",-38,0.372251525839595,32605
"Gender agreement","Ungrammatical","lateral","left anterior","left","anterior",-36,0.358287440576599,32605
"Gender agreement","Ungrammatical","lateral","left anterior","left","anterior",-34,0.338720196288913,32605
"Gender agreement","Ungrammatical","lateral","left anterior","left","anterior",-32,0.314036037417574,32605
"Gender agreement","Ungrammatical","lateral","left anterior","left","anterior",-30,0.28555966876246,32605
"Gender agreement","Ungrammatical","lateral","left anterior","left","anterior",-28,0.253830884833614,32605
"Gender agreement","Ungrammatical","lateral","left anterior","left","anterior",-26,0.217810734549916,32605
"Gender agreement","Ungrammatical","lateral","left anterior","left","anterior",-24,0.175965588099985,32605
"Gender agreement","Ungrammatical","lateral","left anterior","left","anterior",-22,0.127945407146143,32605
"Gender agreement","Ungrammatical","lateral","left anterior","left","anterior",-20,0.0751227112406073,32605
"Gender agreement","Ungrammatical","lateral","left anterior","left","anterior",-18,0.0196956601748198,32605
"Gender agreement","Ungrammatical","lateral","left anterior","left","anterior",-16,-0.0360711240607269,32605
"Gender agreement","Ungrammatical","lateral","left anterior","left","anterior",-14,-0.0897251035117313,32605
"Gender agreement","Ungrammatical","lateral","left anterior","left","anterior",-12,-0.138331881613249,32605
"Gender agreement","Ungrammatical","lateral","left anterior","left","anterior",-10,-0.177981659254716,32605
"Gender agreement","Ungrammatical","lateral","left anterior","left","anterior",-8,-0.204517405305935,32605
"Gender agreement","Ungrammatical","lateral","left anterior","left","anterior",-6,-0.215914951694525,32605
"Gender agreement","Ungrammatical","lateral","left anterior","left","anterior",-4,-0.214352246587947,32605
"Gender agreement","Ungrammatical","lateral","left anterior","left","anterior",-2,-0.205105198589173,32605
"Gender agreement","Ungrammatical","lateral","left anterior","left","anterior",0,-0.192962091703726,32605
"Gender agreement","Ungrammatical","lateral","left anterior","left","anterior",2,-0.179679190308235,32605
"Gender agreement","Ungrammatical","lateral","left anterior","left","anterior",4,-0.164794264683331,32605
"Gender agreement","Ungrammatical","lateral","left anterior","left","anterior",6,-0.148114338291673,32605
"Gender agreement","Ungrammatical","lateral","left anterior","left","anterior",8,-0.130456218371415,32605
"Gender agreement","Ungrammatical","lateral","left anterior","left","anterior",10,-0.113069682564024,32605
"Gender agreement","Ungrammatical","lateral","left anterior","left","anterior",12,-0.0972697439043091,32605
"Gender agreement","Ungrammatical","lateral","left anterior","left","anterior",14,-0.0842389510811225,32605
"Gender agreement","Ungrammatical","lateral","left anterior","left","anterior",16,-0.0745399785309002,32605
"Gender agreement","Ungrammatical","lateral","left anterior","left","anterior",18,-0.0679249808311609,32605
"Gender agreement","Ungrammatical","lateral","left anterior","left","anterior",20,-0.0632483668149057,32605
"Gender agreement","Ungrammatical","lateral","left anterior","left","anterior",22,-0.0583866278178193,32605
"Gender agreement","Ungrammatical","lateral","left anterior","left","anterior",24,-0.0505788069314522,32605
"Gender agreement","Ungrammatical","lateral","left anterior","left","anterior",26,-0.037087655267597,32605
"Gender agreement","Ungrammatical","lateral","left anterior","left","anterior",28,-0.0157907989572151,32605
"Gender agreement","Ungrammatical","lateral","left anterior","left","anterior",30,0.0138935439349793,32605
"Gender agreement","Ungrammatical","lateral","left anterior","left","anterior",32,0.0503138782395338,32605
"Gender agreement","Ungrammatical","lateral","left anterior","left","anterior",34,0.0901184787609262,32605
"Gender agreement","Ungrammatical","lateral","left anterior","left","anterior",36,0.129428339211777,32605
"Gender agreement","Ungrammatical","lateral","left anterior","left","anterior",38,0.164765373408986,32605
"Gender agreement","Ungrammatical","lateral","left anterior","left","anterior",40,0.19378957215151,32605
"Gender agreement","Ungrammatical","lateral","left anterior","left","anterior",42,0.215508296273578,32605
"Gender agreement","Ungrammatical","lateral","left anterior","left","anterior",44,0.230420733016409,32605
"Gender agreement","Ungrammatical","lateral","left anterior","left","anterior",46,0.240802330930839,32605
"Gender agreement","Ungrammatical","lateral","left anterior","left","anterior",48,0.250123784695599,32605
"Gender agreement","Ungrammatical","lateral","left anterior","left","anterior",50,0.262015795123447,32605
"Gender agreement","Ungrammatical","lateral","left anterior","left","anterior",52,0.279227235086643,32605
"Gender agreement","Ungrammatical","lateral","left anterior","left","anterior",54,0.302410029136636,32605
"Gender agreement","Ungrammatical","lateral","left anterior","left","anterior",56,0.329298021775801,32605
"Gender agreement","Ungrammatical","lateral","left anterior","left","anterior",58,0.355657291826407,32605
"Gender agreement","Ungrammatical","lateral","left anterior","left","anterior",60,0.377355896334918,32605
"Gender agreement","Ungrammatical","lateral","left anterior","left","anterior",62,0.391730225425548,32605
"Gender agreement","Ungrammatical","lateral","left anterior","left","anterior",64,0.397576261309615,32605
"Gender agreement","Ungrammatical","lateral","left anterior","left","anterior",66,0.394370433982518,32605
"Gender agreement","Ungrammatical","lateral","left anterior","left","anterior",68,0.38252087103205,32605
"Gender agreement","Ungrammatical","lateral","left anterior","left","anterior",70,0.364566109492409,32605
"Gender agreement","Ungrammatical","lateral","left anterior","left","anterior",72,0.345151541174666,32605
"Gender agreement","Ungrammatical","lateral","left anterior","left","anterior",74,0.329094464039258,32605
"Gender agreement","Ungrammatical","lateral","left anterior","left","anterior",76,0.319510259162705,32605
"Gender agreement","Ungrammatical","lateral","left anterior","left","anterior",78,0.316806471400092,32605
"Gender agreement","Ungrammatical","lateral","left anterior","left","anterior",80,0.318374881153197,32605
"Gender agreement","Ungrammatical","lateral","left anterior","left","anterior",82,0.320072228185861,32605
"Gender agreement","Ungrammatical","lateral","left anterior","left","anterior",84,0.318332924398098,32605
"Gender agreement","Ungrammatical","lateral","left anterior","left","anterior",86,0.310718080049072,32605
"Gender agreement","Ungrammatical","lateral","left anterior","left","anterior",88,0.29513329243981,32605
"Gender agreement","Ungrammatical","lateral","left anterior","left","anterior",90,0.269712252721975,32605
"Gender agreement","Ungrammatical","lateral","left anterior","left","anterior",92,0.233478914276951,32605
"Gender agreement","Ungrammatical","lateral","left anterior","left","anterior",94,0.186277074068394,32605
"Gender agreement","Ungrammatical","lateral","left anterior","left","anterior",96,0.127884833614476,32605
"Gender agreement","Ungrammatical","lateral","left anterior","left","anterior",98,0.0577036037417574,32605
"Gender agreement","Ungrammatical","lateral","left anterior","left","anterior",100,-0.0242758472626898,32605
"Gender agreement","Ungrammatical","lateral","left anterior","left","anterior",102,-0.116876337984972,32605
"Gender agreement","Ungrammatical","lateral","left anterior","left","anterior",104,-0.218441772734243,32605
"Gender agreement","Ungrammatical","lateral","left anterior","left","anterior",106,-0.327535623370649,32605
"Gender agreement","Ungrammatical","lateral","left anterior","left","anterior",108,-0.442553504063794,32605
"Gender agreement","Ungrammatical","lateral","left anterior","left","anterior",110,-0.560942156111026,32605
"Gender agreement","Ungrammatical","lateral","left anterior","left","anterior",112,-0.679463640545929,32605
"Gender agreement","Ungrammatical","lateral","left anterior","left","anterior",114,-0.79507713540868,32605
"Gender agreement","Ungrammatical","lateral","left anterior","left","anterior",116,-0.905619966262843,32605
"Gender agreement","Ungrammatical","lateral","left anterior","left","anterior",118,-1.01014893421254,32605
"Gender agreement","Ungrammatical","lateral","left anterior","left","anterior",120,-1.10853494862751,32605
"Gender agreement","Ungrammatical","lateral","left anterior","left","anterior",122,-1.20003379849716,32605
"Gender agreement","Ungrammatical","lateral","left anterior","left","anterior",124,-1.2824326023616,32605
"Gender agreement","Ungrammatical","lateral","left anterior","left","anterior",126,-1.35238414353627,32605
"Gender agreement","Ungrammatical","lateral","left anterior","left","anterior",128,-1.40599555282932,32605
"Gender agreement","Ungrammatical","lateral","left anterior","left","anterior",130,-1.43948231866278,32605
"Gender agreement","Ungrammatical","lateral","left anterior","left","anterior",132,-1.45057994172673,32605
"Gender agreement","Ungrammatical","lateral","left anterior","left","anterior",134,-1.43915528293207,32605
"Gender agreement","Ungrammatical","lateral","left anterior","left","anterior",136,-1.40606011347953,32605
"Gender agreement","Ungrammatical","lateral","left anterior","left","anterior",138,-1.3517310535194,32605
"Gender agreement","Ungrammatical","lateral","left anterior","left","anterior",140,-1.27601472166846,32605
"Gender agreement","Ungrammatical","lateral","left anterior","left","anterior",142,-1.17878895874866,32605
"Gender agreement","Ungrammatical","lateral","left anterior","left","anterior",144,-1.06008762459745,32605
"Gender agreement","Ungrammatical","lateral","left anterior","left","anterior",146,-0.920235086643153,32605
"Gender agreement","Ungrammatical","lateral","left anterior","left","anterior",148,-0.760908265603435,32605
"Gender agreement","Ungrammatical","lateral","left anterior","left","anterior",150,-0.586053826100291,32605
"Gender agreement","Ungrammatical","lateral","left anterior","left","anterior",152,-0.401148964882687,32605
"Gender agreement","Ungrammatical","lateral","left anterior","left","anterior",154,-0.211521177733476,32605
"Gender agreement","Ungrammatical","lateral","left anterior","left","anterior",156,-0.0211194295353473,32605
"Gender agreement","Ungrammatical","lateral","left anterior","left","anterior",158,0.167942953534734,32605
"Gender agreement","Ungrammatical","lateral","left anterior","left","anterior",160,0.355235608035577,32605
"Gender agreement","Ungrammatical","lateral","left anterior","left","anterior",162,0.541488544701733,32605
"Gender agreement","Ungrammatical","lateral","left anterior","left","anterior",164,0.72793798497163,32605
"Gender agreement","Ungrammatical","lateral","left anterior","left","anterior",166,0.915519398865205,32605
"Gender agreement","Ungrammatical","lateral","left anterior","left","anterior",168,1.10441012114706,32605
"Gender agreement","Ungrammatical","lateral","left anterior","left","anterior",170,1.2942400858764,32605
"Gender agreement","Ungrammatical","lateral","left anterior","left","anterior",172,1.4844417420641,32605
"Gender agreement","Ungrammatical","lateral","left anterior","left","anterior",174,1.67370157951234,32605
"Gender agreement","Ungrammatical","lateral","left anterior","left","anterior",176,1.85883484128201,32605
"Gender agreement","Ungrammatical","lateral","left anterior","left","anterior",178,2.03514749271584,32605
"Gender agreement","Ungrammatical","lateral","left anterior","left","anterior",180,2.19866600214691,32605
"Gender agreement","Ungrammatical","lateral","left anterior","left","anterior",182,2.34848590706947,32605
"Gender agreement","Ungrammatical","lateral","left anterior","left","anterior",184,2.48680598067781,32605
"Gender agreement","Ungrammatical","lateral","left anterior","left","anterior",186,2.6169146449931,32605
"Gender agreement","Ungrammatical","lateral","left anterior","left","anterior",188,2.74094010121147,32605
"Gender agreement","Ungrammatical","lateral","left anterior","left","anterior",190,2.85903370648674,32605
"Gender agreement","Ungrammatical","lateral","left anterior","left","anterior",192,2.96951246741297,32605
"Gender agreement","Ungrammatical","lateral","left anterior","left","anterior",194,3.06902913663549,32605
"Gender agreement","Ungrammatical","lateral","left anterior","left","anterior",196,3.15307652200583,32605
"Gender agreement","Ungrammatical","lateral","left anterior","left","anterior",198,3.21831176199969,32605
"Gender agreement","Ungrammatical","lateral","left anterior","left","anterior",200,3.26570173286306,32605
"Gender agreement","Ungrammatical","lateral","left anterior","left","anterior",202,3.30074608188928,32605
"Gender agreement","Ungrammatical","lateral","left anterior","left","anterior",204,3.32995568164392,32605
"Gender agreement","Ungrammatical","lateral","left anterior","left","anterior",206,3.35752304861218,32605
"Gender agreement","Ungrammatical","lateral","left anterior","left","anterior",208,3.38493497929765,32605
"Gender agreement","Ungrammatical","lateral","left anterior","left","anterior",210,3.41225051372489,32605
"Gender agreement","Ungrammatical","lateral","left anterior","left","anterior",212,3.4389713540868,32605
"Gender agreement","Ungrammatical","lateral","left anterior","left","anterior",214,3.46432786382457,32605
"Gender agreement","Ungrammatical","lateral","left anterior","left","anterior",216,3.48724861217605,32605
"Gender agreement","Ungrammatical","lateral","left anterior","left","anterior",218,3.50674378162858,32605
"Gender agreement","Ungrammatical","lateral","left anterior","left","anterior",220,3.5228290752952,32605
"Gender agreement","Ungrammatical","lateral","left anterior","left","anterior",222,3.53728921944487,32605
"Gender agreement","Ungrammatical","lateral","left anterior","left","anterior",224,3.55286817972704,32605
"Gender agreement","Ungrammatical","lateral","left anterior","left","anterior",226,3.57137733476461,32605
"Gender agreement","Ungrammatical","lateral","left anterior","left","anterior",228,3.59296276644686,32605
"Gender agreement","Ungrammatical","lateral","left anterior","left","anterior",230,3.61678328477227,32605
"Gender agreement","Ungrammatical","lateral","left anterior","left","anterior",232,3.64121873945714,32605
"Gender agreement","Ungrammatical","lateral","left anterior","left","anterior",234,3.6633358073915,32605
"Gender agreement","Ungrammatical","lateral","left anterior","left","anterior",236,3.67946416193835,32605
"Gender agreement","Ungrammatical","lateral","left anterior","left","anterior",238,3.68707504983898,32605
"Gender agreement","Ungrammatical","lateral","left anterior","left","anterior",240,3.68596558809998,32605
"Gender agreement","Ungrammatical","lateral","left anterior","left","anterior",242,3.6776986658488,32605
"Gender agreement","Ungrammatical","lateral","left anterior","left","anterior",244,3.66406100291366,32605
"Gender agreement","Ungrammatical","lateral","left anterior","left","anterior",246,3.64550756019015,32605
"Gender agreement","Ungrammatical","lateral","left anterior","left","anterior",248,3.62106646219905,32605
"Gender agreement","Ungrammatical","lateral","left anterior","left","anterior",250,3.58902116239841,32605
"Gender agreement","Ungrammatical","lateral","left anterior","left","anterior",252,3.54768078515565,32605
"Gender agreement","Ungrammatical","lateral","left anterior","left","anterior",254,3.49679135101978,32605
"Gender agreement","Ungrammatical","lateral","left anterior","left","anterior",256,3.43844508510965,32605
"Gender agreement","Ungrammatical","lateral","left anterior","left","anterior",258,3.37529335991412,32605
"Gender agreement","Ungrammatical","lateral","left anterior","left","anterior",260,3.30833724888821,32605
"Gender agreement","Ungrammatical","lateral","left anterior","left","anterior",262,3.23742018095384,32605
"Gender agreement","Ungrammatical","lateral","left anterior","left","anterior",264,3.16315798190462,32605
"Gender agreement","Ungrammatical","lateral","left anterior","left","anterior",266,3.08712639165772,32605
"Gender agreement","Ungrammatical","lateral","left anterior","left","anterior",268,3.01095831927618,32605
"Gender agreement","Ungrammatical","lateral","left anterior","left","anterior",270,2.93633277104739,32605
"Gender agreement","Ungrammatical","lateral","left anterior","left","anterior",272,2.86535252261923,32605
"Gender agreement","Ungrammatical","lateral","left anterior","left","anterior",274,2.79960082809385,32605
"Gender agreement","Ungrammatical","lateral","left anterior","left","anterior",276,2.73834126667689,32605
"Gender agreement","Ungrammatical","lateral","left anterior","left","anterior",278,2.67780131881613,32605
"Gender agreement","Ungrammatical","lateral","left anterior","left","anterior",280,2.61326692225119,32605
"Gender agreement","Ungrammatical","lateral","left anterior","left","anterior",282,2.54200806624751,32605
"Gender agreement","Ungrammatical","lateral","left anterior","left","anterior",284,2.46418549302254,32605
"Gender agreement","Ungrammatical","lateral","left anterior","left","anterior",286,2.38160564330624,32605
"Gender agreement","Ungrammatical","lateral","left anterior","left","anterior",288,2.29658831467566,32605
"Gender agreement","Ungrammatical","lateral","left anterior","left","anterior",290,2.21133464192609,32605
"Gender agreement","Ungrammatical","lateral","left anterior","left","anterior",292,2.12731286612483,32605
"Gender agreement","Ungrammatical","lateral","left anterior","left","anterior",294,2.04495212390738,32605
"Gender agreement","Ungrammatical","lateral","left anterior","left","anterior",296,1.96393819966263,32605
"Gender agreement","Ungrammatical","lateral","left anterior","left","anterior",298,1.8832039564484,32605
"Gender agreement","Ungrammatical","lateral","left anterior","left","anterior",300,1.8003104738537,32605
"Gender agreement","Ungrammatical","lateral","left anterior","left","anterior",302,1.71165750651741,32605
"Gender agreement","Ungrammatical","lateral","left anterior","left","anterior",304,1.61461104125134,32605
"Gender agreement","Ungrammatical","lateral","left anterior","left","anterior",306,1.5094433982518,32605
"Gender agreement","Ungrammatical","lateral","left anterior","left","anterior",308,1.39909682564024,32605
"Gender agreement","Ungrammatical","lateral","left anterior","left","anterior",310,1.28771274344426,32605
"Gender agreement","Ungrammatical","lateral","left anterior","left","anterior",312,1.17919414200276,32605
"Gender agreement","Ungrammatical","lateral","left anterior","left","anterior",314,1.07669010887901,32605
"Gender agreement","Ungrammatical","lateral","left anterior","left","anterior",316,0.982360006134029,32605
"Gender agreement","Ungrammatical","lateral","left anterior","left","anterior",318,0.896899800644073,32605
"Gender agreement","Ungrammatical","lateral","left anterior","left","anterior",320,0.819146204569851,32605
"Gender agreement","Ungrammatical","lateral","left anterior","left","anterior",322,0.746774451771201,32605
"Gender agreement","Ungrammatical","lateral","left anterior","left","anterior",324,0.678188836068088,32605
"Gender agreement","Ungrammatical","lateral","left anterior","left","anterior",326,0.613881367888361,32605
"Gender agreement","Ungrammatical","lateral","left anterior","left","anterior",328,0.555963226499003,32605
"Gender agreement","Ungrammatical","lateral","left anterior","left","anterior",330,0.50653528599908,32605
"Gender agreement","Ungrammatical","lateral","left anterior","left","anterior",332,0.465988590706947,32605
"Gender agreement","Ungrammatical","lateral","left anterior","left","anterior",334,0.43213856770434,32605
"Gender agreement","Ungrammatical","lateral","left anterior","left","anterior",336,0.400569483208097,32605
"Gender agreement","Ungrammatical","lateral","left anterior","left","anterior",338,0.366350805091244,32605
"Gender agreement","Ungrammatical","lateral","left anterior","left","anterior",340,0.326231866278178,32605
"Gender agreement","Ungrammatical","lateral","left anterior","left","anterior",342,0.280366446863978,32605
"Gender agreement","Ungrammatical","lateral","left anterior","left","anterior",344,0.232192455144916,32605
"Gender agreement","Ungrammatical","lateral","left anterior","left","anterior",346,0.186783836834841,32605
"Gender agreement","Ungrammatical","lateral","left anterior","left","anterior",348,0.149055144916424,32605
"Gender agreement","Ungrammatical","lateral","left anterior","left","anterior",350,0.122250237693605,32605
"Gender agreement","Ungrammatical","lateral","left anterior","left","anterior",352,0.106829811378623,32605
"Gender agreement","Ungrammatical","lateral","left anterior","left","anterior",354,0.100589357460512,32605
"Gender agreement","Ungrammatical","lateral","left anterior","left","anterior",356,0.0997618463425855,32605
"Gender agreement","Ungrammatical","lateral","left anterior","left","anterior",358,0.100184358227266,32605
"Gender agreement","Ungrammatical","lateral","left anterior","left","anterior",360,0.0985038184327557,32605
"Gender agreement","Ungrammatical","lateral","left anterior","left","anterior",362,0.0937184787609262,32605
"Gender agreement","Ungrammatical","lateral","left anterior","left","anterior",364,0.087679742370802,32605
"Gender agreement","Ungrammatical","lateral","left anterior","left","anterior",366,0.0835865051372489,32605
"Gender agreement","Ungrammatical","lateral","left anterior","left","anterior",368,0.0835312682103972,32605
"Gender agreement","Ungrammatical","lateral","left anterior","left","anterior",370,0.0871124980831161,32605
"Gender agreement","Ungrammatical","lateral","left anterior","left","anterior",372,0.0920861524306088,32605
"Gender agreement","Ungrammatical","lateral","left anterior","left","anterior",374,0.0963089710167152,32605
"Gender agreement","Ungrammatical","lateral","left anterior","left","anterior",376,0.0991118846802638,32605
"Gender agreement","Ungrammatical","lateral","left anterior","left","anterior",378,0.100730900168686,32605
"Gender agreement","Ungrammatical","lateral","left anterior","left","anterior",380,0.101352062567091,32605
"Gender agreement","Ungrammatical","lateral","left anterior","left","anterior",382,0.102082901395491,32605
"Gender agreement","Ungrammatical","lateral","left anterior","left","anterior",384,0.10594641926085,32605
"Gender agreement","Ungrammatical","lateral","left anterior","left","anterior",386,0.116011010581199,32605
"Gender agreement","Ungrammatical","lateral","left anterior","left","anterior",388,0.132551510504524,32605
"Gender agreement","Ungrammatical","lateral","left anterior","left","anterior",390,0.15247667535654,32605
"Gender agreement","Ungrammatical","lateral","left anterior","left","anterior",392,0.171324980831161,32605
"Gender agreement","Ungrammatical","lateral","left anterior","left","anterior",394,0.186119276184634,32605
"Gender agreement","Ungrammatical","lateral","left anterior","left","anterior",396,0.196458948014108,32605
"Gender agreement","Ungrammatical","lateral","left anterior","left","anterior",398,0.203416193835301,32605
"Gender agreement","Ungrammatical","lateral","left anterior","left","anterior",400,0.20819858917344,32605
"Gender agreement","Ungrammatical","lateral","left anterior","left","anterior",402,0.211399969329857,32605
"Gender agreement","Ungrammatical","lateral","left anterior","left","anterior",404,0.212792240453918,32605
"Gender agreement","Ungrammatical","lateral","left anterior","left","anterior",406,0.212235485355007,32605
"Gender agreement","Ungrammatical","lateral","left anterior","left","anterior",408,0.210545652507284,32605
"Gender agreement","Ungrammatical","lateral","left anterior","left","anterior",410,0.209155068241067,32605
"Gender agreement","Ungrammatical","lateral","left anterior","left","anterior",412,0.209070664008588,32605
"Gender agreement","Ungrammatical","lateral","left anterior","left","anterior",414,0.210035362674436,32605
"Gender agreement","Ungrammatical","lateral","left anterior","left","anterior",416,0.210544640392578,32605
"Gender agreement","Ungrammatical","lateral","left anterior","left","anterior",418,0.20900855696979,32605
"Gender agreement","Ungrammatical","lateral","left anterior","left","anterior",420,0.205074252415274,32605
"Gender agreement","Ungrammatical","lateral","left anterior","left","anterior",422,0.200453488728723,32605
"Gender agreement","Ungrammatical","lateral","left anterior","left","anterior",424,0.198349762306395,32605
"Gender agreement","Ungrammatical","lateral","left anterior","left","anterior",426,0.201158472626898,32605
"Gender agreement","Ungrammatical","lateral","left anterior","left","anterior",428,0.208254132801718,32605
"Gender agreement","Ungrammatical","lateral","left anterior","left","anterior",430,0.216441282011961,32605
"Gender agreement","Ungrammatical","lateral","left anterior","left","anterior",432,0.222612206716761,32605
"Gender agreement","Ungrammatical","lateral","left anterior","left","anterior",434,0.225725624904156,32605
"Gender agreement","Ungrammatical","lateral","left anterior","left","anterior",436,0.226429289986198,32605
"Gender agreement","Ungrammatical","lateral","left anterior","left","anterior",438,0.225360588866738,32605
"Gender agreement","Ungrammatical","lateral","left anterior","left","anterior",440,0.222348075448551,32605
"Gender agreement","Ungrammatical","lateral","left anterior","left","anterior",442,0.217280785155651,32605
"Gender agreement","Ungrammatical","lateral","left anterior","left","anterior",444,0.210814721668456,32605
"Gender agreement","Ungrammatical","lateral","left anterior","left","anterior",446,0.203345652507284,32605
"Gender agreement","Ungrammatical","lateral","left anterior","left","anterior",448,0.194254132801718,32605
"Gender agreement","Ungrammatical","lateral","left anterior","left","anterior",450,0.183242815519092,32605
"Gender agreement","Ungrammatical","lateral","left anterior","left","anterior",452,0.172164330624137,32605
"Gender agreement","Ungrammatical","lateral","left anterior","left","anterior",454,0.1649254408833,32605
"Gender agreement","Ungrammatical","lateral","left anterior","left","anterior",456,0.164989357460512,32605
"Gender agreement","Ungrammatical","lateral","left anterior","left","anterior",458,0.172948872872259,32605
"Gender agreement","Ungrammatical","lateral","left anterior","left","anterior",460,0.186425149516945,32605
"Gender agreement","Ungrammatical","lateral","left anterior","left","anterior",462,0.201912590093544,32605
"Gender agreement","Ungrammatical","lateral","left anterior","left","anterior",464,0.217052998006441,32605
"Gender agreement","Ungrammatical","lateral","left anterior","left","anterior",466,0.231743689618157,32605
"Gender agreement","Ungrammatical","lateral","left anterior","left","anterior",468,0.246945468486428,32605
"Gender agreement","Ungrammatical","lateral","left anterior","left","anterior",470,0.263554853550069,32605
"Gender agreement","Ungrammatical","lateral","left anterior","left","anterior",472,0.282978745591167,32605
"Gender agreement","Ungrammatical","lateral","left anterior","left","anterior",474,0.306772580892501,32605
"Gender agreement","Ungrammatical","lateral","left anterior","left","anterior",476,0.334602944333691,32605
"Gender agreement","Ungrammatical","lateral","left anterior","left","anterior",478,0.363728753258703,32605
"Gender agreement","Ungrammatical","lateral","left anterior","left","anterior",480,0.390824198742524,32605
"Gender agreement","Ungrammatical","lateral","left anterior","left","anterior",482,0.413713387517252,32605
"Gender agreement","Ungrammatical","lateral","left anterior","left","anterior",484,0.431579911056586,32605
"Gender agreement","Ungrammatical","lateral","left anterior","left","anterior",486,0.444432909063027,32605
"Gender agreement","Ungrammatical","lateral","left anterior","left","anterior",488,0.453043643612943,32605
"Gender agreement","Ungrammatical","lateral","left anterior","left","anterior",490,0.458791535040638,32605
"Gender agreement","Ungrammatical","lateral","left anterior","left","anterior",492,0.462997117006594,32605
"Gender agreement","Ungrammatical","lateral","left anterior","left","anterior",494,0.466377825486888,32605
"Gender agreement","Ungrammatical","lateral","left anterior","left","anterior",496,0.469237233553136,32605
"Gender agreement","Ungrammatical","lateral","left anterior","left","anterior",498,0.471599018555436,32605
"Gender agreement","Ungrammatical","lateral","left anterior","left","anterior",500,0.472804447170679,32605
"Gender agreement","Ungrammatical","lateral","left anterior","left","anterior",502,0.471388498696519,32605
"Gender agreement","Ungrammatical","lateral","left anterior","left","anterior",504,0.465898819199509,32605
"Gender agreement","Ungrammatical","lateral","left anterior","left","anterior",506,0.456461708326944,32605
"Gender agreement","Ungrammatical","lateral","left anterior","left","anterior",508,0.445707836221438,32605
"Gender agreement","Ungrammatical","lateral","left anterior","left","anterior",510,0.437421591780402,32605
"Gender agreement","Ungrammatical","lateral","left anterior","left","anterior",512,0.433956141696059,32605
"Gender agreement","Ungrammatical","lateral","left anterior","left","anterior",514,0.435364054592854,32605
"Gender agreement","Ungrammatical","lateral","left anterior","left","anterior",516,0.440456923784696,32605
"Gender agreement","Ungrammatical","lateral","left anterior","left","anterior",518,0.447538353013341,32605
"Gender agreement","Ungrammatical","lateral","left anterior","left","anterior",520,0.454255052905996,32605
"Gender agreement","Ungrammatical","lateral","left anterior","left","anterior",522,0.458036865511425,32605
"Gender agreement","Ungrammatical","lateral","left anterior","left","anterior",524,0.457632571691458,32605
"Gender agreement","Ungrammatical","lateral","left anterior","left","anterior",526,0.45440328170526,32605
"Gender agreement","Ungrammatical","lateral","left anterior","left","anterior",528,0.451596503603742,32605
"Gender agreement","Ungrammatical","lateral","left anterior","left","anterior",530,0.451829627357767,32605
"Gender agreement","Ungrammatical","lateral","left anterior","left","anterior",532,0.455342309461739,32605
"Gender agreement","Ungrammatical","lateral","left anterior","left","anterior",534,0.460622726575679,32605
"Gender agreement","Ungrammatical","lateral","left anterior","left","anterior",536,0.466133813832234,32605
"Gender agreement","Ungrammatical","lateral","left anterior","left","anterior",538,0.471351663855237,32605
"Gender agreement","Ungrammatical","lateral","left anterior","left","anterior",540,0.47699472473547,32605
"Gender agreement","Ungrammatical","lateral","left anterior","left","anterior",542,0.484871737463579,32605
"Gender agreement","Ungrammatical","lateral","left anterior","left","anterior",544,0.497082717374636,32605
"Gender agreement","Ungrammatical","lateral","left anterior","left","anterior",546,0.515176844042325,32605
"Gender agreement","Ungrammatical","lateral","left anterior","left","anterior",548,0.540318785462352,32605
"Gender agreement","Ungrammatical","lateral","left anterior","left","anterior",550,0.573380125747585,32605
"Gender agreement","Ungrammatical","lateral","left anterior","left","anterior",552,0.613888268670449,32605
"Gender agreement","Ungrammatical","lateral","left anterior","left","anterior",554,0.659027633798497,32605
"Gender agreement","Ungrammatical","lateral","left anterior","left","anterior",556,0.704080754485508,32605
"Gender agreement","Ungrammatical","lateral","left anterior","left","anterior",558,0.743598159791443,32605
"Gender agreement","Ungrammatical","lateral","left anterior","left","anterior",560,0.772756141696059,32605
"Gender agreement","Ungrammatical","lateral","left anterior","left","anterior",562,0.788798435822727,32605
"Gender agreement","Ungrammatical","lateral","left anterior","left","anterior",564,0.792649317589327,32605
"Gender agreement","Ungrammatical","lateral","left anterior","left","anterior",566,0.789130777488115,32605
"Gender agreement","Ungrammatical","lateral","left anterior","left","anterior",568,0.784552737310228,32605
"Gender agreement","Ungrammatical","lateral","left anterior","left","anterior",570,0.783558349946327,32605
"Gender agreement","Ungrammatical","lateral","left anterior","left","anterior",572,0.788161570311302,32605
"Gender agreement","Ungrammatical","lateral","left anterior","left","anterior",574,0.798793221898482,32605
"Gender agreement","Ungrammatical","lateral","left anterior","left","anterior",576,0.815146572611563,32605
"Gender agreement","Ungrammatical","lateral","left anterior","left","anterior",578,0.83644161938353,32605
"Gender agreement","Ungrammatical","lateral","left anterior","left","anterior",580,0.861492869191842,32605
"Gender agreement","Ungrammatical","lateral","left anterior","left","anterior",582,0.888674068394418,32605
"Gender agreement","Ungrammatical","lateral","left anterior","left","anterior",584,0.916331912283392,32605
"Gender agreement","Ungrammatical","lateral","left anterior","left","anterior",586,0.943853734089864,32605
"Gender agreement","Ungrammatical","lateral","left anterior","left","anterior",588,0.972211777334765,32605
"Gender agreement","Ungrammatical","lateral","left anterior","left","anterior",590,1.00304698665849,32605
"Gender agreement","Ungrammatical","lateral","left anterior","left","anterior",592,1.03748311608649,32605
"Gender agreement","Ungrammatical","lateral","left anterior","left","anterior",594,1.07539524612789,32605
"Gender agreement","Ungrammatical","lateral","left anterior","left","anterior",596,1.11504557583193,32605
"Gender agreement","Ungrammatical","lateral","left anterior","left","anterior",598,1.15342260389511,32605
"Gender agreement","Ungrammatical","lateral","left anterior","left","anterior",600,1.18775270664009,32605
"Gender agreement","Ungrammatical","lateral","left anterior","left","anterior",602,1.21670667075602,32605
"Gender agreement","Ungrammatical","lateral","left anterior","left","anterior",604,1.24037846955988,32605
"Gender agreement","Ungrammatical","lateral","left anterior","left","anterior",606,1.25960368041711,32605
"Gender agreement","Ungrammatical","lateral","left anterior","left","anterior",608,1.27550470786689,32605
"Gender agreement","Ungrammatical","lateral","left anterior","left","anterior",610,1.28899904922558,32605
"Gender agreement","Ungrammatical","lateral","left anterior","left","anterior",612,1.30050587333231,32605
"Gender agreement","Ungrammatical","lateral","left anterior","left","anterior",614,1.31008090783622,32605
"Gender agreement","Ungrammatical","lateral","left anterior","left","anterior",616,1.31803830700813,32605
"Gender agreement","Ungrammatical","lateral","left anterior","left","anterior",618,1.32559809845116,32605
"Gender agreement","Ungrammatical","lateral","left anterior","left","anterior",620,1.33475022235853,32605
"Gender agreement","Ungrammatical","lateral","left anterior","left","anterior",622,1.34743269437203,32605
"Gender agreement","Ungrammatical","lateral","left anterior","left","anterior",624,1.36466974390431,32605
"Gender agreement","Ungrammatical","lateral","left anterior","left","anterior",626,1.3860251188468,32605
"Gender agreement","Ungrammatical","lateral","left anterior","left","anterior",628,1.4094128814599,32605
"Gender agreement","Ungrammatical","lateral","left anterior","left","anterior",630,1.43195555896335,32605
"Gender agreement","Ungrammatical","lateral","left anterior","left","anterior",632,1.45091666922251,32605
"Gender agreement","Ungrammatical","lateral","left anterior","left","anterior",634,1.46371280478454,32605
"Gender agreement","Ungrammatical","lateral","left anterior","left","anterior",636,1.46840116546542,32605
"Gender agreement","Ungrammatical","lateral","left anterior","left","anterior",638,1.464764085263,32605
"Gender agreement","Ungrammatical","lateral","left anterior","left","anterior",640,1.45430418647447,32605
"Gender agreement","Ungrammatical","lateral","left anterior","left","anterior",642,1.43909293053213,32605
"Gender agreement","Ungrammatical","lateral","left anterior","left","anterior",644,1.42114976230639,32605
"Gender agreement","Ungrammatical","lateral","left anterior","left","anterior",646,1.40292375402546,32605
"Gender agreement","Ungrammatical","lateral","left anterior","left","anterior",648,1.38721042784849,32605
"Gender agreement","Ungrammatical","lateral","left anterior","left","anterior",650,1.37552866124827,32605
"Gender agreement","Ungrammatical","lateral","left anterior","left","anterior",652,1.3668440423248,32605
"Gender agreement","Ungrammatical","lateral","left anterior","left","anterior",654,1.35869458671983,32605
"Gender agreement","Ungrammatical","lateral","left anterior","left","anterior",656,1.34974510044472,32605
"Gender agreement","Ungrammatical","lateral","left anterior","left","anterior",658,1.34108550835761,32605
"Gender agreement","Ungrammatical","lateral","left anterior","left","anterior",660,1.33476396258243,32605
"Gender agreement","Ungrammatical","lateral","left anterior","left","anterior",662,1.3312249041558,32605
"Gender agreement","Ungrammatical","lateral","left anterior","left","anterior",664,1.3284018708787,32605
"Gender agreement","Ungrammatical","lateral","left anterior","left","anterior",666,1.32293047078669,32605
"Gender agreement","Ungrammatical","lateral","left anterior","left","anterior",668,1.31258046311915,32605
"Gender agreement","Ungrammatical","lateral","left anterior","left","anterior",670,1.29787836221438,32605
"Gender agreement","Ungrammatical","lateral","left anterior","left","anterior",672,1.28100717681337,32605
"Gender agreement","Ungrammatical","lateral","left anterior","left","anterior",674,1.2634783008741,32605
"Gender agreement","Ungrammatical","lateral","left anterior","left","anterior",676,1.24535292133108,32605
"Gender agreement","Ungrammatical","lateral","left anterior","left","anterior",678,1.22576592547155,32605
"Gender agreement","Ungrammatical","lateral","left anterior","left","anterior",680,1.20336957521852,32605
"Gender agreement","Ungrammatical","lateral","left anterior","left","anterior",682,1.17745266063487,32605
"Gender agreement","Ungrammatical","lateral","left anterior","left","anterior",684,1.14941953688085,32605
"Gender agreement","Ungrammatical","lateral","left anterior","left","anterior",686,1.12225818126054,32605
"Gender agreement","Ungrammatical","lateral","left anterior","left","anterior",688,1.09767538721055,32605
"Gender agreement","Ungrammatical","lateral","left anterior","left","anterior",690,1.07418895874866,32605
"Gender agreement","Ungrammatical","lateral","left anterior","left","anterior",692,1.0488816132495,32605
"Gender agreement","Ungrammatical","lateral","left anterior","left","anterior",694,1.02102898328477,32605
"Gender agreement","Ungrammatical","lateral","left anterior","left","anterior",696,0.993430455451618,32605
"Gender agreement","Ungrammatical","lateral","left anterior","left","anterior",698,0.970291182333998,32605
"Gender agreement","Ungrammatical","lateral","left anterior","left","anterior",700,0.954005183254102,32605
"Gender agreement","Ungrammatical","lateral","left anterior","left","anterior",702,0.944137739610489,32605
"Gender agreement","Ungrammatical","lateral","left anterior","left","anterior",704,0.93894467106272,32605
"Gender agreement","Ungrammatical","lateral","left anterior","left","anterior",706,0.936643551602515,32605
"Gender agreement","Ungrammatical","lateral","left anterior","left","anterior",708,0.935304370495323,32605
"Gender agreement","Ungrammatical","lateral","left anterior","left","anterior",710,0.93323293973317,32605
"Gender agreement","Ungrammatical","lateral","left anterior","left","anterior",712,0.929760987578592,32605
"Gender agreement","Ungrammatical","lateral","left anterior","left","anterior",714,0.925214138935746,32605
"Gender agreement","Ungrammatical","lateral","left anterior","left","anterior",716,0.92019472473547,32605
"Gender agreement","Ungrammatical","lateral","left anterior","left","anterior",718,0.915062935132648,32605
"Gender agreement","Ungrammatical","lateral","left anterior","left","anterior",720,0.909893451924552,32605
"Gender agreement","Ungrammatical","lateral","left anterior","left","anterior",722,0.905149026222972,32605
"Gender agreement","Ungrammatical","lateral","left anterior","left","anterior",724,0.902279895721515,32605
"Gender agreement","Ungrammatical","lateral","left anterior","left","anterior",726,0.903504953228032,32605
"Gender agreement","Ungrammatical","lateral","left anterior","left","anterior",728,0.910694770740684,32605
"Gender agreement","Ungrammatical","lateral","left anterior","left","anterior",730,0.924026867044932,32605
"Gender agreement","Ungrammatical","lateral","left anterior","left","anterior",732,0.941258273270971,32605
"Gender agreement","Ungrammatical","lateral","left anterior","left","anterior",734,0.958558779328324,32605
"Gender agreement","Ungrammatical","lateral","left anterior","left","anterior",736,0.972060665542095,32605
"Gender agreement","Ungrammatical","lateral","left anterior","left","anterior",738,0.97932672902929,32605
"Gender agreement","Ungrammatical","lateral","left anterior","left","anterior",740,0.980318969483208,32605
"Gender agreement","Ungrammatical","lateral","left anterior","left","anterior",742,0.976863763226499,32605
"Gender agreement","Ungrammatical","lateral","left anterior","left","anterior",744,0.971325870265297,32605
"Gender agreement","Ungrammatical","lateral","left anterior","left","anterior",746,0.96606060420181,32605
"Gender agreement","Ungrammatical","lateral","left anterior","left","anterior",748,0.963281061186935,32605
"Gender agreement","Ungrammatical","lateral","left anterior","left","anterior",750,0.964701916883913,32605
"Gender agreement","Ungrammatical","lateral","left anterior","left","anterior",752,0.970934089863518,32605
"Gender agreement","Ungrammatical","lateral","left anterior","left","anterior",754,0.980612850789756,32605
"Gender agreement","Ungrammatical","lateral","left anterior","left","anterior",756,0.990527526452998,32605
"Gender agreement","Ungrammatical","lateral","left anterior","left","anterior",758,0.997544609722435,32605
"Gender agreement","Ungrammatical","lateral","left anterior","left","anterior",760,1.00071522772581,32605
"Gender agreement","Ungrammatical","lateral","left anterior","left","anterior",762,1.00165946940653,32605
"Gender agreement","Ungrammatical","lateral","left anterior","left","anterior",764,1.00329566017482,32605
"Gender agreement","Ungrammatical","lateral","left anterior","left","anterior",766,1.0078867965036,32605
"Gender agreement","Ungrammatical","lateral","left anterior","left","anterior",768,1.01601088790063,32605
"Gender agreement","Ungrammatical","lateral","left anterior","left","anterior",770,1.02692093237234,32605
"Gender agreement","Ungrammatical","lateral","left anterior","left","anterior",772,1.03937764146603,32605
"Gender agreement","Ungrammatical","lateral","left anterior","left","anterior",774,1.05171059653427,32605
"Gender agreement","Ungrammatical","lateral","left anterior","left","anterior",776,1.06180616469867,32605
"Gender agreement","Ungrammatical","lateral","left anterior","left","anterior",778,1.0680527526453,32605
"Gender agreement","Ungrammatical","lateral","left anterior","left","anterior",780,1.07054623523999,32605
"Gender agreement","Ungrammatical","lateral","left anterior","left","anterior",782,1.07074945560497,32605
"Gender agreement","Ungrammatical","lateral","left anterior","left","anterior",784,1.06941809538414,32605
"Gender agreement","Ungrammatical","lateral","left anterior","left","anterior",786,1.06548265603435,32605
"Gender agreement","Ungrammatical","lateral","left anterior","left","anterior",788,1.05731409293053,32605
"Gender agreement","Ungrammatical","lateral","left anterior","left","anterior",790,1.04470179420334,32605
"Gender agreement","Ungrammatical","lateral","left anterior","left","anterior",792,1.02964882686704,32605
"Gender agreement","Ungrammatical","lateral","left anterior","left","anterior",794,1.01503754025456,32605
"Gender agreement","Ungrammatical","lateral","left anterior","left","anterior",796,1.0020633338445,32605
"Gender agreement","Ungrammatical","lateral","left anterior","left","anterior",798,0.989658303941113,32605
"Gender agreement","Ungrammatical","lateral","left anterior","left","anterior",800,0.97657491182334,32605
"Gender agreement","Ungrammatical","lateral","left anterior","left","anterior",802,0.962726422327864,32605
"Gender agreement","Ungrammatical","lateral","left anterior","left","anterior",804,0.948412605428615,32605
"Gender agreement","Ungrammatical","lateral","left anterior","left","anterior",806,0.933591105658641,32605
"Gender agreement","Ungrammatical","lateral","left anterior","left","anterior",808,0.91805873332311,32605
"Gender agreement","Ungrammatical","lateral","left anterior","left","anterior",810,0.902134887287226,32605
"Gender agreement","Ungrammatical","lateral","left anterior","left","anterior",812,0.887060113479528,32605
"Gender agreement","Ungrammatical","lateral","left anterior","left","anterior",814,0.874575310535194,32605
"Gender agreement","Ungrammatical","lateral","left anterior","left","anterior",816,0.866087624597454,32605
"Gender agreement","Ungrammatical","lateral","left anterior","left","anterior",818,0.862075111179267,32605
"Gender agreement","Ungrammatical","lateral","left anterior","left","anterior",820,0.862272013494863,32605
"Gender agreement","Ungrammatical","lateral","left anterior","left","anterior",822,0.86613669682564,32605
"Gender agreement","Ungrammatical","lateral","left anterior","left","anterior",824,0.87301067320963,32605
"Gender agreement","Ungrammatical","lateral","left anterior","left","anterior",826,0.881779788376016,32605
"Gender agreement","Ungrammatical","lateral","left anterior","left","anterior",828,0.890706548075449,32605
"Gender agreement","Ungrammatical","lateral","left anterior","left","anterior",830,0.897921852476614,32605
"Gender agreement","Ungrammatical","lateral","left anterior","left","anterior",832,0.901897316362521,32605
"Gender agreement","Ungrammatical","lateral","left anterior","left","anterior",834,0.901182640699279,32605
"Gender agreement","Ungrammatical","lateral","left anterior","left","anterior",836,0.894090170219291,32605
"Gender agreement","Ungrammatical","lateral","left anterior","left","anterior",838,0.879204784542248,32605
"Gender agreement","Ungrammatical","lateral","left anterior","left","anterior",840,0.855551418494096,32605
"Gender agreement","Ungrammatical","lateral","left anterior","left","anterior",842,0.822335838061647,32605
"Gender agreement","Ungrammatical","lateral","left anterior","left","anterior",844,0.779394908756326,32605
"Gender agreement","Ungrammatical","lateral","left anterior","left","anterior",846,0.728031099524613,32605
"Gender agreement","Ungrammatical","lateral","left anterior","left","anterior",848,0.670616500536728,32605
"Gender agreement","Ungrammatical","lateral","left anterior","left","anterior",850,0.609497101671523,32605
"Gender agreement","Ungrammatical","lateral","left anterior","left","anterior",852,0.546193405919338,32605
"Gender agreement","Ungrammatical","lateral","left anterior","left","anterior",854,0.480612881459899,32605
"Gender agreement","Ungrammatical","lateral","left anterior","left","anterior",856,0.411299708633645,32605
"Gender agreement","Ungrammatical","lateral","left anterior","left","anterior",858,0.337254776874712,32605
"Gender agreement","Ungrammatical","lateral","left anterior","left","anterior",860,0.258902162245054,32605
"Gender agreement","Ungrammatical","lateral","left anterior","left","anterior",862,0.176784082195982,32605
"Gender agreement","Ungrammatical","lateral","left anterior","left","anterior",864,0.0901701272810919,32605
"Gender agreement","Ungrammatical","lateral","left anterior","left","anterior",866,-0.00284226345652508,32605
"Gender agreement","Ungrammatical","lateral","left anterior","left","anterior",868,-0.104098113786229,32605
"Gender agreement","Ungrammatical","lateral","left anterior","left","anterior",870,-0.213844379696366,32605
"Gender agreement","Ungrammatical","lateral","left anterior","left","anterior",872,-0.329667842355467,32605
"Gender agreement","Ungrammatical","lateral","left anterior","left","anterior",874,-0.447004201809538,32605
"Gender agreement","Ungrammatical","lateral","left anterior","left","anterior",876,-0.561003833767827,32605
"Gender agreement","Ungrammatical","lateral","left anterior","left","anterior",878,-0.668269498543168,32605
"Gender agreement","Ungrammatical","lateral","left anterior","left","anterior",880,-0.767141818739457,32605
"Gender agreement","Ungrammatical","lateral","left anterior","left","anterior",882,-0.856920410979911,32605
"Gender agreement","Ungrammatical","lateral","left anterior","left","anterior",884,-0.937284588253335,32605
"Gender agreement","Ungrammatical","lateral","left anterior","left","anterior",886,-1.00795365741451,32605
"Gender agreement","Ungrammatical","lateral","left anterior","left","anterior",888,-1.06834433369115,32605
"Gender agreement","Ungrammatical","lateral","left anterior","left","anterior",890,-1.11814810611869,32605
"Gender agreement","Ungrammatical","lateral","left anterior","left","anterior",892,-1.15810167152277,32605
"Gender agreement","Ungrammatical","lateral","left anterior","left","anterior",894,-1.18950004600521,32605
"Gender agreement","Ungrammatical","lateral","left anterior","left","anterior",896,-1.21268544701733,32605
"Gender agreement","Ungrammatical","lateral","left anterior","left","anterior",898,-1.22652323263303,32605
"Gender agreement","Ungrammatical","lateral","left anterior","left","anterior",900,-1.22897619996933,32605
"Gender agreement","Ungrammatical","lateral","left anterior","left","anterior",902,-1.21799113632878,32605
"Gender agreement","Ungrammatical","lateral","left anterior","left","anterior",904,-1.19204434902622,32605
"Gender agreement","Ungrammatical","lateral","left anterior","left","anterior",906,-1.15002364667996,32605
"Gender agreement","Ungrammatical","lateral","left anterior","left","anterior",908,-1.09048971016715,32605
"Gender agreement","Ungrammatical","lateral","left anterior","left","anterior",910,-1.0116290752952,32605
"Gender agreement","Ungrammatical","lateral","left anterior","left","anterior",912,-0.912147554056126,32605
"Gender agreement","Ungrammatical","lateral","left anterior","left","anterior",914,-0.792245177120074,32605
"Gender agreement","Ungrammatical","lateral","left anterior","left","anterior",916,-0.6540672902929,32605
"Gender agreement","Ungrammatical","lateral","left anterior","left","anterior",918,-0.502139702499617,32605
"Gender agreement","Ungrammatical","lateral","left anterior","left","anterior",920,-0.342856279711701,32605
"Gender agreement","Ungrammatical","lateral","left anterior","left","anterior",922,-0.182689648826867,32605
"Gender agreement","Ungrammatical","lateral","left anterior","left","anterior",924,-0.0260379696365588,32605
"Gender agreement","Ungrammatical","lateral","left anterior","left","anterior",926,0.125968471093391,32605
"Gender agreement","Ungrammatical","lateral","left anterior","left","anterior",928,0.275360251495169,32605
"Gender agreement","Ungrammatical","lateral","left anterior","left","anterior",930,0.425340837294893,32605
"Gender agreement","Ungrammatical","lateral","left anterior","left","anterior",932,0.577136114092931,32605
"Gender agreement","Ungrammatical","lateral","left anterior","left","anterior",934,0.728176476000613,32605
"Gender agreement","Ungrammatical","lateral","left anterior","left","anterior",936,0.873359546081889,32605
"Gender agreement","Ungrammatical","lateral","left anterior","left","anterior",938,1.0075362367735,32605
"Gender agreement","Ungrammatical","lateral","left anterior","left","anterior",940,1.12698371415427,32605
"Gender agreement","Ungrammatical","lateral","left anterior","left","anterior",942,1.22997846955988,32605
"Gender agreement","Ungrammatical","lateral","left anterior","left","anterior",944,1.31725756785769,32605
"Gender agreement","Ungrammatical","lateral","left anterior","left","anterior",946,1.39156065020702,32605
"Gender agreement","Ungrammatical","lateral","left anterior","left","anterior",948,1.45556721361754,32605
"Gender agreement","Ungrammatical","lateral","left anterior","left","anterior",950,1.50975862597761,32605
"Gender agreement","Ungrammatical","lateral","left anterior","left","anterior",952,1.5521613556203,32605
"Gender agreement","Ungrammatical","lateral","left anterior","left","anterior",954,1.57952182180647,32605
"Gender agreement","Ungrammatical","lateral","left anterior","left","anterior",956,1.58841015181721,32605
"Gender agreement","Ungrammatical","lateral","left anterior","left","anterior",958,1.5763559576752,32605
"Gender agreement","Ungrammatical","lateral","left anterior","left","anterior",960,1.54363198895875,32605
"Gender agreement","Ungrammatical","lateral","left anterior","left","anterior",962,1.49414197209017,32605
"Gender agreement","Ungrammatical","lateral","left anterior","left","anterior",964,1.43341588713388,32605
"Gender agreement","Ungrammatical","lateral","left anterior","left","anterior",966,1.36587382303328,32605
"Gender agreement","Ungrammatical","lateral","left anterior","left","anterior",968,1.2946768593774,32605
"Gender agreement","Ungrammatical","lateral","left anterior","left","anterior",970,1.22342192915197,32605
"Gender agreement","Ungrammatical","lateral","left anterior","left","anterior",972,1.15619497009661,32605
"Gender agreement","Ungrammatical","lateral","left anterior","left","anterior",974,1.09541686857844,32605
"Gender agreement","Ungrammatical","lateral","left anterior","left","anterior",976,1.04063385983745,32605
"Gender agreement","Ungrammatical","lateral","left anterior","left","anterior",978,0.989664284618924,32605
"Gender agreement","Ungrammatical","lateral","left anterior","left","anterior",980,0.940048826867045,32605
"Gender agreement","Ungrammatical","lateral","left anterior","left","anterior",982,0.889817420641006,32605
"Gender agreement","Ungrammatical","lateral","left anterior","left","anterior",984,0.83787514184941,32605
"Gender agreement","Ungrammatical","lateral","left anterior","left","anterior",986,0.783827204416501,32605
"Gender agreement","Ungrammatical","lateral","left anterior","left","anterior",988,0.727138997086336,32605
"Gender agreement","Ungrammatical","lateral","left anterior","left","anterior",990,0.666857506517405,32605
"Gender agreement","Ungrammatical","lateral","left anterior","left","anterior",992,0.602701916883914,32605
"Gender agreement","Ungrammatical","lateral","left anterior","left","anterior",994,0.536047692071768,32605
"Gender agreement","Ungrammatical","lateral","left anterior","left","anterior",996,0.469032295660175,32605
"Gender agreement","Ungrammatical","lateral","left anterior","left","anterior",998,0.403271952154578,32605
"Gender agreement","Ungrammatical","lateral","left anterior","left","anterior",1000,0.33960984511578,32605
"Gender agreement","Ungrammatical","lateral","left anterior","left","anterior",1002,0.278113356847109,32605
"Gender agreement","Ungrammatical","lateral","left anterior","left","anterior",1004,0.218003711087257,32605
"Gender agreement","Ungrammatical","lateral","left anterior","left","anterior",1006,0.157892593160558,32605
"Gender agreement","Ungrammatical","lateral","left anterior","left","anterior",1008,0.0968980524459439,32605
"Gender agreement","Ungrammatical","lateral","left anterior","left","anterior",1010,0.0356269590553596,32605
"Gender agreement","Ungrammatical","lateral","left anterior","left","anterior",1012,-0.0240161018248735,32605
"Gender agreement","Ungrammatical","lateral","left anterior","left","anterior",1014,-0.0801308694985432,32605
"Gender agreement","Ungrammatical","lateral","left anterior","left","anterior",1016,-0.131818095384144,32605
"Gender agreement","Ungrammatical","lateral","left anterior","left","anterior",1018,-0.179219291519706,32605
"Gender agreement","Ungrammatical","lateral","left anterior","left","anterior",1020,-0.223173470326637,32605
"Gender agreement","Ungrammatical","lateral","left anterior","left","anterior",1022,-0.264689648826867,32605
"Gender agreement","Ungrammatical","lateral","left anterior","left","anterior",1024,-0.304524214077595,32605
"Gender agreement","Ungrammatical","lateral","left anterior","left","anterior",1026,-0.343555282932066,32605
"Gender agreement","Ungrammatical","lateral","left anterior","left","anterior",1028,-0.382989112099371,32605
"Gender agreement","Ungrammatical","lateral","left anterior","left","anterior",1030,-0.423794356693759,32605
"Gender agreement","Ungrammatical","lateral","left anterior","left","anterior",1032,-0.466684066860911,32605
"Gender agreement","Ungrammatical","lateral","left anterior","left","anterior",1034,-0.513006471400092,32605
"Gender agreement","Ungrammatical","lateral","left anterior","left","anterior",1036,-0.564280601134795,32605
"Gender agreement","Ungrammatical","lateral","left anterior","left","anterior",1038,-0.62043235700046,32605
"Gender agreement","Ungrammatical","lateral","left anterior","left","anterior",1040,-0.679284496242908,32605
"Gender agreement","Ungrammatical","lateral","left anterior","left","anterior",1042,-0.738484802944334,32605
"Gender agreement","Ungrammatical","lateral","left anterior","left","anterior",1044,-0.797643582272658,32605
"Gender agreement","Ungrammatical","lateral","left anterior","left","anterior",1046,-0.85802297193682,32605
"Gender agreement","Ungrammatical","lateral","left anterior","left","anterior",1048,-0.920152031896948,32605
"Gender agreement","Ungrammatical","lateral","left anterior","left","anterior",1050,-0.982480815825794,32605
"Gender agreement","Ungrammatical","lateral","left anterior","left","anterior",1052,-1.04256270510658,32605
"Gender agreement","Ungrammatical","lateral","left anterior","left","anterior",1054,-1.09917120073608,32605
"Gender agreement","Ungrammatical","lateral","left anterior","left","anterior",1056,-1.15264266216838,32605
"Gender agreement","Ungrammatical","lateral","left anterior","left","anterior",1058,-1.20348446557277,32605
"Gender agreement","Ungrammatical","lateral","left anterior","left","anterior",1060,-1.25133654347493,32605
"Gender agreement","Ungrammatical","lateral","left anterior","left","anterior",1062,-1.29526314982365,32605
"Gender agreement","Ungrammatical","lateral","left anterior","left","anterior",1064,-1.3346332464346,32605
"Gender agreement","Ungrammatical","lateral","left anterior","left","anterior",1066,-1.36943974850483,32605
"Gender agreement","Ungrammatical","lateral","left anterior","left","anterior",1068,-1.39982076368655,32605
"Gender agreement","Ungrammatical","lateral","left anterior","left","anterior",1070,-1.42536617083269,32605
"Gender agreement","Ungrammatical","lateral","left anterior","left","anterior",1072,-1.44526321116393,32605
"Gender agreement","Ungrammatical","lateral","left anterior","left","anterior",1074,-1.45911574911823,32605
"Gender agreement","Ungrammatical","lateral","left anterior","left","anterior",1076,-1.46728992485815,32605
"Gender agreement","Ungrammatical","lateral","left anterior","left","anterior",1078,-1.47008397485048,32605
"Gender agreement","Ungrammatical","lateral","left anterior","left","anterior",1080,-1.46686008280938,32605
"Gender agreement","Ungrammatical","lateral","left anterior","left","anterior",1082,-1.45604220211624,32605
"Gender agreement","Ungrammatical","lateral","left anterior","left","anterior",1084,-1.43605557429842,32605
"Gender agreement","Ungrammatical","lateral","left anterior","left","anterior",1086,-1.40676420794357,32605
"Gender agreement","Ungrammatical","lateral","left anterior","left","anterior",1088,-1.37090314368962,32605
"Gender agreement","Ungrammatical","lateral","left anterior","left","anterior",1090,-1.33371648520166,32605
"Gender agreement","Ungrammatical","lateral","left anterior","left","anterior",1092,-1.30024769207177,32605
"Gender agreement","Ungrammatical","lateral","left anterior","left","anterior",1094,-1.27244744671063,32605
"Gender agreement","Ungrammatical","lateral","left anterior","left","anterior",1096,-1.24882965802791,32605
"Gender agreement","Ungrammatical","lateral","left anterior","left","anterior",1098,-1.22674577518785,32605
"Gender agreement","Ungrammatical","lateral","left medial","left","medial",-100,0.233859377396105,19563
"Gender agreement","Ungrammatical","lateral","left medial","left","medial",-98,0.228522312528753,19563
"Gender agreement","Ungrammatical","lateral","left medial","left","medial",-96,0.221287532587027,19563
"Gender agreement","Ungrammatical","lateral","left medial","left","medial",-94,0.213399325256862,19563
"Gender agreement","Ungrammatical","lateral","left medial","left","medial",-92,0.204651331595359,19563
"Gender agreement","Ungrammatical","lateral","left medial","left","medial",-90,0.193995348361703,19563
"Gender agreement","Ungrammatical","lateral","left medial","left","medial",-88,0.181291979757706,19563
"Gender agreement","Ungrammatical","lateral","left medial","left","medial",-86,0.168080918059602,19563
"Gender agreement","Ungrammatical","lateral","left medial","left","medial",-84,0.156384910289833,19563
"Gender agreement","Ungrammatical","lateral","left medial","left","medial",-82,0.147289066094157,19563
"Gender agreement","Ungrammatical","lateral","left medial","left","medial",-80,0.141102438276338,19563
"Gender agreement","Ungrammatical","lateral","left medial","left","medial",-78,0.138332055410724,19563
"Gender agreement","Ungrammatical","lateral","left medial","left","medial",-76,0.13957889894188,19563
"Gender agreement","Ungrammatical","lateral","left medial","left","medial",-74,0.144747533609365,19563
"Gender agreement","Ungrammatical","lateral","left medial","left","medial",-72,0.152694014210499,19563
"Gender agreement","Ungrammatical","lateral","left medial","left","medial",-70,0.161512958135255,19563
"Gender agreement","Ungrammatical","lateral","left medial","left","medial",-68,0.168800950774421,19563
"Gender agreement","Ungrammatical","lateral","left medial","left","medial",-66,0.17211066809794,19563
"Gender agreement","Ungrammatical","lateral","left medial","left","medial",-64,0.169447221796248,19563
"Gender agreement","Ungrammatical","lateral","left medial","left","medial",-62,0.159766906916117,19563
"Gender agreement","Ungrammatical","lateral","left medial","left","medial",-60,0.143323365536983,19563
"Gender agreement","Ungrammatical","lateral","left medial","left","medial",-58,0.121993559270051,19563
"Gender agreement","Ungrammatical","lateral","left medial","left","medial",-56,0.0990604201809538,19563
"Gender agreement","Ungrammatical","lateral","left medial","left","medial",-54,0.0781358176148853,19563
"Gender agreement","Ungrammatical","lateral","left medial","left","medial",-52,0.0617107294382252,19563
"Gender agreement","Ungrammatical","lateral","left medial","left","medial",-50,0.0500615958697541,19563
"Gender agreement","Ungrammatical","lateral","left medial","left","medial",-48,0.0416437662935133,19563
"Gender agreement","Ungrammatical","lateral","left medial","left","medial",-46,0.0344006542963758,19563
"Gender agreement","Ungrammatical","lateral","left medial","left","medial",-44,0.0269806778101518,19563
"Gender agreement","Ungrammatical","lateral","left medial","left","medial",-42,0.0195035015079487,19563
"Gender agreement","Ungrammatical","lateral","left medial","left","medial",-40,0.012865204723202,19563
"Gender agreement","Ungrammatical","lateral","left medial","left","medial",-38,0.00654873996830753,19563
"Gender agreement","Ungrammatical","lateral","left medial","left","medial",-36,-0.00245913203496397,19563
"Gender agreement","Ungrammatical","lateral","left medial","left","medial",-34,-0.0176300669631447,19563
"Gender agreement","Ungrammatical","lateral","left medial","left","medial",-32,-0.0400426826151408,19563
"Gender agreement","Ungrammatical","lateral","left medial","left","medial",-30,-0.0678284005520626,19563
"Gender agreement","Ungrammatical","lateral","left medial","left","medial",-28,-0.097659612533865,19563
"Gender agreement","Ungrammatical","lateral","left medial","left","medial",-26,-0.126840873076726,19563
"Gender agreement","Ungrammatical","lateral","left medial","left","medial",-24,-0.154564330624137,19563
"Gender agreement","Ungrammatical","lateral","left medial","left","medial",-22,-0.18128804375607,19563
"Gender agreement","Ungrammatical","lateral","left medial","left","medial",-20,-0.20703915554874,19563
"Gender agreement","Ungrammatical","lateral","left medial","left","medial",-18,-0.230658283494352,19563
"Gender agreement","Ungrammatical","lateral","left medial","left","medial",-16,-0.250500383376783,19563
"Gender agreement","Ungrammatical","lateral","left medial","left","medial",-14,-0.265754485508358,19563
"Gender agreement","Ungrammatical","lateral","left medial","left","medial",-12,-0.276944282574247,19563
"Gender agreement","Ungrammatical","lateral","left medial","left","medial",-10,-0.28479425445995,19563
"Gender agreement","Ungrammatical","lateral","left medial","left","medial",-8,-0.289117568880029,19563
"Gender agreement","Ungrammatical","lateral","left medial","left","medial",-6,-0.289432091192557,19563
"Gender agreement","Ungrammatical","lateral","left medial","left","medial",-4,-0.286413229054848,19563
"Gender agreement","Ungrammatical","lateral","left medial","left","medial",-2,-0.281874405765987,19563
"Gender agreement","Ungrammatical","lateral","left medial","left","medial",0,-0.277206103358381,19563
"Gender agreement","Ungrammatical","lateral","left medial","left","medial",2,-0.272425599345704,19563
"Gender agreement","Ungrammatical","lateral","left medial","left","medial",4,-0.266975668353525,19563
"Gender agreement","Ungrammatical","lateral","left medial","left","medial",6,-0.26091371466544,19563
"Gender agreement","Ungrammatical","lateral","left medial","left","medial",8,-0.254961969023156,19563
"Gender agreement","Ungrammatical","lateral","left medial","left","medial",10,-0.250182538465471,19563
"Gender agreement","Ungrammatical","lateral","left medial","left","medial",12,-0.24755814547871,19563
"Gender agreement","Ungrammatical","lateral","left medial","left","medial",14,-0.247338905075909,19563
"Gender agreement","Ungrammatical","lateral","left medial","left","medial",16,-0.248832949956551,19563
"Gender agreement","Ungrammatical","lateral","left medial","left","medial",18,-0.251005213924245,19563
"Gender agreement","Ungrammatical","lateral","left medial","left","medial",20,-0.253110156928896,19563
"Gender agreement","Ungrammatical","lateral","left medial","left","medial",22,-0.254746204569851,19563
"Gender agreement","Ungrammatical","lateral","left medial","left","medial",24,-0.255016970812248,19563
"Gender agreement","Ungrammatical","lateral","left medial","left","medial",26,-0.252010990134437,19563
"Gender agreement","Ungrammatical","lateral","left medial","left","medial",28,-0.243535193988652,19563
"Gender agreement","Ungrammatical","lateral","left medial","left","medial",30,-0.228371671011604,19563
"Gender agreement","Ungrammatical","lateral","left medial","left","medial",32,-0.207014619434647,19563
"Gender agreement","Ungrammatical","lateral","left medial","left","medial",34,-0.181516331850943,19563
"Gender agreement","Ungrammatical","lateral","left medial","left","medial",36,-0.155114604099576,19563
"Gender agreement","Ungrammatical","lateral","left medial","left","medial",38,-0.13128569237847,19563
"Gender agreement","Ungrammatical","lateral","left medial","left","medial",40,-0.112493124776364,19563
"Gender agreement","Ungrammatical","lateral","left medial","left","medial",42,-0.0996112048254358,19563
"Gender agreement","Ungrammatical","lateral","left medial","left","medial",44,-0.0922111128150079,19563
"Gender agreement","Ungrammatical","lateral","left medial","left","medial",46,-0.0891658232377447,19563
"Gender agreement","Ungrammatical","lateral","left medial","left","medial",48,-0.0892301283034299,19563
"Gender agreement","Ungrammatical","lateral","left medial","left","medial",50,-0.0908879006287379,19563
"Gender agreement","Ungrammatical","lateral","left medial","left","medial",52,-0.0919640136993304,19563
"Gender agreement","Ungrammatical","lateral","left medial","left","medial",54,-0.0901223738690385,19563
"Gender agreement","Ungrammatical","lateral","left medial","left","medial",56,-0.0843744824413434,19563
"Gender agreement","Ungrammatical","lateral","left medial","left","medial",58,-0.0759889587486582,19563
"Gender agreement","Ungrammatical","lateral","left medial","left","medial",60,-0.0678328988396463,19563
"Gender agreement","Ungrammatical","lateral","left medial","left","medial",62,-0.0624950161018249,19563
"Gender agreement","Ungrammatical","lateral","left medial","left","medial",64,-0.0611381178755815,19563
"Gender agreement","Ungrammatical","lateral","left medial","left","medial",66,-0.0641835608035577,19563
"Gender agreement","Ungrammatical","lateral","left medial","left","medial",68,-0.0717750856208148,19563
"Gender agreement","Ungrammatical","lateral","left medial","left","medial",70,-0.0826797525941829,19563
"Gender agreement","Ungrammatical","lateral","left medial","left","medial",72,-0.0941162909574196,19563
"Gender agreement","Ungrammatical","lateral","left medial","left","medial",74,-0.10362122373869,19563
"Gender agreement","Ungrammatical","lateral","left medial","left","medial",76,-0.110144558605531,19563
"Gender agreement","Ungrammatical","lateral","left medial","left","medial",78,-0.113469253182027,19563
"Gender agreement","Ungrammatical","lateral","left medial","left","medial",80,-0.113722793027654,19563
"Gender agreement","Ungrammatical","lateral","left medial","left","medial",82,-0.111605939784287,19563
"Gender agreement","Ungrammatical","lateral","left medial","left","medial",84,-0.108700403823544,19563
"Gender agreement","Ungrammatical","lateral","left medial","left","medial",86,-0.107968154168584,19563
"Gender agreement","Ungrammatical","lateral","left medial","left","medial",88,-0.113887389459694,19563
"Gender agreement","Ungrammatical","lateral","left medial","left","medial",90,-0.131023104840771,19563
"Gender agreement","Ungrammatical","lateral","left medial","left","medial",92,-0.161980626693247,19563
"Gender agreement","Ungrammatical","lateral","left medial","left","medial",94,-0.206205081020293,19563
"Gender agreement","Ungrammatical","lateral","left medial","left","medial",96,-0.261117262178602,19563
"Gender agreement","Ungrammatical","lateral","left medial","left","medial",98,-0.324272862035475,19563
"Gender agreement","Ungrammatical","lateral","left medial","left","medial",100,-0.394066247508051,19563
"Gender agreement","Ungrammatical","lateral","left medial","left","medial",102,-0.469063691662833,19563
"Gender agreement","Ungrammatical","lateral","left medial","left","medial",104,-0.548139089096764,19563
"Gender agreement","Ungrammatical","lateral","left medial","left","medial",106,-0.630906967234064,19563
"Gender agreement","Ungrammatical","lateral","left medial","left","medial",108,-0.717323109952461,19563
"Gender agreement","Ungrammatical","lateral","left medial","left","medial",110,-0.806501201247252,19563
"Gender agreement","Ungrammatical","lateral","left medial","left","medial",112,-0.89586213770894,19563
"Gender agreement","Ungrammatical","lateral","left medial","left","medial",114,-0.981439707611307,19563
"Gender agreement","Ungrammatical","lateral","left medial","left","medial",116,-1.05931079077851,19563
"Gender agreement","Ungrammatical","lateral","left medial","left","medial",118,-1.12713822010939,19563
"Gender agreement","Ungrammatical","lateral","left medial","left","medial",120,-1.18435781833052,19563
"Gender agreement","Ungrammatical","lateral","left medial","left","medial",122,-1.23096728518121,19563
"Gender agreement","Ungrammatical","lateral","left medial","left","medial",124,-1.26625430659919,19563
"Gender agreement","Ungrammatical","lateral","left medial","left","medial",126,-1.2888030976844,19563
"Gender agreement","Ungrammatical","lateral","left medial","left","medial",128,-1.29772509328835,19563
"Gender agreement","Ungrammatical","lateral","left medial","left","medial",130,-1.29398895874866,19563
"Gender agreement","Ungrammatical","lateral","left medial","left","medial",132,-1.28032086080867,19563
"Gender agreement","Ungrammatical","lateral","left medial","left","medial",134,-1.25922644788632,19563
"Gender agreement","Ungrammatical","lateral","left medial","left","medial",136,-1.2307315851352,19563
"Gender agreement","Ungrammatical","lateral","left medial","left","medial",138,-1.19225410213157,19563
"Gender agreement","Ungrammatical","lateral","left medial","left","medial",140,-1.14074717579103,19563
"Gender agreement","Ungrammatical","lateral","left medial","left","medial",142,-1.07475479220978,19563
"Gender agreement","Ungrammatical","lateral","left medial","left","medial",144,-0.99462004804989,19563
"Gender agreement","Ungrammatical","lateral","left medial","left","medial",146,-0.901798037110873,19563
"Gender agreement","Ungrammatical","lateral","left medial","left","medial",148,-0.798344885753719,19563
"Gender agreement","Ungrammatical","lateral","left medial","left","medial",150,-0.686512446966212,19563
"Gender agreement","Ungrammatical","lateral","left medial","left","medial",152,-0.568317538209886,19563
"Gender agreement","Ungrammatical","lateral","left medial","left","medial",154,-0.44546623728467,19563
"Gender agreement","Ungrammatical","lateral","left medial","left","medial",156,-0.319427797372591,19563
"Gender agreement","Ungrammatical","lateral","left medial","left","medial",158,-0.191236569033379,19563
"Gender agreement","Ungrammatical","lateral","left medial","left","medial",160,-0.0613395184787609,19563
"Gender agreement","Ungrammatical","lateral","left medial","left","medial",162,0.0702397382814497,19563
"Gender agreement","Ungrammatical","lateral","left medial","left","medial",164,0.203631702704084,19563
"Gender agreement","Ungrammatical","lateral","left medial","left","medial",166,0.338783315442417,19563
"Gender agreement","Ungrammatical","lateral","left medial","left","medial",168,0.475145274242192,19563
"Gender agreement","Ungrammatical","lateral","left medial","left","medial",170,0.61173235188877,19563
"Gender agreement","Ungrammatical","lateral","left medial","left","medial",172,0.747431682257322,19563
"Gender agreement","Ungrammatical","lateral","left medial","left","medial",174,0.881063282727598,19563
"Gender agreement","Ungrammatical","lateral","left medial","left","medial",176,1.0108768593774,19563
"Gender agreement","Ungrammatical","lateral","left medial","left","medial",178,1.13435572253744,19563
"Gender agreement","Ungrammatical","lateral","left medial","left","medial",180,1.24912533864949,19563
"Gender agreement","Ungrammatical","lateral","left medial","left","medial",182,1.3542930532127,19563
"Gender agreement","Ungrammatical","lateral","left medial","left","medial",184,1.45072228185861,19563
"Gender agreement","Ungrammatical","lateral","left medial","left","medial",186,1.54019306854777,19563
"Gender agreement","Ungrammatical","lateral","left medial","left","medial",188,1.62426478556459,19563
"Gender agreement","Ungrammatical","lateral","left medial","left","medial",190,1.7034807033686,19563
"Gender agreement","Ungrammatical","lateral","left medial","left","medial",192,1.77758912232275,19563
"Gender agreement","Ungrammatical","lateral","left medial","left","medial",194,1.84616321627562,19563
"Gender agreement","Ungrammatical","lateral","left medial","left","medial",196,1.90850784644482,19563
"Gender agreement","Ungrammatical","lateral","left medial","left","medial",198,1.96370618003374,19563
"Gender agreement","Ungrammatical","lateral","left medial","left","medial",200,2.01193799519501,19563
"Gender agreement","Ungrammatical","lateral","left medial","left","medial",202,2.05554807544855,19563
"Gender agreement","Ungrammatical","lateral","left medial","left","medial",204,2.09777380769821,19563
"Gender agreement","Ungrammatical","lateral","left medial","left","medial",206,2.14062183714154,19563
"Gender agreement","Ungrammatical","lateral","left medial","left","medial",208,2.18444814190053,19563
"Gender agreement","Ungrammatical","lateral","left medial","left","medial",210,2.22882277769258,19563
"Gender agreement","Ungrammatical","lateral","left medial","left","medial",212,2.27293104329602,19563
"Gender agreement","Ungrammatical","lateral","left medial","left","medial",214,2.31579670807136,19563
"Gender agreement","Ungrammatical","lateral","left medial","left","medial",216,2.35630956397281,19563
"Gender agreement","Ungrammatical","lateral","left medial","left","medial",218,2.39358753769872,19563
"Gender agreement","Ungrammatical","lateral","left medial","left","medial",220,2.4278148034555,19563
"Gender agreement","Ungrammatical","lateral","left medial","left","medial",222,2.46149971885703,19563
"Gender agreement","Ungrammatical","lateral","left medial","left","medial",224,2.49896319582886,19563
"Gender agreement","Ungrammatical","lateral","left medial","left","medial",226,2.54353412053366,19563
"Gender agreement","Ungrammatical","lateral","left medial","left","medial",228,2.59550227470224,19563
"Gender agreement","Ungrammatical","lateral","left medial","left","medial",230,2.65247799417267,19563
"Gender agreement","Ungrammatical","lateral","left medial","left","medial",232,2.71092802739866,19563
"Gender agreement","Ungrammatical","lateral","left medial","left","medial",234,2.76729632469458,19563
"Gender agreement","Ungrammatical","lateral","left medial","left","medial",236,2.81860415069263,19563
"Gender agreement","Ungrammatical","lateral","left medial","left","medial",238,2.86258820221847,19563
"Gender agreement","Ungrammatical","lateral","left medial","left","medial",240,2.89737918519654,19563
"Gender agreement","Ungrammatical","lateral","left medial","left","medial",242,2.92144006542964,19563
"Gender agreement","Ungrammatical","lateral","left medial","left","medial",244,2.93357460512191,19563
"Gender agreement","Ungrammatical","lateral","left medial","left","medial",246,2.93332837499361,19563
"Gender agreement","Ungrammatical","lateral","left medial","left","medial",248,2.92134769718346,19563
"Gender agreement","Ungrammatical","lateral","left medial","left","medial",250,2.89951423605786,19563
"Gender agreement","Ungrammatical","lateral","left medial","left","medial",252,2.87059464294842,19563
"Gender agreement","Ungrammatical","lateral","left medial","left","medial",254,2.83826519449982,19563
"Gender agreement","Ungrammatical","lateral","left medial","left","medial",256,2.80663476971835,19563
"Gender agreement","Ungrammatical","lateral","left medial","left","medial",258,2.77824536114093,19563
"Gender agreement","Ungrammatical","lateral","left medial","left","medial",260,2.75241696058887,19563
"Gender agreement","Ungrammatical","lateral","left medial","left","medial",262,2.72603153912999,19563
"Gender agreement","Ungrammatical","lateral","left medial","left","medial",264,2.69623181516127,19563
"Gender agreement","Ungrammatical","lateral","left medial","left","medial",266,2.66258252824209,19563
"Gender agreement","Ungrammatical","lateral","left medial","left","medial",268,2.62713791340796,19563
"Gender agreement","Ungrammatical","lateral","left medial","left","medial",270,2.59293538823289,19563
"Gender agreement","Ungrammatical","lateral","left medial","left","medial",272,2.56178990952308,19563
"Gender agreement","Ungrammatical","lateral","left medial","left","medial",274,2.53239089096764,19563
"Gender agreement","Ungrammatical","lateral","left medial","left","medial",276,2.50027746255687,19563
"Gender agreement","Ungrammatical","lateral","left medial","left","medial",278,2.46023851147574,19563
"Gender agreement","Ungrammatical","lateral","left medial","left","medial",280,2.40940571486991,19563
"Gender agreement","Ungrammatical","lateral","left medial","left","medial",282,2.34873025609569,19563
"Gender agreement","Ungrammatical","lateral","left medial","left","medial",284,2.28213515309513,19563
"Gender agreement","Ungrammatical","lateral","left medial","left","medial",286,2.21459643204008,19563
"Gender agreement","Ungrammatical","lateral","left medial","left","medial",288,2.15048223687573,19563
"Gender agreement","Ungrammatical","lateral","left medial","left","medial",290,2.09244502376936,19563
"Gender agreement","Ungrammatical","lateral","left medial","left","medial",292,2.04072892705618,19563
"Gender agreement","Ungrammatical","lateral","left medial","left","medial",294,1.99327097071001,19563
"Gender agreement","Ungrammatical","lateral","left medial","left","medial",296,1.94677319429535,19563
"Gender agreement","Ungrammatical","lateral","left medial","left","medial",298,1.8977901139907,19563
"Gender agreement","Ungrammatical","lateral","left medial","left","medial",300,1.84296646731074,19563
"Gender agreement","Ungrammatical","lateral","left medial","left","medial",302,1.77928988396463,19563
"Gender agreement","Ungrammatical","lateral","left medial","left","medial",304,1.70571262076369,19563
"Gender agreement","Ungrammatical","lateral","left medial","left","medial",306,1.62416705004345,19563
"Gender agreement","Ungrammatical","lateral","left medial","left","medial",308,1.53840832183203,19563
"Gender agreement","Ungrammatical","lateral","left medial","left","medial",310,1.4527878648469,19563
"Gender agreement","Ungrammatical","lateral","left medial","left","medial",312,1.37166201502837,19563
"Gender agreement","Ungrammatical","lateral","left medial","left","medial",314,1.29818304963451,19563
"Gender agreement","Ungrammatical","lateral","left medial","left","medial",316,1.23325047283137,19563
"Gender agreement","Ungrammatical","lateral","left medial","left","medial",318,1.17564289730614,19563
"Gender agreement","Ungrammatical","lateral","left medial","left","medial",320,1.12266779123856,19563
"Gender agreement","Ungrammatical","lateral","left medial","left","medial",322,1.07097510606758,19563
"Gender agreement","Ungrammatical","lateral","left medial","left","medial",324,1.01810095588611,19563
"Gender agreement","Ungrammatical","lateral","left medial","left","medial",326,0.963760415069263,19563
"Gender agreement","Ungrammatical","lateral","left medial","left","medial",328,0.909797883760159,19563
"Gender agreement","Ungrammatical","lateral","left medial","left","medial",330,0.858945509379952,19563
"Gender agreement","Ungrammatical","lateral","left medial","left","medial",332,0.813041915861575,19563
"Gender agreement","Ungrammatical","lateral","left medial","left","medial",334,0.771775954608189,19563
"Gender agreement","Ungrammatical","lateral","left medial","left","medial",336,0.733085978633134,19563
"Gender agreement","Ungrammatical","lateral","left medial","left","medial",338,0.69489975975055,19563
"Gender agreement","Ungrammatical","lateral","left medial","left","medial",340,0.656560394622502,19563
"Gender agreement","Ungrammatical","lateral","left medial","left","medial",342,0.618936257220263,19563
"Gender agreement","Ungrammatical","lateral","left medial","left","medial",344,0.583677401216582,19563
"Gender agreement","Ungrammatical","lateral","left medial","left","medial",346,0.552744006542964,19563
"Gender agreement","Ungrammatical","lateral","left medial","left","medial",348,0.528270715125492,19563
"Gender agreement","Ungrammatical","lateral","left medial","left","medial",350,0.511512498083116,19563
"Gender agreement","Ungrammatical","lateral","left medial","left","medial",352,0.501176506670756,19563
"Gender agreement","Ungrammatical","lateral","left medial","left","medial",354,0.493795021213515,19563
"Gender agreement","Ungrammatical","lateral","left medial","left","medial",356,0.486128763482084,19563
"Gender agreement","Ungrammatical","lateral","left medial","left","medial",358,0.476785717936922,19563
"Gender agreement","Ungrammatical","lateral","left medial","left","medial",360,0.465754689975975,19563
"Gender agreement","Ungrammatical","lateral","left medial","left","medial",362,0.4537842866636,19563
"Gender agreement","Ungrammatical","lateral","left medial","left","medial",364,0.442293615498645,19563
"Gender agreement","Ungrammatical","lateral","left medial","left","medial",366,0.432988703164136,19563
"Gender agreement","Ungrammatical","lateral","left medial","left","medial",368,0.426493891529929,19563
"Gender agreement","Ungrammatical","lateral","left medial","left","medial",370,0.421412155599857,19563
"Gender agreement","Ungrammatical","lateral","left medial","left","medial",372,0.415113786229106,19563
"Gender agreement","Ungrammatical","lateral","left medial","left","medial",374,0.405605581965956,19563
"Gender agreement","Ungrammatical","lateral","left medial","left","medial",376,0.392774421101058,19563
"Gender agreement","Ungrammatical","lateral","left medial","left","medial",378,0.378144711956244,19563
"Gender agreement","Ungrammatical","lateral","left medial","left","medial",380,0.363859121811583,19563
"Gender agreement","Ungrammatical","lateral","left medial","left","medial",382,0.352233962071257,19563
"Gender agreement","Ungrammatical","lateral","left medial","left","medial",384,0.345993457036242,19563
"Gender agreement","Ungrammatical","lateral","left medial","left","medial",386,0.347661810560752,19563
"Gender agreement","Ungrammatical","lateral","left medial","left","medial",388,0.35833399785309,19563
"Gender agreement","Ungrammatical","lateral","left medial","left","medial",390,0.377051985891734,19563
"Gender agreement","Ungrammatical","lateral","left medial","left","medial",392,0.401332106527629,19563
"Gender agreement","Ungrammatical","lateral","left medial","left","medial",394,0.428310279609467,19563
"Gender agreement","Ungrammatical","lateral","left medial","left","medial",396,0.455509993354802,19563
"Gender agreement","Ungrammatical","lateral","left medial","left","medial",398,0.48050856208148,19563
"Gender agreement","Ungrammatical","lateral","left medial","left","medial",400,0.500937228441446,19563
"Gender agreement","Ungrammatical","lateral","left medial","left","medial",402,0.515440218780351,19563
"Gender agreement","Ungrammatical","lateral","left medial","left","medial",404,0.524508306496959,19563
"Gender agreement","Ungrammatical","lateral","left medial","left","medial",406,0.530114501865767,19563
"Gender agreement","Ungrammatical","lateral","left medial","left","medial",408,0.534777079180085,19563
"Gender agreement","Ungrammatical","lateral","left medial","left","medial",410,0.540806573633901,19563
"Gender agreement","Ungrammatical","lateral","left medial","left","medial",412,0.549951030005623,19563
"Gender agreement","Ungrammatical","lateral","left medial","left","medial",414,0.563295404590298,19563
"Gender agreement","Ungrammatical","lateral","left medial","left","medial",416,0.581090936972857,19563
"Gender agreement","Ungrammatical","lateral","left medial","left","medial",418,0.603021213515309,19563
"Gender agreement","Ungrammatical","lateral","left medial","left","medial",420,0.629026325205746,19563
"Gender agreement","Ungrammatical","lateral","left medial","left","medial",422,0.659894801410827,19563
"Gender agreement","Ungrammatical","lateral","left medial","left","medial",424,0.69654173695241,19563
"Gender agreement","Ungrammatical","lateral","left medial","left","medial",426,0.738203189694832,19563
"Gender agreement","Ungrammatical","lateral","left medial","left","medial",428,0.781159178040178,19563
"Gender agreement","Ungrammatical","lateral","left medial","left","medial",430,0.819769258293718,19563
"Gender agreement","Ungrammatical","lateral","left medial","left","medial",432,0.849236364565762,19563
"Gender agreement","Ungrammatical","lateral","left medial","left","medial",434,0.867753156468844,19563
"Gender agreement","Ungrammatical","lateral","left medial","left","medial",436,0.876914685886623,19563
"Gender agreement","Ungrammatical","lateral","left medial","left","medial",438,0.880840770842918,19563
"Gender agreement","Ungrammatical","lateral","left medial","left","medial",440,0.884811123038389,19563
"Gender agreement","Ungrammatical","lateral","left medial","left","medial",442,0.893822777692583,19563
"Gender agreement","Ungrammatical","lateral","left medial","left","medial",444,0.911183407452845,19563
"Gender agreement","Ungrammatical","lateral","left medial","left","medial",446,0.937236211215049,19563
"Gender agreement","Ungrammatical","lateral","left medial","left","medial",448,0.969527730920616,19563
"Gender agreement","Ungrammatical","lateral","left medial","left","medial",450,1.00479752594183,19563
"Gender agreement","Ungrammatical","lateral","left medial","left","medial",452,1.0410538772172,19563
"Gender agreement","Ungrammatical","lateral","left medial","left","medial",454,1.07771067832132,19563
"Gender agreement","Ungrammatical","lateral","left medial","left","medial",456,1.11460282165312,19563
"Gender agreement","Ungrammatical","lateral","left medial","left","medial",458,1.15157373613454,19563
"Gender agreement","Ungrammatical","lateral","left medial","left","medial",460,1.18838399018555,19563
"Gender agreement","Ungrammatical","lateral","left medial","left","medial",462,1.22442222563002,19563
"Gender agreement","Ungrammatical","lateral","left medial","left","medial",464,1.25867561212493,19563
"Gender agreement","Ungrammatical","lateral","left medial","left","medial",466,1.29017313295507,19563
"Gender agreement","Ungrammatical","lateral","left medial","left","medial",468,1.31790870520881,19563
"Gender agreement","Ungrammatical","lateral","left medial","left","medial",470,1.34125957164034,19563
"Gender agreement","Ungrammatical","lateral","left medial","left","medial",472,1.36148724633236,19563
"Gender agreement","Ungrammatical","lateral","left medial","left","medial",474,1.38205709758217,19563
"Gender agreement","Ungrammatical","lateral","left medial","left","medial",476,1.40648561059142,19563
"Gender agreement","Ungrammatical","lateral","left medial","left","medial",478,1.43595128559014,19563
"Gender agreement","Ungrammatical","lateral","left medial","left","medial",480,1.46872504217145,19563
"Gender agreement","Ungrammatical","lateral","left medial","left","medial",482,1.50137923631345,19563
"Gender agreement","Ungrammatical","lateral","left medial","left","medial",484,1.530793692174,19563
"Gender agreement","Ungrammatical","lateral","left medial","left","medial",486,1.55549036446353,19563
"Gender agreement","Ungrammatical","lateral","left medial","left","medial",488,1.57558130143639,19563
"Gender agreement","Ungrammatical","lateral","left medial","left","medial",490,1.59166779123856,19563
"Gender agreement","Ungrammatical","lateral","left medial","left","medial",492,1.604133619588,19563
"Gender agreement","Ungrammatical","lateral","left medial","left","medial",494,1.61322701017226,19563
"Gender agreement","Ungrammatical","lateral","left medial","left","medial",496,1.61928998619844,19563
"Gender agreement","Ungrammatical","lateral","left medial","left","medial",498,1.62296815416858,19563
"Gender agreement","Ungrammatical","lateral","left medial","left","medial",500,1.62546087000971,19563
"Gender agreement","Ungrammatical","lateral","left medial","left","medial",502,1.62831237540255,19563
"Gender agreement","Ungrammatical","lateral","left medial","left","medial",504,1.63286239329346,19563
"Gender agreement","Ungrammatical","lateral","left medial","left","medial",506,1.6402591115882,19563
"Gender agreement","Ungrammatical","lateral","left medial","left","medial",508,1.65183663037366,19563
"Gender agreement","Ungrammatical","lateral","left medial","left","medial",510,1.66907468179727,19563
"Gender agreement","Ungrammatical","lateral","left medial","left","medial",512,1.69266426417216,19563
"Gender agreement","Ungrammatical","lateral","left medial","left","medial",514,1.72171466543986,19563
"Gender agreement","Ungrammatical","lateral","left medial","left","medial",516,1.75386428461892,19563
"Gender agreement","Ungrammatical","lateral","left medial","left","medial",518,1.78571619894699,19563
"Gender agreement","Ungrammatical","lateral","left medial","left","medial",520,1.8134384296887,19563
"Gender agreement","Ungrammatical","lateral","left medial","left","medial",522,1.83407943566938,19563
"Gender agreement","Ungrammatical","lateral","left medial","left","medial",524,1.84707187036753,19563
"Gender agreement","Ungrammatical","lateral","left medial","left","medial",526,1.85455441394469,19563
"Gender agreement","Ungrammatical","lateral","left medial","left","medial",528,1.8595744006543,19563
"Gender agreement","Ungrammatical","lateral","left medial","left","medial",530,1.86378392884527,19563
"Gender agreement","Ungrammatical","lateral","left medial","left","medial",532,1.86676276644686,19563
"Gender agreement","Ungrammatical","lateral","left medial","left","medial",534,1.86721203291929,19563
"Gender agreement","Ungrammatical","lateral","left medial","left","medial",536,1.86428686806727,19563
"Gender agreement","Ungrammatical","lateral","left medial","left","medial",538,1.85818151612738,19563
"Gender agreement","Ungrammatical","lateral","left medial","left","medial",540,1.85019041046874,19563
"Gender agreement","Ungrammatical","lateral","left medial","left","medial",542,1.84236783724378,19563
"Gender agreement","Ungrammatical","lateral","left medial","left","medial",544,1.83718765015591,19563
"Gender agreement","Ungrammatical","lateral","left medial","left","medial",546,1.8372884015744,19563
"Gender agreement","Ungrammatical","lateral","left medial","left","medial",548,1.84510688544702,19563
"Gender agreement","Ungrammatical","lateral","left medial","left","medial",550,1.86187404794766,19563
"Gender agreement","Ungrammatical","lateral","left medial","left","medial",552,1.88667581659255,19563
"Gender agreement","Ungrammatical","lateral","left medial","left","medial",554,1.91623616009814,19563
"Gender agreement","Ungrammatical","lateral","left medial","left","medial",556,1.9461254408833,19563
"Gender agreement","Ungrammatical","lateral","left medial","left","medial",558,1.97272729131524,19563
"Gender agreement","Ungrammatical","lateral","left medial","left","medial",560,1.99402591627051,19563
"Gender agreement","Ungrammatical","lateral","left medial","left","medial",562,2.00890119102387,19563
"Gender agreement","Ungrammatical","lateral","left medial","left","medial",564,2.01720134948628,19563
"Gender agreement","Ungrammatical","lateral","left medial","left","medial",566,2.02073603230588,19563
"Gender agreement","Ungrammatical","lateral","left medial","left","medial",568,2.02314481419005,19563
"Gender agreement","Ungrammatical","lateral","left medial","left","medial",570,2.02826979502121,19563
"Gender agreement","Ungrammatical","lateral","left medial","left","medial",572,2.03921550886878,19563
"Gender agreement","Ungrammatical","lateral","left medial","left","medial",574,2.05838107652201,19563
"Gender agreement","Ungrammatical","lateral","left medial","left","medial",576,2.08718044267239,19563
"Gender agreement","Ungrammatical","lateral","left medial","left","medial",578,2.1253610386955,19563
"Gender agreement","Ungrammatical","lateral","left medial","left","medial",580,2.17047211572867,19563
"Gender agreement","Ungrammatical","lateral","left medial","left","medial",582,2.21818274293309,19563
"Gender agreement","Ungrammatical","lateral","left medial","left","medial",584,2.26343004651638,19563
"Gender agreement","Ungrammatical","lateral","left medial","left","medial",586,2.30241174666462,19563
"Gender agreement","Ungrammatical","lateral","left medial","left","medial",588,2.33415350406379,19563
"Gender agreement","Ungrammatical","lateral","left medial","left","medial",590,2.36052440832183,19563
"Gender agreement","Ungrammatical","lateral","left medial","left","medial",592,2.38467029596688,19563
"Gender agreement","Ungrammatical","lateral","left medial","left","medial",594,2.40889408577417,19563
"Gender agreement","Ungrammatical","lateral","left medial","left","medial",596,2.43319378418443,19563
"Gender agreement","Ungrammatical","lateral","left medial","left","medial",598,2.45560568419976,19563
"Gender agreement","Ungrammatical","lateral","left medial","left","medial",600,2.47411087256556,19563
"Gender agreement","Ungrammatical","lateral","left medial","left","medial",602,2.48778996063998,19563
"Gender agreement","Ungrammatical","lateral","left medial","left","medial",604,2.49650099677963,19563
"Gender agreement","Ungrammatical","lateral","left medial","left","medial",606,2.50080360885345,19563
"Gender agreement","Ungrammatical","lateral","left medial","left","medial",608,2.50228339211777,19563
"Gender agreement","Ungrammatical","lateral","left medial","left","medial",610,2.50351904104687,19563
"Gender agreement","Ungrammatical","lateral","left medial","left","medial",612,2.50706404948116,19563
"Gender agreement","Ungrammatical","lateral","left medial","left","medial",614,2.51435832949957,19563
"Gender agreement","Ungrammatical","lateral","left medial","left","medial",616,2.52501063231611,19563
"Gender agreement","Ungrammatical","lateral","left medial","left","medial",618,2.53729269539437,19563
"Gender agreement","Ungrammatical","lateral","left medial","left","medial",620,2.54963400296478,19563
"Gender agreement","Ungrammatical","lateral","left medial","left","medial",622,2.56199396820529,19563
"Gender agreement","Ungrammatical","lateral","left medial","left","medial",624,2.5759203087461,19563
"Gender agreement","Ungrammatical","lateral","left medial","left","medial",626,2.59269917701784,19563
"Gender agreement","Ungrammatical","lateral","left medial","left","medial",628,2.611357562746,19563
"Gender agreement","Ungrammatical","lateral","left medial","left","medial",630,2.62911680212646,19563
"Gender agreement","Ungrammatical","lateral","left medial","left","medial",632,2.64370582221541,19563
"Gender agreement","Ungrammatical","lateral","left medial","left","medial",634,2.65424408321832,19563
"Gender agreement","Ungrammatical","lateral","left medial","left","medial",636,2.66008730767265,19563
"Gender agreement","Ungrammatical","lateral","left medial","left","medial",638,2.66013152379492,19563
"Gender agreement","Ungrammatical","lateral","left medial","left","medial",640,2.65347431375556,19563
"Gender agreement","Ungrammatical","lateral","left medial","left","medial",642,2.64025394878086,19563
"Gender agreement","Ungrammatical","lateral","left medial","left","medial",644,2.62200669631447,19563
"Gender agreement","Ungrammatical","lateral","left medial","left","medial",646,2.60206665644329,19563
"Gender agreement","Ungrammatical","lateral","left medial","left","medial",648,2.58528272759802,19563
"Gender agreement","Ungrammatical","lateral","left medial","left","medial",650,2.5757526964167,19563
"Gender agreement","Ungrammatical","lateral","left medial","left","medial",652,2.57406057353167,19563
"Gender agreement","Ungrammatical","lateral","left medial","left","medial",654,2.57734953739202,19563
"Gender agreement","Ungrammatical","lateral","left medial","left","medial",656,2.58248806420283,19563
"Gender agreement","Ungrammatical","lateral","left medial","left","medial",658,2.5883165158718,19563
"Gender agreement","Ungrammatical","lateral","left medial","left","medial",660,2.59481178755815,19563
"Gender agreement","Ungrammatical","lateral","left medial","left","medial",662,2.60135418903031,19563
"Gender agreement","Ungrammatical","lateral","left medial","left","medial",664,2.60616914583653,19563
"Gender agreement","Ungrammatical","lateral","left medial","left","medial",666,2.60679819046159,19563
"Gender agreement","Ungrammatical","lateral","left medial","left","medial",668,2.60129095741962,19563
"Gender agreement","Ungrammatical","lateral","left medial","left","medial",670,2.58963195828861,19563
"Gender agreement","Ungrammatical","lateral","left medial","left","medial",672,2.57353897663957,19563
"Gender agreement","Ungrammatical","lateral","left medial","left","medial",674,2.55487282114195,19563
"Gender agreement","Ungrammatical","lateral","left medial","left","medial",676,2.5349132034964,19563
"Gender agreement","Ungrammatical","lateral","left medial","left","medial",678,2.5145158717988,19563
"Gender agreement","Ungrammatical","lateral","left medial","left","medial",680,2.49371318304963,19563
"Gender agreement","Ungrammatical","lateral","left medial","left","medial",682,2.47169851249808,19563
"Gender agreement","Ungrammatical","lateral","left medial","left","medial",684,2.44811117926698,19563
"Gender agreement","Ungrammatical","lateral","left medial","left","medial",686,2.42388933190206,19563
"Gender agreement","Ungrammatical","lateral","left medial","left","medial",688,2.40021699125901,19563
"Gender agreement","Ungrammatical","lateral","left medial","left","medial",690,2.37713494862751,19563
"Gender agreement","Ungrammatical","lateral","left medial","left","medial",692,2.35415544650616,19563
"Gender agreement","Ungrammatical","lateral","left medial","left","medial",694,2.33185160762664,19563
"Gender agreement","Ungrammatical","lateral","left medial","left","medial",696,2.31223984051526,19563
"Gender agreement","Ungrammatical","lateral","left medial","left","medial",698,2.29752512395849,19563
"Gender agreement","Ungrammatical","lateral","left medial","left","medial",700,2.28868690896079,19563
"Gender agreement","Ungrammatical","lateral","left medial","left","medial",702,2.2850691611716,19563
"Gender agreement","Ungrammatical","lateral","left medial","left","medial",704,2.2847819864029,19563
"Gender agreement","Ungrammatical","lateral","left medial","left","medial",706,2.28516265398967,19563
"Gender agreement","Ungrammatical","lateral","left medial","left","medial",708,2.28348310586311,19563
"Gender agreement","Ungrammatical","lateral","left medial","left","medial",710,2.27797725297756,19563
"Gender agreement","Ungrammatical","lateral","left medial","left","medial",712,2.26813121709349,19563
"Gender agreement","Ungrammatical","lateral","left medial","left","medial",714,2.25409001686858,19563
"Gender agreement","Ungrammatical","lateral","left medial","left","medial",716,2.23634253437612,19563
"Gender agreement","Ungrammatical","lateral","left medial","left","medial",718,2.2154278484895,19563
"Gender agreement","Ungrammatical","lateral","left medial","left","medial",720,2.19207110361397,19563
"Gender agreement","Ungrammatical","lateral","left medial","left","medial",722,2.16789025200634,19563
"Gender agreement","Ungrammatical","lateral","left medial","left","medial",724,2.14563374738026,19563
"Gender agreement","Ungrammatical","lateral","left medial","left","medial",726,2.12837530031181,19563
"Gender agreement","Ungrammatical","lateral","left medial","left","medial",728,2.1184255482288,19563
"Gender agreement","Ungrammatical","lateral","left medial","left","medial",730,2.11652926442775,19563
"Gender agreement","Ungrammatical","lateral","left medial","left","medial",732,2.12145448039667,19563
"Gender agreement","Ungrammatical","lateral","left medial","left","medial",734,2.13039114655216,19563
"Gender agreement","Ungrammatical","lateral","left medial","left","medial",736,2.1400374686909,19563
"Gender agreement","Ungrammatical","lateral","left medial","left","medial",738,2.14746843531156,19563
"Gender agreement","Ungrammatical","lateral","left medial","left","medial",740,2.15042738843736,19563
"Gender agreement","Ungrammatical","lateral","left medial","left","medial",742,2.14772248632623,19563
"Gender agreement","Ungrammatical","lateral","left medial","left","medial",744,2.14022179624802,19563
"Gender agreement","Ungrammatical","lateral","left medial","left","medial",746,2.13104539181107,19563
"Gender agreement","Ungrammatical","lateral","left medial","left","medial",748,2.12411552420385,19563
"Gender agreement","Ungrammatical","lateral","left medial","left","medial",750,2.12222956601748,19563
"Gender agreement","Ungrammatical","lateral","left medial","left","medial",752,2.12586510248939,19563
"Gender agreement","Ungrammatical","lateral","left medial","left","medial",754,2.1328405663753,19563
"Gender agreement","Ungrammatical","lateral","left medial","left","medial",756,2.13919869140725,19563
"Gender agreement","Ungrammatical","lateral","left medial","left","medial",758,2.14154873996831,19563
"Gender agreement","Ungrammatical","lateral","left medial","left","medial",760,2.13896728518121,19563
"Gender agreement","Ungrammatical","lateral","left medial","left","medial",762,2.13305229259316,19563
"Gender agreement","Ungrammatical","lateral","left medial","left","medial",764,2.12655155139805,19563
"Gender agreement","Ungrammatical","lateral","left medial","left","medial",766,2.12199212799673,19563
"Gender agreement","Ungrammatical","lateral","left medial","left","medial",768,2.12096386034862,19563
"Gender agreement","Ungrammatical","lateral","left medial","left","medial",770,2.12388779839493,19563
"Gender agreement","Ungrammatical","lateral","left medial","left","medial",772,2.12937018862138,19563
"Gender agreement","Ungrammatical","lateral","left medial","left","medial",774,2.13384005520626,19563
"Gender agreement","Ungrammatical","lateral","left medial","left","medial",776,2.13298880539794,19563
"Gender agreement","Ungrammatical","lateral","left medial","left","medial",778,2.12454899555283,19563
"Gender agreement","Ungrammatical","lateral","left medial","left","medial",780,2.10977339876297,19563
"Gender agreement","Ungrammatical","lateral","left medial","left","medial",782,2.09228804375607,19563
"Gender agreement","Ungrammatical","lateral","left medial","left","medial",784,2.0754982364668,19563
"Gender agreement","Ungrammatical","lateral","left medial","left","medial",786,2.06100449828758,19563
"Gender agreement","Ungrammatical","lateral","left medial","left","medial",788,2.04883054746205,19563
"Gender agreement","Ungrammatical","lateral","left medial","left","medial",790,2.03853769871697,19563
"Gender agreement","Ungrammatical","lateral","left medial","left","medial",792,2.03008265603435,19563
"Gender agreement","Ungrammatical","lateral","left medial","left","medial",794,2.02323748913766,19563
"Gender agreement","Ungrammatical","lateral","left medial","left","medial",796,2.01643669171395,19563
"Gender agreement","Ungrammatical","lateral","left medial","left","medial",798,2.00726253642079,19563
"Gender agreement","Ungrammatical","lateral","left medial","left","medial",800,1.99461524306088,19563
"Gender agreement","Ungrammatical","lateral","left medial","left","medial",802,1.9796249041558,19563
"Gender agreement","Ungrammatical","lateral","left medial","left","medial",804,1.96432510351173,19563
"Gender agreement","Ungrammatical","lateral","left medial","left","medial",806,1.94955794101109,19563
"Gender agreement","Ungrammatical","lateral","left medial","left","medial",808,1.93477304094464,19563
"Gender agreement","Ungrammatical","lateral","left medial","left","medial",810,1.91980355773654,19563
"Gender agreement","Ungrammatical","lateral","left medial","left","medial",812,1.90572161733885,19563
"Gender agreement","Ungrammatical","lateral","left medial","left","medial",814,1.89356811327506,19563
"Gender agreement","Ungrammatical","lateral","left medial","left","medial",816,1.88308480294433,19563
"Gender agreement","Ungrammatical","lateral","left medial","left","medial",818,1.8728112252722,19563
"Gender agreement","Ungrammatical","lateral","left medial","left","medial",820,1.86157245821193,19563
"Gender agreement","Ungrammatical","lateral","left medial","left","medial",822,1.85018652558401,19563
"Gender agreement","Ungrammatical","lateral","left medial","left","medial",824,1.84120196288913,19563
"Gender agreement","Ungrammatical","lateral","left medial","left","medial",826,1.83671803915555,19563
"Gender agreement","Ungrammatical","lateral","left medial","left","medial",828,1.83659740326126,19563
"Gender agreement","Ungrammatical","lateral","left medial","left","medial",830,1.83877876603793,19563
"Gender agreement","Ungrammatical","lateral","left medial","left","medial",832,1.84067249399376,19563
"Gender agreement","Ungrammatical","lateral","left medial","left","medial",834,1.83996268465982,19563
"Gender agreement","Ungrammatical","lateral","left medial","left","medial",836,1.83491989981087,19563
"Gender agreement","Ungrammatical","lateral","left medial","left","medial",838,1.82461923017942,19563
"Gender agreement","Ungrammatical","lateral","left medial","left","medial",840,1.80835904513623,19563
"Gender agreement","Ungrammatical","lateral","left medial","left","medial",842,1.7851371977713,19563
"Gender agreement","Ungrammatical","lateral","left medial","left","medial",844,1.75405888667382,19563
"Gender agreement","Ungrammatical","lateral","left medial","left","medial",846,1.7150960997802,19563
"Gender agreement","Ungrammatical","lateral","left medial","left","medial",848,1.66907473291417,19563
"Gender agreement","Ungrammatical","lateral","left medial","left","medial",850,1.61728328988396,19563
"Gender agreement","Ungrammatical","lateral","left medial","left","medial",852,1.56113019475541,19563
"Gender agreement","Ungrammatical","lateral","left medial","left","medial",854,1.50173521443541,19563
"Gender agreement","Ungrammatical","lateral","left medial","left","medial",856,1.43974477329653,19563
"Gender agreement","Ungrammatical","lateral","left medial","left","medial",858,1.37621622450544,19563
"Gender agreement","Ungrammatical","lateral","left medial","left","medial",860,1.31334181873946,19563
"Gender agreement","Ungrammatical","lateral","left medial","left","medial",862,1.25340489699944,19563
"Gender agreement","Ungrammatical","lateral","left medial","left","medial",864,1.19644410366508,19563
"Gender agreement","Ungrammatical","lateral","left medial","left","medial",866,1.13947732965292,19563
"Gender agreement","Ungrammatical","lateral","left medial","left","medial",868,1.07842881971068,19563
"Gender agreement","Ungrammatical","lateral","left medial","left","medial",870,1.01086269999489,19563
"Gender agreement","Ungrammatical","lateral","left medial","left","medial",872,0.937080049072228,19563
"Gender agreement","Ungrammatical","lateral","left medial","left","medial",874,0.859501814650105,19563
"Gender agreement","Ungrammatical","lateral","left medial","left","medial",876,0.781561621428206,19563
"Gender agreement","Ungrammatical","lateral","left medial","left","medial",878,0.706907631753821,19563
"Gender agreement","Ungrammatical","lateral","left medial","left","medial",880,0.638902213361959,19563
"Gender agreement","Ungrammatical","lateral","left medial","left","medial",882,0.580112712774114,19563
"Gender agreement","Ungrammatical","lateral","left medial","left","medial",884,0.531583192761846,19563
"Gender agreement","Ungrammatical","lateral","left medial","left","medial",886,0.492663753003118,19563
"Gender agreement","Ungrammatical","lateral","left medial","left","medial",888,0.462061851454276,19563
"Gender agreement","Ungrammatical","lateral","left medial","left","medial",890,0.438174257526964,19563
"Gender agreement","Ungrammatical","lateral","left medial","left","medial",892,0.418734447681848,19563
"Gender agreement","Ungrammatical","lateral","left medial","left","medial",894,0.401420232070746,19563
"Gender agreement","Ungrammatical","lateral","left medial","left","medial",896,0.385022082502684,19563
"Gender agreement","Ungrammatical","lateral","left medial","left","medial",898,0.36968041711394,19563
"Gender agreement","Ungrammatical","lateral","left medial","left","medial",900,0.356456576189746,19563
"Gender agreement","Ungrammatical","lateral","left medial","left","medial",902,0.346981955732761,19563
"Gender agreement","Ungrammatical","lateral","left medial","left","medial",904,0.343199151459388,19563
"Gender agreement","Ungrammatical","lateral","left medial","left","medial",906,0.347390993201452,19563
"Gender agreement","Ungrammatical","lateral","left medial","left","medial",908,0.36236952410162,19563
"Gender agreement","Ungrammatical","lateral","left medial","left","medial",910,0.391493635945407,19563
"Gender agreement","Ungrammatical","lateral","left medial","left","medial",912,0.43772110616981,19563
"Gender agreement","Ungrammatical","lateral","left medial","left","medial",914,0.502459183151868,19563
"Gender agreement","Ungrammatical","lateral","left medial","left","medial",916,0.584480958953126,19563
"Gender agreement","Ungrammatical","lateral","left medial","left","medial",918,0.679318356080356,19563
"Gender agreement","Ungrammatical","lateral","left medial","left","medial",920,0.780506517405306,19563
"Gender agreement","Ungrammatical","lateral","left medial","left","medial",922,0.882124316311404,19563
"Gender agreement","Ungrammatical","lateral","left medial","left","medial",924,0.980205898890763,19563
"Gender agreement","Ungrammatical","lateral","left medial","left","medial",926,1.07281664366406,19563
"Gender agreement","Ungrammatical","lateral","left medial","left","medial",928,1.16011562643766,19563
"Gender agreement","Ungrammatical","lateral","left medial","left","medial",930,1.24412247610285,19563
"Gender agreement","Ungrammatical","lateral","left medial","left","medial",932,1.32713050145683,19563
"Gender agreement","Ungrammatical","lateral","left medial","left","medial",934,1.41017916474978,19563
"Gender agreement","Ungrammatical","lateral","left medial","left","medial",936,1.49320354751316,19563
"Gender agreement","Ungrammatical","lateral","left medial","left","medial",938,1.575927311762,19563
"Gender agreement","Ungrammatical","lateral","left medial","left","medial",940,1.65766983591474,19563
"Gender agreement","Ungrammatical","lateral","left medial","left","medial",942,1.73684690487144,19563
"Gender agreement","Ungrammatical","lateral","left medial","left","medial",944,1.81172376424884,19563
"Gender agreement","Ungrammatical","lateral","left medial","left","medial",946,1.88157041353576,19563
"Gender agreement","Ungrammatical","lateral","left medial","left","medial",948,1.9465522159178,19563
"Gender agreement","Ungrammatical","lateral","left medial","left","medial",950,2.00663681439452,19563
"Gender agreement","Ungrammatical","lateral","left medial","left","medial",952,2.060533404897,19563
"Gender agreement","Ungrammatical","lateral","left medial","left","medial",954,2.10548642846189,19563
"Gender agreement","Ungrammatical","lateral","left medial","left","medial",956,2.13802617185503,19563
"Gender agreement","Ungrammatical","lateral","left medial","left","medial",958,2.15554807544855,19563
"Gender agreement","Ungrammatical","lateral","left medial","left","medial",960,2.15767453866994,19563
"Gender agreement","Ungrammatical","lateral","left medial","left","medial",962,2.14657107805551,19563
"Gender agreement","Ungrammatical","lateral","left medial","left","medial",964,2.12574727802484,19563
"Gender agreement","Ungrammatical","lateral","left medial","left","medial",966,2.09903951336707,19563
"Gender agreement","Ungrammatical","lateral","left medial","left","medial",968,2.07032055410724,19563
"Gender agreement","Ungrammatical","lateral","left medial","left","medial",970,2.04301625517559,19563
"Gender agreement","Ungrammatical","lateral","left medial","left","medial",972,2.01930056739764,19563
"Gender agreement","Ungrammatical","lateral","left medial","left","medial",974,1.99975923938046,19563
"Gender agreement","Ungrammatical","lateral","left medial","left","medial",976,1.98361324950161,19563
"Gender agreement","Ungrammatical","lateral","left medial","left","medial",978,1.96905029903389,19563
"Gender agreement","Ungrammatical","lateral","left medial","left","medial",980,1.95348101007003,19563
"Gender agreement","Ungrammatical","lateral","left medial","left","medial",982,1.93450268363748,19563
"Gender agreement","Ungrammatical","lateral","left medial","left","medial",984,1.91124924602566,19563
"Gender agreement","Ungrammatical","lateral","left medial","left","medial",986,1.88468281960844,19563
"Gender agreement","Ungrammatical","lateral","left medial","left","medial",988,1.85588248223688,19563
"Gender agreement","Ungrammatical","lateral","left medial","left","medial",990,1.8244279507233,19563
"Gender agreement","Ungrammatical","lateral","left medial","left","medial",992,1.78927122629454,19563
"Gender agreement","Ungrammatical","lateral","left medial","left","medial",994,1.75097132341665,19563
"Gender agreement","Ungrammatical","lateral","left medial","left","medial",996,1.71166651331595,19563
"Gender agreement","Ungrammatical","lateral","left medial","left","medial",998,1.67281628584573,19563
"Gender agreement","Ungrammatical","lateral","left medial","left","medial",1000,1.63376629351326,19563
"Gender agreement","Ungrammatical","lateral","left medial","left","medial",1002,1.59236563921689,19563
"Gender agreement","Ungrammatical","lateral","left medial","left","medial",1004,1.54648458825334,19563
"Gender agreement","Ungrammatical","lateral","left medial","left","medial",1006,1.49487614374073,19563
"Gender agreement","Ungrammatical","lateral","left medial","left","medial",1008,1.43732535909625,19563
"Gender agreement","Ungrammatical","lateral","left medial","left","medial",1010,1.37482201093902,19563
"Gender agreement","Ungrammatical","lateral","left medial","left","medial",1012,1.30940428359659,19563
"Gender agreement","Ungrammatical","lateral","left medial","left","medial",1014,1.24306609415734,19563
"Gender agreement","Ungrammatical","lateral","left medial","left","medial",1016,1.17714931247764,19563
"Gender agreement","Ungrammatical","lateral","left medial","left","medial",1018,1.1130374686909,19563
"Gender agreement","Ungrammatical","lateral","left medial","left","medial",1020,1.05269708122476,19563
"Gender agreement","Ungrammatical","lateral","left medial","left","medial",1022,0.997915043704953,19563
"Gender agreement","Ungrammatical","lateral","left medial","left","medial",1024,0.948979706588969,19563
"Gender agreement","Ungrammatical","lateral","left medial","left","medial",1026,0.903841895414814,19563
"Gender agreement","Ungrammatical","lateral","left medial","left","medial",1028,0.858755814547871,19563
"Gender agreement","Ungrammatical","lateral","left medial","left","medial",1030,0.810613607319941,19563
"Gender agreement","Ungrammatical","lateral","left medial","left","medial",1032,0.758709042580381,19563
"Gender agreement","Ungrammatical","lateral","left medial","left","medial",1034,0.703914174717579,19563
"Gender agreement","Ungrammatical","lateral","left medial","left","medial",1036,0.64721136839953,19563
"Gender agreement","Ungrammatical","lateral","left medial","left","medial",1038,0.589697950212135,19563
"Gender agreement","Ungrammatical","lateral","left medial","left","medial",1040,0.53277268312631,19563
"Gender agreement","Ungrammatical","lateral","left medial","left","medial",1042,0.47741430250984,19563
"Gender agreement","Ungrammatical","lateral","left medial","left","medial",1044,0.423258344834637,19563
"Gender agreement","Ungrammatical","lateral","left medial","left","medial",1046,0.36902755201145,19563
"Gender agreement","Ungrammatical","lateral","left medial","left","medial",1048,0.314064918468538,19563
"Gender agreement","Ungrammatical","lateral","left medial","left","medial",1050,0.2593915554874,19563
"Gender agreement","Ungrammatical","lateral","left medial","left","medial",1052,0.207150079231202,19563
"Gender agreement","Ungrammatical","lateral","left medial","left","medial",1054,0.158816285845729,19563
"Gender agreement","Ungrammatical","lateral","left medial","left","medial",1056,0.113968869805245,19563
"Gender agreement","Ungrammatical","lateral","left medial","left","medial",1058,0.0707356233706487,19563
"Gender agreement","Ungrammatical","lateral","left medial","left","medial",1060,0.027107549966774,19563
"Gender agreement","Ungrammatical","lateral","left medial","left","medial",1062,-0.0180415069263406,19563
"Gender agreement","Ungrammatical","lateral","left medial","left","medial",1064,-0.064683177426775,19563
"Gender agreement","Ungrammatical","lateral","left medial","left","medial",1066,-0.111978939835404,19563
"Gender agreement","Ungrammatical","lateral","left medial","left","medial",1068,-0.158488166436641,19563
"Gender agreement","Ungrammatical","lateral","left medial","left","medial",1070,-0.201965240505035,19563
"Gender agreement","Ungrammatical","lateral","left medial","left","medial",1072,-0.239694167561212,19563
"Gender agreement","Ungrammatical","lateral","left medial","left","medial",1074,-0.269319736236773,19563
"Gender agreement","Ungrammatical","lateral","left medial","left","medial",1076,-0.289320451873435,19563
"Gender agreement","Ungrammatical","lateral","left medial","left","medial",1078,-0.299315135715381,19563
"Gender agreement","Ungrammatical","lateral","left medial","left","medial",1080,-0.300074630680366,19563
"Gender agreement","Ungrammatical","lateral","left medial","left","medial",1082,-0.293329806266933,19563
"Gender agreement","Ungrammatical","lateral","left medial","left","medial",1084,-0.281420692122885,19563
"Gender agreement","Ungrammatical","lateral","left medial","left","medial",1086,-0.266647191126105,19563
"Gender agreement","Ungrammatical","lateral","left medial","left","medial",1088,-0.250532331442008,19563
"Gender agreement","Ungrammatical","lateral","left medial","left","medial",1090,-0.233934570362419,19563
"Gender agreement","Ungrammatical","lateral","left medial","left","medial",1092,-0.217839595154117,19563
"Gender agreement","Ungrammatical","lateral","left medial","left","medial",1094,-0.203736850176353,19563
"Gender agreement","Ungrammatical","lateral","left medial","left","medial",1096,-0.193166947809641,19563
"Gender agreement","Ungrammatical","lateral","left medial","left","medial",1098,-0.187088943413587,19563
"Gender agreement","Ungrammatical","lateral","left posterior","left","posterior",-100,-0.534570822470991,19563
"Gender agreement","Ungrammatical","lateral","left posterior","left","posterior",-98,-0.532686500025559,19563
"Gender agreement","Ungrammatical","lateral","left posterior","left","posterior",-96,-0.531286561365844,19563
"Gender agreement","Ungrammatical","lateral","left posterior","left","posterior",-94,-0.529548382149977,19563
"Gender agreement","Ungrammatical","lateral","left posterior","left","posterior",-92,-0.52815462863569,19563
"Gender agreement","Ungrammatical","lateral","left posterior","left","posterior",-90,-0.529283749936104,19563
"Gender agreement","Ungrammatical","lateral","left posterior","left","posterior",-88,-0.535146705515514,19563
"Gender agreement","Ungrammatical","lateral","left posterior","left","posterior",-86,-0.546779635025303,19563
"Gender agreement","Ungrammatical","lateral","left posterior","left","posterior",-84,-0.563796759188264,19563
"Gender agreement","Ungrammatical","lateral","left posterior","left","posterior",-82,-0.584788529366662,19563
"Gender agreement","Ungrammatical","lateral","left posterior","left","posterior",-80,-0.608097479936615,19563
"Gender agreement","Ungrammatical","lateral","left posterior","left","posterior",-78,-0.632571691458365,19563
"Gender agreement","Ungrammatical","lateral","left posterior","left","posterior",-76,-0.65784337780504,19563
"Gender agreement","Ungrammatical","lateral","left posterior","left","posterior",-74,-0.684354240147217,19563
"Gender agreement","Ungrammatical","lateral","left posterior","left","posterior",-72,-0.713351684301999,19563
"Gender agreement","Ungrammatical","lateral","left posterior","left","posterior",-70,-0.746507590860297,19563
"Gender agreement","Ungrammatical","lateral","left posterior","left","posterior",-68,-0.785724377651689,19563
"Gender agreement","Ungrammatical","lateral","left posterior","left","posterior",-66,-0.832865460307724,19563
"Gender agreement","Ungrammatical","lateral","left posterior","left","posterior",-64,-0.888703777539232,19563
"Gender agreement","Ungrammatical","lateral","left posterior","left","posterior",-62,-0.951383376782702,19563
"Gender agreement","Ungrammatical","lateral","left posterior","left","posterior",-60,-1.01620957930788,19563
"Gender agreement","Ungrammatical","lateral","left posterior","left","posterior",-58,-1.07729816490313,19563
"Gender agreement","Ungrammatical","lateral","left posterior","left","posterior",-56,-1.12963926800593,19563
"Gender agreement","Ungrammatical","lateral","left posterior","left","posterior",-54,-1.17023232633032,19563
"Gender agreement","Ungrammatical","lateral","left posterior","left","posterior",-52,-1.19795230792823,19563
"Gender agreement","Ungrammatical","lateral","left posterior","left","posterior",-50,-1.21274410877677,19563
"Gender agreement","Ungrammatical","lateral","left posterior","left","posterior",-48,-1.21492562490416,19563
"Gender agreement","Ungrammatical","lateral","left posterior","left","posterior",-46,-1.20512462301283,19563
"Gender agreement","Ungrammatical","lateral","left posterior","left","posterior",-44,-1.18460271941931,19563
"Gender agreement","Ungrammatical","lateral","left posterior","left","posterior",-42,-1.15547180902725,19563
"Gender agreement","Ungrammatical","lateral","left posterior","left","posterior",-40,-1.12081337218218,19563
"Gender agreement","Ungrammatical","lateral","left posterior","left","posterior",-38,-1.08428328988396,19563
"Gender agreement","Ungrammatical","lateral","left posterior","left","posterior",-36,-1.04911092368246,19563
"Gender agreement","Ungrammatical","lateral","left posterior","left","posterior",-34,-1.0169109543526,19563
"Gender agreement","Ungrammatical","lateral","left posterior","left","posterior",-32,-0.987329755150028,19563
"Gender agreement","Ungrammatical","lateral","left posterior","left","posterior",-30,-0.959197413484639,19563
"Gender agreement","Ungrammatical","lateral","left posterior","left","posterior",-28,-0.931989981086745,19563
"Gender agreement","Ungrammatical","lateral","left posterior","left","posterior",-26,-0.906333537800951,19563
"Gender agreement","Ungrammatical","lateral","left posterior","left","posterior",-24,-0.883200736083423,19563
"Gender agreement","Ungrammatical","lateral","left posterior","left","posterior",-22,-0.862653682972959,19563
"Gender agreement","Ungrammatical","lateral","left posterior","left","posterior",-20,-0.843147727853601,19563
"Gender agreement","Ungrammatical","lateral","left posterior","left","posterior",-18,-0.822095844195675,19563
"Gender agreement","Ungrammatical","lateral","left posterior","left","posterior",-16,-0.79744384808056,19563
"Gender agreement","Ungrammatical","lateral","left posterior","left","posterior",-14,-0.769228901497725,19563
"Gender agreement","Ungrammatical","lateral","left posterior","left","posterior",-12,-0.739645964320401,19563
"Gender agreement","Ungrammatical","lateral","left posterior","left","posterior",-10,-0.711395644839748,19563
"Gender agreement","Ungrammatical","lateral","left posterior","left","posterior",-8,-0.686051168021265,19563
"Gender agreement","Ungrammatical","lateral","left posterior","left","posterior",-6,-0.664311506415172,19563
"Gender agreement","Ungrammatical","lateral","left posterior","left","posterior",-4,-0.647309972908041,19563
"Gender agreement","Ungrammatical","lateral","left posterior","left","posterior",-2,-0.636883402341154,19563
"Gender agreement","Ungrammatical","lateral","left posterior","left","posterior",0,-0.634203649746971,19563
"Gender agreement","Ungrammatical","lateral","left posterior","left","posterior",2,-0.638318662781782,19563
"Gender agreement","Ungrammatical","lateral","left posterior","left","posterior",4,-0.646767622552778,19563
"Gender agreement","Ungrammatical","lateral","left posterior","left","posterior",6,-0.657340387466135,19563
"Gender agreement","Ungrammatical","lateral","left posterior","left","posterior",8,-0.669004344936871,19563
"Gender agreement","Ungrammatical","lateral","left posterior","left","posterior",10,-0.68168440423248,19563
"Gender agreement","Ungrammatical","lateral","left posterior","left","posterior",12,-0.696019424423657,19563
"Gender agreement","Ungrammatical","lateral","left posterior","left","posterior",14,-0.712928129632469,19563
"Gender agreement","Ungrammatical","lateral","left posterior","left","posterior",16,-0.732971170065941,19563
"Gender agreement","Ungrammatical","lateral","left posterior","left","posterior",18,-0.75615181720595,19563
"Gender agreement","Ungrammatical","lateral","left posterior","left","posterior",20,-0.782026529673363,19563
"Gender agreement","Ungrammatical","lateral","left posterior","left","posterior",22,-0.809586157542299,19563
"Gender agreement","Ungrammatical","lateral","left posterior","left","posterior",24,-0.836822931043296,19563
"Gender agreement","Ungrammatical","lateral","left posterior","left","posterior",26,-0.86067959924347,19563
"Gender agreement","Ungrammatical","lateral","left posterior","left","posterior",28,-0.878096202014006,19563
"Gender agreement","Ungrammatical","lateral","left posterior","left","posterior",30,-0.887536983080305,19563
"Gender agreement","Ungrammatical","lateral","left posterior","left","posterior",32,-0.889496702959669,19563
"Gender agreement","Ungrammatical","lateral","left posterior","left","posterior",34,-0.886145069774574,19563
"Gender agreement","Ungrammatical","lateral","left posterior","left","posterior",36,-0.880869140724838,19563
"Gender agreement","Ungrammatical","lateral","left posterior","left","posterior",38,-0.87721535551807,19563
"Gender agreement","Ungrammatical","lateral","left posterior","left","posterior",40,-0.877337729387108,19563
"Gender agreement","Ungrammatical","lateral","left posterior","left","posterior",42,-0.881256044573941,19563
"Gender agreement","Ungrammatical","lateral","left posterior","left","posterior",44,-0.887113786229106,19563
"Gender agreement","Ungrammatical","lateral","left posterior","left","posterior",46,-0.892079026734141,19563
"Gender agreement","Ungrammatical","lateral","left posterior","left","posterior",48,-0.893562541532485,19563
"Gender agreement","Ungrammatical","lateral","left posterior","left","posterior",50,-0.889605939784287,19563
"Gender agreement","Ungrammatical","lateral","left posterior","left","posterior",52,-0.878736492358023,19563
"Gender agreement","Ungrammatical","lateral","left posterior","left","posterior",54,-0.860012012472525,19563
"Gender agreement","Ungrammatical","lateral","left posterior","left","posterior",56,-0.833574554005009,19563
"Gender agreement","Ungrammatical","lateral","left posterior","left","posterior",58,-0.801324541225783,19563
"Gender agreement","Ungrammatical","lateral","left posterior","left","posterior",60,-0.767098860093033,19563
"Gender agreement","Ungrammatical","lateral","left posterior","left","posterior",62,-0.735403312375403,19563
"Gender agreement","Ungrammatical","lateral","left posterior","left","posterior",64,-0.709392628942391,19563
"Gender agreement","Ungrammatical","lateral","left posterior","left","posterior",66,-0.689641772734243,19563
"Gender agreement","Ungrammatical","lateral","left posterior","left","posterior",68,-0.67428569237847,19563
"Gender agreement","Ungrammatical","lateral","left posterior","left","posterior",70,-0.660708531411338,19563
"Gender agreement","Ungrammatical","lateral","left posterior","left","posterior",72,-0.647760926238307,19563
"Gender agreement","Ungrammatical","lateral","left posterior","left","posterior",74,-0.636337320451873,19563
"Gender agreement","Ungrammatical","lateral","left posterior","left","posterior",76,-0.627687624597454,19563
"Gender agreement","Ungrammatical","lateral","left posterior","left","posterior",78,-0.621722588560037,19563
"Gender agreement","Ungrammatical","lateral","left posterior","left","posterior",80,-0.617368195062107,19563
"Gender agreement","Ungrammatical","lateral","left posterior","left","posterior",82,-0.613853396718295,19563
"Gender agreement","Ungrammatical","lateral","left posterior","left","posterior",84,-0.611491693503041,19563
"Gender agreement","Ungrammatical","lateral","left posterior","left","posterior",86,-0.6116799570618,19563
"Gender agreement","Ungrammatical","lateral","left posterior","left","posterior",88,-0.616647140009201,19563
"Gender agreement","Ungrammatical","lateral","left posterior","left","posterior",90,-0.628989112099371,19563
"Gender agreement","Ungrammatical","lateral","left posterior","left","posterior",92,-0.650791187445688,19563
"Gender agreement","Ungrammatical","lateral","left posterior","left","posterior",94,-0.682782446455043,19563
"Gender agreement","Ungrammatical","lateral","left posterior","left","posterior",96,-0.724284567806574,19563
"Gender agreement","Ungrammatical","lateral","left posterior","left","posterior",98,-0.773636149874764,19563
"Gender agreement","Ungrammatical","lateral","left posterior","left","posterior",100,-0.828441598936768,19563
"Gender agreement","Ungrammatical","lateral","left posterior","left","posterior",102,-0.885531564688443,19563
"Gender agreement","Ungrammatical","lateral","left posterior","left","posterior",104,-0.941228748147012,19563
"Gender agreement","Ungrammatical","lateral","left posterior","left","posterior",106,-0.991859275162296,19563
"Gender agreement","Ungrammatical","lateral","left posterior","left","posterior",108,-1.03421852476614,19563
"Gender agreement","Ungrammatical","lateral","left posterior","left","posterior",110,-1.06590236671267,19563
"Gender agreement","Ungrammatical","lateral","left posterior","left","posterior",112,-1.0854666462199,19563
"Gender agreement","Ungrammatical","lateral","left posterior","left","posterior",114,-1.0928194039769,19563
"Gender agreement","Ungrammatical","lateral","left posterior","left","posterior",116,-1.08958779328324,19563
"Gender agreement","Ungrammatical","lateral","left posterior","left","posterior",118,-1.07862638654603,19563
"Gender agreement","Ungrammatical","lateral","left posterior","left","posterior",120,-1.06236845064663,19563
"Gender agreement","Ungrammatical","lateral","left posterior","left","posterior",122,-1.04155272708685,19563
"Gender agreement","Ungrammatical","lateral","left posterior","left","posterior",124,-1.01570827582682,19563
"Gender agreement","Ungrammatical","lateral","left posterior","left","posterior",126,-0.98475228748147,19563
"Gender agreement","Ungrammatical","lateral","left posterior","left","posterior",128,-0.950305423503553,19563
"Gender agreement","Ungrammatical","lateral","left posterior","left","posterior",130,-0.91566083933957,19563
"Gender agreement","Ungrammatical","lateral","left posterior","left","posterior",132,-0.884458671982825,19563
"Gender agreement","Ungrammatical","lateral","left posterior","left","posterior",134,-0.859296529162194,19563
"Gender agreement","Ungrammatical","lateral","left posterior","left","posterior",136,-0.841264785564586,19563
"Gender agreement","Ungrammatical","lateral","left posterior","left","posterior",138,-0.830377344987988,19563
"Gender agreement","Ungrammatical","lateral","left posterior","left","posterior",140,-0.825977661912795,19563
"Gender agreement","Ungrammatical","lateral","left posterior","left","posterior",142,-0.827176864489087,19563
"Gender agreement","Ungrammatical","lateral","left posterior","left","posterior",144,-0.833003271481879,19563
"Gender agreement","Ungrammatical","lateral","left posterior","left","posterior",146,-0.842217400194244,19563
"Gender agreement","Ungrammatical","lateral","left posterior","left","posterior",148,-0.85330680365997,19563
"Gender agreement","Ungrammatical","lateral","left posterior","left","posterior",150,-0.864691305014568,19563
"Gender agreement","Ungrammatical","lateral","left posterior","left","posterior",152,-0.875090170219291,19563
"Gender agreement","Ungrammatical","lateral","left posterior","left","posterior",154,-0.883605530849052,19563
"Gender agreement","Ungrammatical","lateral","left posterior","left","posterior",156,-0.889572049276696,19563
"Gender agreement","Ungrammatical","lateral","left posterior","left","posterior",158,-0.892588406686091,19563
"Gender agreement","Ungrammatical","lateral","left posterior","left","posterior",160,-0.892610693656392,19563
"Gender agreement","Ungrammatical","lateral","left posterior","left","posterior",162,-0.889738128098962,19563
"Gender agreement","Ungrammatical","lateral","left posterior","left","posterior",164,-0.883829218422532,19563
"Gender agreement","Ungrammatical","lateral","left posterior","left","posterior",166,-0.874572662679548,19563
"Gender agreement","Ungrammatical","lateral","left posterior","left","posterior",168,-0.86206951898993,19563
"Gender agreement","Ungrammatical","lateral","left posterior","left","posterior",170,-0.847298267136942,19563
"Gender agreement","Ungrammatical","lateral","left posterior","left","posterior",172,-0.832164852016562,19563
"Gender agreement","Ungrammatical","lateral","left posterior","left","posterior",174,-0.818921177733477,19563
"Gender agreement","Ungrammatical","lateral","left posterior","left","posterior",176,-0.808969892143332,19563
"Gender agreement","Ungrammatical","lateral","left posterior","left","posterior",178,-0.801927362878904,19563
"Gender agreement","Ungrammatical","lateral","left posterior","left","posterior",180,-0.796158513520421,19563
"Gender agreement","Ungrammatical","lateral","left posterior","left","posterior",182,-0.789890814292286,19563
"Gender agreement","Ungrammatical","lateral","left posterior","left","posterior",184,-0.781880437560701,19563
"Gender agreement","Ungrammatical","lateral","left posterior","left","posterior",186,-0.771459847671625,19563
"Gender agreement","Ungrammatical","lateral","left posterior","left","posterior",188,-0.758415887133875,19563
"Gender agreement","Ungrammatical","lateral","left posterior","left","posterior",190,-0.742532638143434,19563
"Gender agreement","Ungrammatical","lateral","left posterior","left","posterior",192,-0.722940551040229,19563
"Gender agreement","Ungrammatical","lateral","left posterior","left","posterior",194,-0.697935592700506,19563
"Gender agreement","Ungrammatical","lateral","left posterior","left","posterior",196,-0.666223789807289,19563
"Gender agreement","Ungrammatical","lateral","left posterior","left","posterior",198,-0.628031845831416,19563
"Gender agreement","Ungrammatical","lateral","left posterior","left","posterior",200,-0.584653120687011,19563
"Gender agreement","Ungrammatical","lateral","left posterior","left","posterior",202,-0.537610386954966,19563
"Gender agreement","Ungrammatical","lateral","left posterior","left","posterior",204,-0.488579256760211,19563
"Gender agreement","Ungrammatical","lateral","left posterior","left","posterior",206,-0.438939784286664,19563
"Gender agreement","Ungrammatical","lateral","left posterior","left","posterior",208,-0.388731585135204,19563
"Gender agreement","Ungrammatical","lateral","left posterior","left","posterior",210,-0.336499463272504,19563
"Gender agreement","Ungrammatical","lateral","left posterior","left","posterior",212,-0.280219189285897,19563
"Gender agreement","Ungrammatical","lateral","left posterior","left","posterior",214,-0.218142820630783,19563
"Gender agreement","Ungrammatical","lateral","left posterior","left","posterior",216,-0.149082093748403,19563
"Gender agreement","Ungrammatical","lateral","left posterior","left","posterior",218,-0.0724000920104279,19563
"Gender agreement","Ungrammatical","lateral","left posterior","left","posterior",220,0.012218626999949,19563
"Gender agreement","Ungrammatical","lateral","left posterior","left","posterior",222,0.104948269692787,19563
"Gender agreement","Ungrammatical","lateral","left posterior","left","posterior",224,0.205361294280018,19563
"Gender agreement","Ungrammatical","lateral","left posterior","left","posterior",226,0.311945049327813,19563
"Gender agreement","Ungrammatical","lateral","left posterior","left","posterior",228,0.422588560036804,19563
"Gender agreement","Ungrammatical","lateral","left posterior","left","posterior",230,0.535309666206615,19563
"Gender agreement","Ungrammatical","lateral","left posterior","left","posterior",232,0.648137811174155,19563
"Gender agreement","Ungrammatical","lateral","left posterior","left","posterior",234,0.75898440934417,19563
"Gender agreement","Ungrammatical","lateral","left posterior","left","posterior",236,0.866016817461535,19563
"Gender agreement","Ungrammatical","lateral","left posterior","left","posterior",238,0.967967898584062,19563
"Gender agreement","Ungrammatical","lateral","left posterior","left","posterior",240,1.0638183305219,19563
"Gender agreement","Ungrammatical","lateral","left posterior","left","posterior",242,1.15237075090733,19563
"Gender agreement","Ungrammatical","lateral","left posterior","left","posterior",244,1.23200592956091,19563
"Gender agreement","Ungrammatical","lateral","left posterior","left","posterior",246,1.30078883606809,19563
"Gender agreement","Ungrammatical","lateral","left posterior","left","posterior",248,1.35726100291366,19563
"Gender agreement","Ungrammatical","lateral","left posterior","left","posterior",250,1.40131365332515,19563
"Gender agreement","Ungrammatical","lateral","left posterior","left","posterior",252,1.43416372744467,19563
"Gender agreement","Ungrammatical","lateral","left posterior","left","posterior",254,1.45780054183919,19563
"Gender agreement","Ungrammatical","lateral","left posterior","left","posterior",256,1.4743704953228,19563
"Gender agreement","Ungrammatical","lateral","left posterior","left","posterior",258,1.48505714869907,19563
"Gender agreement","Ungrammatical","lateral","left posterior","left","posterior",260,1.48939441803404,19563
"Gender agreement","Ungrammatical","lateral","left posterior","left","posterior",262,1.48624428768594,19563
"Gender agreement","Ungrammatical","lateral","left posterior","left","posterior",264,1.4756705515514,19563
"Gender agreement","Ungrammatical","lateral","left posterior","left","posterior",266,1.45974390430915,19563
"Gender agreement","Ungrammatical","lateral","left posterior","left","posterior",268,1.44187675714359,19563
"Gender agreement","Ungrammatical","lateral","left posterior","left","posterior",270,1.42572846700404,19563
"Gender agreement","Ungrammatical","lateral","left posterior","left","posterior",272,1.41388002862547,19563
"Gender agreement","Ungrammatical","lateral","left posterior","left","posterior",274,1.4068147523386,19563
"Gender agreement","Ungrammatical","lateral","left posterior","left","posterior",276,1.40278607575525,19563
"Gender agreement","Ungrammatical","lateral","left posterior","left","posterior",278,1.39870546439708,19563
"Gender agreement","Ungrammatical","lateral","left posterior","left","posterior",280,1.3918030465675,19563
"Gender agreement","Ungrammatical","lateral","left posterior","left","posterior",282,1.38065102489393,19563
"Gender agreement","Ungrammatical","lateral","left posterior","left","posterior",284,1.36509451515616,19563
"Gender agreement","Ungrammatical","lateral","left posterior","left","posterior",286,1.34598926545008,19563
"Gender agreement","Ungrammatical","lateral","left posterior","left","posterior",288,1.32531799826203,19563
"Gender agreement","Ungrammatical","lateral","left posterior","left","posterior",290,1.30553243367582,19563
"Gender agreement","Ungrammatical","lateral","left posterior","left","posterior",292,1.28815283954404,19563
"Gender agreement","Ungrammatical","lateral","left posterior","left","posterior",294,1.27357337831621,19563
"Gender agreement","Ungrammatical","lateral","left posterior","left","posterior",296,1.261982364668,19563
"Gender agreement","Ungrammatical","lateral","left posterior","left","posterior",298,1.25328032510351,19563
"Gender agreement","Ungrammatical","lateral","left posterior","left","posterior",300,1.24627255533405,19563
"Gender agreement","Ungrammatical","lateral","left posterior","left","posterior",302,1.23880979399888,19563
"Gender agreement","Ungrammatical","lateral","left posterior","left","posterior",304,1.22951454275929,19563
"Gender agreement","Ungrammatical","lateral","left posterior","left","posterior",306,1.21897842866636,19563
"Gender agreement","Ungrammatical","lateral","left posterior","left","posterior",308,1.20933732045187,19563
"Gender agreement","Ungrammatical","lateral","left posterior","left","posterior",310,1.2029590042427,19563
"Gender agreement","Ungrammatical","lateral","left posterior","left","posterior",312,1.20146618616777,19563
"Gender agreement","Ungrammatical","lateral","left posterior","left","posterior",314,1.20561253386495,19563
"Gender agreement","Ungrammatical","lateral","left posterior","left","posterior",316,1.21569820579666,19563
"Gender agreement","Ungrammatical","lateral","left posterior","left","posterior",318,1.23157802995451,19563
"Gender agreement","Ungrammatical","lateral","left posterior","left","posterior",320,1.2521970045494,19563
"Gender agreement","Ungrammatical","lateral","left posterior","left","posterior",322,1.27578208863671,19563
"Gender agreement","Ungrammatical","lateral","left posterior","left","posterior",324,1.30089403465726,19563
"Gender agreement","Ungrammatical","lateral","left posterior","left","posterior",326,1.32716117159945,19563
"Gender agreement","Ungrammatical","lateral","left posterior","left","posterior",328,1.35485447017329,19563
"Gender agreement","Ungrammatical","lateral","left posterior","left","posterior",330,1.38408710320503,19563
"Gender agreement","Ungrammatical","lateral","left posterior","left","posterior",332,1.41453544957317,19563
"Gender agreement","Ungrammatical","lateral","left posterior","left","posterior",334,1.44531268210397,19563
"Gender agreement","Ungrammatical","lateral","left posterior","left","posterior",336,1.47447272913152,19563
"Gender agreement","Ungrammatical","lateral","left posterior","left","posterior",338,1.49923621121505,19563
"Gender agreement","Ungrammatical","lateral","left posterior","left","posterior",340,1.51766543986096,19563
"Gender agreement","Ungrammatical","lateral","left posterior","left","posterior",342,1.53017384859173,19563
"Gender agreement","Ungrammatical","lateral","left posterior","left","posterior",344,1.53877876603793,19563
"Gender agreement","Ungrammatical","lateral","left posterior","left","posterior",346,1.54539175995502,19563
"Gender agreement","Ungrammatical","lateral","left posterior","left","posterior",348,1.55108311608649,19563
"Gender agreement","Ungrammatical","lateral","left posterior","left","posterior",350,1.55609620201401,19563
"Gender agreement","Ungrammatical","lateral","left posterior","left","posterior",352,1.55951709860451,19563
"Gender agreement","Ungrammatical","lateral","left posterior","left","posterior",354,1.55933481572356,19563
"Gender agreement","Ungrammatical","lateral","left posterior","left","posterior",356,1.55374226856822,19563
"Gender agreement","Ungrammatical","lateral","left posterior","left","posterior",358,1.54247819864029,19563
"Gender agreement","Ungrammatical","lateral","left posterior","left","posterior",360,1.52662792005316,19563
"Gender agreement","Ungrammatical","lateral","left posterior","left","posterior",362,1.50794167561212,19563
"Gender agreement","Ungrammatical","lateral","left posterior","left","posterior",364,1.48861110259163,19563
"Gender agreement","Ungrammatical","lateral","left posterior","left","posterior",366,1.4706881357665,19563
"Gender agreement","Ungrammatical","lateral","left posterior","left","posterior",368,1.45510279609467,19563
"Gender agreement","Ungrammatical","lateral","left posterior","left","posterior",370,1.44110172263968,19563
"Gender agreement","Ungrammatical","lateral","left posterior","left","posterior",372,1.4268769104943,19563
"Gender agreement","Ungrammatical","lateral","left posterior","left","posterior",374,1.41053734089864,19563
"Gender agreement","Ungrammatical","lateral","left posterior","left","posterior",376,1.3907924653683,19563
"Gender agreement","Ungrammatical","lateral","left posterior","left","posterior",378,1.36703557736543,19563
"Gender agreement","Ungrammatical","lateral","left posterior","left","posterior",380,1.33908153146245,19563
"Gender agreement","Ungrammatical","lateral","left posterior","left","posterior",382,1.30727189081429,19563
"Gender agreement","Ungrammatical","lateral","left posterior","left","posterior",384,1.27274242191893,19563
"Gender agreement","Ungrammatical","lateral","left posterior","left","posterior",386,1.23705484843838,19563
"Gender agreement","Ungrammatical","lateral","left posterior","left","posterior",388,1.20111031027961,19563
"Gender agreement","Ungrammatical","lateral","left posterior","left","posterior",390,1.16489464806011,19563
"Gender agreement","Ungrammatical","lateral","left posterior","left","posterior",392,1.12851868322854,19563
"Gender agreement","Ungrammatical","lateral","left posterior","left","posterior",394,1.09325476665133,19563
"Gender agreement","Ungrammatical","lateral","left posterior","left","posterior",396,1.06107161478301,19563
"Gender agreement","Ungrammatical","lateral","left posterior","left","posterior",398,1.03300899657517,19563
"Gender agreement","Ungrammatical","lateral","left posterior","left","posterior",400,1.00861595869754,19563
"Gender agreement","Ungrammatical","lateral","left posterior","left","posterior",402,0.987010376731585,19563
"Gender agreement","Ungrammatical","lateral","left posterior","left","posterior",404,0.968024791698615,19563
"Gender agreement","Ungrammatical","lateral","left posterior","left","posterior",406,0.952437356233707,19563
"Gender agreement","Ungrammatical","lateral","left posterior","left","posterior",408,0.941406277155855,19563
"Gender agreement","Ungrammatical","lateral","left posterior","left","posterior",410,0.935685119869141,19563
"Gender agreement","Ungrammatical","lateral","left posterior","left","posterior",412,0.93517221285079,19563
"Gender agreement","Ungrammatical","lateral","left posterior","left","posterior",414,0.939327045954097,19563
"Gender agreement","Ungrammatical","lateral","left posterior","left","posterior",416,0.94809707100138,19563
"Gender agreement","Ungrammatical","lateral","left posterior","left","posterior",418,0.962132699483719,19563
"Gender agreement","Ungrammatical","lateral","left posterior","left","posterior",420,0.982007411951132,19563
"Gender agreement","Ungrammatical","lateral","left posterior","left","posterior",422,1.00759172928487,19563
"Gender agreement","Ungrammatical","lateral","left posterior","left","posterior",424,1.03792414251393,19563
"Gender agreement","Ungrammatical","lateral","left posterior","left","posterior",426,1.07118678116853,19563
"Gender agreement","Ungrammatical","lateral","left posterior","left","posterior",428,1.10460982466902,19563
"Gender agreement","Ungrammatical","lateral","left posterior","left","posterior",430,1.13495598834535,19563
"Gender agreement","Ungrammatical","lateral","left posterior","left","posterior",432,1.15984010632316,19563
"Gender agreement","Ungrammatical","lateral","left posterior","left","posterior",434,1.17888994530491,19563
"Gender agreement","Ungrammatical","lateral","left posterior","left","posterior",436,1.19357281603026,19563
"Gender agreement","Ungrammatical","lateral","left posterior","left","posterior",438,1.20622225630016,19563
"Gender agreement","Ungrammatical","lateral","left posterior","left","posterior",440,1.21952118795686,19563
"Gender agreement","Ungrammatical","lateral","left posterior","left","posterior",442,1.23634273884374,19563
"Gender agreement","Ungrammatical","lateral","left posterior","left","posterior",444,1.25899274139958,19563
"Gender agreement","Ungrammatical","lateral","left posterior","left","posterior",446,1.28779635025303,19563
"Gender agreement","Ungrammatical","lateral","left posterior","left","posterior",448,1.32024817257067,19563
"Gender agreement","Ungrammatical","lateral","left posterior","left","posterior",450,1.35194934314778,19563
"Gender agreement","Ungrammatical","lateral","left posterior","left","posterior",452,1.37893605275265,19563
"Gender agreement","Ungrammatical","lateral","left posterior","left","posterior",454,1.39913811787558,19563
"Gender agreement","Ungrammatical","lateral","left posterior","left","posterior",456,1.41256105914226,19563
"Gender agreement","Ungrammatical","lateral","left posterior","left","posterior",458,1.42070393088995,19563
"Gender agreement","Ungrammatical","lateral","left posterior","left","posterior",460,1.4255720492767,19563
"Gender agreement","Ungrammatical","lateral","left posterior","left","posterior",462,1.42878674027501,19563
"Gender agreement","Ungrammatical","lateral","left posterior","left","posterior",464,1.43144972652456,19563
"Gender agreement","Ungrammatical","lateral","left posterior","left","posterior",466,1.43456473955937,19563
"Gender agreement","Ungrammatical","lateral","left posterior","left","posterior",468,1.43923074170628,19563
"Gender agreement","Ungrammatical","lateral","left posterior","left","posterior",470,1.44692904973675,19563
"Gender agreement","Ungrammatical","lateral","left posterior","left","posterior",472,1.4595919848694,19563
"Gender agreement","Ungrammatical","lateral","left posterior","left","posterior",474,1.47867520318969,19563
"Gender agreement","Ungrammatical","lateral","left posterior","left","posterior",476,1.50386080866943,19563
"Gender agreement","Ungrammatical","lateral","left posterior","left","posterior",478,1.53273117619997,19563
"Gender agreement","Ungrammatical","lateral","left posterior","left","posterior",480,1.56142498594285,19563
"Gender agreement","Ungrammatical","lateral","left posterior","left","posterior",482,1.58617272401983,19563
"Gender agreement","Ungrammatical","lateral","left posterior","left","posterior",484,1.60475433215764,19563
"Gender agreement","Ungrammatical","lateral","left posterior","left","posterior",486,1.61683611920462,19563
"Gender agreement","Ungrammatical","lateral","left posterior","left","posterior",488,1.62298486939631,19563
"Gender agreement","Ungrammatical","lateral","left posterior","left","posterior",490,1.62376828707253,19563
"Gender agreement","Ungrammatical","lateral","left posterior","left","posterior",492,1.61964719112611,19563
"Gender agreement","Ungrammatical","lateral","left posterior","left","posterior",494,1.61131022849256,19563
"Gender agreement","Ungrammatical","lateral","left posterior","left","posterior",496,1.60014087818842,19563
"Gender agreement","Ungrammatical","lateral","left posterior","left","posterior",498,1.58857843888974,19563
"Gender agreement","Ungrammatical","lateral","left posterior","left","posterior",500,1.57971829474007,19563
"Gender agreement","Ungrammatical","lateral","left posterior","left","posterior",502,1.57599284363339,19563
"Gender agreement","Ungrammatical","lateral","left posterior","left","posterior",504,1.57831988958749,19563
"Gender agreement","Ungrammatical","lateral","left posterior","left","posterior",506,1.58646214793232,19563
"Gender agreement","Ungrammatical","lateral","left posterior","left","posterior",508,1.59963390073097,19563
"Gender agreement","Ungrammatical","lateral","left posterior","left","posterior",510,1.61664223278638,19563
"Gender agreement","Ungrammatical","lateral","left posterior","left","posterior",512,1.63575622348311,19563
"Gender agreement","Ungrammatical","lateral","left posterior","left","posterior",514,1.6546717783571,19563
"Gender agreement","Ungrammatical","lateral","left posterior","left","posterior",516,1.67066313960027,19563
"Gender agreement","Ungrammatical","lateral","left posterior","left","posterior",518,1.6809648826867,19563
"Gender agreement","Ungrammatical","lateral","left posterior","left","posterior",520,1.68390957419619,19563
"Gender agreement","Ungrammatical","lateral","left posterior","left","posterior",522,1.68016188723611,19563
"Gender agreement","Ungrammatical","lateral","left posterior","left","posterior",524,1.67262909574196,19563
"Gender agreement","Ungrammatical","lateral","left posterior","left","posterior",526,1.6646389101876,19563
"Gender agreement","Ungrammatical","lateral","left posterior","left","posterior",528,1.65758815110157,19563
"Gender agreement","Ungrammatical","lateral","left posterior","left","posterior",530,1.65006548075449,19563
"Gender agreement","Ungrammatical","lateral","left posterior","left","posterior",532,1.63914011143485,19563
"Gender agreement","Ungrammatical","lateral","left posterior","left","posterior",534,1.6225310535194,19563
"Gender agreement","Ungrammatical","lateral","left posterior","left","posterior",536,1.59991131217093,19563
"Gender agreement","Ungrammatical","lateral","left posterior","left","posterior",538,1.57291264121045,19563
"Gender agreement","Ungrammatical","lateral","left posterior","left","posterior",540,1.54410167152277,19563
"Gender agreement","Ungrammatical","lateral","left posterior","left","posterior",542,1.5157104227368,19563
"Gender agreement","Ungrammatical","lateral","left posterior","left","posterior",544,1.48940418136278,19563
"Gender agreement","Ungrammatical","lateral","left posterior","left","posterior",546,1.46687123651792,19563
"Gender agreement","Ungrammatical","lateral","left posterior","left","posterior",548,1.4499999488831,19563
"Gender agreement","Ungrammatical","lateral","left posterior","left","posterior",550,1.44000730971732,19563
"Gender agreement","Ungrammatical","lateral","left posterior","left","posterior",552,1.43648453713643,19563
"Gender agreement","Ungrammatical","lateral","left posterior","left","posterior",554,1.43762618207841,19563
"Gender agreement","Ungrammatical","lateral","left posterior","left","posterior",556,1.44144052548178,19563
"Gender agreement","Ungrammatical","lateral","left posterior","left","posterior",558,1.44679451004447,19563
"Gender agreement","Ungrammatical","lateral","left posterior","left","posterior",560,1.4530258140367,19563
"Gender agreement","Ungrammatical","lateral","left posterior","left","posterior",562,1.45880795379032,19563
"Gender agreement","Ungrammatical","lateral","left posterior","left","posterior",564,1.46227807595972,19563
"Gender agreement","Ungrammatical","lateral","left posterior","left","posterior",566,1.4625908602975,19563
"Gender agreement","Ungrammatical","lateral","left posterior","left","posterior",568,1.4605568164392,19563
"Gender agreement","Ungrammatical","lateral","left posterior","left","posterior",570,1.45762316618106,19563
"Gender agreement","Ungrammatical","lateral","left posterior","left","posterior",572,1.4551184378674,19563
"Gender agreement","Ungrammatical","lateral","left posterior","left","posterior",574,1.45452313039922,19563
"Gender agreement","Ungrammatical","lateral","left posterior","left","posterior",576,1.45756182589582,19563
"Gender agreement","Ungrammatical","lateral","left posterior","left","posterior",578,1.46536799059449,19563
"Gender agreement","Ungrammatical","lateral","left posterior","left","posterior",580,1.47718867249399,19563
"Gender agreement","Ungrammatical","lateral","left posterior","left","posterior",582,1.49039222000716,19563
"Gender agreement","Ungrammatical","lateral","left posterior","left","posterior",584,1.50230087409906,19563
"Gender agreement","Ungrammatical","lateral","left posterior","left","posterior",586,1.51216388079538,19563
"Gender agreement","Ungrammatical","lateral","left posterior","left","posterior",588,1.52123958493074,19563
"Gender agreement","Ungrammatical","lateral","left posterior","left","posterior",590,1.53136906404948,19563
"Gender agreement","Ungrammatical","lateral","left posterior","left","posterior",592,1.54407943566938,19563
"Gender agreement","Ungrammatical","lateral","left posterior","left","posterior",594,1.56046603281705,19563
"Gender agreement","Ungrammatical","lateral","left posterior","left","posterior",596,1.58076404436947,19563
"Gender agreement","Ungrammatical","lateral","left posterior","left","posterior",598,1.60352236364566,19563
"Gender agreement","Ungrammatical","lateral","left posterior","left","posterior",600,1.62562275724582,19563
"Gender agreement","Ungrammatical","lateral","left posterior","left","posterior",602,1.64306732096304,19563
"Gender agreement","Ungrammatical","lateral","left posterior","left","posterior",604,1.65231871389869,19563
"Gender agreement","Ungrammatical","lateral","left posterior","left","posterior",606,1.65153417165056,19563
"Gender agreement","Ungrammatical","lateral","left posterior","left","posterior",608,1.64128523232633,19563
"Gender agreement","Ungrammatical","lateral","left posterior","left","posterior",610,1.62431942953535,19563
"Gender agreement","Ungrammatical","lateral","left posterior","left","posterior",612,1.60465945918315,19563
"Gender agreement","Ungrammatical","lateral","left posterior","left","posterior",614,1.58610443183561,19563
"Gender agreement","Ungrammatical","lateral","left posterior","left","posterior",616,1.57090190666053,19563
"Gender agreement","Ungrammatical","lateral","left posterior","left","posterior",618,1.55980396667178,19563
"Gender agreement","Ungrammatical","lateral","left posterior","left","posterior",620,1.55316935030415,19563
"Gender agreement","Ungrammatical","lateral","left posterior","left","posterior",622,1.55185324336758,19563
"Gender agreement","Ungrammatical","lateral","left posterior","left","posterior",624,1.55682569135613,19563
"Gender agreement","Ungrammatical","lateral","left posterior","left","posterior",626,1.56783054746205,19563
"Gender agreement","Ungrammatical","lateral","left posterior","left","posterior",628,1.58247901651076,19563
"Gender agreement","Ungrammatical","lateral","left posterior","left","posterior",630,1.59728630578132,19563
"Gender agreement","Ungrammatical","lateral","left posterior","left","posterior",632,1.60948637734499,19563
"Gender agreement","Ungrammatical","lateral","left posterior","left","posterior",634,1.61725875376987,19563
"Gender agreement","Ungrammatical","lateral","left posterior","left","posterior",636,1.61894525379543,19563
"Gender agreement","Ungrammatical","lateral","left posterior","left","posterior",638,1.61339319122834,19563
"Gender agreement","Ungrammatical","lateral","left posterior","left","posterior",640,1.60101610182487,19563
"Gender agreement","Ungrammatical","lateral","left posterior","left","posterior",642,1.58404191586158,19563
"Gender agreement","Ungrammatical","lateral","left posterior","left","posterior",644,1.5656318560548,19563
"Gender agreement","Ungrammatical","lateral","left posterior","left","posterior",646,1.54934544803967,19563
"Gender agreement","Ungrammatical","lateral","left posterior","left","posterior",648,1.53914333179983,19563
"Gender agreement","Ungrammatical","lateral","left posterior","left","posterior",650,1.5382672902929,19563
"Gender agreement","Ungrammatical","lateral","left posterior","left","posterior",652,1.54728063180494,19563
"Gender agreement","Ungrammatical","lateral","left posterior","left","posterior",654,1.56375341205337,19563
"Gender agreement","Ungrammatical","lateral","left posterior","left","posterior",656,1.58410969687676,19563
"Gender agreement","Ungrammatical","lateral","left posterior","left","posterior",658,1.60547303583295,19563
"Gender agreement","Ungrammatical","lateral","left posterior","left","posterior",660,1.62574073506108,19563
"Gender agreement","Ungrammatical","lateral","left posterior","left","posterior",662,1.64259121811583,19563
"Gender agreement","Ungrammatical","lateral","left posterior","left","posterior",664,1.65317609773552,19563
"Gender agreement","Ungrammatical","lateral","left posterior","left","posterior",666,1.65514900577621,19563
"Gender agreement","Ungrammatical","lateral","left posterior","left","posterior",668,1.64820196288913,19563
"Gender agreement","Ungrammatical","lateral","left posterior","left","posterior",670,1.63471425650463,19563
"Gender agreement","Ungrammatical","lateral","left posterior","left","posterior",672,1.61869616112048,19563
"Gender agreement","Ungrammatical","lateral","left posterior","left","posterior",674,1.60371798803864,19563
"Gender agreement","Ungrammatical","lateral","left posterior","left","posterior",676,1.59160650207023,19563
"Gender agreement","Ungrammatical","lateral","left posterior","left","posterior",678,1.58264213055257,19563
"Gender agreement","Ungrammatical","lateral","left posterior","left","posterior",680,1.57614031590247,19563
"Gender agreement","Ungrammatical","lateral","left posterior","left","posterior",682,1.57066477534121,19563
"Gender agreement","Ungrammatical","lateral","left posterior","left","posterior",684,1.5646693758626,19563
"Gender agreement","Ungrammatical","lateral","left posterior","left","posterior",686,1.55738460358841,19563
"Gender agreement","Ungrammatical","lateral","left posterior","left","posterior",688,1.54864693554158,19563
"Gender agreement","Ungrammatical","lateral","left posterior","left","posterior",690,1.53820559218934,19563
"Gender agreement","Ungrammatical","lateral","left posterior","left","posterior",692,1.52616352297705,19563
"Gender agreement","Ungrammatical","lateral","left posterior","left","posterior",694,1.5138218064714,19563
"Gender agreement","Ungrammatical","lateral","left posterior","left","posterior",696,1.50323723355314,19563
"Gender agreement","Ungrammatical","lateral","left posterior","left","posterior",698,1.49585533916066,19563
"Gender agreement","Ungrammatical","lateral","left posterior","left","posterior",700,1.49191688391351,19563
"Gender agreement","Ungrammatical","lateral","left posterior","left","posterior",702,1.49109252159689,19563
"Gender agreement","Ungrammatical","lateral","left posterior","left","posterior",704,1.4932508306497,19563
"Gender agreement","Ungrammatical","lateral","left posterior","left","posterior",706,1.49797945100445,19563
"Gender agreement","Ungrammatical","lateral","left posterior","left","posterior",708,1.50341133772939,19563
"Gender agreement","Ungrammatical","lateral","left posterior","left","posterior",710,1.5064619434647,19563
"Gender agreement","Ungrammatical","lateral","left posterior","left","posterior",712,1.5042684659817,19563
"Gender agreement","Ungrammatical","lateral","left posterior","left","posterior",714,1.49544057659868,19563
"Gender agreement","Ungrammatical","lateral","left posterior","left","posterior",716,1.48036211215049,19563
"Gender agreement","Ungrammatical","lateral","left posterior","left","posterior",718,1.46047421152175,19563
"Gender agreement","Ungrammatical","lateral","left posterior","left","posterior",720,1.43734836170322,19563
"Gender agreement","Ungrammatical","lateral","left posterior","left","posterior",722,1.41242897306139,19563
"Gender agreement","Ungrammatical","lateral","left posterior","left","posterior",724,1.38708056024127,19563
"Gender agreement","Ungrammatical","lateral","left posterior","left","posterior",726,1.36229673362981,19563
"Gender agreement","Ungrammatical","lateral","left posterior","left","posterior",728,1.33870163062925,19563
"Gender agreement","Ungrammatical","lateral","left posterior","left","posterior",730,1.31689638603486,19563
"Gender agreement","Ungrammatical","lateral","left posterior","left","posterior",732,1.29735020191177,19563
"Gender agreement","Ungrammatical","lateral","left posterior","left","posterior",734,1.28019306854777,19563
"Gender agreement","Ungrammatical","lateral","left posterior","left","posterior",736,1.26548106118693,19563
"Gender agreement","Ungrammatical","lateral","left posterior","left","posterior",738,1.25313755558963,19563
"Gender agreement","Ungrammatical","lateral","left posterior","left","posterior",740,1.2426811327506,19563
"Gender agreement","Ungrammatical","lateral","left posterior","left","posterior",742,1.23359040024536,19563
"Gender agreement","Ungrammatical","lateral","left posterior","left","posterior",744,1.22622440321014,19563
"Gender agreement","Ungrammatical","lateral","left posterior","left","posterior",746,1.22166963144712,19563
"Gender agreement","Ungrammatical","lateral","left posterior","left","posterior",748,1.22070081275878,19563
"Gender agreement","Ungrammatical","lateral","left posterior","left","posterior",750,1.22306829218423,19563
"Gender agreement","Ungrammatical","lateral","left posterior","left","posterior",752,1.22735940295456,19563
"Gender agreement","Ungrammatical","lateral","left posterior","left","posterior",754,1.23115145938762,19563
"Gender agreement","Ungrammatical","lateral","left posterior","left","posterior",756,1.23168951592292,19563
"Gender agreement","Ungrammatical","lateral","left posterior","left","posterior",758,1.22704815212391,19563
"Gender agreement","Ungrammatical","lateral","left posterior","left","posterior",760,1.21685855952564,19563
"Gender agreement","Ungrammatical","lateral","left posterior","left","posterior",762,1.20219158615754,19563
"Gender agreement","Ungrammatical","lateral","left posterior","left","posterior",764,1.18488381127639,19563
"Gender agreement","Ungrammatical","lateral","left posterior","left","posterior",766,1.16664223278638,19563
"Gender agreement","Ungrammatical","lateral","left posterior","left","posterior",768,1.14837938966416,19563
"Gender agreement","Ungrammatical","lateral","left posterior","left","posterior",770,1.12996294024434,19563
"Gender agreement","Ungrammatical","lateral","left posterior","left","posterior",772,1.11028180749374,19563
"Gender agreement","Ungrammatical","lateral","left posterior","left","posterior",774,1.08782742933088,19563
"Gender agreement","Ungrammatical","lateral","left posterior","left","posterior",776,1.06199851760977,19563
"Gender agreement","Ungrammatical","lateral","left posterior","left","posterior",778,1.03378806931452,19563
"Gender agreement","Ungrammatical","lateral","left posterior","left","posterior",780,1.00534437458468,19563
"Gender agreement","Ungrammatical","lateral","left posterior","left","posterior",782,0.979112303838879,19563
"Gender agreement","Ungrammatical","lateral","left posterior","left","posterior",784,0.957273628789041,19563
"Gender agreement","Ungrammatical","lateral","left posterior","left","posterior",786,0.941398149568062,19563
"Gender agreement","Ungrammatical","lateral","left posterior","left","posterior",788,0.932220364974697,19563
"Gender agreement","Ungrammatical","lateral","left posterior","left","posterior",790,0.929389152992895,19563
"Gender agreement","Ungrammatical","lateral","left posterior","left","posterior",792,0.931408117364412,19563
"Gender agreement","Ungrammatical","lateral","left posterior","left","posterior",794,0.935662577314318,19563
"Gender agreement","Ungrammatical","lateral","left posterior","left","posterior",796,0.938754945560497,19563
"Gender agreement","Ungrammatical","lateral","left posterior","left","posterior",798,0.937729284874508,19563
"Gender agreement","Ungrammatical","lateral","left posterior","left","posterior",800,0.93168440423248,19563
"Gender agreement","Ungrammatical","lateral","left posterior","left","posterior",802,0.922218320298523,19563
"Gender agreement","Ungrammatical","lateral","left posterior","left","posterior",804,0.912029443336911,19563
"Gender agreement","Ungrammatical","lateral","left posterior","left","posterior",806,0.903119971374534,19563
"Gender agreement","Ungrammatical","lateral","left posterior","left","posterior",808,0.896123958493074,19563
"Gender agreement","Ungrammatical","lateral","left posterior","left","posterior",810,0.891178806931452,19563
"Gender agreement","Ungrammatical","lateral","left posterior","left","posterior",812,0.888827531564688,19563
"Gender agreement","Ungrammatical","lateral","left posterior","left","posterior",814,0.889501099013444,19563
"Gender agreement","Ungrammatical","lateral","left posterior","left","posterior",816,0.892752491949088,19563
"Gender agreement","Ungrammatical","lateral","left posterior","left","posterior",818,0.897316720339416,19563
"Gender agreement","Ungrammatical","lateral","left posterior","left","posterior",820,0.902024842815519,19563
"Gender agreement","Ungrammatical","lateral","left posterior","left","posterior",822,0.906444870418647,19563
"Gender agreement","Ungrammatical","lateral","left posterior","left","posterior",824,0.910645299800644,19563
"Gender agreement","Ungrammatical","lateral","left posterior","left","posterior",826,0.914396973879262,19563
"Gender agreement","Ungrammatical","lateral","left posterior","left","posterior",828,0.916982466901804,19563
"Gender agreement","Ungrammatical","lateral","left posterior","left","posterior",830,0.917584981853499,19563
"Gender agreement","Ungrammatical","lateral","left posterior","left","posterior",832,0.91589531257987,19563
"Gender agreement","Ungrammatical","lateral","left posterior","left","posterior",834,0.91193329243981,19563
"Gender agreement","Ungrammatical","lateral","left posterior","left","posterior",836,0.905909165260952,19563
"Gender agreement","Ungrammatical","lateral","left posterior","left","posterior",838,0.897938557480959,19563
"Gender agreement","Ungrammatical","lateral","left posterior","left","posterior",840,0.887483770382866,19563
"Gender agreement","Ungrammatical","lateral","left posterior","left","posterior",842,0.87344982875837,19563
"Gender agreement","Ungrammatical","lateral","left posterior","left","posterior",844,0.854999437714052,19563
"Gender agreement","Ungrammatical","lateral","left posterior","left","posterior",846,0.831893216786791,19563
"Gender agreement","Ungrammatical","lateral","left posterior","left","posterior",848,0.803986556254153,19563
"Gender agreement","Ungrammatical","lateral","left posterior","left","posterior",850,0.771601543730512,19563
"Gender agreement","Ungrammatical","lateral","left posterior","left","posterior",852,0.736851607626642,19563
"Gender agreement","Ungrammatical","lateral","left posterior","left","posterior",854,0.703800950774421,19563
"Gender agreement","Ungrammatical","lateral","left posterior","left","posterior",856,0.676764351070899,19563
"Gender agreement","Ungrammatical","lateral","left posterior","left","posterior",858,0.65889613045034,19563
"Gender agreement","Ungrammatical","lateral","left posterior","left","posterior",860,0.652209119255738,19563
"Gender agreement","Ungrammatical","lateral","left posterior","left","posterior",862,0.657644175228748,19563
"Gender agreement","Ungrammatical","lateral","left posterior","left","posterior",864,0.674581965956142,19563
"Gender agreement","Ungrammatical","lateral","left posterior","left","posterior",866,0.70024091397025,19563
"Gender agreement","Ungrammatical","lateral","left posterior","left","posterior",868,0.73015861575423,19563
"Gender agreement","Ungrammatical","lateral","left posterior","left","posterior",870,0.760184429790932,19563
"Gender agreement","Ungrammatical","lateral","left posterior","left","posterior",872,0.788512293615499,19563
"Gender agreement","Ungrammatical","lateral","left posterior","left","posterior",874,0.816212390737617,19563
"Gender agreement","Ungrammatical","lateral","left posterior","left","posterior",876,0.845833001073455,19563
"Gender agreement","Ungrammatical","lateral","left posterior","left","posterior",878,0.879457700761642,19563
"Gender agreement","Ungrammatical","lateral","left posterior","left","posterior",880,0.917856054797321,19563
"Gender agreement","Ungrammatical","lateral","left posterior","left","posterior",882,0.96074231968512,19563
"Gender agreement","Ungrammatical","lateral","left posterior","left","posterior",884,1.00692245565609,19563
"Gender agreement","Ungrammatical","lateral","left posterior","left","posterior",886,1.05468414864796,19563
"Gender agreement","Ungrammatical","lateral","left posterior","left","posterior",888,1.1025733271993,19563
"Gender agreement","Ungrammatical","lateral","left posterior","left","posterior",890,1.14937131319327,19563
"Gender agreement","Ungrammatical","lateral","left posterior","left","posterior",892,1.19331595358585,19563
"Gender agreement","Ungrammatical","lateral","left posterior","left","posterior",894,1.23224219189286,19563
"Gender agreement","Ungrammatical","lateral","left posterior","left","posterior",896,1.26431605581966,19563
"Gender agreement","Ungrammatical","lateral","left posterior","left","posterior",898,1.28801829985176,19563
"Gender agreement","Ungrammatical","lateral","left posterior","left","posterior",900,1.30180243316465,19563
"Gender agreement","Ungrammatical","lateral","left posterior","left","posterior",902,1.30423161069366,19563
"Gender agreement","Ungrammatical","lateral","left posterior","left","posterior",904,1.29472810918571,19563
"Gender agreement","Ungrammatical","lateral","left posterior","left","posterior",906,1.27433604252926,19563
"Gender agreement","Ungrammatical","lateral","left posterior","left","posterior",908,1.24617415529316,19563
"Gender agreement","Ungrammatical","lateral","left posterior","left","posterior",910,1.21519061493636,19563
"Gender agreement","Ungrammatical","lateral","left posterior","left","posterior",912,1.18667591882636,19563
"Gender agreement","Ungrammatical","lateral","left posterior","left","posterior",914,1.16424464550427,19563
"Gender agreement","Ungrammatical","lateral","left posterior","left","posterior",916,1.14846787302561,19563
"Gender agreement","Ungrammatical","lateral","left posterior","left","posterior",918,1.13674063282728,19563
"Gender agreement","Ungrammatical","lateral","left posterior","left","posterior",920,1.12439175995502,19563
"Gender agreement","Ungrammatical","lateral","left posterior","left","posterior",922,1.10642452589071,19563
"Gender agreement","Ungrammatical","lateral","left posterior","left","posterior",924,1.07905091243674,19563
"Gender agreement","Ungrammatical","lateral","left posterior","left","posterior",926,1.04104048458825,19563
"Gender agreement","Ungrammatical","lateral","left posterior","left","posterior",928,0.99442825742473,19563
"Gender agreement","Ungrammatical","lateral","left posterior","left","posterior",930,0.943704799877319,19563
"Gender agreement","Ungrammatical","lateral","left posterior","left","posterior",932,0.893990850074119,19563
"Gender agreement","Ungrammatical","lateral","left posterior","left","posterior",934,0.84912907018351,19563
"Gender agreement","Ungrammatical","lateral","left posterior","left","posterior",936,0.810820835250217,19563
"Gender agreement","Ungrammatical","lateral","left posterior","left","posterior",938,0.779305474620457,19563
"Gender agreement","Ungrammatical","lateral","left posterior","left","posterior",940,0.754655625415325,19563
"Gender agreement","Ungrammatical","lateral","left posterior","left","posterior",942,0.737750140571487,19563
"Gender agreement","Ungrammatical","lateral","left posterior","left","posterior",944,0.730474876041507,19563
"Gender agreement","Ungrammatical","lateral","left posterior","left","posterior",946,0.735282318662782,19563
"Gender agreement","Ungrammatical","lateral","left posterior","left","posterior",948,0.754210703879773,19563
"Gender agreement","Ungrammatical","lateral","left posterior","left","posterior",950,0.78759484741604,19563
"Gender agreement","Ungrammatical","lateral","left posterior","left","posterior",952,0.833070387977304,19563
"Gender agreement","Ungrammatical","lateral","left posterior","left","posterior",954,0.886064049481163,19563
"Gender agreement","Ungrammatical","lateral","left posterior","left","posterior",956,0.941614476307315,19563
"Gender agreement","Ungrammatical","lateral","left posterior","left","posterior",958,0.996056790880744,19563
"Gender agreement","Ungrammatical","lateral","left posterior","left","posterior",960,1.04774267750345,19563
"Gender agreement","Ungrammatical","lateral","left posterior","left","posterior",962,1.09720441650054,19563
"Gender agreement","Ungrammatical","lateral","left posterior","left","posterior",964,1.14694044880642,19563
"Gender agreement","Ungrammatical","lateral","left posterior","left","posterior",966,1.20044941982314,19563
"Gender agreement","Ungrammatical","lateral","left posterior","left","posterior",968,1.26063645657619,19563
"Gender agreement","Ungrammatical","lateral","left posterior","left","posterior",970,1.32869028267648,19563
"Gender agreement","Ungrammatical","lateral","left posterior","left","posterior",972,1.4037678270204,19563
"Gender agreement","Ungrammatical","lateral","left posterior","left","posterior",974,1.48341200224914,19563
"Gender agreement","Ungrammatical","lateral","left posterior","left","posterior",976,1.56448407708429,19563
"Gender agreement","Ungrammatical","lateral","left posterior","left","posterior",978,1.64410867453867,19563
"Gender agreement","Ungrammatical","lateral","left posterior","left","posterior",980,1.71981792158667,19563
"Gender agreement","Ungrammatical","lateral","left posterior","left","posterior",982,1.78921821806471,19563
"Gender agreement","Ungrammatical","lateral","left posterior","left","posterior",984,1.8503446812861,19563
"Gender agreement","Ungrammatical","lateral","left posterior","left","posterior",986,1.90255625415325,19563
"Gender agreement","Ungrammatical","lateral","left posterior","left","posterior",988,1.94639252670858,19563
"Gender agreement","Ungrammatical","lateral","left posterior","left","posterior",990,1.98240203445279,19563
"Gender agreement","Ungrammatical","lateral","left posterior","left","posterior",992,2.01109042580381,19563
"Gender agreement","Ungrammatical","lateral","left posterior","left","posterior",994,2.03365618770127,19563
"Gender agreement","Ungrammatical","lateral","left posterior","left","posterior",996,2.05192582937177,19563
"Gender agreement","Ungrammatical","lateral","left posterior","left","posterior",998,2.06712068701119,19563
"Gender agreement","Ungrammatical","lateral","left posterior","left","posterior",1000,2.07904298931657,19563
"Gender agreement","Ungrammatical","lateral","left posterior","left","posterior",1002,2.08586745386699,19563
"Gender agreement","Ungrammatical","lateral","left posterior","left","posterior",1004,2.08474574451771,19563
"Gender agreement","Ungrammatical","lateral","left posterior","left","posterior",1006,2.07327577569902,19563
"Gender agreement","Ungrammatical","lateral","left posterior","left","posterior",1008,2.05070152839544,19563
"Gender agreement","Ungrammatical","lateral","left posterior","left","posterior",1010,2.01780861831008,19563
"Gender agreement","Ungrammatical","lateral","left posterior","left","posterior",1012,1.9760433982518,19563
"Gender agreement","Ungrammatical","lateral","left posterior","left","posterior",1014,1.92705004344937,19563
"Gender agreement","Ungrammatical","lateral","left posterior","left","posterior",1016,1.87278070848029,19563
"Gender agreement","Ungrammatical","lateral","left posterior","left","posterior",1018,1.81595092777181,19563
"Gender agreement","Ungrammatical","lateral","left posterior","left","posterior",1020,1.75991749731636,19563
"Gender agreement","Ungrammatical","lateral","left posterior","left","posterior",1022,1.70787236108981,19563
"Gender agreement","Ungrammatical","lateral","left posterior","left","posterior",1024,1.66193927311762,19563
"Gender agreement","Ungrammatical","lateral","left posterior","left","posterior",1026,1.62238710831672,19563
"Gender agreement","Ungrammatical","lateral","left posterior","left","posterior",1028,1.58782027296427,19563
"Gender agreement","Ungrammatical","lateral","left posterior","left","posterior",1030,1.55650217246844,19563
"Gender agreement","Ungrammatical","lateral","left posterior","left","posterior",1032,1.52779358994019,19563
"Gender agreement","Ungrammatical","lateral","left posterior","left","posterior",1034,1.50203772427542,19563
"Gender agreement","Ungrammatical","lateral","left posterior","left","posterior",1036,1.47943209119256,19563
"Gender agreement","Ungrammatical","lateral","left posterior","left","posterior",1038,1.45942513929356,19563
"Gender agreement","Ungrammatical","lateral","left posterior","left","posterior",1040,1.44109768440423,19563
"Gender agreement","Ungrammatical","lateral","left posterior","left","posterior",1042,1.42330884833614,19563
"Gender agreement","Ungrammatical","lateral","left posterior","left","posterior",1044,1.40452793538823,19563
"Gender agreement","Ungrammatical","lateral","left posterior","left","posterior",1046,1.38328865715892,19563
"Gender agreement","Ungrammatical","lateral","left posterior","left","posterior",1048,1.35928063180494,19563
"Gender agreement","Ungrammatical","lateral","left posterior","left","posterior",1050,1.33364110821449,19563
"Gender agreement","Ungrammatical","lateral","left posterior","left","posterior",1052,1.30780877166079,19563
"Gender agreement","Ungrammatical","lateral","left posterior","left","posterior",1054,1.28218095384144,19563
"Gender agreement","Ungrammatical","lateral","left posterior","left","posterior",1056,1.25607682870725,19563
"Gender agreement","Ungrammatical","lateral","left posterior","left","posterior",1058,1.22867811685324,19563
"Gender agreement","Ungrammatical","lateral","left posterior","left","posterior",1060,1.19996033328222,19563
"Gender agreement","Ungrammatical","lateral","left posterior","left","posterior",1062,1.17098267136942,19563
"Gender agreement","Ungrammatical","lateral","left posterior","left","posterior",1064,1.14310172263968,19563
"Gender agreement","Ungrammatical","lateral","left posterior","left","posterior",1066,1.11664223278638,19563
"Gender agreement","Ungrammatical","lateral","left posterior","left","posterior",1068,1.09052016561877,19563
"Gender agreement","Ungrammatical","lateral","left posterior","left","posterior",1070,1.06303506619639,19563
"Gender agreement","Ungrammatical","lateral","left posterior","left","posterior",1072,1.03276123293973,19563
"Gender agreement","Ungrammatical","lateral","left posterior","left","posterior",1074,0.999038286561366,19563
"Gender agreement","Ungrammatical","lateral","left posterior","left","posterior",1076,0.962120431426673,19563
"Gender agreement","Ungrammatical","lateral","left posterior","left","posterior",1078,0.923129325768031,19563
"Gender agreement","Ungrammatical","lateral","left posterior","left","posterior",1080,0.883731227316874,19563
"Gender agreement","Ungrammatical","lateral","left posterior","left","posterior",1082,0.845845115779788,19563
"Gender agreement","Ungrammatical","lateral","left posterior","left","posterior",1084,0.811177477891939,19563
"Gender agreement","Ungrammatical","lateral","left posterior","left","posterior",1086,0.780737105760875,19563
"Gender agreement","Ungrammatical","lateral","left posterior","left","posterior",1088,0.754676583346113,19563
"Gender agreement","Ungrammatical","lateral","left posterior","left","posterior",1090,0.732442314573429,19563
"Gender agreement","Ungrammatical","lateral","left posterior","left","posterior",1092,0.712824055615192,19563
"Gender agreement","Ungrammatical","lateral","left posterior","left","posterior",1094,0.693790420692123,19563
"Gender agreement","Ungrammatical","lateral","left posterior","left","posterior",1096,0.672739610489189,19563
"Gender agreement","Ungrammatical","lateral","left posterior","left","posterior",1098,0.647323263303174,19563
"Gender agreement","Ungrammatical","lateral","right anterior","right","anterior",-100,-0.695222971936819,32605
"Gender agreement","Ungrammatical","lateral","right anterior","right","anterior",-98,-0.694975954608189,32605
"Gender agreement","Ungrammatical","lateral","right anterior","right","anterior",-96,-0.691697224352093,32605
"Gender agreement","Ungrammatical","lateral","right anterior","right","anterior",-94,-0.685031743597608,32605
"Gender agreement","Ungrammatical","lateral","right anterior","right","anterior",-92,-0.675578009507744,32605
"Gender agreement","Ungrammatical","lateral","right anterior","right","anterior",-90,-0.664825640239227,32605
"Gender agreement","Ungrammatical","lateral","right anterior","right","anterior",-88,-0.653584971630118,32605
"Gender agreement","Ungrammatical","lateral","right anterior","right","anterior",-86,-0.641495322803251,32605
"Gender agreement","Ungrammatical","lateral","right anterior","right","anterior",-84,-0.628126483668149,32605
"Gender agreement","Ungrammatical","lateral","right anterior","right","anterior",-82,-0.613519092163779,32605
"Gender agreement","Ungrammatical","lateral","right anterior","right","anterior",-80,-0.597596319582886,32605
"Gender agreement","Ungrammatical","lateral","right anterior","right","anterior",-78,-0.579708602975004,32605
"Gender agreement","Ungrammatical","lateral","right anterior","right","anterior",-76,-0.558887256555743,32605
"Gender agreement","Ungrammatical","lateral","right anterior","right","anterior",-74,-0.534847385370342,32605
"Gender agreement","Ungrammatical","lateral","right anterior","right","anterior",-72,-0.508525962275725,32605
"Gender agreement","Ungrammatical","lateral","right anterior","right","anterior",-70,-0.481530164085263,32605
"Gender agreement","Ungrammatical","lateral","right anterior","right","anterior",-68,-0.455604324490109,32605
"Gender agreement","Ungrammatical","lateral","right anterior","right","anterior",-66,-0.432468026376323,32605
"Gender agreement","Ungrammatical","lateral","right anterior","right","anterior",-64,-0.412942432142309,32605
"Gender agreement","Ungrammatical","lateral","right anterior","right","anterior",-62,-0.396448581505904,32605
"Gender agreement","Ungrammatical","lateral","right anterior","right","anterior",-60,-0.382109400398712,32605
"Gender agreement","Ungrammatical","lateral","right anterior","right","anterior",-58,-0.370095690844962,32605
"Gender agreement","Ungrammatical","lateral","right anterior","right","anterior",-56,-0.361827756479068,32605
"Gender agreement","Ungrammatical","lateral","right anterior","right","anterior",-54,-0.358668486428462,32605
"Gender agreement","Ungrammatical","lateral","right anterior","right","anterior",-52,-0.360391412360067,32605
"Gender agreement","Ungrammatical","lateral","right anterior","right","anterior",-50,-0.365294188007974,32605
"Gender agreement","Ungrammatical","lateral","right anterior","right","anterior",-48,-0.371495230792823,32605
"Gender agreement","Ungrammatical","lateral","right anterior","right","anterior",-46,-0.377688636712161,32605
"Gender agreement","Ungrammatical","lateral","right anterior","right","anterior",-44,-0.38311219138169,32605
"Gender agreement","Ungrammatical","lateral","right anterior","right","anterior",-42,-0.387253059346726,32605
"Gender agreement","Ungrammatical","lateral","right anterior","right","anterior",-40,-0.389679312988805,32605
"Gender agreement","Ungrammatical","lateral","right anterior","right","anterior",-38,-0.390580125747585,32605
"Gender agreement","Ungrammatical","lateral","right anterior","right","anterior",-36,-0.391360067474314,32605
"Gender agreement","Ungrammatical","lateral","right anterior","right","anterior",-34,-0.394410703879773,32605
"Gender agreement","Ungrammatical","lateral","right anterior","right","anterior",-32,-0.402140254562184,32605
"Gender agreement","Ungrammatical","lateral","right anterior","right","anterior",-30,-0.415849102898328,32605
"Gender agreement","Ungrammatical","lateral","right anterior","right","anterior",-28,-0.435407483514798,32605
"Gender agreement","Ungrammatical","lateral","right anterior","right","anterior",-26,-0.459894003987119,32605
"Gender agreement","Ungrammatical","lateral","right anterior","right","anterior",-24,-0.488226560343506,32605
"Gender agreement","Ungrammatical","lateral","right anterior","right","anterior",-22,-0.519201380156418,32605
"Gender agreement","Ungrammatical","lateral","right anterior","right","anterior",-20,-0.551624106732096,32605
"Gender agreement","Ungrammatical","lateral","right anterior","right","anterior",-18,-0.584886459132035,32605
"Gender agreement","Ungrammatical","lateral","right anterior","right","anterior",-16,-0.618913203496396,32605
"Gender agreement","Ungrammatical","lateral","right anterior","right","anterior",-14,-0.653927557123141,32605
"Gender agreement","Ungrammatical","lateral","right anterior","right","anterior",-12,-0.690036405459285,32605
"Gender agreement","Ungrammatical","lateral","right anterior","right","anterior",-10,-0.726035669375863,32605
"Gender agreement","Ungrammatical","lateral","right anterior","right","anterior",-8,-0.758418586106425,32605
"Gender agreement","Ungrammatical","lateral","right anterior","right","anterior",-6,-0.782571568777795,32605
"Gender agreement","Ungrammatical","lateral","right anterior","right","anterior",-4,-0.795824106732096,32605
"Gender agreement","Ungrammatical","lateral","right anterior","right","anterior",-2,-0.799595706180034,32605
"Gender agreement","Ungrammatical","lateral","right anterior","right","anterior",0,-0.797931881613249,32605
"Gender agreement","Ungrammatical","lateral","right anterior","right","anterior",2,-0.793542800184021,32605
"Gender agreement","Ungrammatical","lateral","right anterior","right","anterior",4,-0.785808434289219,32605
"Gender agreement","Ungrammatical","lateral","right anterior","right","anterior",6,-0.772250973777028,32605
"Gender agreement","Ungrammatical","lateral","right anterior","right","anterior",8,-0.751123477994173,32605
"Gender agreement","Ungrammatical","lateral","right anterior","right","anterior",10,-0.723240852629965,32605
"Gender agreement","Ungrammatical","lateral","right anterior","right","anterior",12,-0.692185278331544,32605
"Gender agreement","Ungrammatical","lateral","right anterior","right","anterior",14,-0.662739733169759,32605
"Gender agreement","Ungrammatical","lateral","right anterior","right","anterior",16,-0.638814200276031,32605
"Gender agreement","Ungrammatical","lateral","right anterior","right","anterior",18,-0.622239809845116,32605
"Gender agreement","Ungrammatical","lateral","right anterior","right","anterior",20,-0.612398098451158,32605
"Gender agreement","Ungrammatical","lateral","right anterior","right","anterior",22,-0.6067127741144,32605
"Gender agreement","Ungrammatical","lateral","right anterior","right","anterior",24,-0.601608587639933,32605
"Gender agreement","Ungrammatical","lateral","right anterior","right","anterior",26,-0.593140438583039,32605
"Gender agreement","Ungrammatical","lateral","right anterior","right","anterior",28,-0.577767182947401,32605
"Gender agreement","Ungrammatical","lateral","right anterior","right","anterior",30,-0.554116515871799,32605
"Gender agreement","Ungrammatical","lateral","right anterior","right","anterior",32,-0.523747216684558,32605
"Gender agreement","Ungrammatical","lateral","right anterior","right","anterior",34,-0.489643306241374,32605
"Gender agreement","Ungrammatical","lateral","right anterior","right","anterior",36,-0.45482238920411,32605
"Gender agreement","Ungrammatical","lateral","right anterior","right","anterior",38,-0.422210918570771,32605
"Gender agreement","Ungrammatical","lateral","right anterior","right","anterior",40,-0.394768501763533,32605
"Gender agreement","Ungrammatical","lateral","right anterior","right","anterior",42,-0.374988958748658,32605
"Gender agreement","Ungrammatical","lateral","right anterior","right","anterior",44,-0.363791412360068,32605
"Gender agreement","Ungrammatical","lateral","right anterior","right","anterior",46,-0.359512007360834,32605
"Gender agreement","Ungrammatical","lateral","right anterior","right","anterior",48,-0.358272044165005,32605
"Gender agreement","Ungrammatical","lateral","right anterior","right","anterior",50,-0.355490476920718,32605
"Gender agreement","Ungrammatical","lateral","right anterior","right","anterior",52,-0.347400214690998,32605
"Gender agreement","Ungrammatical","lateral","right anterior","right","anterior",54,-0.332436466799571,32605
"Gender agreement","Ungrammatical","lateral","right anterior","right","anterior",56,-0.312463701886214,32605
"Gender agreement","Ungrammatical","lateral","right anterior","right","anterior",58,-0.291870019935593,32605
"Gender agreement","Ungrammatical","lateral","right anterior","right","anterior",60,-0.274794203343046,32605
"Gender agreement","Ungrammatical","lateral","right anterior","right","anterior",62,-0.263354117466646,32605
"Gender agreement","Ungrammatical","lateral","right anterior","right","anterior",64,-0.25773586873179,32605
"Gender agreement","Ungrammatical","lateral","right anterior","right","anterior",66,-0.257225026836375,32605
"Gender agreement","Ungrammatical","lateral","right anterior","right","anterior",68,-0.260631528906609,32605
"Gender agreement","Ungrammatical","lateral","right anterior","right","anterior",70,-0.266235884066861,32605
"Gender agreement","Ungrammatical","lateral","right anterior","right","anterior",72,-0.272399815979144,32605
"Gender agreement","Ungrammatical","lateral","right anterior","right","anterior",74,-0.278482625364208,32605
"Gender agreement","Ungrammatical","lateral","right anterior","right","anterior",76,-0.284621438429689,32605
"Gender agreement","Ungrammatical","lateral","right anterior","right","anterior",78,-0.291250084342892,32605
"Gender agreement","Ungrammatical","lateral","right anterior","right","anterior",80,-0.299547094003987,32605
"Gender agreement","Ungrammatical","lateral","right anterior","right","anterior",82,-0.311412666768901,32605
"Gender agreement","Ungrammatical","lateral","right anterior","right","anterior",84,-0.328304278484895,32605
"Gender agreement","Ungrammatical","lateral","right anterior","right","anterior",86,-0.35043235700046,32605
"Gender agreement","Ungrammatical","lateral","right anterior","right","anterior",88,-0.37731875479221,32605
"Gender agreement","Ungrammatical","lateral","right anterior","right","anterior",90,-0.408633369115166,32605
"Gender agreement","Ungrammatical","lateral","right anterior","right","anterior",92,-0.444053212697439,32605
"Gender agreement","Ungrammatical","lateral","right anterior","right","anterior",94,-0.483593528599908,32605
"Gender agreement","Ungrammatical","lateral","right anterior","right","anterior",96,-0.528756080355774,32605
"Gender agreement","Ungrammatical","lateral","right anterior","right","anterior",98,-0.582850145683178,32605
"Gender agreement","Ungrammatical","lateral","right anterior","right","anterior",100,-0.649102192915197,32605
"Gender agreement","Ungrammatical","lateral","right anterior","right","anterior",102,-0.728943781628585,32605
"Gender agreement","Ungrammatical","lateral","right anterior","right","anterior",104,-0.822042631498236,32605
"Gender agreement","Ungrammatical","lateral","right anterior","right","anterior",106,-0.927119736236773,32605
"Gender agreement","Ungrammatical","lateral","right anterior","right","anterior",108,-1.04197586259776,32605
"Gender agreement","Ungrammatical","lateral","right anterior","right","anterior",110,-1.16319058426622,32605
"Gender agreement","Ungrammatical","lateral","right anterior","right","anterior",112,-1.28612031896948,32605
"Gender agreement","Ungrammatical","lateral","right anterior","right","anterior",114,-1.40524474773808,32605
"Gender agreement","Ungrammatical","lateral","right anterior","right","anterior",116,-1.51524953228033,32605
"Gender agreement","Ungrammatical","lateral","right anterior","right","anterior",118,-1.61293896641619,32605
"Gender agreement","Ungrammatical","lateral","right anterior","right","anterior",120,-1.69800757552523,32605
"Gender agreement","Ungrammatical","lateral","right anterior","right","anterior",122,-1.77169538414354,32605
"Gender agreement","Ungrammatical","lateral","right anterior","right","anterior",124,-1.8346515258396,32605
"Gender agreement","Ungrammatical","lateral","right anterior","right","anterior",126,-1.88566879312989,32605
"Gender agreement","Ungrammatical","lateral","right anterior","right","anterior",128,-1.921872902929,32605
"Gender agreement","Ungrammatical","lateral","right anterior","right","anterior",130,-1.93983674283085,32605
"Gender agreement","Ungrammatical","lateral","right anterior","right","anterior",132,-1.9370471400092,32605
"Gender agreement","Ungrammatical","lateral","right anterior","right","anterior",134,-1.91306781168532,32605
"Gender agreement","Ungrammatical","lateral","right anterior","right","anterior",136,-1.86925802790983,32605
"Gender agreement","Ungrammatical","lateral","right anterior","right","anterior",138,-1.80702177580126,32605
"Gender agreement","Ungrammatical","lateral","right anterior","right","anterior",140,-1.72680524459439,32605
"Gender agreement","Ungrammatical","lateral","right anterior","right","anterior",142,-1.62911967489649,32605
"Gender agreement","Ungrammatical","lateral","right anterior","right","anterior",144,-1.51543419720902,32605
"Gender agreement","Ungrammatical","lateral","right anterior","right","anterior",146,-1.38734522312529,32605
"Gender agreement","Ungrammatical","lateral","right anterior","right","anterior",148,-1.24513001073455,32605
"Gender agreement","Ungrammatical","lateral","right anterior","right","anterior",150,-1.08831942953535,32605
"Gender agreement","Ungrammatical","lateral","right anterior","right","anterior",152,-0.918022573224965,32605
"Gender agreement","Ungrammatical","lateral","right anterior","right","anterior",154,-0.737988069314522,32605
"Gender agreement","Ungrammatical","lateral","right anterior","right","anterior",156,-0.55293786229106,32605
"Gender agreement","Ungrammatical","lateral","right anterior","right","anterior",158,-0.366453151357154,32605
"Gender agreement","Ungrammatical","lateral","right anterior","right","anterior",160,-0.180057782548689,32605
"Gender agreement","Ungrammatical","lateral","right anterior","right","anterior",162,0.00652513418187395,32605
"Gender agreement","Ungrammatical","lateral","right anterior","right","anterior",164,0.194146756632418,32605
"Gender agreement","Ungrammatical","lateral","right anterior","right","anterior",166,0.38285287532587,32605
"Gender agreement","Ungrammatical","lateral","right anterior","right","anterior",168,0.571517742677503,32605
"Gender agreement","Ungrammatical","lateral","right anterior","right","anterior",170,0.758570802024229,32605
"Gender agreement","Ungrammatical","lateral","right anterior","right","anterior",172,0.94270093543935,32605
"Gender agreement","Ungrammatical","lateral","right anterior","right","anterior",174,1.12284818279405,32605
"Gender agreement","Ungrammatical","lateral","right anterior","right","anterior",176,1.2971692685171,32605
"Gender agreement","Ungrammatical","lateral","right anterior","right","anterior",178,1.46293231099525,32605
"Gender agreement","Ungrammatical","lateral","right anterior","right","anterior",180,1.61825986811839,32605
"Gender agreement","Ungrammatical","lateral","right anterior","right","anterior",182,1.763727311762,32605
"Gender agreement","Ungrammatical","lateral","right anterior","right","anterior",184,1.90162941266677,32605
"Gender agreement","Ungrammatical","lateral","right anterior","right","anterior",186,2.03416022082503,32605
"Gender agreement","Ungrammatical","lateral","right anterior","right","anterior",188,2.16220619536881,32605
"Gender agreement","Ungrammatical","lateral","right anterior","right","anterior",190,2.28475795123447,32605
"Gender agreement","Ungrammatical","lateral","right anterior","right","anterior",192,2.39922631498236,32605
"Gender agreement","Ungrammatical","lateral","right anterior","right","anterior",194,2.50252418340745,32605
"Gender agreement","Ungrammatical","lateral","right anterior","right","anterior",196,2.59215749118233,32605
"Gender agreement","Ungrammatical","lateral","right anterior","right","anterior",198,2.66700938506364,32605
"Gender agreement","Ungrammatical","lateral","right anterior","right","anterior",200,2.72813200429382,32605
"Gender agreement","Ungrammatical","lateral","right anterior","right","anterior",202,2.77858037110873,32605
"Gender agreement","Ungrammatical","lateral","right anterior","right","anterior",204,2.82169728569238,32605
"Gender agreement","Ungrammatical","lateral","right anterior","right","anterior",206,2.85945407146143,32605
"Gender agreement","Ungrammatical","lateral","right anterior","right","anterior",208,2.89258791596381,32605
"Gender agreement","Ungrammatical","lateral","right anterior","right","anterior",210,2.92145983744824,32605
"Gender agreement","Ungrammatical","lateral","right anterior","right","anterior",212,2.94613442723509,32605
"Gender agreement","Ungrammatical","lateral","right anterior","right","anterior",214,2.96661861677657,32605
"Gender agreement","Ungrammatical","lateral","right anterior","right","anterior",216,2.98355267596994,32605
"Gender agreement","Ungrammatical","lateral","right anterior","right","anterior",218,2.99827495782855,32605
"Gender agreement","Ungrammatical","lateral","right anterior","right","anterior",220,3.01227179880386,32605
"Gender agreement","Ungrammatical","lateral","right anterior","right","anterior",222,3.02687750345039,32605
"Gender agreement","Ungrammatical","lateral","right anterior","right","anterior",224,3.04289661094924,32605
"Gender agreement","Ungrammatical","lateral","right anterior","right","anterior",226,3.06043934979298,32605
"Gender agreement","Ungrammatical","lateral","right anterior","right","anterior",228,3.07920542861524,32605
"Gender agreement","Ungrammatical","lateral","right anterior","right","anterior",230,3.09874105198589,32605
"Gender agreement","Ungrammatical","lateral","right anterior","right","anterior",232,3.11814804477841,32605
"Gender agreement","Ungrammatical","lateral","right anterior","right","anterior",234,3.13574292286459,32605
"Gender agreement","Ungrammatical","lateral","right anterior","right","anterior",236,3.14967538721055,32605
"Gender agreement","Ungrammatical","lateral","right anterior","right","anterior",238,3.15912915197056,32605
"Gender agreement","Ungrammatical","lateral","right anterior","right","anterior",240,3.16461441496703,32605
"Gender agreement","Ungrammatical","lateral","right anterior","right","anterior",242,3.1670122373869,32605
"Gender agreement","Ungrammatical","lateral","right anterior","right","anterior",244,3.16653215764453,32605
"Gender agreement","Ungrammatical","lateral","right anterior","right","anterior",246,3.162418279405,32605
"Gender agreement","Ungrammatical","lateral","right anterior","right","anterior",248,3.15350789756172,32605
"Gender agreement","Ungrammatical","lateral","right anterior","right","anterior",250,3.13859104431836,32605
"Gender agreement","Ungrammatical","lateral","right anterior","right","anterior",252,3.11640168685784,32605
"Gender agreement","Ungrammatical","lateral","right anterior","right","anterior",254,3.08638469559883,32605
"Gender agreement","Ungrammatical","lateral","right anterior","right","anterior",256,3.04936975923938,32605
"Gender agreement","Ungrammatical","lateral","right anterior","right","anterior",258,3.00660677810152,32605
"Gender agreement","Ungrammatical","lateral","right anterior","right","anterior",260,2.95903548535501,32605
"Gender agreement","Ungrammatical","lateral","right anterior","right","anterior",262,2.9083943873639,32605
"Gender agreement","Ungrammatical","lateral","right anterior","right","anterior",264,2.85788213464193,32605
"Gender agreement","Ungrammatical","lateral","right anterior","right","anterior",266,2.81036702959669,32605
"Gender agreement","Ungrammatical","lateral","right anterior","right","anterior",268,2.76682465879466,32605
"Gender agreement","Ungrammatical","lateral","right anterior","right","anterior",270,2.72749980064407,32605
"Gender agreement","Ungrammatical","lateral","right anterior","right","anterior",272,2.69325456218371,32605
"Gender agreement","Ungrammatical","lateral","right anterior","right","anterior",274,2.66443223431989,32605
"Gender agreement","Ungrammatical","lateral","right anterior","right","anterior",276,2.63903162091704,32605
"Gender agreement","Ungrammatical","lateral","right anterior","right","anterior",278,2.61300364974697,32605
"Gender agreement","Ungrammatical","lateral","right anterior","right","anterior",280,2.58266400858764,32605
"Gender agreement","Ungrammatical","lateral","right anterior","right","anterior",282,2.54637583192762,32605
"Gender agreement","Ungrammatical","lateral","right anterior","right","anterior",284,2.50388510964576,32605
"Gender agreement","Ungrammatical","lateral","right anterior","right","anterior",286,2.45503910443184,32605
"Gender agreement","Ungrammatical","lateral","right anterior","right","anterior",288,2.39972166845576,32605
"Gender agreement","Ungrammatical","lateral","right anterior","right","anterior",290,2.3387441496703,32605
"Gender agreement","Ungrammatical","lateral","right anterior","right","anterior",292,2.27419585953075,32605
"Gender agreement","Ungrammatical","lateral","right anterior","right","anterior",294,2.20827777948167,32605
"Gender agreement","Ungrammatical","lateral","right anterior","right","anterior",296,2.14159122833921,32605
"Gender agreement","Ungrammatical","lateral","right anterior","right","anterior",298,2.07282088636712,32605
"Gender agreement","Ungrammatical","lateral","right anterior","right","anterior",300,1.99987768747125,32605
"Gender agreement","Ungrammatical","lateral","right anterior","right","anterior",302,1.92124134335225,32605
"Gender agreement","Ungrammatical","lateral","right anterior","right","anterior",304,1.8369800644073,32605
"Gender agreement","Ungrammatical","lateral","right anterior","right","anterior",306,1.74876672289526,32605
"Gender agreement","Ungrammatical","lateral","right anterior","right","anterior",308,1.65879674896488,32605
"Gender agreement","Ungrammatical","lateral","right anterior","right","anterior",310,1.56877003527066,32605
"Gender agreement","Ungrammatical","lateral","right anterior","right","anterior",312,1.4797057199816,32605
"Gender agreement","Ungrammatical","lateral","right anterior","right","anterior",314,1.39216942186781,32605
"Gender agreement","Ungrammatical","lateral","right anterior","right","anterior",316,1.30670519858917,32605
"Gender agreement","Ungrammatical","lateral","right anterior","right","anterior",318,1.22416291979758,32605
"Gender agreement","Ungrammatical","lateral","right anterior","right","anterior",320,1.14537877626131,32605
"Gender agreement","Ungrammatical","lateral","right anterior","right","anterior",322,1.07039291519706,32605
"Gender agreement","Ungrammatical","lateral","right anterior","right","anterior",324,0.998521883146757,32605
"Gender agreement","Ungrammatical","lateral","right anterior","right","anterior",326,0.929521944487042,32605
"Gender agreement","Ungrammatical","lateral","right anterior","right","anterior",328,0.864876798037111,32605
"Gender agreement","Ungrammatical","lateral","right anterior","right","anterior",330,0.807678086183101,32605
"Gender agreement","Ungrammatical","lateral","right anterior","right","anterior",332,0.760579113632878,32605
"Gender agreement","Ungrammatical","lateral","right anterior","right","anterior",334,0.723639012421408,32605
"Gender agreement","Ungrammatical","lateral","right anterior","right","anterior",336,0.694073547001994,32605
"Gender agreement","Ungrammatical","lateral","right anterior","right","anterior",338,0.667578070848029,32605
"Gender agreement","Ungrammatical","lateral","right anterior","right","anterior",340,0.640656187701273,32605
"Gender agreement","Ungrammatical","lateral","right anterior","right","anterior",342,0.612249133568471,32605
"Gender agreement","Ungrammatical","lateral","right anterior","right","anterior",344,0.583364698665849,32605
"Gender agreement","Ungrammatical","lateral","right anterior","right","anterior",346,0.555741481367888,32605
"Gender agreement","Ungrammatical","lateral","right anterior","right","anterior",348,0.531005643306241,32605
"Gender agreement","Ungrammatical","lateral","right anterior","right","anterior",350,0.510236466799571,32605
"Gender agreement","Ungrammatical","lateral","right anterior","right","anterior",352,0.493695537494249,32605
"Gender agreement","Ungrammatical","lateral","right anterior","right","anterior",354,0.481065235393345,32605
"Gender agreement","Ungrammatical","lateral","right anterior","right","anterior",356,0.471298113786229,32605
"Gender agreement","Ungrammatical","lateral","right anterior","right","anterior",358,0.462136666155498,32605
"Gender agreement","Ungrammatical","lateral","right anterior","right","anterior",360,0.45080328170526,32605
"Gender agreement","Ungrammatical","lateral","right anterior","right","anterior",362,0.436262352399939,32605
"Gender agreement","Ungrammatical","lateral","right anterior","right","anterior",364,0.420480079742371,32605
"Gender agreement","Ungrammatical","lateral","right anterior","right","anterior",366,0.406842140775955,32605
"Gender agreement","Ungrammatical","lateral","right anterior","right","anterior",368,0.397148658181261,32605
"Gender agreement","Ungrammatical","lateral","right anterior","right","anterior",370,0.39070151817206,32605
"Gender agreement","Ungrammatical","lateral","right anterior","right","anterior",372,0.385885385677043,32605
"Gender agreement","Ungrammatical","lateral","right anterior","right","anterior",374,0.381580647140009,32605
"Gender agreement","Ungrammatical","lateral","right anterior","right","anterior",376,0.377106517405306,32605
"Gender agreement","Ungrammatical","lateral","right anterior","right","anterior",378,0.372057721208404,32605
"Gender agreement","Ungrammatical","lateral","right anterior","right","anterior",380,0.36675052905996,32605
"Gender agreement","Ungrammatical","lateral","right anterior","right","anterior",382,0.362984634258549,32605
"Gender agreement","Ungrammatical","lateral","right anterior","right","anterior",384,0.363764483974851,32605
"Gender agreement","Ungrammatical","lateral","right anterior","right","anterior",386,0.371104769207177,32605
"Gender agreement","Ungrammatical","lateral","right anterior","right","anterior",388,0.383825364207944,32605
"Gender agreement","Ungrammatical","lateral","right anterior","right","anterior",390,0.397982855390278,32605
"Gender agreement","Ungrammatical","lateral","right anterior","right","anterior",392,0.409660634871952,32605
"Gender agreement","Ungrammatical","lateral","right anterior","right","anterior",394,0.417655758319276,32605
"Gender agreement","Ungrammatical","lateral","right anterior","right","anterior",396,0.423778745591167,32605
"Gender agreement","Ungrammatical","lateral","right anterior","right","anterior",398,0.430556417727342,32605
"Gender agreement","Ungrammatical","lateral","right anterior","right","anterior",400,0.438856647753412,32605
"Gender agreement","Ungrammatical","lateral","right anterior","right","anterior",402,0.447124183407453,32605
"Gender agreement","Ungrammatical","lateral","right anterior","right","anterior",404,0.452649869651894,32605
"Gender agreement","Ungrammatical","lateral","right anterior","right","anterior",406,0.454168379082963,32605
"Gender agreement","Ungrammatical","lateral","right anterior","right","anterior",408,0.452635485355007,32605
"Gender agreement","Ungrammatical","lateral","right anterior","right","anterior",410,0.449474743137556,32605
"Gender agreement","Ungrammatical","lateral","right anterior","right","anterior",412,0.445298635178654,32605
"Gender agreement","Ungrammatical","lateral","right anterior","right","anterior",414,0.440297623063947,32605
"Gender agreement","Ungrammatical","lateral","right anterior","right","anterior",416,0.434586597147677,32605
"Gender agreement","Ungrammatical","lateral","right anterior","right","anterior",418,0.428152553289373,32605
"Gender agreement","Ungrammatical","lateral","right anterior","right","anterior",420,0.421176568011041,32605
"Gender agreement","Ungrammatical","lateral","right anterior","right","anterior",422,0.414774298420488,32605
"Gender agreement","Ungrammatical","lateral","right anterior","right","anterior",424,0.410810519858917,32605
"Gender agreement","Ungrammatical","lateral","right anterior","right","anterior",426,0.409979297653734,32605
"Gender agreement","Ungrammatical","lateral","right anterior","right","anterior",428,0.410277288759393,32605
"Gender agreement","Ungrammatical","lateral","right anterior","right","anterior",430,0.407855206256709,32605
"Gender agreement","Ungrammatical","lateral","right anterior","right","anterior",432,0.399496028216531,32605
"Gender agreement","Ungrammatical","lateral","right anterior","right","anterior",434,0.384371814138936,32605
"Gender agreement","Ungrammatical","lateral","right anterior","right","anterior",436,0.364013862904463,32605
"Gender agreement","Ungrammatical","lateral","right anterior","right","anterior",438,0.340952982671369,32605
"Gender agreement","Ungrammatical","lateral","right anterior","right","anterior",440,0.3176454838215,32605
"Gender agreement","Ungrammatical","lateral","right anterior","right","anterior",442,0.296309707100138,32605
"Gender agreement","Ungrammatical","lateral","right anterior","right","anterior",444,0.278568041711394,32605
"Gender agreement","Ungrammatical","lateral","right anterior","right","anterior",446,0.2647181720595,32605
"Gender agreement","Ungrammatical","lateral","right anterior","right","anterior",448,0.253604355160251,32605
"Gender agreement","Ungrammatical","lateral","right anterior","right","anterior",450,0.243249992332464,32605
"Gender agreement","Ungrammatical","lateral","right anterior","right","anterior",452,0.23205204723202,32605
"Gender agreement","Ungrammatical","lateral","right anterior","right","anterior",454,0.220175310535194,32605
"Gender agreement","Ungrammatical","lateral","right anterior","right","anterior",456,0.209758717988039,32605
"Gender agreement","Ungrammatical","lateral","right anterior","right","anterior",458,0.20348440423248,32605
"Gender agreement","Ungrammatical","lateral","right anterior","right","anterior",460,0.203086244441037,32605
"Gender agreement","Ungrammatical","lateral","right anterior","right","anterior",462,0.2086091397025,32605
"Gender agreement","Ungrammatical","lateral","right anterior","right","anterior",464,0.218670878699586,32605
"Gender agreement","Ungrammatical","lateral","right anterior","right","anterior",466,0.231845115779788,32605
"Gender agreement","Ungrammatical","lateral","right anterior","right","anterior",468,0.247595675509891,32605
"Gender agreement","Ungrammatical","lateral","right anterior","right","anterior",470,0.265977212084036,32605
"Gender agreement","Ungrammatical","lateral","right anterior","right","anterior",472,0.287646955988345,32605
"Gender agreement","Ungrammatical","lateral","right anterior","right","anterior",474,0.313535807391504,32605
"Gender agreement","Ungrammatical","lateral","right anterior","right","anterior",476,0.343182579358994,32605
"Gender agreement","Ungrammatical","lateral","right anterior","right","anterior",478,0.373993375249195,32605
"Gender agreement","Ungrammatical","lateral","right anterior","right","anterior",480,0.402792455144916,32605
"Gender agreement","Ungrammatical","lateral","right anterior","right","anterior",482,0.427820058273271,32605
"Gender agreement","Ungrammatical","lateral","right anterior","right","anterior",484,0.449001686857844,32605
"Gender agreement","Ungrammatical","lateral","right anterior","right","anterior",486,0.467270111946021,32605
"Gender agreement","Ungrammatical","lateral","right anterior","right","anterior",488,0.483832786382457,32605
"Gender agreement","Ungrammatical","lateral","right anterior","right","anterior",490,0.499263732556356,32605
"Gender agreement","Ungrammatical","lateral","right anterior","right","anterior",492,0.512952890660942,32605
"Gender agreement","Ungrammatical","lateral","right anterior","right","anterior",494,0.523317896028217,32605
"Gender agreement","Ungrammatical","lateral","right anterior","right","anterior",496,0.528793375249195,32605
"Gender agreement","Ungrammatical","lateral","right anterior","right","anterior",498,0.52901055052906,32605
"Gender agreement","Ungrammatical","lateral","right anterior","right","anterior",500,0.525096120226959,32605
"Gender agreement","Ungrammatical","lateral","right anterior","right","anterior",502,0.519250299033891,32605
"Gender agreement","Ungrammatical","lateral","right anterior","right","anterior",504,0.514375893267904,32605
"Gender agreement","Ungrammatical","lateral","right anterior","right","anterior",506,0.513880877166079,32605
"Gender agreement","Ungrammatical","lateral","right anterior","right","anterior",508,0.521117957368502,32605
"Gender agreement","Ungrammatical","lateral","right anterior","right","anterior",510,0.538087593927312,32605
"Gender agreement","Ungrammatical","lateral","right anterior","right","anterior",512,0.564181965956142,32605
"Gender agreement","Ungrammatical","lateral","right anterior","right","anterior",514,0.596114706333384,32605
"Gender agreement","Ungrammatical","lateral","right anterior","right","anterior",516,0.629282042631498,32605
"Gender agreement","Ungrammatical","lateral","right anterior","right","anterior",518,0.659764637325564,32605
"Gender agreement","Ungrammatical","lateral","right anterior","right","anterior",520,0.685452200582733,32605
"Gender agreement","Ungrammatical","lateral","right anterior","right","anterior",522,0.705915442416807,32605
"Gender agreement","Ungrammatical","lateral","right anterior","right","anterior",524,0.721888698052446,32605
"Gender agreement","Ungrammatical","lateral","right anterior","right","anterior",526,0.735035546695292,32605
"Gender agreement","Ungrammatical","lateral","right anterior","right","anterior",528,0.747309001686858,32605
"Gender agreement","Ungrammatical","lateral","right anterior","right","anterior",530,0.759599846649287,32605
"Gender agreement","Ungrammatical","lateral","right anterior","right","anterior",532,0.771079681030517,32605
"Gender agreement","Ungrammatical","lateral","right anterior","right","anterior",534,0.780149455604969,32605
"Gender agreement","Ungrammatical","lateral","right anterior","right","anterior",536,0.785801533507131,32605
"Gender agreement","Ungrammatical","lateral","right anterior","right","anterior",538,0.788782364667996,32605
"Gender agreement","Ungrammatical","lateral","right anterior","right","anterior",540,0.791754485508358,32605
"Gender agreement","Ungrammatical","lateral","right anterior","right","anterior",542,0.797988836068088,32605
"Gender agreement","Ungrammatical","lateral","right anterior","right","anterior",544,0.809845759852783,32605
"Gender agreement","Ungrammatical","lateral","right anterior","right","anterior",546,0.828704125134182,32605
"Gender agreement","Ungrammatical","lateral","right anterior","right","anterior",548,0.85565545161785,32605
"Gender agreement","Ungrammatical","lateral","right anterior","right","anterior",550,0.891343597607729,32605
"Gender agreement","Ungrammatical","lateral","right anterior","right","anterior",552,0.934800521392425,32605
"Gender agreement","Ungrammatical","lateral","right anterior","right","anterior",554,0.983075908602975,32605
"Gender agreement","Ungrammatical","lateral","right anterior","right","anterior",556,1.0323784082196,32605
"Gender agreement","Ungrammatical","lateral","right anterior","right","anterior",558,1.07874102131575,32605
"Gender agreement","Ungrammatical","lateral","right anterior","right","anterior",560,1.11759233246435,32605
"Gender agreement","Ungrammatical","lateral","right anterior","right","anterior",562,1.14467514184941,32605
"Gender agreement","Ungrammatical","lateral","right anterior","right","anterior",564,1.15882527219752,32605
"Gender agreement","Ungrammatical","lateral","right anterior","right","anterior",566,1.16322594694065,32605
"Gender agreement","Ungrammatical","lateral","right anterior","right","anterior",568,1.16313439656494,32605
"Gender agreement","Ungrammatical","lateral","right anterior","right","anterior",570,1.1629887747278,32605
"Gender agreement","Ungrammatical","lateral","right anterior","right","anterior",572,1.16590565864131,32605
"Gender agreement","Ungrammatical","lateral","right anterior","right","anterior",574,1.1745566017482,32605
"Gender agreement","Ungrammatical","lateral","right anterior","right","anterior",576,1.19091274344426,32605
"Gender agreement","Ungrammatical","lateral","right anterior","right","anterior",578,1.21512360067474,32605
"Gender agreement","Ungrammatical","lateral","right anterior","right","anterior",580,1.24562570157951,32605
"Gender agreement","Ungrammatical","lateral","right anterior","right","anterior",582,1.28022401472167,32605
"Gender agreement","Ungrammatical","lateral","right anterior","right","anterior",584,1.31707094003987,32605
"Gender agreement","Ungrammatical","lateral","right anterior","right","anterior",586,1.35505299800644,32605
"Gender agreement","Ungrammatical","lateral","right anterior","right","anterior",588,1.39381306548075,32605
"Gender agreement","Ungrammatical","lateral","right anterior","right","anterior",590,1.43358475693912,32605
"Gender agreement","Ungrammatical","lateral","right anterior","right","anterior",592,1.47496436129428,32605
"Gender agreement","Ungrammatical","lateral","right anterior","right","anterior",594,1.51800205489956,32605
"Gender agreement","Ungrammatical","lateral","right anterior","right","anterior",596,1.5606714614323,32605
"Gender agreement","Ungrammatical","lateral","right anterior","right","anterior",598,1.59876988191995,32605
"Gender agreement","Ungrammatical","lateral","right anterior","right","anterior",600,1.62856445330471,32605
"Gender agreement","Ungrammatical","lateral","right anterior","right","anterior",602,1.64945443950314,32605
"Gender agreement","Ungrammatical","lateral","right anterior","right","anterior",604,1.66382021162398,32605
"Gender agreement","Ungrammatical","lateral","right anterior","right","anterior",606,1.67520987578592,32605
"Gender agreement","Ungrammatical","lateral","right anterior","right","anterior",608,1.68683907376169,32605
"Gender agreement","Ungrammatical","lateral","right anterior","right","anterior",610,1.70058058579972,32605
"Gender agreement","Ungrammatical","lateral","right anterior","right","anterior",612,1.71668299340592,32605
"Gender agreement","Ungrammatical","lateral","right anterior","right","anterior",614,1.73471571844809,32605
"Gender agreement","Ungrammatical","lateral","right anterior","right","anterior",616,1.7543599141236,32605
"Gender agreement","Ungrammatical","lateral","right anterior","right","anterior",618,1.77507244287686,32605
"Gender agreement","Ungrammatical","lateral","right anterior","right","anterior",620,1.79561113326177,32605
"Gender agreement","Ungrammatical","lateral","right anterior","right","anterior",622,1.81439552215918,32605
"Gender agreement","Ungrammatical","lateral","right anterior","right","anterior",624,1.83036331850943,32605
"Gender agreement","Ungrammatical","lateral","right anterior","right","anterior",626,1.84311900015335,32605
"Gender agreement","Ungrammatical","lateral","right anterior","right","anterior",628,1.85238543168226,32605
"Gender agreement","Ungrammatical","lateral","right anterior","right","anterior",630,1.85817521852477,32605
"Gender agreement","Ungrammatical","lateral","right anterior","right","anterior",632,1.86097604661862,32605
"Gender agreement","Ungrammatical","lateral","right anterior","right","anterior",634,1.86058632111639,32605
"Gender agreement","Ungrammatical","lateral","right anterior","right","anterior",636,1.85515184787609,32605
"Gender agreement","Ungrammatical","lateral","right anterior","right","anterior",638,1.84242008894341,32605
"Gender agreement","Ungrammatical","lateral","right anterior","right","anterior",640,1.82174390430916,32605
"Gender agreement","Ungrammatical","lateral","right anterior","right","anterior",642,1.79443487195215,32605
"Gender agreement","Ungrammatical","lateral","right anterior","right","anterior",644,1.76305039104432,32605
"Gender agreement","Ungrammatical","lateral","right anterior","right","anterior",646,1.73105597301027,32605
"Gender agreement","Ungrammatical","lateral","right anterior","right","anterior",648,1.70214135868732,32605
"Gender agreement","Ungrammatical","lateral","right anterior","right","anterior",650,1.67864603588407,32605
"Gender agreement","Ungrammatical","lateral","right anterior","right","anterior",652,1.66058592240454,32605
"Gender agreement","Ungrammatical","lateral","right anterior","right","anterior",654,1.64654181873946,32605
"Gender agreement","Ungrammatical","lateral","right anterior","right","anterior",656,1.6353387517252,32605
"Gender agreement","Ungrammatical","lateral","right anterior","right","anterior",658,1.62688428155191,32605
"Gender agreement","Ungrammatical","lateral","right anterior","right","anterior",660,1.62142836988192,32605
"Gender agreement","Ungrammatical","lateral","right anterior","right","anterior",662,1.61826173899709,32605
"Gender agreement","Ungrammatical","lateral","right anterior","right","anterior",664,1.61527866891581,32605
"Gender agreement","Ungrammatical","lateral","right anterior","right","anterior",666,1.60992310995246,32605
"Gender agreement","Ungrammatical","lateral","right anterior","right","anterior",668,1.60103042478148,32605
"Gender agreement","Ungrammatical","lateral","right anterior","right","anterior",670,1.58949903389051,32605
"Gender agreement","Ungrammatical","lateral","right anterior","right","anterior",672,1.57695739917191,32605
"Gender agreement","Ungrammatical","lateral","right anterior","right","anterior",674,1.564582364668,32605
"Gender agreement","Ungrammatical","lateral","right anterior","right","anterior",676,1.55310654807545,32605
"Gender agreement","Ungrammatical","lateral","right anterior","right","anterior",678,1.54262146909983,32605
"Gender agreement","Ungrammatical","lateral","right anterior","right","anterior",680,1.53203244901089,32605
"Gender agreement","Ungrammatical","lateral","right anterior","right","anterior",682,1.51985170986045,32605
"Gender agreement","Ungrammatical","lateral","right anterior","right","anterior",684,1.50557546388591,32605
"Gender agreement","Ungrammatical","lateral","right anterior","right","anterior",686,1.48962806318049,32605
"Gender agreement","Ungrammatical","lateral","right anterior","right","anterior",688,1.47170621070388,32605
"Gender agreement","Ungrammatical","lateral","right anterior","right","anterior",690,1.44966753565404,32605
"Gender agreement","Ungrammatical","lateral","right anterior","right","anterior",692,1.42111847876093,32605
"Gender agreement","Ungrammatical","lateral","right anterior","right","anterior",694,1.38648998619844,32605
"Gender agreement","Ungrammatical","lateral","right anterior","right","anterior",696,1.35007308694985,32605
"Gender agreement","Ungrammatical","lateral","right anterior","right","anterior",698,1.31766722895261,32605
"Gender agreement","Ungrammatical","lateral","right anterior","right","anterior",700,1.29285401012115,32605
"Gender agreement","Ungrammatical","lateral","right anterior","right","anterior",702,1.27546005213924,32605
"Gender agreement","Ungrammatical","lateral","right anterior","right","anterior",704,1.26330906302714,32605
"Gender agreement","Ungrammatical","lateral","right anterior","right","anterior",706,1.25434905689311,32605
"Gender agreement","Ungrammatical","lateral","right anterior","right","anterior",708,1.24725437816286,32605
"Gender agreement","Ungrammatical","lateral","right anterior","right","anterior",710,1.24156058886674,32605
"Gender agreement","Ungrammatical","lateral","right anterior","right","anterior",712,1.2377296120227,32605
"Gender agreement","Ungrammatical","lateral","right anterior","right","anterior",714,1.23660932372336,32605
"Gender agreement","Ungrammatical","lateral","right anterior","right","anterior",716,1.23864640392578,32605
"Gender agreement","Ungrammatical","lateral","right anterior","right","anterior",718,1.24302318662782,32605
"Gender agreement","Ungrammatical","lateral","right anterior","right","anterior",720,1.24735255328937,32605
"Gender agreement","Ungrammatical","lateral","right anterior","right","anterior",722,1.24904042324797,32605
"Gender agreement","Ungrammatical","lateral","right anterior","right","anterior",724,1.24757230486122,32605
"Gender agreement","Ungrammatical","lateral","right anterior","right","anterior",726,1.24513129888054,32605
"Gender agreement","Ungrammatical","lateral","right anterior","right","anterior",728,1.24525256862444,32605
"Gender agreement","Ungrammatical","lateral","right anterior","right","anterior",730,1.25083600674743,32605
"Gender agreement","Ungrammatical","lateral","right anterior","right","anterior",732,1.26266097224352,32605
"Gender agreement","Ungrammatical","lateral","right anterior","right","anterior",734,1.27868992485815,32605
"Gender agreement","Ungrammatical","lateral","right anterior","right","anterior",736,1.29472583959515,32605
"Gender agreement","Ungrammatical","lateral","right anterior","right","anterior",738,1.30667572458212,32605
"Gender agreement","Ungrammatical","lateral","right anterior","right","anterior",740,1.31270743750958,32605
"Gender agreement","Ungrammatical","lateral","right anterior","right","anterior",742,1.31319822113173,32605
"Gender agreement","Ungrammatical","lateral","right anterior","right","anterior",744,1.30925373408986,32605
"Gender agreement","Ungrammatical","lateral","right anterior","right","anterior",746,1.30232038030977,32605
"Gender agreement","Ungrammatical","lateral","right anterior","right","anterior",748,1.2945237846956,32605
"Gender agreement","Ungrammatical","lateral","right anterior","right","anterior",750,1.28856153964116,32605
"Gender agreement","Ungrammatical","lateral","right anterior","right","anterior",752,1.28688351479834,32605
"Gender agreement","Ungrammatical","lateral","right anterior","right","anterior",754,1.2903308388284,32605
"Gender agreement","Ungrammatical","lateral","right anterior","right","anterior",756,1.29759451004447,32605
"Gender agreement","Ungrammatical","lateral","right anterior","right","anterior",758,1.3065929458672,32605
"Gender agreement","Ungrammatical","lateral","right anterior","right","anterior",760,1.31624760006134,32605
"Gender agreement","Ungrammatical","lateral","right anterior","right","anterior",762,1.32687569391198,32605
"Gender agreement","Ungrammatical","lateral","right anterior","right","anterior",764,1.33893746357921,32605
"Gender agreement","Ungrammatical","lateral","right anterior","right","anterior",766,1.35167219751572,32605
"Gender agreement","Ungrammatical","lateral","right anterior","right","anterior",768,1.36279138168992,32605
"Gender agreement","Ungrammatical","lateral","right anterior","right","anterior",770,1.36947529520012,32605
"Gender agreement","Ungrammatical","lateral","right anterior","right","anterior",772,1.37044447170679,32605
"Gender agreement","Ungrammatical","lateral","right anterior","right","anterior",774,1.36717804017789,32605
"Gender agreement","Ungrammatical","lateral","right anterior","right","anterior",776,1.36266259776108,32605
"Gender agreement","Ungrammatical","lateral","right anterior","right","anterior",778,1.35906416193835,32605
"Gender agreement","Ungrammatical","lateral","right anterior","right","anterior",780,1.35698475693912,32605
"Gender agreement","Ungrammatical","lateral","right anterior","right","anterior",782,1.35614924091397,32605
"Gender agreement","Ungrammatical","lateral","right anterior","right","anterior",784,1.35553786229106,32605
"Gender agreement","Ungrammatical","lateral","right anterior","right","anterior",786,1.35332028829934,32605
"Gender agreement","Ungrammatical","lateral","right anterior","right","anterior",788,1.34770308234933,32605
"Gender agreement","Ungrammatical","lateral","right anterior","right","anterior",790,1.33827523385984,32605
"Gender agreement","Ungrammatical","lateral","right anterior","right","anterior",792,1.32644928691918,32605
"Gender agreement","Ungrammatical","lateral","right anterior","right","anterior",794,1.31398494095998,32605
"Gender agreement","Ungrammatical","lateral","right anterior","right","anterior",796,1.30078724122067,32605
"Gender agreement","Ungrammatical","lateral","right anterior","right","anterior",798,1.2847915043705,32605
"Gender agreement","Ungrammatical","lateral","right anterior","right","anterior",800,1.26427869958595,32605
"Gender agreement","Ungrammatical","lateral","right anterior","right","anterior",802,1.23949308388284,32605
"Gender agreement","Ungrammatical","lateral","right anterior","right","anterior",804,1.21222892194449,32605
"Gender agreement","Ungrammatical","lateral","right anterior","right","anterior",806,1.18487090936973,32605
"Gender agreement","Ungrammatical","lateral","right anterior","right","anterior",808,1.15976359454071,32605
"Gender agreement","Ungrammatical","lateral","right anterior","right","anterior",810,1.1388710320503,32605
"Gender agreement","Ungrammatical","lateral","right anterior","right","anterior",812,1.12361137862291,32605
"Gender agreement","Ungrammatical","lateral","right anterior","right","anterior",814,1.11500134948628,32605
"Gender agreement","Ungrammatical","lateral","right anterior","right","anterior",816,1.11365330470787,32605
"Gender agreement","Ungrammatical","lateral","right anterior","right","anterior",818,1.11921377089403,32605
"Gender agreement","Ungrammatical","lateral","right anterior","right","anterior",820,1.12967345499157,32605
"Gender agreement","Ungrammatical","lateral","right anterior","right","anterior",822,1.14180469253182,32605
"Gender agreement","Ungrammatical","lateral","right anterior","right","anterior",824,1.15270449317589,32605
"Gender agreement","Ungrammatical","lateral","right anterior","right","anterior",826,1.16121162398405,32605
"Gender agreement","Ungrammatical","lateral","right anterior","right","anterior",828,1.1679322803251,32605
"Gender agreement","Ungrammatical","lateral","right anterior","right","anterior",830,1.17358926545008,32605
"Gender agreement","Ungrammatical","lateral","right anterior","right","anterior",832,1.17769602821653,32605
"Gender agreement","Ungrammatical","lateral","right anterior","right","anterior",834,1.17897761079589,32605
"Gender agreement","Ungrammatical","lateral","right anterior","right","anterior",836,1.17630412513418,32605
"Gender agreement","Ungrammatical","lateral","right anterior","right","anterior",838,1.16885486888514,32605
"Gender agreement","Ungrammatical","lateral","right anterior","right","anterior",840,1.15577730409446,32605
"Gender agreement","Ungrammatical","lateral","right anterior","right","anterior",842,1.1357057199816,32605
"Gender agreement","Ungrammatical","lateral","right anterior","right","anterior",844,1.10692590093544,32605
"Gender agreement","Ungrammatical","lateral","right anterior","right","anterior",846,1.06856810305168,32605
"Gender agreement","Ungrammatical","lateral","right anterior","right","anterior",848,1.0216670756019,32605
"Gender agreement","Ungrammatical","lateral","right anterior","right","anterior",850,0.968936206103358,32605
"Gender agreement","Ungrammatical","lateral","right anterior","right","anterior",852,0.913232387670603,32605
"Gender agreement","Ungrammatical","lateral","right anterior","right","anterior",854,0.85585802790983,32605
"Gender agreement","Ungrammatical","lateral","right anterior","right","anterior",856,0.796192301794203,32605
"Gender agreement","Ungrammatical","lateral","right anterior","right","anterior",858,0.732883208096918,32605
"Gender agreement","Ungrammatical","lateral","right anterior","right","anterior",860,0.665023892041098,32605
"Gender agreement","Ungrammatical","lateral","right anterior","right","anterior",862,0.592379941726729,32605
"Gender agreement","Ungrammatical","lateral","right anterior","right","anterior",864,0.515139027756479,32605
"Gender agreement","Ungrammatical","lateral","right anterior","right","anterior",866,0.433297868425088,32605
"Gender agreement","Ungrammatical","lateral","right anterior","right","anterior",868,0.345900812758779,32605
"Gender agreement","Ungrammatical","lateral","right anterior","right","anterior",870,0.251092930532127,32605
"Gender agreement","Ungrammatical","lateral","right anterior","right","anterior",872,0.147640699279252,32605
"Gender agreement","Ungrammatical","lateral","right anterior","right","anterior",874,0.0367661094924091,32605
"Gender agreement","Ungrammatical","lateral","right anterior","right","anterior",876,-0.0776223892041099,32605
"Gender agreement","Ungrammatical","lateral","right anterior","right","anterior",878,-0.190719950927772,32605
"Gender agreement","Ungrammatical","lateral","right anterior","right","anterior",880,-0.299160772887594,32605
"Gender agreement","Ungrammatical","lateral","right anterior","right","anterior",882,-0.401682472013495,32605
"Gender agreement","Ungrammatical","lateral","right anterior","right","anterior",884,-0.497774973163625,32605
"Gender agreement","Ungrammatical","lateral","right anterior","right","anterior",886,-0.586006164698666,32605
"Gender agreement","Ungrammatical","lateral","right anterior","right","anterior",888,-0.664074927158411,32605
"Gender agreement","Ungrammatical","lateral","right anterior","right","anterior",890,-0.730776107958902,32605
"Gender agreement","Ungrammatical","lateral","right anterior","right","anterior",892,-0.787094709400399,32605
"Gender agreement","Ungrammatical","lateral","right anterior","right","anterior",894,-0.834793191228339,32605
"Gender agreement","Ungrammatical","lateral","right anterior","right","anterior",896,-0.874136451464499,32605
"Gender agreement","Ungrammatical","lateral","right anterior","right","anterior",898,-0.903099923324643,32605
"Gender agreement","Ungrammatical","lateral","right anterior","right","anterior",900,-0.918618126054286,32605
"Gender agreement","Ungrammatical","lateral","right anterior","right","anterior",902,-0.918560190154884,32605
"Gender agreement","Ungrammatical","lateral","right anterior","right","anterior",904,-0.902452998006441,32605
"Gender agreement","Ungrammatical","lateral","right anterior","right","anterior",906,-0.869965342738844,32605
"Gender agreement","Ungrammatical","lateral","right anterior","right","anterior",908,-0.819127189081429,32605
"Gender agreement","Ungrammatical","lateral","right anterior","right","anterior",910,-0.747042754178807,32605
"Gender agreement","Ungrammatical","lateral","right anterior","right","anterior",912,-0.652497868425088,32605
"Gender agreement","Ungrammatical","lateral","right anterior","right","anterior",914,-0.537261677656801,32605
"Gender agreement","Ungrammatical","lateral","right anterior","right","anterior",916,-0.405550345039104,32605
"Gender agreement","Ungrammatical","lateral","right anterior","right","anterior",918,-0.263172979604355,32605
"Gender agreement","Ungrammatical","lateral","right anterior","right","anterior",920,-0.116257138475694,32605
"Gender agreement","Ungrammatical","lateral","right anterior","right","anterior",922,0.0305090630271431,32605
"Gender agreement","Ungrammatical","lateral","right anterior","right","anterior",924,0.17501840208557,32605
"Gender agreement","Ungrammatical","lateral","right anterior","right","anterior",926,0.318173439656494,32605
"Gender agreement","Ungrammatical","lateral","right anterior","right","anterior",928,0.463387302560957,32605
"Gender agreement","Ungrammatical","lateral","right anterior","right","anterior",930,0.614177978837602,32605
"Gender agreement","Ungrammatical","lateral","right anterior","right","anterior",932,0.771087471246741,32605
"Gender agreement","Ungrammatical","lateral","right anterior","right","anterior",934,0.930818739457138,32605
"Gender agreement","Ungrammatical","lateral","right anterior","right","anterior",936,1.08766486735163,32605
"Gender agreement","Ungrammatical","lateral","right anterior","right","anterior",938,1.23521377089403,32605
"Gender agreement","Ungrammatical","lateral","right anterior","right","anterior",940,1.36772206716761,32605
"Gender agreement","Ungrammatical","lateral","right anterior","right","anterior",942,1.48147903695752,32605
"Gender agreement","Ungrammatical","lateral","right anterior","right","anterior",944,1.57529237846956,32605
"Gender agreement","Ungrammatical","lateral","right anterior","right","anterior",946,1.64990271430762,32605
"Gender agreement","Ungrammatical","lateral","right anterior","right","anterior",948,1.70684763073148,32605
"Gender agreement","Ungrammatical","lateral","right anterior","right","anterior",950,1.74765486888514,32605
"Gender agreement","Ungrammatical","lateral","right anterior","right","anterior",952,1.77368989418801,32605
"Gender agreement","Ungrammatical","lateral","right anterior","right","anterior",954,1.78611666922251,32605
"Gender agreement","Ungrammatical","lateral","right anterior","right","anterior",956,1.78547173746358,32605
"Gender agreement","Ungrammatical","lateral","right anterior","right","anterior",958,1.77169059960129,32605
"Gender agreement","Ungrammatical","lateral","right anterior","right","anterior",960,1.74543649746971,32605
"Gender agreement","Ungrammatical","lateral","right anterior","right","anterior",962,1.70899907989572,32605
"Gender agreement","Ungrammatical","lateral","right anterior","right","anterior",964,1.66518638245668,32605
"Gender agreement","Ungrammatical","lateral","right anterior","right","anterior",966,1.6159163011808,32605
"Gender agreement","Ungrammatical","lateral","right anterior","right","anterior",968,1.56238012574758,32605
"Gender agreement","Ungrammatical","lateral","right anterior","right","anterior",970,1.5059003220365,32605
"Gender agreement","Ungrammatical","lateral","right anterior","right","anterior",972,1.44784677196749,32605
"Gender agreement","Ungrammatical","lateral","right anterior","right","anterior",974,1.38896788836068,32605
"Gender agreement","Ungrammatical","lateral","right anterior","right","anterior",976,1.32950869498543,32605
"Gender agreement","Ungrammatical","lateral","right anterior","right","anterior",978,1.26975715381077,32605
"Gender agreement","Ungrammatical","lateral","right anterior","right","anterior",980,1.20992452077902,32605
"Gender agreement","Ungrammatical","lateral","right anterior","right","anterior",982,1.14978478760926,32605
"Gender agreement","Ungrammatical","lateral","right anterior","right","anterior",984,1.08869854316823,32605
"Gender agreement","Ungrammatical","lateral","right anterior","right","anterior",986,1.0256623217298,32605
"Gender agreement","Ungrammatical","lateral","right anterior","right","anterior",988,0.959273332310995,32605
"Gender agreement","Ungrammatical","lateral","right anterior","right","anterior",990,0.888326698359147,32605
"Gender agreement","Ungrammatical","lateral","right anterior","right","anterior",992,0.812919368195062,32605
"Gender agreement","Ungrammatical","lateral","right anterior","right","anterior",994,0.734559576752032,32605
"Gender agreement","Ungrammatical","lateral","right anterior","right","anterior",996,0.655173562337065,32605
"Gender agreement","Ungrammatical","lateral","right anterior","right","anterior",998,0.576965465419414,32605
"Gender agreement","Ungrammatical","lateral","right anterior","right","anterior",1000,0.502885508357614,32605
"Gender agreement","Ungrammatical","lateral","right anterior","right","anterior",1002,0.435416715227726,32605
"Gender agreement","Ungrammatical","lateral","right anterior","right","anterior",1004,0.374390216224505,32605
"Gender agreement","Ungrammatical","lateral","right anterior","right","anterior",1006,0.31684689464806,32605
"Gender agreement","Ungrammatical","lateral","right anterior","right","anterior",1008,0.259613188161325,32605
"Gender agreement","Ungrammatical","lateral","right anterior","right","anterior",1010,0.201905842662168,32605
"Gender agreement","Ungrammatical","lateral","right anterior","right","anterior",1012,0.145647232019629,32605
"Gender agreement","Ungrammatical","lateral","right anterior","right","anterior",1014,0.0933990185554364,32605
"Gender agreement","Ungrammatical","lateral","right anterior","right","anterior",1016,0.0464016868578439,32605
"Gender agreement","Ungrammatical","lateral","right anterior","right","anterior",1018,0.00412817052599293,32605
"Gender agreement","Ungrammatical","lateral","right anterior","right","anterior",1020,-0.0350516178500231,32605
"Gender agreement","Ungrammatical","lateral","right anterior","right","anterior",1022,-0.0726320196288912,32605
"Gender agreement","Ungrammatical","lateral","right anterior","right","anterior",1024,-0.109143996319583,32605
"Gender agreement","Ungrammatical","lateral","right anterior","right","anterior",1026,-0.144984143536267,32605
"Gender agreement","Ungrammatical","lateral","right anterior","right","anterior",1028,-0.181320625670909,32605
"Gender agreement","Ungrammatical","lateral","right anterior","right","anterior",1030,-0.21976963655881,32605
"Gender agreement","Ungrammatical","lateral","right anterior","right","anterior",1032,-0.262189050759086,32605
"Gender agreement","Ungrammatical","lateral","right anterior","right","anterior",1034,-0.310958902008894,32605
"Gender agreement","Ungrammatical","lateral","right anterior","right","anterior",1036,-0.368041282011961,32605
"Gender agreement","Ungrammatical","lateral","right anterior","right","anterior",1038,-0.433034473240301,32605
"Gender agreement","Ungrammatical","lateral","right anterior","right","anterior",1040,-0.502782088636712,32605
"Gender agreement","Ungrammatical","lateral","right anterior","right","anterior",1042,-0.573347523385984,32605
"Gender agreement","Ungrammatical","lateral","right anterior","right","anterior",1044,-0.641940162551756,32605
"Gender agreement","Ungrammatical","lateral","right anterior","right","anterior",1046,-0.706991381689925,32605
"Gender agreement","Ungrammatical","lateral","right anterior","right","anterior",1048,-0.767301978224199,32605
"Gender agreement","Ungrammatical","lateral","right anterior","right","anterior",1050,-0.821739027756479,32605
"Gender agreement","Ungrammatical","lateral","right anterior","right","anterior",1052,-0.870034166538874,32605
"Gender agreement","Ungrammatical","lateral","right anterior","right","anterior",1054,-0.913730900168686,32605
"Gender agreement","Ungrammatical","lateral","right anterior","right","anterior",1056,-0.95572743444257,32605
"Gender agreement","Ungrammatical","lateral","right anterior","right","anterior",1058,-0.998052568624444,32605
"Gender agreement","Ungrammatical","lateral","right anterior","right","anterior",1060,-1.04025407146143,32605
"Gender agreement","Ungrammatical","lateral","right anterior","right","anterior",1062,-1.08028145989879,32605
"Gender agreement","Ungrammatical","lateral","right anterior","right","anterior",1064,-1.11632166845576,32605
"Gender agreement","Ungrammatical","lateral","right anterior","right","anterior",1066,-1.14752623830701,32605
"Gender agreement","Ungrammatical","lateral","right anterior","right","anterior",1068,-1.17350335838062,32605
"Gender agreement","Ungrammatical","lateral","right anterior","right","anterior",1070,-1.19411375555896,32605
"Gender agreement","Ungrammatical","lateral","right anterior","right","anterior",1072,-1.20984848949548,32605
"Gender agreement","Ungrammatical","lateral","right anterior","right","anterior",1074,-1.22187612329397,32605
"Gender agreement","Ungrammatical","lateral","right anterior","right","anterior",1076,-1.23115703113019,32605
"Gender agreement","Ungrammatical","lateral","right anterior","right","anterior",1078,-1.23697626130962,32605
"Gender agreement","Ungrammatical","lateral","right anterior","right","anterior",1080,-1.23619984664929,32605
"Gender agreement","Ungrammatical","lateral","right anterior","right","anterior",1082,-1.22480628737924,32605
"Gender agreement","Ungrammatical","lateral","right anterior","right","anterior",1084,-1.2007713540868,32605
"Gender agreement","Ungrammatical","lateral","right anterior","right","anterior",1086,-1.16543876706027,32605
"Gender agreement","Ungrammatical","lateral","right anterior","right","anterior",1088,-1.12239365128048,32605
"Gender agreement","Ungrammatical","lateral","right anterior","right","anterior",1090,-1.07552841588713,32605
"Gender agreement","Ungrammatical","lateral","right anterior","right","anterior",1092,-1.02776699892654,32605
"Gender agreement","Ungrammatical","lateral","right anterior","right","anterior",1094,-0.980900996779635,32605
"Gender agreement","Ungrammatical","lateral","right anterior","right","anterior",1096,-0.93624220211624,32605
"Gender agreement","Ungrammatical","lateral","right anterior","right","anterior",1098,-0.895431590246895,32605
"Gender agreement","Ungrammatical","lateral","right medial","right","medial",-100,-0.554206818995042,19563
"Gender agreement","Ungrammatical","lateral","right medial","right","medial",-98,-0.565286305781322,19563
"Gender agreement","Ungrammatical","lateral","right medial","right","medial",-96,-0.580574400654296,19563
"Gender agreement","Ungrammatical","lateral","right medial","right","medial",-94,-0.599356898226243,19563
"Gender agreement","Ungrammatical","lateral","right medial","right","medial",-92,-0.62144982875837,19563
"Gender agreement","Ungrammatical","lateral","right medial","right","medial",-90,-0.647252721975157,19563
"Gender agreement","Ungrammatical","lateral","right medial","right","medial",-88,-0.67654454838215,19563
"Gender agreement","Ungrammatical","lateral","right medial","right","medial",-86,-0.708049276695803,19563
"Gender agreement","Ungrammatical","lateral","right medial","right","medial",-84,-0.740096355364719,19563
"Gender agreement","Ungrammatical","lateral","right medial","right","medial",-82,-0.770654858661759,19563
"Gender agreement","Ungrammatical","lateral","right medial","right","medial",-80,-0.79755369830803,19563
"Gender agreement","Ungrammatical","lateral","right medial","right","medial",-78,-0.819368195062107,19563
"Gender agreement","Ungrammatical","lateral","right medial","right","medial",-76,-0.835998057557634,19563
"Gender agreement","Ungrammatical","lateral","right medial","right","medial",-74,-0.848769973930379,19563
"Gender agreement","Ungrammatical","lateral","right medial","right","medial",-72,-0.860152072790472,19563
"Gender agreement","Ungrammatical","lateral","right medial","right","medial",-70,-0.872774012165823,19563
"Gender agreement","Ungrammatical","lateral","right medial","right","medial",-68,-0.888785002300261,19563
"Gender agreement","Ungrammatical","lateral","right medial","right","medial",-66,-0.909781986402903,19563
"Gender agreement","Ungrammatical","lateral","right medial","right","medial",-64,-0.936406277155855,19563
"Gender agreement","Ungrammatical","lateral","right medial","right","medial",-62,-0.96744584163983,19563
"Gender agreement","Ungrammatical","lateral","right medial","right","medial",-60,-1.00011204825436,19563
"Gender agreement","Ungrammatical","lateral","right medial","right","medial",-58,-1.03149322701017,19563
"Gender agreement","Ungrammatical","lateral","right medial","right","medial",-56,-1.05997945100445,19563
"Gender agreement","Ungrammatical","lateral","right medial","right","medial",-54,-1.08515171497214,19563
"Gender agreement","Ungrammatical","lateral","right medial","right","medial",-52,-1.10692674947605,19563
"Gender agreement","Ungrammatical","lateral","right medial","right","medial",-50,-1.125405663753,19563
"Gender agreement","Ungrammatical","lateral","right medial","right","medial",-48,-1.14095005878444,19563
"Gender agreement","Ungrammatical","lateral","right medial","right","medial",-46,-1.15354240147217,19563
"Gender agreement","Ungrammatical","lateral","right medial","right","medial",-44,-1.16225011501303,19563
"Gender agreement","Ungrammatical","lateral","right medial","right","medial",-42,-1.16565915248173,19563
"Gender agreement","Ungrammatical","lateral","right medial","right","medial",-40,-1.16276210192711,19563
"Gender agreement","Ungrammatical","lateral","right medial","right","medial",-38,-1.15358763993253,19563
"Gender agreement","Ungrammatical","lateral","right medial","right","medial",-36,-1.13919393753514,19563
"Gender agreement","Ungrammatical","lateral","right medial","right","medial",-34,-1.12153330266319,19563
"Gender agreement","Ungrammatical","lateral","right medial","right","medial",-32,-1.10328109185708,19563
"Gender agreement","Ungrammatical","lateral","right medial","right","medial",-30,-1.08718361192046,19563
"Gender agreement","Ungrammatical","lateral","right medial","right","medial",-28,-1.07496498492051,19563
"Gender agreement","Ungrammatical","lateral","right medial","right","medial",-26,-1.06672575780811,19563
"Gender agreement","Ungrammatical","lateral","right medial","right","medial",-24,-1.06146976435107,19563
"Gender agreement","Ungrammatical","lateral","right medial","right","medial",-22,-1.0576857843889,19563
"Gender agreement","Ungrammatical","lateral","right medial","right","medial",-20,-1.05343193784184,19563
"Gender agreement","Ungrammatical","lateral","right medial","right","medial",-18,-1.04645218013597,19563
"Gender agreement","Ungrammatical","lateral","right medial","right","medial",-16,-1.03534754383275,19563
"Gender agreement","Ungrammatical","lateral","right medial","right","medial",-14,-1.0213904309155,19563
"Gender agreement","Ungrammatical","lateral","right medial","right","medial",-12,-1.00856663088483,19563
"Gender agreement","Ungrammatical","lateral","right medial","right","medial",-10,-1.00071553442724,19563
"Gender agreement","Ungrammatical","lateral","right medial","right","medial",-8,-0.99865005367275,19563
"Gender agreement","Ungrammatical","lateral","right medial","right","medial",-6,-1.00010985022747,19563
"Gender agreement","Ungrammatical","lateral","right medial","right","medial",-4,-1.0024571895926,19563
"Gender agreement","Ungrammatical","lateral","right medial","right","medial",-2,-1.00522941266677,19563
"Gender agreement","Ungrammatical","lateral","right medial","right","medial",0,-1.0097702295149,19563
"Gender agreement","Ungrammatical","lateral","right medial","right","medial",2,-1.01662270612892,19563
"Gender agreement","Ungrammatical","lateral","right medial","right","medial",4,-1.02417599550171,19563
"Gender agreement","Ungrammatical","lateral","right medial","right","medial",6,-1.02945713847569,19563
"Gender agreement","Ungrammatical","lateral","right medial","right","medial",8,-1.02983407452845,19563
"Gender agreement","Ungrammatical","lateral","right medial","right","medial",10,-1.02468690896079,19563
"Gender agreement","Ungrammatical","lateral","right medial","right","medial",12,-1.0158405663753,19563
"Gender agreement","Ungrammatical","lateral","right medial","right","medial",14,-1.00627690027092,19563
"Gender agreement","Ungrammatical","lateral","right medial","right","medial",16,-0.998598732300772,19563
"Gender agreement","Ungrammatical","lateral","right medial","right","medial",18,-0.994522925931606,19563
"Gender agreement","Ungrammatical","lateral","right medial","right","medial",20,-0.994778408219598,19563
"Gender agreement","Ungrammatical","lateral","right medial","right","medial",22,-0.999300056228595,19563
"Gender agreement","Ungrammatical","lateral","right medial","right","medial",24,-1.0071242651945,19563
"Gender agreement","Ungrammatical","lateral","right medial","right","medial",26,-1.01608383172315,19563
"Gender agreement","Ungrammatical","lateral","right medial","right","medial",28,-1.02311639319123,19563
"Gender agreement","Ungrammatical","lateral","right medial","right","medial",30,-1.02542631498236,19563
"Gender agreement","Ungrammatical","lateral","right medial","right","medial",32,-1.02174855594745,19563
"Gender agreement","Ungrammatical","lateral","right medial","right","medial",34,-1.01268593773961,19563
"Gender agreement","Ungrammatical","lateral","right medial","right","medial",36,-1.00049976997393,19563
"Gender agreement","Ungrammatical","lateral","right medial","right","medial",38,-0.988127178858048,19563
"Gender agreement","Ungrammatical","lateral","right medial","right","medial",40,-0.977973316975924,19563
"Gender agreement","Ungrammatical","lateral","right medial","right","medial",42,-0.971319020600112,19563
"Gender agreement","Ungrammatical","lateral","right medial","right","medial",44,-0.968052905996013,19563
"Gender agreement","Ungrammatical","lateral","right medial","right","medial",46,-0.966512140264785,19563
"Gender agreement","Ungrammatical","lateral","right medial","right","medial",48,-0.96417655778766,19563
"Gender agreement","Ungrammatical","lateral","right medial","right","medial",50,-0.958689106987681,19563
"Gender agreement","Ungrammatical","lateral","right medial","right","medial",52,-0.948120738128099,19563
"Gender agreement","Ungrammatical","lateral","right medial","right","medial",54,-0.93141348463937,19563
"Gender agreement","Ungrammatical","lateral","right medial","right","medial",56,-0.909385268108163,19563
"Gender agreement","Ungrammatical","lateral","right medial","right","medial",58,-0.885174359760773,19563
"Gender agreement","Ungrammatical","lateral","right medial","right","medial",60,-0.863347799417267,19563
"Gender agreement","Ungrammatical","lateral","right medial","right","medial",62,-0.848402750089455,19563
"Gender agreement","Ungrammatical","lateral","right medial","right","medial",64,-0.843389306343608,19563
"Gender agreement","Ungrammatical","lateral","right medial","right","medial",66,-0.84837315340183,19563
"Gender agreement","Ungrammatical","lateral","right medial","right","medial",68,-0.860044880642028,19563
"Gender agreement","Ungrammatical","lateral","right medial","right","medial",70,-0.873544446148341,19563
"Gender agreement","Ungrammatical","lateral","right medial","right","medial",72,-0.885473444768185,19563
"Gender agreement","Ungrammatical","lateral","right medial","right","medial",74,-0.894799110565864,19563
"Gender agreement","Ungrammatical","lateral","right medial","right","medial",76,-0.901855083576139,19563
"Gender agreement","Ungrammatical","lateral","right medial","right","medial",78,-0.907543832745489,19563
"Gender agreement","Ungrammatical","lateral","right medial","right","medial",80,-0.913536727495783,19563
"Gender agreement","Ungrammatical","lateral","right medial","right","medial",82,-0.922332617696672,19563
"Gender agreement","Ungrammatical","lateral","right medial","right","medial",84,-0.936550733527578,19563
"Gender agreement","Ungrammatical","lateral","right medial","right","medial",86,-0.958001022338087,19563
"Gender agreement","Ungrammatical","lateral","right medial","right","medial",88,-0.987522568113275,19563
"Gender agreement","Ungrammatical","lateral","right medial","right","medial",90,-1.02521489546593,19563
"Gender agreement","Ungrammatical","lateral","right medial","right","medial",92,-1.07004058682206,19563
"Gender agreement","Ungrammatical","lateral","right medial","right","medial",94,-1.11998614731892,19563
"Gender agreement","Ungrammatical","lateral","right medial","right","medial",96,-1.17329167305628,19563
"Gender agreement","Ungrammatical","lateral","right medial","right","medial",98,-1.2290726371211,19563
"Gender agreement","Ungrammatical","lateral","right medial","right","medial",100,-1.28679144303021,19563
"Gender agreement","Ungrammatical","lateral","right medial","right","medial",102,-1.34614900577621,19563
"Gender agreement","Ungrammatical","lateral","right medial","right","medial",104,-1.40748152123907,19563
"Gender agreement","Ungrammatical","lateral","right medial","right","medial",106,-1.47143081326995,19563
"Gender agreement","Ungrammatical","lateral","right medial","right","medial",108,-1.53821407759546,19563
"Gender agreement","Ungrammatical","lateral","right medial","right","medial",110,-1.60695067218729,19563
"Gender agreement","Ungrammatical","lateral","right medial","right","medial",112,-1.67511859121812,19563
"Gender agreement","Ungrammatical","lateral","right medial","right","medial",114,-1.73830741706282,19563
"Gender agreement","Ungrammatical","lateral","right medial","right","medial",116,-1.79149455604969,19563
"Gender agreement","Ungrammatical","lateral","right medial","right","medial",118,-1.83120676787814,19563
"Gender agreement","Ungrammatical","lateral","right medial","right","medial",120,-1.85672325307979,19563
"Gender agreement","Ungrammatical","lateral","right medial","right","medial",122,-1.86961478300874,19563
"Gender agreement","Ungrammatical","lateral","right medial","right","medial",124,-1.87270914481419,19563
"Gender agreement","Ungrammatical","lateral","right medial","right","medial",126,-1.86858825333538,19563
"Gender agreement","Ungrammatical","lateral","right medial","right","medial",128,-1.85849920768798,19563
"Gender agreement","Ungrammatical","lateral","right medial","right","medial",130,-1.84225497111895,19563
"Gender agreement","Ungrammatical","lateral","right medial","right","medial",132,-1.81906307825998,19563
"Gender agreement","Ungrammatical","lateral","right medial","right","medial",134,-1.78876092623831,19563
"Gender agreement","Ungrammatical","lateral","right medial","right","medial",136,-1.7519425957164,19563
"Gender agreement","Ungrammatical","lateral","right medial","right","medial",138,-1.70857470735572,19563
"Gender agreement","Ungrammatical","lateral","right medial","right","medial",140,-1.65731482901395,19563
"Gender agreement","Ungrammatical","lateral","right medial","right","medial",142,-1.59684951183356,19563
"Gender agreement","Ungrammatical","lateral","right medial","right","medial",144,-1.52747656289935,19563
"Gender agreement","Ungrammatical","lateral","right medial","right","medial",146,-1.45055850329704,19563
"Gender agreement","Ungrammatical","lateral","right medial","right","medial",148,-1.36609318611665,19563
"Gender agreement","Ungrammatical","lateral","right medial","right","medial",150,-1.27193743290906,19563
"Gender agreement","Ungrammatical","lateral","right medial","right","medial",152,-1.16595511935797,19563
"Gender agreement","Ungrammatical","lateral","right medial","right","medial",154,-1.04809681541686,19563
"Gender agreement","Ungrammatical","lateral","right medial","right","medial",156,-0.920172775136738,19563
"Gender agreement","Ungrammatical","lateral","right medial","right","medial",158,-0.784635945407146,19563
"Gender agreement","Ungrammatical","lateral","right medial","right","medial",160,-0.644259520523437,19563
"Gender agreement","Ungrammatical","lateral","right medial","right","medial",162,-0.502273986607371,19563
"Gender agreement","Ungrammatical","lateral","right medial","right","medial",164,-0.361952307928232,19563
"Gender agreement","Ungrammatical","lateral","right medial","right","medial",166,-0.225402903440168,19563
"Gender agreement","Ungrammatical","lateral","right medial","right","medial",168,-0.092976026171855,19563
"Gender agreement","Ungrammatical","lateral","right medial","right","medial",170,0.0358604508510965,19563
"Gender agreement","Ungrammatical","lateral","right medial","right","medial",172,0.161274548893319,19563
"Gender agreement","Ungrammatical","lateral","right medial","right","medial",174,0.282669375862598,19563
"Gender agreement","Ungrammatical","lateral","right medial","right","medial",176,0.399028932167868,19563
"Gender agreement","Ungrammatical","lateral","right medial","right","medial",178,0.509744364361294,19563
"Gender agreement","Ungrammatical","lateral","right medial","right","medial",180,0.615169657005572,19563
"Gender agreement","Ungrammatical","lateral","right medial","right","medial",182,0.716487195215458,19563
"Gender agreement","Ungrammatical","lateral","right medial","right","medial",184,0.814971579001176,19563
"Gender agreement","Ungrammatical","lateral","right medial","right","medial",186,0.911153504063794,19563
"Gender agreement","Ungrammatical","lateral","right medial","right","medial",188,1.00419250626182,19563
"Gender agreement","Ungrammatical","lateral","right medial","right","medial",190,1.09188171548331,19563
"Gender agreement","Ungrammatical","lateral","right medial","right","medial",192,1.17208730767265,19563
"Gender agreement","Ungrammatical","lateral","right medial","right","medial",194,1.2447654756428,19563
"Gender agreement","Ungrammatical","lateral","right medial","right","medial",196,1.31205403056791,19563
"Gender agreement","Ungrammatical","lateral","right medial","right","medial",198,1.37661882124419,19563
"Gender agreement","Ungrammatical","lateral","right medial","right","medial",200,1.44011445074886,19563
"Gender agreement","Ungrammatical","lateral","right medial","right","medial",202,1.50258447068446,19563
"Gender agreement","Ungrammatical","lateral","right medial","right","medial",204,1.56246015437305,19563
"Gender agreement","Ungrammatical","lateral","right medial","right","medial",206,1.61727306650309,19563
"Gender agreement","Ungrammatical","lateral","right medial","right","medial",208,1.66538761948576,19563
"Gender agreement","Ungrammatical","lateral","right medial","right","medial",210,1.70722148954659,19563
"Gender agreement","Ungrammatical","lateral","right medial","right","medial",212,1.7448299851761,19563
"Gender agreement","Ungrammatical","lateral","right medial","right","medial",214,1.78113735112202,19563
"Gender agreement","Ungrammatical","lateral","right medial","right","medial",216,1.81931631140418,19563
"Gender agreement","Ungrammatical","lateral","right medial","right","medial",218,1.86141440474365,19563
"Gender agreement","Ungrammatical","lateral","right medial","right","medial",220,1.90731677145632,19563
"Gender agreement","Ungrammatical","lateral","right medial","right","medial",222,1.95574053059347,19563
"Gender agreement","Ungrammatical","lateral","right medial","right","medial",224,2.00579348770638,19563
"Gender agreement","Ungrammatical","lateral","right medial","right","medial",226,2.05688534478352,19563
"Gender agreement","Ungrammatical","lateral","right medial","right","medial",228,2.10788427132853,19563
"Gender agreement","Ungrammatical","lateral","right medial","right","medial",230,2.15702867658335,19563
"Gender agreement","Ungrammatical","lateral","right medial","right","medial",232,2.20248980217758,19563
"Gender agreement","Ungrammatical","lateral","right medial","right","medial",234,2.24303184583142,19563
"Gender agreement","Ungrammatical","lateral","right medial","right","medial",236,2.27883085416347,19563
"Gender agreement","Ungrammatical","lateral","right medial","right","medial",238,2.31164862239943,19563
"Gender agreement","Ungrammatical","lateral","right medial","right","medial",240,2.34342401472167,19563
"Gender agreement","Ungrammatical","lateral","right medial","right","medial",242,2.37460149261361,19563
"Gender agreement","Ungrammatical","lateral","right medial","right","medial",244,2.40369135613147,19563
"Gender agreement","Ungrammatical","lateral","right medial","right","medial",246,2.42812293615499,19563
"Gender agreement","Ungrammatical","lateral","right medial","right","medial",248,2.44543382916731,19563
"Gender agreement","Ungrammatical","lateral","right medial","right","medial",250,2.45393819966263,19563
"Gender agreement","Ungrammatical","lateral","right medial","right","medial",252,2.45323253079793,19563
"Gender agreement","Ungrammatical","lateral","right medial","right","medial",254,2.44474369984154,19563
"Gender agreement","Ungrammatical","lateral","right medial","right","medial",256,2.43134161427184,19563
"Gender agreement","Ungrammatical","lateral","right medial","right","medial",258,2.41592337576036,19563
"Gender agreement","Ungrammatical","lateral","right medial","right","medial",260,2.40044354137913,19563
"Gender agreement","Ungrammatical","lateral","right medial","right","medial",262,2.38629831825385,19563
"Gender agreement","Ungrammatical","lateral","right medial","right","medial",264,2.37491146552165,19563
"Gender agreement","Ungrammatical","lateral","right medial","right","medial",266,2.36673143178449,19563
"Gender agreement","Ungrammatical","lateral","right medial","right","medial",268,2.3605275775699,19563
"Gender agreement","Ungrammatical","lateral","right medial","right","medial",270,2.35464397076113,19563
"Gender agreement","Ungrammatical","lateral","right medial","right","medial",272,2.3488194550938,19563
"Gender agreement","Ungrammatical","lateral","right medial","right","medial",274,2.34385723048612,19563
"Gender agreement","Ungrammatical","lateral","right medial","right","medial",276,2.3396587946634,19563
"Gender agreement","Ungrammatical","lateral","right medial","right","medial",278,2.33423651791647,19563
"Gender agreement","Ungrammatical","lateral","right medial","right","medial",280,2.32516827684915,19563
"Gender agreement","Ungrammatical","lateral","right medial","right","medial",282,2.31102008894341,19563
"Gender agreement","Ungrammatical","lateral","right medial","right","medial",284,2.29104702755201,19563
"Gender agreement","Ungrammatical","lateral","right medial","right","medial",286,2.26472396871645,19563
"Gender agreement","Ungrammatical","lateral","right medial","right","medial",288,2.23218202729643,19563
"Gender agreement","Ungrammatical","lateral","right medial","right","medial",290,2.19457256044574,19563
"Gender agreement","Ungrammatical","lateral","right medial","right","medial",292,2.15332213873128,19563
"Gender agreement","Ungrammatical","lateral","right medial","right","medial",294,2.10919843582273,19563
"Gender agreement","Ungrammatical","lateral","right medial","right","medial",296,2.0620351173133,19563
"Gender agreement","Ungrammatical","lateral","right medial","right","medial",298,2.01098844757961,19563
"Gender agreement","Ungrammatical","lateral","right medial","right","medial",300,1.95512584981854,19563
"Gender agreement","Ungrammatical","lateral","right medial","right","medial",302,1.89437386903849,19563
"Gender agreement","Ungrammatical","lateral","right medial","right","medial",304,1.83013934468129,19563
"Gender agreement","Ungrammatical","lateral","right medial","right","medial",306,1.76481449675408,19563
"Gender agreement","Ungrammatical","lateral","right medial","right","medial",308,1.70027143076215,19563
"Gender agreement","Ungrammatical","lateral","right medial","right","medial",310,1.63683887951746,19563
"Gender agreement","Ungrammatical","lateral","right medial","right","medial",312,1.57326483668149,19563
"Gender agreement","Ungrammatical","lateral","right medial","right","medial",314,1.50747625619792,19563
"Gender agreement","Ungrammatical","lateral","right medial","right","medial",316,1.43803271481879,19563
"Gender agreement","Ungrammatical","lateral","right medial","right","medial",318,1.36545105556408,19563
"Gender agreement","Ungrammatical","lateral","right medial","right","medial",320,1.29200649184685,19563
"Gender agreement","Ungrammatical","lateral","right medial","right","medial",322,1.2204642948423,19563
"Gender agreement","Ungrammatical","lateral","right medial","right","medial",324,1.15307652200583,19563
"Gender agreement","Ungrammatical","lateral","right medial","right","medial",326,1.09126979502121,19563
"Gender agreement","Ungrammatical","lateral","right medial","right","medial",328,1.03608976128406,19563
"Gender agreement","Ungrammatical","lateral","right medial","right","medial",330,0.98865439860962,19563
"Gender agreement","Ungrammatical","lateral","right medial","right","medial",332,0.949717681337218,19563
"Gender agreement","Ungrammatical","lateral","right medial","right","medial",334,0.918469917701784,19563
"Gender agreement","Ungrammatical","lateral","right medial","right","medial",336,0.891794203343045,19563
"Gender agreement","Ungrammatical","lateral","right medial","right","medial",338,0.865246383479017,19563
"Gender agreement","Ungrammatical","lateral","right medial","right","medial",340,0.835731073966161,19563
"Gender agreement","Ungrammatical","lateral","right medial","right","medial",342,0.803106323161069,19563
"Gender agreement","Ungrammatical","lateral","right medial","right","medial",344,0.768870827582682,19563
"Gender agreement","Ungrammatical","lateral","right medial","right","medial",346,0.734205081020293,19563
"Gender agreement","Ungrammatical","lateral","right medial","right","medial",348,0.699438991974646,19563
"Gender agreement","Ungrammatical","lateral","right medial","right","medial",350,0.664567959924347,19563
"Gender agreement","Ungrammatical","lateral","right medial","right","medial",352,0.629845166896693,19563
"Gender agreement","Ungrammatical","lateral","right medial","right","medial",354,0.595768593773961,19563
"Gender agreement","Ungrammatical","lateral","right medial","right","medial",356,0.562224045391811,19563
"Gender agreement","Ungrammatical","lateral","right medial","right","medial",358,0.527999693298574,19563
"Gender agreement","Ungrammatical","lateral","right medial","right","medial",360,0.491966211726218,19563
"Gender agreement","Ungrammatical","lateral","right medial","right","medial",362,0.455068189950417,19563
"Gender agreement","Ungrammatical","lateral","right medial","right","medial",364,0.420767213617543,19563
"Gender agreement","Ungrammatical","lateral","right medial","right","medial",366,0.393088738945969,19563
"Gender agreement","Ungrammatical","lateral","right medial","right","medial",368,0.373676225527782,19563
"Gender agreement","Ungrammatical","lateral","right medial","right","medial",370,0.360766804682308,19563
"Gender agreement","Ungrammatical","lateral","right medial","right","medial",372,0.350678116853243,19563
"Gender agreement","Ungrammatical","lateral","right medial","right","medial",374,0.339689413689107,19563
"Gender agreement","Ungrammatical","lateral","right medial","right","medial",376,0.324840413024587,19563
"Gender agreement","Ungrammatical","lateral","right medial","right","medial",378,0.304607626642131,19563
"Gender agreement","Ungrammatical","lateral","right medial","right","medial",380,0.279861677656801,19563
"Gender agreement","Ungrammatical","lateral","right medial","right","medial",382,0.253763226499003,19563
"Gender agreement","Ungrammatical","lateral","right medial","right","medial",384,0.230253948780862,19563
"Gender agreement","Ungrammatical","lateral","right medial","right","medial",386,0.212054439503144,19563
"Gender agreement","Ungrammatical","lateral","right medial","right","medial",388,0.199690589377907,19563
"Gender agreement","Ungrammatical","lateral","right medial","right","medial",390,0.19207233041967,19563
"Gender agreement","Ungrammatical","lateral","right medial","right","medial",392,0.188025098400041,19563
"Gender agreement","Ungrammatical","lateral","right medial","right","medial",394,0.187736952410162,19563
"Gender agreement","Ungrammatical","lateral","right medial","right","medial",396,0.192504881664366,19563
"Gender agreement","Ungrammatical","lateral","right medial","right","medial",398,0.202804375607013,19563
"Gender agreement","Ungrammatical","lateral","right medial","right","medial",400,0.21733798497163,19563
"Gender agreement","Ungrammatical","lateral","right medial","right","medial",402,0.233759597198794,19563
"Gender agreement","Ungrammatical","lateral","right medial","right","medial",404,0.249945816081378,19563
"Gender agreement","Ungrammatical","lateral","right medial","right","medial",406,0.265002300260696,19563
"Gender agreement","Ungrammatical","lateral","right medial","right","medial",408,0.279344936870623,19563
"Gender agreement","Ungrammatical","lateral","right medial","right","medial",410,0.293529622246077,19563
"Gender agreement","Ungrammatical","lateral","right medial","right","medial",412,0.307372744466595,19563
"Gender agreement","Ungrammatical","lateral","right medial","right","medial",414,0.320569237846956,19563
"Gender agreement","Ungrammatical","lateral","right medial","right","medial",416,0.333862802228697,19563
"Gender agreement","Ungrammatical","lateral","right medial","right","medial",418,0.348869600776977,19563
"Gender agreement","Ungrammatical","lateral","right medial","right","medial",420,0.36680984511578,19563
"Gender agreement","Ungrammatical","lateral","right medial","right","medial",422,0.387730767264734,19563
"Gender agreement","Ungrammatical","lateral","right medial","right","medial",424,0.410292286459132,19563
"Gender agreement","Ungrammatical","lateral","right medial","right","medial",426,0.431991667944589,19563
"Gender agreement","Ungrammatical","lateral","right medial","right","medial",428,0.45007831109748,19563
"Gender agreement","Ungrammatical","lateral","right medial","right","medial",430,0.462632622808363,19563
"Gender agreement","Ungrammatical","lateral","right medial","right","medial",432,0.468837959413178,19563
"Gender agreement","Ungrammatical","lateral","right medial","right","medial",434,0.468902264478863,19563
"Gender agreement","Ungrammatical","lateral","right medial","right","medial",436,0.464049327812708,19563
"Gender agreement","Ungrammatical","lateral","right medial","right","medial",438,0.45617057710985,19563
"Gender agreement","Ungrammatical","lateral","right medial","right","medial",440,0.447298778305986,19563
"Gender agreement","Ungrammatical","lateral","right medial","right","medial",442,0.439276746920207,19563
"Gender agreement","Ungrammatical","lateral","right medial","right","medial",444,0.43346741297347,19563
"Gender agreement","Ungrammatical","lateral","right medial","right","medial",446,0.430629606911005,19563
"Gender agreement","Ungrammatical","lateral","right medial","right","medial",448,0.430828962838011,19563
"Gender agreement","Ungrammatical","lateral","right medial","right","medial",450,0.433531615805347,19563
"Gender agreement","Ungrammatical","lateral","right medial","right","medial",452,0.43809589531258,19563
"Gender agreement","Ungrammatical","lateral","right medial","right","medial",454,0.444658539078873,19563
"Gender agreement","Ungrammatical","lateral","right medial","right","medial",456,0.454148443490262,19563
"Gender agreement","Ungrammatical","lateral","right medial","right","medial",458,0.467188416909472,19563
"Gender agreement","Ungrammatical","lateral","right medial","right","medial",460,0.483326994837193,19563
"Gender agreement","Ungrammatical","lateral","right medial","right","medial",462,0.501141696058887,19563
"Gender agreement","Ungrammatical","lateral","right medial","right","medial",464,0.519061442519041,19563
"Gender agreement","Ungrammatical","lateral","right medial","right","medial",466,0.536440832183203,19563
"Gender agreement","Ungrammatical","lateral","right medial","right","medial",468,0.554129274651127,19563
"Gender agreement","Ungrammatical","lateral","right medial","right","medial",470,0.574014926136073,19563
"Gender agreement","Ungrammatical","lateral","right medial","right","medial",472,0.598341869856362,19563
"Gender agreement","Ungrammatical","lateral","right medial","right","medial",474,0.629098195573276,19563
"Gender agreement","Ungrammatical","lateral","right medial","right","medial",476,0.667046158564637,19563
"Gender agreement","Ungrammatical","lateral","right medial","right","medial",478,0.710641414915913,19563
"Gender agreement","Ungrammatical","lateral","right medial","right","medial",480,0.756323467770792,19563
"Gender agreement","Ungrammatical","lateral","right medial","right","medial",482,0.800303481061187,19563
"Gender agreement","Ungrammatical","lateral","right medial","right","medial",484,0.840237233553136,19563
"Gender agreement","Ungrammatical","lateral","right medial","right","medial",486,0.875268670449318,19563
"Gender agreement","Ungrammatical","lateral","right medial","right","medial",488,0.905086234217656,19563
"Gender agreement","Ungrammatical","lateral","right medial","right","medial",490,0.929490415580432,19563
"Gender agreement","Ungrammatical","lateral","right medial","right","medial",492,0.948532280325104,19563
"Gender agreement","Ungrammatical","lateral","right medial","right","medial",494,0.962511935797168,19563
"Gender agreement","Ungrammatical","lateral","right medial","right","medial",496,0.972134284107754,19563
"Gender agreement","Ungrammatical","lateral","right medial","right","medial",498,0.978949752083014,19563
"Gender agreement","Ungrammatical","lateral","right medial","right","medial",500,0.985264427746256,19563
"Gender agreement","Ungrammatical","lateral","right medial","right","medial",502,0.993261054030568,19563
"Gender agreement","Ungrammatical","lateral","right medial","right","medial",504,1.00448141900527,19563
"Gender agreement","Ungrammatical","lateral","right medial","right","medial",506,1.02070566886469,19563
"Gender agreement","Ungrammatical","lateral","right medial","right","medial",508,1.0445802790983,19563
"Gender agreement","Ungrammatical","lateral","right medial","right","medial",510,1.07842007872003,19563
"Gender agreement","Ungrammatical","lateral","right medial","right","medial",512,1.12238235444461,19563
"Gender agreement","Ungrammatical","lateral","right medial","right","medial",514,1.17364877575014,19563
"Gender agreement","Ungrammatical","lateral","right medial","right","medial",516,1.22742887082758,19563
"Gender agreement","Ungrammatical","lateral","right medial","right","medial",518,1.27903542401472,19563
"Gender agreement","Ungrammatical","lateral","right medial","right","medial",520,1.32545749629402,19563
"Gender agreement","Ungrammatical","lateral","right medial","right","medial",522,1.36590599601288,19563
"Gender agreement","Ungrammatical","lateral","right medial","right","medial",524,1.40107120584777,19563
"Gender agreement","Ungrammatical","lateral","right medial","right","medial",526,1.43170623115064,19563
"Gender agreement","Ungrammatical","lateral","right medial","right","medial",528,1.45757066912028,19563
"Gender agreement","Ungrammatical","lateral","right medial","right","medial",530,1.47751566733119,19563
"Gender agreement","Ungrammatical","lateral","right medial","right","medial",532,1.49084317333742,19563
"Gender agreement","Ungrammatical","lateral","right medial","right","medial",534,1.49865112712774,19563
"Gender agreement","Ungrammatical","lateral","right medial","right","medial",536,1.50367627664469,19563
"Gender agreement","Ungrammatical","lateral","right medial","right","medial",538,1.50906737207995,19563
"Gender agreement","Ungrammatical","lateral","right medial","right","medial",540,1.51721233962071,19563
"Gender agreement","Ungrammatical","lateral","right medial","right","medial",542,1.52893845524715,19563
"Gender agreement","Ungrammatical","lateral","right medial","right","medial",544,1.54364085262996,19563
"Gender agreement","Ungrammatical","lateral","right medial","right","medial",546,1.56039170883811,19563
"Gender agreement","Ungrammatical","lateral","right medial","right","medial",548,1.57881347441599,19563
"Gender agreement","Ungrammatical","lateral","right medial","right","medial",550,1.59884010632316,19563
"Gender agreement","Ungrammatical","lateral","right medial","right","medial",552,1.62011332617697,19563
"Gender agreement","Ungrammatical","lateral","right medial","right","medial",554,1.6422156622195,19563
"Gender agreement","Ungrammatical","lateral","right medial","right","medial",556,1.6652884526913,19563
"Gender agreement","Ungrammatical","lateral","right medial","right","medial",558,1.68956458620866,19563
"Gender agreement","Ungrammatical","lateral","right medial","right","medial",560,1.71378295762409,19563
"Gender agreement","Ungrammatical","lateral","right medial","right","medial",562,1.73483131421561,19563
"Gender agreement","Ungrammatical","lateral","right medial","right","medial",564,1.74978878495118,19563
"Gender agreement","Ungrammatical","lateral","right medial","right","medial",566,1.75820758574861,19563
"Gender agreement","Ungrammatical","lateral","right medial","right","medial",568,1.76245039104432,19563
"Gender agreement","Ungrammatical","lateral","right medial","right","medial",570,1.76667024484997,19563
"Gender agreement","Ungrammatical","lateral","right medial","right","medial",572,1.77584910289833,19563
"Gender agreement","Ungrammatical","lateral","right medial","right","medial",574,1.79474697132342,19563
"Gender agreement","Ungrammatical","lateral","right medial","right","medial",576,1.82617057710985,19563
"Gender agreement","Ungrammatical","lateral","right medial","right","medial",578,1.86930639472474,19563
"Gender agreement","Ungrammatical","lateral","right medial","right","medial",580,1.91970505546184,19563
"Gender agreement","Ungrammatical","lateral","right medial","right","medial",582,1.9713036855288,19563
"Gender agreement","Ungrammatical","lateral","right medial","right","medial",584,2.01925819148392,19563
"Gender agreement","Ungrammatical","lateral","right medial","right","medial",586,2.06137259111588,19563
"Gender agreement","Ungrammatical","lateral","right medial","right","medial",588,2.0976706026683,19563
"Gender agreement","Ungrammatical","lateral","right medial","right","medial",590,2.12965874354649,19563
"Gender agreement","Ungrammatical","lateral","right medial","right","medial",592,2.16003450391044,19563
"Gender agreement","Ungrammatical","lateral","right medial","right","medial",594,2.19158871338752,19563
"Gender agreement","Ungrammatical","lateral","right medial","right","medial",596,2.2249836425906,19563
"Gender agreement","Ungrammatical","lateral","right medial","right","medial",598,2.25813193273015,19563
"Gender agreement","Ungrammatical","lateral","right medial","right","medial",600,2.2883048101007,19563
"Gender agreement","Ungrammatical","lateral","right medial","right","medial",602,2.31379824157849,19563
"Gender agreement","Ungrammatical","lateral","right medial","right","medial",604,2.33372749578286,19563
"Gender agreement","Ungrammatical","lateral","right medial","right","medial",606,2.34802760312835,19563
"Gender agreement","Ungrammatical","lateral","right medial","right","medial",608,2.35779098297807,19563
"Gender agreement","Ungrammatical","lateral","right medial","right","medial",610,2.36470996268466,19563
"Gender agreement","Ungrammatical","lateral","right medial","right","medial",612,2.37068823800031,19563
"Gender agreement","Ungrammatical","lateral","right medial","right","medial",614,2.37797398149568,19563
"Gender agreement","Ungrammatical","lateral","right medial","right","medial",616,2.38827383325666,19563
"Gender agreement","Ungrammatical","lateral","right medial","right","medial",618,2.40138107652201,19563
"Gender agreement","Ungrammatical","lateral","right medial","right","medial",620,2.41521658232377,19563
"Gender agreement","Ungrammatical","lateral","right medial","right","medial",622,2.42711046363032,19563
"Gender agreement","Ungrammatical","lateral","right medial","right","medial",624,2.43525236415683,19563
"Gender agreement","Ungrammatical","lateral","right medial","right","medial",626,2.43890599601288,19563
"Gender agreement","Ungrammatical","lateral","right medial","right","medial",628,2.43764770229515,19563
"Gender agreement","Ungrammatical","lateral","right medial","right","medial",630,2.43128242089659,19563
"Gender agreement","Ungrammatical","lateral","right medial","right","medial",632,2.42041982313551,19563
"Gender agreement","Ungrammatical","lateral","right medial","right","medial",634,2.40612354955784,19563
"Gender agreement","Ungrammatical","lateral","right medial","right","medial",636,2.38909645759853,19563
"Gender agreement","Ungrammatical","lateral","right medial","right","medial",638,2.36993727955835,19563
"Gender agreement","Ungrammatical","lateral","right medial","right","medial",640,2.34973884373562,19563
"Gender agreement","Ungrammatical","lateral","right medial","right","medial",642,2.32963272504217,19563
"Gender agreement","Ungrammatical","lateral","right medial","right","medial",644,2.31010008689874,19563
"Gender agreement","Ungrammatical","lateral","right medial","right","medial",646,2.29140745284466,19563
"Gender agreement","Ungrammatical","lateral","right medial","right","medial",648,2.27419429535347,19563
"Gender agreement","Ungrammatical","lateral","right medial","right","medial",650,2.25906829218423,19563
"Gender agreement","Ungrammatical","lateral","right medial","right","medial",652,2.24615094821858,19563
"Gender agreement","Ungrammatical","lateral","right medial","right","medial",654,2.23575320758575,19563
"Gender agreement","Ungrammatical","lateral","right medial","right","medial",656,2.22912498083116,19563
"Gender agreement","Ungrammatical","lateral","right medial","right","medial",658,2.22793134999744,19563
"Gender agreement","Ungrammatical","lateral","right medial","right","medial",660,2.2327843377805,19563
"Gender agreement","Ungrammatical","lateral","right medial","right","medial",662,2.24217241731841,19563
"Gender agreement","Ungrammatical","lateral","right medial","right","medial",664,2.25272851812094,19563
"Gender agreement","Ungrammatical","lateral","right medial","right","medial",666,2.26085375453663,19563
"Gender agreement","Ungrammatical","lateral","right medial","right","medial",668,2.26478679139191,19563
"Gender agreement","Ungrammatical","lateral","right medial","right","medial",670,2.26543602719419,19563
"Gender agreement","Ungrammatical","lateral","right medial","right","medial",672,2.26496764299954,19563
"Gender agreement","Ungrammatical","lateral","right medial","right","medial",674,2.26497249910545,19563
"Gender agreement","Ungrammatical","lateral","right medial","right","medial",676,2.26569181618361,19563
"Gender agreement","Ungrammatical","lateral","right medial","right","medial",678,2.26616618105608,19563
"Gender agreement","Ungrammatical","lateral","right medial","right","medial",680,2.26496222460768,19563
"Gender agreement","Ungrammatical","lateral","right medial","right","medial",682,2.26110657874559,19563
"Gender agreement","Ungrammatical","lateral","right medial","right","medial",684,2.25474692020651,19563
"Gender agreement","Ungrammatical","lateral","right medial","right","medial",686,2.24695741961867,19563
"Gender agreement","Ungrammatical","lateral","right medial","right","medial",688,2.23877953279149,19563
"Gender agreement","Ungrammatical","lateral","right medial","right","medial",690,2.22981148085672,19563
"Gender agreement","Ungrammatical","lateral","right medial","right","medial",692,2.21831953176916,19563
"Gender agreement","Ungrammatical","lateral","right medial","right","medial",694,2.20278040177887,19563
"Gender agreement","Ungrammatical","lateral","right medial","right","medial",696,2.1836682001738,19563
"Gender agreement","Ungrammatical","lateral","right medial","right","medial",698,2.16369554771763,19563
"Gender agreement","Ungrammatical","lateral","right medial","right","medial",700,2.14613341512038,19563
"Gender agreement","Ungrammatical","lateral","right medial","right","medial",702,2.13267188059091,19563
"Gender agreement","Ungrammatical","lateral","right medial","right","medial",704,2.1226682512907,19563
"Gender agreement","Ungrammatical","lateral","right medial","right","medial",706,2.11395925982722,19563
"Gender agreement","Ungrammatical","lateral","right medial","right","medial",708,2.10452844655728,19563
"Gender agreement","Ungrammatical","lateral","right medial","right","medial",710,2.09384342892194,19563
"Gender agreement","Ungrammatical","lateral","right medial","right","medial",712,2.08266262843122,19563
"Gender agreement","Ungrammatical","lateral","right medial","right","medial",714,2.07194821857588,19563
"Gender agreement","Ungrammatical","lateral","right medial","right","medial",716,2.06231753820989,19563
"Gender agreement","Ungrammatical","lateral","right medial","right","medial",718,2.05383156980013,19563
"Gender agreement","Ungrammatical","lateral","right medial","right","medial",720,2.04556893114553,19563
"Gender agreement","Ungrammatical","lateral","right medial","right","medial",722,2.03597801973113,19563
"Gender agreement","Ungrammatical","lateral","right medial","right","medial",724,2.02398885651485,19563
"Gender agreement","Ungrammatical","lateral","right medial","right","medial",726,2.00976971834586,19563
"Gender agreement","Ungrammatical","lateral","right medial","right","medial",728,1.99470725348873,19563
"Gender agreement","Ungrammatical","lateral","right medial","right","medial",730,1.9809859428513,19563
"Gender agreement","Ungrammatical","lateral","right medial","right","medial",732,1.97043321576445,19563
"Gender agreement","Ungrammatical","lateral","right medial","right","medial",734,1.96367786126872,19563
"Gender agreement","Ungrammatical","lateral","right medial","right","medial",736,1.96026872156622,19563
"Gender agreement","Ungrammatical","lateral","right medial","right","medial",738,1.95934524357205,19563
"Gender agreement","Ungrammatical","lateral","right medial","right","medial",740,1.9602391248786,19563
"Gender agreement","Ungrammatical","lateral","right medial","right","medial",742,1.96273224965496,19563
"Gender agreement","Ungrammatical","lateral","right medial","right","medial",744,1.96685917292849,19563
"Gender agreement","Ungrammatical","lateral","right medial","right","medial",746,1.97256908449624,19563
"Gender agreement","Ungrammatical","lateral","right medial","right","medial",748,1.97965986811839,19563
"Gender agreement","Ungrammatical","lateral","right medial","right","medial",750,1.98799499054337,19563
"Gender agreement","Ungrammatical","lateral","right medial","right","medial",752,1.99762848233911,19563
"Gender agreement","Ungrammatical","lateral","right medial","right","medial",754,2.00817037264223,19563
"Gender agreement","Ungrammatical","lateral","right medial","right","medial",756,2.01809088585595,19563
"Gender agreement","Ungrammatical","lateral","right medial","right","medial",758,2.02542498594285,19563
"Gender agreement","Ungrammatical","lateral","right medial","right","medial",760,2.02931758932679,19563
"Gender agreement","Ungrammatical","lateral","right medial","right","medial",762,2.03038409241936,19563
"Gender agreement","Ungrammatical","lateral","right medial","right","medial",764,2.02953590962531,19563
"Gender agreement","Ungrammatical","lateral","right medial","right","medial",766,2.02684163983029,19563
"Gender agreement","Ungrammatical","lateral","right medial","right","medial",768,2.02165271175178,19563
"Gender agreement","Ungrammatical","lateral","right medial","right","medial",770,2.01378035066196,19563
"Gender agreement","Ungrammatical","lateral","right medial","right","medial",772,2.00455063129377,19563
"Gender agreement","Ungrammatical","lateral","right medial","right","medial",774,1.99622818586106,19563
"Gender agreement","Ungrammatical","lateral","right medial","right","medial",776,1.99019506210704,19563
"Gender agreement","Ungrammatical","lateral","right medial","right","medial",778,1.98557854112355,19563
"Gender agreement","Ungrammatical","lateral","right medial","right","medial",780,1.97987783059858,19563
"Gender agreement","Ungrammatical","lateral","right medial","right","medial",782,1.97113300618515,19563
"Gender agreement","Ungrammatical","lateral","right medial","right","medial",784,1.95935689822624,19563
"Gender agreement","Ungrammatical","lateral","right medial","right","medial",786,1.94606987680826,19563
"Gender agreement","Ungrammatical","lateral","right medial","right","medial",788,1.9329941726729,19563
"Gender agreement","Ungrammatical","lateral","right medial","right","medial",790,1.92126059397843,19563
"Gender agreement","Ungrammatical","lateral","right medial","right","medial",792,1.91130997290804,19563
"Gender agreement","Ungrammatical","lateral","right medial","right","medial",794,1.90286234217656,19563
"Gender agreement","Ungrammatical","lateral","right medial","right","medial",796,1.89426529673363,19563
"Gender agreement","Ungrammatical","lateral","right medial","right","medial",798,1.88270209068139,19563
"Gender agreement","Ungrammatical","lateral","right medial","right","medial",800,1.86584041302459,19563
"Gender agreement","Ungrammatical","lateral","right medial","right","medial",802,1.84312907018351,19563
"Gender agreement","Ungrammatical","lateral","right medial","right","medial",804,1.8157596483157,19563
"Gender agreement","Ungrammatical","lateral","right medial","right","medial",806,1.78583254102132,19563
"Gender agreement","Ungrammatical","lateral","right medial","right","medial",808,1.75532878392885,19563
"Gender agreement","Ungrammatical","lateral","right medial","right","medial",810,1.72588657158922,19563
"Gender agreement","Ungrammatical","lateral","right medial","right","medial",812,1.69921622450544,19563
"Gender agreement","Ungrammatical","lateral","right medial","right","medial",814,1.67703731534018,19563
"Gender agreement","Ungrammatical","lateral","right medial","right","medial",816,1.66011092368246,19563
"Gender agreement","Ungrammatical","lateral","right medial","right","medial",818,1.64757777436998,19563
"Gender agreement","Ungrammatical","lateral","right medial","right","medial",820,1.63774594898533,19563
"Gender agreement","Ungrammatical","lateral","right medial","right","medial",822,1.6297069467873,19563
"Gender agreement","Ungrammatical","lateral","right medial","right","medial",824,1.62413157491182,19563
"Gender agreement","Ungrammatical","lateral","right medial","right","medial",826,1.62278822266524,19563
"Gender agreement","Ungrammatical","lateral","right medial","right","medial",828,1.62760420180954,19563
"Gender agreement","Ungrammatical","lateral","right medial","right","medial",830,1.63945575831928,19563
"Gender agreement","Ungrammatical","lateral","right medial","right","medial",832,1.65746373255636,19563
"Gender agreement","Ungrammatical","lateral","right medial","right","medial",834,1.67930036293002,19563
"Gender agreement","Ungrammatical","lateral","right medial","right","medial",836,1.70186336451465,19563
"Gender agreement","Ungrammatical","lateral","right medial","right","medial",838,1.72168834023412,19563
"Gender agreement","Ungrammatical","lateral","right medial","right","medial",840,1.73528993508153,19563
"Gender agreement","Ungrammatical","lateral","right medial","right","medial",842,1.73976383990186,19563
"Gender agreement","Ungrammatical","lateral","right medial","right","medial",844,1.73360159484742,19563
"Gender agreement","Ungrammatical","lateral","right medial","right","medial",846,1.71702049787865,19563
"Gender agreement","Ungrammatical","lateral","right medial","right","medial",848,1.69154536625262,19563
"Gender agreement","Ungrammatical","lateral","right medial","right","medial",850,1.65987798394929,19563
"Gender agreement","Ungrammatical","lateral","right medial","right","medial",852,1.62591494147114,19563
"Gender agreement","Ungrammatical","lateral","right medial","right","medial",854,1.59359919235291,19563
"Gender agreement","Ungrammatical","lateral","right medial","right","medial",856,1.56515197055666,19563
"Gender agreement","Ungrammatical","lateral","right medial","right","medial",858,1.54071195624393,19563
"Gender agreement","Ungrammatical","lateral","right medial","right","medial",860,1.51929484230435,19563
"Gender agreement","Ungrammatical","lateral","right medial","right","medial",862,1.49963937023974,19563
"Gender agreement","Ungrammatical","lateral","right medial","right","medial",864,1.48021555998569,19563
"Gender agreement","Ungrammatical","lateral","right medial","right","medial",866,1.45860179931503,19563
"Gender agreement","Ungrammatical","lateral","right medial","right","medial",868,1.43127649133568,19563
"Gender agreement","Ungrammatical","lateral","right medial","right","medial",870,1.39483187650156,19563
"Gender agreement","Ungrammatical","lateral","right medial","right","medial",872,1.34799621734908,19563
"Gender agreement","Ungrammatical","lateral","right medial","right","medial",874,1.29280401778868,19563
"Gender agreement","Ungrammatical","lateral","right medial","right","medial",876,1.23334422123396,19563
"Gender agreement","Ungrammatical","lateral","right medial","right","medial",878,1.1731313193273,19563
"Gender agreement","Ungrammatical","lateral","right medial","right","medial",880,1.11365782344221,19563
"Gender agreement","Ungrammatical","lateral","right medial","right","medial",882,1.0547549966774,19563
"Gender agreement","Ungrammatical","lateral","right medial","right","medial",884,0.99536236773501,19563
"Gender agreement","Ungrammatical","lateral","right medial","right","medial",886,0.934266728006952,19563
"Gender agreement","Ungrammatical","lateral","right medial","right","medial",888,0.870996421816695,19563
"Gender agreement","Ungrammatical","lateral","right medial","right","medial",890,0.806076215304401,19563
"Gender agreement","Ungrammatical","lateral","right medial","right","medial",892,0.740673925267086,19563
"Gender agreement","Ungrammatical","lateral","right medial","right","medial",894,0.676392577825487,19563
"Gender agreement","Ungrammatical","lateral","right medial","right","medial",896,0.615144354137913,19563
"Gender agreement","Ungrammatical","lateral","right medial","right","medial",898,0.558568522210295,19563
"Gender agreement","Ungrammatical","lateral","right medial","right","medial",900,0.507735725604457,19563
"Gender agreement","Ungrammatical","lateral","right medial","right","medial",902,0.463283494351582,19563
"Gender agreement","Ungrammatical","lateral","right medial","right","medial",904,0.425623523999387,19563
"Gender agreement","Ungrammatical","lateral","right medial","right","medial",906,0.395485610591423,19563
"Gender agreement","Ungrammatical","lateral","right medial","right","medial",908,0.375042989316567,19563
"Gender agreement","Ungrammatical","lateral","right medial","right","medial",910,0.368200020446762,19563
"Gender agreement","Ungrammatical","lateral","right medial","right","medial",912,0.379074477329653,19563
"Gender agreement","Ungrammatical","lateral","right medial","right","medial",914,0.409884117977815,19563
"Gender agreement","Ungrammatical","lateral","right medial","right","medial",916,0.459879261871901,19563
"Gender agreement","Ungrammatical","lateral","right medial","right","medial",918,0.525113172826254,19563
"Gender agreement","Ungrammatical","lateral","right medial","right","medial",920,0.599546644175229,19563
"Gender agreement","Ungrammatical","lateral","right medial","right","medial",922,0.677275622348311,19563
"Gender agreement","Ungrammatical","lateral","right medial","right","medial",924,0.754885651484946,19563
"Gender agreement","Ungrammatical","lateral","right medial","right","medial",926,0.832567959924347,19563
"Gender agreement","Ungrammatical","lateral","right medial","right","medial",928,0.91311148596841,19563
"Gender agreement","Ungrammatical","lateral","right medial","right","medial",930,0.999144609722435,19563
"Gender agreement","Ungrammatical","lateral","right medial","right","medial",932,1.09072202627409,19563
"Gender agreement","Ungrammatical","lateral","right medial","right","medial",934,1.18531426672801,19563
"Gender agreement","Ungrammatical","lateral","right medial","right","medial",936,1.27916459643204,19563
"Gender agreement","Ungrammatical","lateral","right medial","right","medial",938,1.36840367019373,19563
"Gender agreement","Ungrammatical","lateral","right medial","right","medial",940,1.45030874610234,19563
"Gender agreement","Ungrammatical","lateral","right medial","right","medial",942,1.52414445637172,19563
"Gender agreement","Ungrammatical","lateral","right medial","right","medial",944,1.59084772274191,19563
"Gender agreement","Ungrammatical","lateral","right medial","right","medial",946,1.65169181618361,19563
"Gender agreement","Ungrammatical","lateral","right medial","right","medial",948,1.70737463579206,19563
"Gender agreement","Ungrammatical","lateral","right medial","right","medial",950,1.7577479425446,19563
"Gender agreement","Ungrammatical","lateral","right medial","right","medial",952,1.80224679241425,19563
"Gender agreement","Ungrammatical","lateral","right medial","right","medial",954,1.84048760415069,19563
"Gender agreement","Ungrammatical","lateral","right medial","right","medial",956,1.87223667126719,19563
"Gender agreement","Ungrammatical","lateral","right medial","right","medial",958,1.89722465879466,19563
"Gender agreement","Ungrammatical","lateral","right medial","right","medial",960,1.91585007411951,19563
"Gender agreement","Ungrammatical","lateral","right medial","right","medial",962,1.92989066094157,19563
"Gender agreement","Ungrammatical","lateral","right medial","right","medial",964,1.94181792158667,19563
"Gender agreement","Ungrammatical","lateral","right medial","right","medial",966,1.95342723508664,19563
"Gender agreement","Ungrammatical","lateral","right medial","right","medial",968,1.96508945458263,19563
"Gender agreement","Ungrammatical","lateral","right medial","right","medial",970,1.97548913765782,19563
"Gender agreement","Ungrammatical","lateral","right medial","right","medial",972,1.98161713438634,19563
"Gender agreement","Ungrammatical","lateral","right medial","right","medial",974,1.97997019884476,19563
"Gender agreement","Ungrammatical","lateral","right medial","right","medial",976,1.96871343863416,19563
"Gender agreement","Ungrammatical","lateral","right medial","right","medial",978,1.94907785104534,19563
"Gender agreement","Ungrammatical","lateral","right medial","right","medial",980,1.9243750958442,19563
"Gender agreement","Ungrammatical","lateral","right medial","right","medial",982,1.89743321576445,19563
"Gender agreement","Ungrammatical","lateral","right medial","right","medial",984,1.86872908040689,19563
"Gender agreement","Ungrammatical","lateral","right medial","right","medial",986,1.83713213719777,19563
"Gender agreement","Ungrammatical","lateral","right medial","right","medial",988,1.80182773603231,19563
"Gender agreement","Ungrammatical","lateral","right medial","right","medial",990,1.76298180238205,19563
"Gender agreement","Ungrammatical","lateral","right medial","right","medial",992,1.72112922353422,19563
"Gender agreement","Ungrammatical","lateral","right medial","right","medial",994,1.67705341716506,19563
"Gender agreement","Ungrammatical","lateral","right medial","right","medial",996,1.63190119102387,19563
"Gender agreement","Ungrammatical","lateral","right medial","right","medial",998,1.58713699330369,19563
"Gender agreement","Ungrammatical","lateral","right medial","right","medial",1000,1.54404360271942,19563
"Gender agreement","Ungrammatical","lateral","right medial","right","medial",1002,1.50261820784133,19563
"Gender agreement","Ungrammatical","lateral","right medial","right","medial",1004,1.46083744824413,19563
"Gender agreement","Ungrammatical","lateral","right medial","right","medial",1006,1.41576332873281,19563
"Gender agreement","Ungrammatical","lateral","right medial","right","medial",1008,1.36579660583755,19563
"Gender agreement","Ungrammatical","lateral","right medial","right","medial",1010,1.31201267699228,19563
"Gender agreement","Ungrammatical","lateral","right medial","right","medial",1012,1.25792623830701,19563
"Gender agreement","Ungrammatical","lateral","right medial","right","medial",1014,1.20787230997291,19563
"Gender agreement","Ungrammatical","lateral","right medial","right","medial",1016,1.16467418085161,19563
"Gender agreement","Ungrammatical","lateral","right medial","right","medial",1018,1.12816250063896,19563
"Gender agreement","Ungrammatical","lateral","right medial","right","medial",1020,1.09579491897971,19563
"Gender agreement","Ungrammatical","lateral","right medial","right","medial",1022,1.0644654194142,19563
"Gender agreement","Ungrammatical","lateral","right medial","right","medial",1024,1.03181812605429,19563
"Gender agreement","Ungrammatical","lateral","right medial","right","medial",1026,0.996190768287073,19563
"Gender agreement","Ungrammatical","lateral","right medial","right","medial",1028,0.956512395849307,19563
"Gender agreement","Ungrammatical","lateral","right medial","right","medial",1030,0.91279706588969,19563
"Gender agreement","Ungrammatical","lateral","right medial","right","medial",1032,0.86624009609978,19563
"Gender agreement","Ungrammatical","lateral","right medial","right","medial",1034,0.818015028369882,19563
"Gender agreement","Ungrammatical","lateral","right medial","right","medial",1036,0.768137351122016,19563
"Gender agreement","Ungrammatical","lateral","right medial","right","medial",1038,0.715945304912334,19563
"Gender agreement","Ungrammatical","lateral","right medial","right","medial",1040,0.661005367274958,19563
"Gender agreement","Ungrammatical","lateral","right medial","right","medial",1042,0.60278582017073,19563
"Gender agreement","Ungrammatical","lateral","right medial","right","medial",1044,0.540494095997546,19563
"Gender agreement","Ungrammatical","lateral","right medial","right","medial",1046,0.474718857026018,19563
"Gender agreement","Ungrammatical","lateral","right medial","right","medial",1048,0.408525175075397,19563
"Gender agreement","Ungrammatical","lateral","right medial","right","medial",1050,0.345833358891786,19563
"Gender agreement","Ungrammatical","lateral","right medial","right","medial",1052,0.288903337933855,19563
"Gender agreement","Ungrammatical","lateral","right medial","right","medial",1054,0.237512855901447,19563
"Gender agreement","Ungrammatical","lateral","right medial","right","medial",1056,0.189774012165823,19563
"Gender agreement","Ungrammatical","lateral","right medial","right","medial",1058,0.143719265961253,19563
"Gender agreement","Ungrammatical","lateral","right medial","right","medial",1060,0.0986531718039155,19563
"Gender agreement","Ungrammatical","lateral","right medial","right","medial",1062,0.0551119971374534,19563
"Gender agreement","Ungrammatical","lateral","right medial","right","medial",1064,0.013712978582017,19563
"Gender agreement","Ungrammatical","lateral","right medial","right","medial",1066,-0.0251280478454225,19563
"Gender agreement","Ungrammatical","lateral","right medial","right","medial",1068,-0.060791289679497,19563
"Gender agreement","Ungrammatical","lateral","right medial","right","medial",1070,-0.0928275315646884,19563
"Gender agreement","Ungrammatical","lateral","right medial","right","medial",1072,-0.121399938659715,19563
"Gender agreement","Ungrammatical","lateral","right medial","right","medial",1074,-0.146777181413894,19563
"Gender agreement","Ungrammatical","lateral","right medial","right","medial",1076,-0.168385779277207,19563
"Gender agreement","Ungrammatical","lateral","right medial","right","medial",1078,-0.184768644890865,19563
"Gender agreement","Ungrammatical","lateral","right medial","right","medial",1080,-0.194353166692225,19563
"Gender agreement","Ungrammatical","lateral","right medial","right","medial",1082,-0.196529315544651,19563
"Gender agreement","Ungrammatical","lateral","right medial","right","medial",1084,-0.192354597965547,19563
"Gender agreement","Ungrammatical","lateral","right medial","right","medial",1086,-0.18366037928743,19563
"Gender agreement","Ungrammatical","lateral","right medial","right","medial",1088,-0.171193528599908,19563
"Gender agreement","Ungrammatical","lateral","right medial","right","medial",1090,-0.15438276337985,19563
"Gender agreement","Ungrammatical","lateral","right medial","right","medial",1092,-0.133316771456321,19563
"Gender agreement","Ungrammatical","lateral","right medial","right","medial",1094,-0.110102642743955,19563
"Gender agreement","Ungrammatical","lateral","right medial","right","medial",1096,-0.0881692480703368,19563
"Gender agreement","Ungrammatical","lateral","right medial","right","medial",1098,-0.0707839799621735,19563
"Gender agreement","Ungrammatical","lateral","right posterior","right","posterior",-100,-1.08332377447222,19563
"Gender agreement","Ungrammatical","lateral","right posterior","right","posterior",-98,-1.09808735878955,19563
"Gender agreement","Ungrammatical","lateral","right posterior","right","posterior",-96,-1.11399795532383,19563
"Gender agreement","Ungrammatical","lateral","right posterior","right","posterior",-94,-1.1308241067321,19563
"Gender agreement","Ungrammatical","lateral","right posterior","right","posterior",-92,-1.14919761795226,19563
"Gender agreement","Ungrammatical","lateral","right posterior","right","posterior",-90,-1.17009543526044,19563
"Gender agreement","Ungrammatical","lateral","right posterior","right","posterior",-88,-1.19380550017891,19563
"Gender agreement","Ungrammatical","lateral","right posterior","right","posterior",-86,-1.2201019782242,19563
"Gender agreement","Ungrammatical","lateral","right posterior","right","posterior",-84,-1.24922532331442,19563
"Gender agreement","Ungrammatical","lateral","right posterior","right","posterior",-82,-1.2816857843889,19563
"Gender agreement","Ungrammatical","lateral","right posterior","right","posterior",-80,-1.31751914328068,19563
"Gender agreement","Ungrammatical","lateral","right posterior","right","posterior",-78,-1.3565802790983,19563
"Gender agreement","Ungrammatical","lateral","right posterior","right","posterior",-76,-1.39919864029034,19563
"Gender agreement","Ungrammatical","lateral","right posterior","right","posterior",-74,-1.44628104074017,19563
"Gender agreement","Ungrammatical","lateral","right posterior","right","posterior",-72,-1.49881194090886,19563
"Gender agreement","Ungrammatical","lateral","right posterior","right","posterior",-70,-1.55749992332464,19563
"Gender agreement","Ungrammatical","lateral","right posterior","right","posterior",-68,-1.62295067218729,19563
"Gender agreement","Ungrammatical","lateral","right posterior","right","posterior",-66,-1.69572969380974,19563
"Gender agreement","Ungrammatical","lateral","right posterior","right","posterior",-64,-1.77500260696212,19563
"Gender agreement","Ungrammatical","lateral","right posterior","right","posterior",-62,-1.85734677707918,19563
"Gender agreement","Ungrammatical","lateral","right posterior","right","posterior",-60,-1.93745177120074,19563
"Gender agreement","Ungrammatical","lateral","right posterior","right","posterior",-58,-2.01031942953535,19563
"Gender agreement","Ungrammatical","lateral","right posterior","right","posterior",-56,-2.07280355773654,19563
"Gender agreement","Ungrammatical","lateral","right posterior","right","posterior",-54,-2.1233798497163,19563
"Gender agreement","Ungrammatical","lateral","right posterior","right","posterior",-52,-2.1614044880642,19563
"Gender agreement","Ungrammatical","lateral","right posterior","right","posterior",-50,-2.18696575167408,19563
"Gender agreement","Ungrammatical","lateral","right posterior","right","posterior",-48,-2.20074047947656,19563
"Gender agreement","Ungrammatical","lateral","right posterior","right","posterior",-46,-2.20316112048254,19563
"Gender agreement","Ungrammatical","lateral","right posterior","right","posterior",-44,-2.19382589582375,19563
"Gender agreement","Ungrammatical","lateral","right posterior","right","posterior",-42,-2.17207233041967,19563
"Gender agreement","Ungrammatical","lateral","right posterior","right","posterior",-40,-2.13815166385524,19563
"Gender agreement","Ungrammatical","lateral","right posterior","right","posterior",-38,-2.09391248785974,19563
"Gender agreement","Ungrammatical","lateral","right posterior","right","posterior",-36,-2.0426447886316,19563
"Gender agreement","Ungrammatical","lateral","right posterior","right","posterior",-34,-1.98815616214282,19563
"Gender agreement","Ungrammatical","lateral","right posterior","right","posterior",-32,-1.93367126718806,19563
"Gender agreement","Ungrammatical","lateral","right posterior","right","posterior",-30,-1.88147773858815,19563
"Gender agreement","Ungrammatical","lateral","right posterior","right","posterior",-28,-1.83289112099371,19563
"Gender agreement","Ungrammatical","lateral","right posterior","right","posterior",-26,-1.78786014414967,19563
"Gender agreement","Ungrammatical","lateral","right posterior","right","posterior",-24,-1.74471083167203,19563
"Gender agreement","Ungrammatical","lateral","right posterior","right","posterior",-22,-1.70061100035782,19563
"Gender agreement","Ungrammatical","lateral","right posterior","right","posterior",-20,-1.6524994632725,19563
"Gender agreement","Ungrammatical","lateral","right posterior","right","posterior",-18,-1.59838143434034,19563
"Gender agreement","Ungrammatical","lateral","right posterior","right","posterior",-16,-1.5386330317436,19563
"Gender agreement","Ungrammatical","lateral","right posterior","right","posterior",-14,-1.47641404692532,19563
"Gender agreement","Ungrammatical","lateral","right posterior","right","posterior",-12,-1.41678592240454,19563
"Gender agreement","Ungrammatical","lateral","right posterior","right","posterior",-10,-1.3645522159178,19563
"Gender agreement","Ungrammatical","lateral","right posterior","right","posterior",-8,-1.32241537596483,19563
"Gender agreement","Ungrammatical","lateral","right posterior","right","posterior",-6,-1.29104830547462,19563
"Gender agreement","Ungrammatical","lateral","right posterior","right","posterior",-4,-1.27054567295405,19563
"Gender agreement","Ungrammatical","lateral","right posterior","right","posterior",-2,-1.26134478351991,19563
"Gender agreement","Ungrammatical","lateral","right posterior","right","posterior",0,-1.26341910749885,19563
"Gender agreement","Ungrammatical","lateral","right posterior","right","posterior",2,-1.27492204672085,19563
"Gender agreement","Ungrammatical","lateral","right posterior","right","posterior",4,-1.29221883146757,19563
"Gender agreement","Ungrammatical","lateral","right posterior","right","posterior",6,-1.31126371210959,19563
"Gender agreement","Ungrammatical","lateral","right posterior","right","posterior",8,-1.32920104278485,19563
"Gender agreement","Ungrammatical","lateral","right posterior","right","posterior",10,-1.34545422481215,19563
"Gender agreement","Ungrammatical","lateral","right posterior","right","posterior",12,-1.36176603792874,19563
"Gender agreement","Ungrammatical","lateral","right posterior","right","posterior",14,-1.38086433573583,19563
"Gender agreement","Ungrammatical","lateral","right posterior","right","posterior",16,-1.40500802535398,19563
"Gender agreement","Ungrammatical","lateral","right posterior","right","posterior",18,-1.43513765782344,19563
"Gender agreement","Ungrammatical","lateral","right posterior","right","posterior",20,-1.47091356131473,19563
"Gender agreement","Ungrammatical","lateral","right posterior","right","posterior",22,-1.51109512855901,19563
"Gender agreement","Ungrammatical","lateral","right posterior","right","posterior",24,-1.55363870571998,19563
"Gender agreement","Ungrammatical","lateral","right posterior","right","posterior",26,-1.5953728467004,19563
"Gender agreement","Ungrammatical","lateral","right posterior","right","posterior",28,-1.63225727137965,19563
"Gender agreement","Ungrammatical","lateral","right posterior","right","posterior",30,-1.66060251495169,19563
"Gender agreement","Ungrammatical","lateral","right posterior","right","posterior",32,-1.67857552522619,19563
"Gender agreement","Ungrammatical","lateral","right posterior","right","posterior",34,-1.68696207125696,19563
"Gender agreement","Ungrammatical","lateral","right posterior","right","posterior",36,-1.68881250319481,19563
"Gender agreement","Ungrammatical","lateral","right posterior","right","posterior",38,-1.6880985022747,19563
"Gender agreement","Ungrammatical","lateral","right posterior","right","posterior",40,-1.68790635383121,19563
"Gender agreement","Ungrammatical","lateral","right posterior","right","posterior",42,-1.68941353575627,19563
"Gender agreement","Ungrammatical","lateral","right posterior","right","posterior",44,-1.69150012779226,19563
"Gender agreement","Ungrammatical","lateral","right posterior","right","posterior",46,-1.69126642130553,19563
"Gender agreement","Ungrammatical","lateral","right posterior","right","posterior",48,-1.68533711598426,19563
"Gender agreement","Ungrammatical","lateral","right posterior","right","posterior",50,-1.67121550886878,19563
"Gender agreement","Ungrammatical","lateral","right posterior","right","posterior",52,-1.64798093339467,19563
"Gender agreement","Ungrammatical","lateral","right posterior","right","posterior",54,-1.61638603486173,19563
"Gender agreement","Ungrammatical","lateral","right posterior","right","posterior",56,-1.57860471297858,19563
"Gender agreement","Ungrammatical","lateral","right posterior","right","posterior",58,-1.53791453253591,19563
"Gender agreement","Ungrammatical","lateral","right posterior","right","posterior",60,-1.49809507744211,19563
"Gender agreement","Ungrammatical","lateral","right posterior","right","posterior",62,-1.46258114808567,19563
"Gender agreement","Ungrammatical","lateral","right posterior","right","posterior",64,-1.43379553238256,19563
"Gender agreement","Ungrammatical","lateral","right posterior","right","posterior",66,-1.41261422072279,19563
"Gender agreement","Ungrammatical","lateral","right posterior","right","posterior",68,-1.39826867044932,19563
"Gender agreement","Ungrammatical","lateral","right posterior","right","posterior",70,-1.38940050094566,19563
"Gender agreement","Ungrammatical","lateral","right posterior","right","posterior",72,-1.38570316413638,19563
"Gender agreement","Ungrammatical","lateral","right posterior","right","posterior",74,-1.38799575729694,19563
"Gender agreement","Ungrammatical","lateral","right posterior","right","posterior",76,-1.3966400858764,19563
"Gender agreement","Ungrammatical","lateral","right posterior","right","posterior",78,-1.41025517558657,19563
"Gender agreement","Ungrammatical","lateral","right posterior","right","posterior",80,-1.42647513162603,19563
"Gender agreement","Ungrammatical","lateral","right posterior","right","posterior",82,-1.44350007667536,19563
"Gender agreement","Ungrammatical","lateral","right posterior","right","posterior",84,-1.46095920871032,19563
"Gender agreement","Ungrammatical","lateral","right posterior","right","posterior",86,-1.47958063691663,19563
"Gender agreement","Ungrammatical","lateral","right posterior","right","posterior",88,-1.5007866380412,19563
"Gender agreement","Ungrammatical","lateral","right posterior","right","posterior",90,-1.52644349026223,19563
"Gender agreement","Ungrammatical","lateral","right posterior","right","posterior",92,-1.55789291008537,19563
"Gender agreement","Ungrammatical","lateral","right posterior","right","posterior",94,-1.59475566119716,19563
"Gender agreement","Ungrammatical","lateral","right posterior","right","posterior",96,-1.63487982415785,19563
"Gender agreement","Ungrammatical","lateral","right posterior","right","posterior",98,-1.67556341051986,19563
"Gender agreement","Ungrammatical","lateral","right posterior","right","posterior",100,-1.714502939222,19563
"Gender agreement","Ungrammatical","lateral","right posterior","right","posterior",102,-1.75029796043552,19563
"Gender agreement","Ungrammatical","lateral","right posterior","right","posterior",104,-1.78246393702397,19563
"Gender agreement","Ungrammatical","lateral","right posterior","right","posterior",106,-1.81082155088688,19563
"Gender agreement","Ungrammatical","lateral","right posterior","right","posterior",108,-1.8346307314829,19563
"Gender agreement","Ungrammatical","lateral","right posterior","right","posterior",110,-1.85217170168175,19563
"Gender agreement","Ungrammatical","lateral","right posterior","right","posterior",112,-1.86097464601544,19563
"Gender agreement","Ungrammatical","lateral","right posterior","right","posterior",114,-1.85879200531616,19563
"Gender agreement","Ungrammatical","lateral","right posterior","right","posterior",116,-1.84480401778868,19563
"Gender agreement","Ungrammatical","lateral","right posterior","right","posterior",118,-1.81999836425906,19563
"Gender agreement","Ungrammatical","lateral","right posterior","right","posterior",120,-1.78630874610234,19563
"Gender agreement","Ungrammatical","lateral","right posterior","right","posterior",122,-1.74583131421561,19563
"Gender agreement","Ungrammatical","lateral","right posterior","right","posterior",124,-1.70063860348617,19563
"Gender agreement","Ungrammatical","lateral","right posterior","right","posterior",126,-1.6528534478352,19563
"Gender agreement","Ungrammatical","lateral","right posterior","right","posterior",128,-1.60497939988754,19563
"Gender agreement","Ungrammatical","lateral","right posterior","right","posterior",130,-1.56036778612687,19563
"Gender agreement","Ungrammatical","lateral","right posterior","right","posterior",132,-1.52254255482288,19563
"Gender agreement","Ungrammatical","lateral","right posterior","right","posterior",134,-1.49398451157798,19563
"Gender agreement","Ungrammatical","lateral","right posterior","right","posterior",136,-1.47522583448346,19563
"Gender agreement","Ungrammatical","lateral","right posterior","right","posterior",138,-1.46434432346777,19563
"Gender agreement","Ungrammatical","lateral","right posterior","right","posterior",140,-1.45731339774063,19563
"Gender agreement","Ungrammatical","lateral","right posterior","right","posterior",142,-1.44986627817819,19563
"Gender agreement","Ungrammatical","lateral","right posterior","right","posterior",144,-1.43939406021571,19563
"Gender agreement","Ungrammatical","lateral","right posterior","right","posterior",146,-1.42501482390226,19563
"Gender agreement","Ungrammatical","lateral","right posterior","right","posterior",148,-1.40614619434647,19563
"Gender agreement","Ungrammatical","lateral","right posterior","right","posterior",150,-1.3816400347595,19563
"Gender agreement","Ungrammatical","lateral","right posterior","right","posterior",152,-1.3504642437254,19563
"Gender agreement","Ungrammatical","lateral","right posterior","right","posterior",154,-1.3121957777437,19563
"Gender agreement","Ungrammatical","lateral","right posterior","right","posterior",156,-1.26636819506211,19563
"Gender agreement","Ungrammatical","lateral","right posterior","right","posterior",158,-1.21189347237131,19563
"Gender agreement","Ungrammatical","lateral","right posterior","right","posterior",160,-1.14754817768236,19563
"Gender agreement","Ungrammatical","lateral","right posterior","right","posterior",162,-1.07284445126003,19563
"Gender agreement","Ungrammatical","lateral","right posterior","right","posterior",164,-0.988581965956142,19563
"Gender agreement","Ungrammatical","lateral","right posterior","right","posterior",166,-0.89658651536063,19563
"Gender agreement","Ungrammatical","lateral","right posterior","right","posterior",168,-0.799207227930277,19563
"Gender agreement","Ungrammatical","lateral","right posterior","right","posterior",170,-0.698975054950672,19563
"Gender agreement","Ungrammatical","lateral","right posterior","right","posterior",172,-0.598883862393293,19563
"Gender agreement","Ungrammatical","lateral","right posterior","right","posterior",174,-0.502666359965241,19563
"Gender agreement","Ungrammatical","lateral","right posterior","right","posterior",176,-0.413856208148035,19563
"Gender agreement","Ungrammatical","lateral","right posterior","right","posterior",178,-0.33433082860502,19563
"Gender agreement","Ungrammatical","lateral","right posterior","right","posterior",180,-0.263773603230588,19563
"Gender agreement","Ungrammatical","lateral","right posterior","right","posterior",182,-0.200216275622348,19563
"Gender agreement","Ungrammatical","lateral","right posterior","right","posterior",184,-0.141110821448653,19563
"Gender agreement","Ungrammatical","lateral","right posterior","right","posterior",186,-0.084355415836017,19563
"Gender agreement","Ungrammatical","lateral","right posterior","right","posterior",188,-0.0291586668711343,19563
"Gender agreement","Ungrammatical","lateral","right posterior","right","posterior",190,0.0242412206716761,19563
"Gender agreement","Ungrammatical","lateral","right posterior","right","posterior",192,0.0758934212544088,19563
"Gender agreement","Ungrammatical","lateral","right posterior","right","posterior",194,0.127128763482083,19563
"Gender agreement","Ungrammatical","lateral","right posterior","right","posterior",196,0.180133619587998,19563
"Gender agreement","Ungrammatical","lateral","right posterior","right","posterior",198,0.236700761641875,19563
"Gender agreement","Ungrammatical","lateral","right posterior","right","posterior",200,0.297335275775699,19563
"Gender agreement","Ungrammatical","lateral","right posterior","right","posterior",202,0.361000664519757,19563
"Gender agreement","Ungrammatical","lateral","right posterior","right","posterior",204,0.425694014210499,19563
"Gender agreement","Ungrammatical","lateral","right posterior","right","posterior",206,0.489770025047283,19563
"Gender agreement","Ungrammatical","lateral","right posterior","right","posterior",208,0.553215253284261,19563
"Gender agreement","Ungrammatical","lateral","right posterior","right","posterior",210,0.617623881817717,19563
"Gender agreement","Ungrammatical","lateral","right posterior","right","posterior",212,0.68503915554874,19563
"Gender agreement","Ungrammatical","lateral","right posterior","right","posterior",214,0.757195317691561,19563
"Gender agreement","Ungrammatical","lateral","right posterior","right","posterior",216,0.835252210806114,19563
"Gender agreement","Ungrammatical","lateral","right posterior","right","posterior",218,0.919495322803251,19563
"Gender agreement","Ungrammatical","lateral","right posterior","right","posterior",220,1.00908306496959,19563
"Gender agreement","Ungrammatical","lateral","right posterior","right","posterior",222,1.10250452384604,19563
"Gender agreement","Ungrammatical","lateral","right posterior","right","posterior",224,1.19790180442672,19563
"Gender agreement","Ungrammatical","lateral","right posterior","right","posterior",226,1.29342565046261,19563
"Gender agreement","Ungrammatical","lateral","right posterior","right","posterior",228,1.38771957266268,19563
"Gender agreement","Ungrammatical","lateral","right posterior","right","posterior",230,1.48029371773245,19563
"Gender agreement","Ungrammatical","lateral","right posterior","right","posterior",232,1.57131718039156,19563
"Gender agreement","Ungrammatical","lateral","right posterior","right","posterior",234,1.66128829934059,19563
"Gender agreement","Ungrammatical","lateral","right posterior","right","posterior",236,1.75117476869601,19563
"Gender agreement","Ungrammatical","lateral","right posterior","right","posterior",238,1.84224162960691,19563
"Gender agreement","Ungrammatical","lateral","right posterior","right","posterior",240,1.93515999591065,19563
"Gender agreement","Ungrammatical","lateral","right posterior","right","posterior",242,2.02932995961765,19563
"Gender agreement","Ungrammatical","lateral","right posterior","right","posterior",244,2.12280141082656,19563
"Gender agreement","Ungrammatical","lateral","right posterior","right","posterior",246,2.21274671573889,19563
"Gender agreement","Ungrammatical","lateral","right posterior","right","posterior",248,2.2963317487093,19563
"Gender agreement","Ungrammatical","lateral","right posterior","right","posterior",250,2.3715311046363,19563
"Gender agreement","Ungrammatical","lateral","right posterior","right","posterior",252,2.43732495016102,19563
"Gender agreement","Ungrammatical","lateral","right posterior","right","posterior",254,2.49367919030823,19563
"Gender agreement","Ungrammatical","lateral","right posterior","right","posterior",256,2.54151786535807,19563
"Gender agreement","Ungrammatical","lateral","right posterior","right","posterior",258,2.58187195215458,19563
"Gender agreement","Ungrammatical","lateral","right posterior","right","posterior",260,2.6153364514645,19563
"Gender agreement","Ungrammatical","lateral","right posterior","right","posterior",262,2.64234764606655,19563
"Gender agreement","Ungrammatical","lateral","right posterior","right","posterior",264,2.6635755763431,19563
"Gender agreement","Ungrammatical","lateral","right posterior","right","posterior",266,2.67937800950774,19563
"Gender agreement","Ungrammatical","lateral","right posterior","right","posterior",268,2.68956775545673,19563
"Gender agreement","Ungrammatical","lateral","right posterior","right","posterior",270,2.6943622143843,19563
"Gender agreement","Ungrammatical","lateral","right posterior","right","posterior",272,2.69513525532894,19563
"Gender agreement","Ungrammatical","lateral","right posterior","right","posterior",274,2.69374554005009,19563
"Gender agreement","Ungrammatical","lateral","right posterior","right","posterior",276,2.69101216582324,19563
"Gender agreement","Ungrammatical","lateral","right posterior","right","posterior",278,2.68609512855901,19563
"Gender agreement","Ungrammatical","lateral","right posterior","right","posterior",280,2.67752548177682,19563
"Gender agreement","Ungrammatical","lateral","right posterior","right","posterior",282,2.66431912283392,19563
"Gender agreement","Ungrammatical","lateral","right posterior","right","posterior",284,2.64600633849614,19563
"Gender agreement","Ungrammatical","lateral","right posterior","right","posterior",286,2.62227853601186,19563
"Gender agreement","Ungrammatical","lateral","right posterior","right","posterior",288,2.59296774523335,19563
"Gender agreement","Ungrammatical","lateral","right posterior","right","posterior",290,2.55804610744773,19563
"Gender agreement","Ungrammatical","lateral","right posterior","right","posterior",292,2.5173716198947,19563
"Gender agreement","Ungrammatical","lateral","right posterior","right","posterior",294,2.47110719214844,19563
"Gender agreement","Ungrammatical","lateral","right posterior","right","posterior",296,2.42045969432091,19563
"Gender agreement","Ungrammatical","lateral","right posterior","right","posterior",298,2.36733783162092,19563
"Gender agreement","Ungrammatical","lateral","right posterior","right","posterior",300,2.31307059244492,19563
"Gender agreement","Ungrammatical","lateral","right posterior","right","posterior",302,2.25818100495834,19563
"Gender agreement","Ungrammatical","lateral","right posterior","right","posterior",304,2.20335976077289,19563
"Gender agreement","Ungrammatical","lateral","right posterior","right","posterior",306,2.15003245923427,19563
"Gender agreement","Ungrammatical","lateral","right posterior","right","posterior",308,2.09986387568369,19563
"Gender agreement","Ungrammatical","lateral","right posterior","right","posterior",310,2.05399309921791,19563
"Gender agreement","Ungrammatical","lateral","right posterior","right","posterior",312,2.0127045954097,19563
"Gender agreement","Ungrammatical","lateral","right posterior","right","posterior",314,1.97564233502019,19563
"Gender agreement","Ungrammatical","lateral","right posterior","right","posterior",316,1.94247993661504,19563
"Gender agreement","Ungrammatical","lateral","right posterior","right","posterior",318,1.91348484383786,19563
"Gender agreement","Ungrammatical","lateral","right posterior","right","posterior",320,1.88918269181618,19563
"Gender agreement","Ungrammatical","lateral","right posterior","right","posterior",322,1.86962659101365,19563
"Gender agreement","Ungrammatical","lateral","right posterior","right","posterior",324,1.85427598016664,19563
"Gender agreement","Ungrammatical","lateral","right posterior","right","posterior",326,1.84263972805807,19563
"Gender agreement","Ungrammatical","lateral","right posterior","right","posterior",328,1.83466262843122,19563
"Gender agreement","Ungrammatical","lateral","right posterior","right","posterior",330,1.83045299800644,19563
"Gender agreement","Ungrammatical","lateral","right posterior","right","posterior",332,1.82962495527271,19563
"Gender agreement","Ungrammatical","lateral","right posterior","right","posterior",334,1.83115304401165,19563
"Gender agreement","Ungrammatical","lateral","right posterior","right","posterior",336,1.83327056177478,19563
"Gender agreement","Ungrammatical","lateral","right posterior","right","posterior",338,1.83386346674845,19563
"Gender agreement","Ungrammatical","lateral","right posterior","right","posterior",340,1.83195435260441,19563
"Gender agreement","Ungrammatical","lateral","right posterior","right","posterior",342,1.82855201145019,19563
"Gender agreement","Ungrammatical","lateral","right posterior","right","posterior",344,1.82517553544957,19563
"Gender agreement","Ungrammatical","lateral","right posterior","right","posterior",346,1.82181096968768,19563
"Gender agreement","Ungrammatical","lateral","right posterior","right","posterior",348,1.81685119869141,19563
"Gender agreement","Ungrammatical","lateral","right posterior","right","posterior",350,1.80822005827327,19563
"Gender agreement","Ungrammatical","lateral","right posterior","right","posterior",352,1.79426417216173,19563
"Gender agreement","Ungrammatical","lateral","right posterior","right","posterior",354,1.77434309666207,19563
"Gender agreement","Ungrammatical","lateral","right posterior","right","posterior",356,1.74920078720033,19563
"Gender agreement","Ungrammatical","lateral","right posterior","right","posterior",358,1.72052911107703,19563
"Gender agreement","Ungrammatical","lateral","right posterior","right","posterior",360,1.68992812963247,19563
"Gender agreement","Ungrammatical","lateral","right posterior","right","posterior",362,1.6585533916066,19563
"Gender agreement","Ungrammatical","lateral","right posterior","right","posterior",364,1.62718775238972,19563
"Gender agreement","Ungrammatical","lateral","right posterior","right","posterior",366,1.59576583346113,19563
"Gender agreement","Ungrammatical","lateral","right posterior","right","posterior",368,1.56317758012575,19563
"Gender agreement","Ungrammatical","lateral","right posterior","right","posterior",370,1.52809655983234,19563
"Gender agreement","Ungrammatical","lateral","right posterior","right","posterior",372,1.49015999591065,19563
"Gender agreement","Ungrammatical","lateral","right posterior","right","posterior",374,1.44977431886725,19563
"Gender agreement","Ungrammatical","lateral","right posterior","right","posterior",376,1.40699902877882,19563
"Gender agreement","Ungrammatical","lateral","right posterior","right","posterior",378,1.36145703624189,19563
"Gender agreement","Ungrammatical","lateral","right posterior","right","posterior",380,1.31350958441957,19563
"Gender agreement","Ungrammatical","lateral","right posterior","right","posterior",382,1.26523610898124,19563
"Gender agreement","Ungrammatical","lateral","right posterior","right","posterior",384,1.22036497469713,19563
"Gender agreement","Ungrammatical","lateral","right posterior","right","posterior",386,1.18271691458365,19563
"Gender agreement","Ungrammatical","lateral","right posterior","right","posterior",388,1.15387614374073,19563
"Gender agreement","Ungrammatical","lateral","right posterior","right","posterior",390,1.13219731125083,19563
"Gender agreement","Ungrammatical","lateral","right posterior","right","posterior",392,1.11453744313244,19563
"Gender agreement","Ungrammatical","lateral","right posterior","right","posterior",394,1.09914123600675,19563
"Gender agreement","Ungrammatical","lateral","right posterior","right","posterior",396,1.08659443848081,19563
"Gender agreement","Ungrammatical","lateral","right posterior","right","posterior",398,1.07821780912948,19563
"Gender agreement","Ungrammatical","lateral","right posterior","right","posterior",400,1.07461917906252,19563
"Gender agreement","Ungrammatical","lateral","right posterior","right","posterior",402,1.07583795941318,19563
"Gender agreement","Ungrammatical","lateral","right posterior","right","posterior",404,1.08216158053468,19563
"Gender agreement","Ungrammatical","lateral","right posterior","right","posterior",406,1.09415411746665,19563
"Gender agreement","Ungrammatical","lateral","right posterior","right","posterior",408,1.11183417676226,19563
"Gender agreement","Ungrammatical","lateral","right posterior","right","posterior",410,1.13374717579103,19563
"Gender agreement","Ungrammatical","lateral","right posterior","right","posterior",412,1.15734744159894,19563
"Gender agreement","Ungrammatical","lateral","right posterior","right","posterior",414,1.1809285385677,19563
"Gender agreement","Ungrammatical","lateral","right posterior","right","posterior",416,1.20491448141901,19563
"Gender agreement","Ungrammatical","lateral","right posterior","right","posterior",418,1.23101073454992,19563
"Gender agreement","Ungrammatical","lateral","right posterior","right","posterior",420,1.26027255533405,19563
"Gender agreement","Ungrammatical","lateral","right posterior","right","posterior",422,1.29216255175587,19563
"Gender agreement","Ungrammatical","lateral","right posterior","right","posterior",424,1.32473102284926,19563
"Gender agreement","Ungrammatical","lateral","right posterior","right","posterior",426,1.35547329141747,19563
"Gender agreement","Ungrammatical","lateral","right posterior","right","posterior",428,1.38222102949445,19563
"Gender agreement","Ungrammatical","lateral","right posterior","right","posterior",430,1.40363129376885,19563
"Gender agreement","Ungrammatical","lateral","right posterior","right","posterior",432,1.41942580381332,19563
"Gender agreement","Ungrammatical","lateral","right posterior","right","posterior",434,1.43083765271175,19563
"Gender agreement","Ungrammatical","lateral","right posterior","right","posterior",436,1.44030588355569,19563
"Gender agreement","Ungrammatical","lateral","right posterior","right","posterior",438,1.45034048969994,19563
"Gender agreement","Ungrammatical","lateral","right posterior","right","posterior",440,1.46260062362623,19563
"Gender agreement","Ungrammatical","lateral","right posterior","right","posterior",442,1.47783739712723,19563
"Gender agreement","Ungrammatical","lateral","right posterior","right","posterior",444,1.49577564790676,19563
"Gender agreement","Ungrammatical","lateral","right posterior","right","posterior",446,1.51453136022083,19563
"Gender agreement","Ungrammatical","lateral","right posterior","right","posterior",448,1.53072233297552,19563
"Gender agreement","Ungrammatical","lateral","right posterior","right","posterior",450,1.54090533149312,19563
"Gender agreement","Ungrammatical","lateral","right posterior","right","posterior",452,1.5435041149108,19563
"Gender agreement","Ungrammatical","lateral","right posterior","right","posterior",454,1.53961151152686,19563
"Gender agreement","Ungrammatical","lateral","right posterior","right","posterior",456,1.53213372182181,19563
"Gender agreement","Ungrammatical","lateral","right posterior","right","posterior",458,1.52439538925523,19563
"Gender agreement","Ungrammatical","lateral","right posterior","right","posterior",460,1.51885728160303,19563
"Gender agreement","Ungrammatical","lateral","right posterior","right","posterior",462,1.51631477789705,19563
"Gender agreement","Ungrammatical","lateral","right posterior","right","posterior",464,1.51589929969841,19563
"Gender agreement","Ungrammatical","lateral","right posterior","right","posterior",466,1.51592465368297,19563
"Gender agreement","Ungrammatical","lateral","right posterior","right","posterior",468,1.51532617696672,19563
"Gender agreement","Ungrammatical","lateral","right posterior","right","posterior",470,1.51501794203343,19563
"Gender agreement","Ungrammatical","lateral","right posterior","right","posterior",472,1.51797796861422,19563
"Gender agreement","Ungrammatical","lateral","right posterior","right","posterior",474,1.52754030567909,19563
"Gender agreement","Ungrammatical","lateral","right posterior","right","posterior",476,1.54523278638246,19563
"Gender agreement","Ungrammatical","lateral","right posterior","right","posterior",478,1.56977426775035,19563
"Gender agreement","Ungrammatical","lateral","right posterior","right","posterior",480,1.59778106629862,19563
"Gender agreement","Ungrammatical","lateral","right posterior","right","posterior",482,1.6255192966314,19563
"Gender agreement","Ungrammatical","lateral","right posterior","right","posterior",484,1.65014471195624,19563
"Gender agreement","Ungrammatical","lateral","right posterior","right","posterior",486,1.66990890967643,19563
"Gender agreement","Ungrammatical","lateral","right posterior","right","posterior",488,1.68400679854828,19563
"Gender agreement","Ungrammatical","lateral","right posterior","right","posterior",490,1.69235556918673,19563
"Gender agreement","Ungrammatical","lateral","right posterior","right","posterior",492,1.69523503552625,19563
"Gender agreement","Ungrammatical","lateral","right posterior","right","posterior",494,1.69301150130348,19563
"Gender agreement","Ungrammatical","lateral","right posterior","right","posterior",496,1.68653514287175,19563
"Gender agreement","Ungrammatical","lateral","right posterior","right","posterior",498,1.67788636712161,19563
"Gender agreement","Ungrammatical","lateral","right posterior","right","posterior",500,1.67009747993662,19563
"Gender agreement","Ungrammatical","lateral","right posterior","right","posterior",502,1.66604523846036,19563
"Gender agreement","Ungrammatical","lateral","right posterior","right","posterior",504,1.66759592087103,19563
"Gender agreement","Ungrammatical","lateral","right posterior","right","posterior",506,1.67585165874355,19563
"Gender agreement","Ungrammatical","lateral","right posterior","right","posterior",508,1.69122716352298,19563
"Gender agreement","Ungrammatical","lateral","right posterior","right","posterior",510,1.7129085007412,19563
"Gender agreement","Ungrammatical","lateral","right posterior","right","posterior",512,1.73848152123907,19563
"Gender agreement","Ungrammatical","lateral","right posterior","right","posterior",514,1.76473296529162,19563
"Gender agreement","Ungrammatical","lateral","right posterior","right","posterior",516,1.78888953636968,19563
"Gender agreement","Ungrammatical","lateral","right posterior","right","posterior",518,1.80937453355825,19563
"Gender agreement","Ungrammatical","lateral","right posterior","right","posterior",520,1.82578536011859,19563
"Gender agreement","Ungrammatical","lateral","right posterior","right","posterior",522,1.83873787251444,19563
"Gender agreement","Ungrammatical","lateral","right posterior","right","posterior",524,1.8494419567551,19563
"Gender agreement","Ungrammatical","lateral","right posterior","right","posterior",526,1.85878229310433,19563
"Gender agreement","Ungrammatical","lateral","right posterior","right","posterior",528,1.86632014517201,19563
"Gender agreement","Ungrammatical","lateral","right posterior","right","posterior",530,1.87010284721157,19563
"Gender agreement","Ungrammatical","lateral","right posterior","right","posterior",532,1.86780907836221,19563
"Gender agreement","Ungrammatical","lateral","right posterior","right","posterior",534,1.8583012319174,19563
"Gender agreement","Ungrammatical","lateral","right posterior","right","posterior",536,1.84243546490825,19563
"Gender agreement","Ungrammatical","lateral","right posterior","right","posterior",538,1.82282748044778,19563
"Gender agreement","Ungrammatical","lateral","right posterior","right","posterior",540,1.80248688851403,19563
"Gender agreement","Ungrammatical","lateral","right posterior","right","posterior",542,1.78313873127843,19563
"Gender agreement","Ungrammatical","lateral","right posterior","right","posterior",544,1.76490395133671,19563
"Gender agreement","Ungrammatical","lateral","right posterior","right","posterior",546,1.74748550835761,19563
"Gender agreement","Ungrammatical","lateral","right posterior","right","posterior",548,1.73118218064714,19563
"Gender agreement","Ungrammatical","lateral","right posterior","right","posterior",550,1.71668481316771,19563
"Gender agreement","Ungrammatical","lateral","right posterior","right","posterior",552,1.70433640034759,19563
"Gender agreement","Ungrammatical","lateral","right posterior","right","posterior",554,1.69409093697286,19563
"Gender agreement","Ungrammatical","lateral","right posterior","right","posterior",556,1.68592777181414,19563
"Gender agreement","Ungrammatical","lateral","right posterior","right","posterior",558,1.67980273986607,19563
"Gender agreement","Ungrammatical","lateral","right posterior","right","posterior",560,1.67483366559321,19563
"Gender agreement","Ungrammatical","lateral","right posterior","right","posterior",562,1.66899023667127,19563
"Gender agreement","Ungrammatical","lateral","right posterior","right","posterior",564,1.66022302305372,19563
"Gender agreement","Ungrammatical","lateral","right posterior","right","posterior",566,1.64805147472269,19563
"Gender agreement","Ungrammatical","lateral","right posterior","right","posterior",568,1.63380110412513,19563
"Gender agreement","Ungrammatical","lateral","right posterior","right","posterior",570,1.62000500945663,19563
"Gender agreement","Ungrammatical","lateral","right posterior","right","posterior",572,1.60993998875428,19563
"Gender agreement","Ungrammatical","lateral","right posterior","right","posterior",574,1.60701078566682,19563
"Gender agreement","Ungrammatical","lateral","right posterior","right","posterior",576,1.6134079640137,19563
"Gender agreement","Ungrammatical","lateral","right posterior","right","posterior",578,1.628963655881,19563
"Gender agreement","Ungrammatical","lateral","right posterior","right","posterior",580,1.65095823748914,19563
"Gender agreement","Ungrammatical","lateral","right posterior","right","posterior",582,1.67529279762818,19563
"Gender agreement","Ungrammatical","lateral","right posterior","right","posterior",584,1.69837340898635,19563
"Gender agreement","Ungrammatical","lateral","right posterior","right","posterior",586,1.71847865869243,19563
"Gender agreement","Ungrammatical","lateral","right posterior","right","posterior",588,1.7357678270204,19563
"Gender agreement","Ungrammatical","lateral","right posterior","right","posterior",590,1.75149322701017,19563
"Gender agreement","Ungrammatical","lateral","right posterior","right","posterior",592,1.76744747738077,19563
"Gender agreement","Ungrammatical","lateral","right posterior","right","posterior",594,1.78548939324235,19563
"Gender agreement","Ungrammatical","lateral","right posterior","right","posterior",596,1.80644563717221,19563
"Gender agreement","Ungrammatical","lateral","right posterior","right","posterior",598,1.82910698768083,19563
"Gender agreement","Ungrammatical","lateral","right posterior","right","posterior",600,1.85068573327199,19563
"Gender agreement","Ungrammatical","lateral","right posterior","right","posterior",602,1.86816020037827,19563
"Gender agreement","Ungrammatical","lateral","right posterior","right","posterior",604,1.87929612022696,19563
"Gender agreement","Ungrammatical","lateral","right posterior","right","posterior",606,1.88337100649185,19563
"Gender agreement","Ungrammatical","lateral","right posterior","right","posterior",608,1.88141368910699,19563
"Gender agreement","Ungrammatical","lateral","right posterior","right","posterior",610,1.87559581863722,19563
"Gender agreement","Ungrammatical","lateral","right posterior","right","posterior",612,1.86822000715637,19563
"Gender agreement","Ungrammatical","lateral","right posterior","right","posterior",614,1.86096002658079,19563
"Gender agreement","Ungrammatical","lateral","right posterior","right","posterior",616,1.85467612329397,19563
"Gender agreement","Ungrammatical","lateral","right posterior","right","posterior",618,1.84994550937995,19563
"Gender agreement","Ungrammatical","lateral","right posterior","right","posterior",620,1.84771563666104,19563
"Gender agreement","Ungrammatical","lateral","right posterior","right","posterior",622,1.84894269795021,19563
"Gender agreement","Ungrammatical","lateral","right posterior","right","posterior",624,1.8536600214691,19563
"Gender agreement","Ungrammatical","lateral","right posterior","right","posterior",626,1.86031165976588,19563
"Gender agreement","Ungrammatical","lateral","right posterior","right","posterior",628,1.86587476358432,19563
"Gender agreement","Ungrammatical","lateral","right posterior","right","posterior",630,1.86725532893728,19563
"Gender agreement","Ungrammatical","lateral","right posterior","right","posterior",632,1.8630082298216,19563
"Gender agreement","Ungrammatical","lateral","right posterior","right","posterior",634,1.85331615805347,19563
"Gender agreement","Ungrammatical","lateral","right posterior","right","posterior",636,1.83845632060522,19563
"Gender agreement","Ungrammatical","lateral","right posterior","right","posterior",638,1.81829586464244,19563
"Gender agreement","Ungrammatical","lateral","right posterior","right","posterior",640,1.79338424577008,19563
"Gender agreement","Ungrammatical","lateral","right posterior","right","posterior",642,1.76559418289628,19563
"Gender agreement","Ungrammatical","lateral","right posterior","right","posterior",644,1.73744798854981,19563
"Gender agreement","Ungrammatical","lateral","right posterior","right","posterior",646,1.71162045698512,19563
"Gender agreement","Ungrammatical","lateral","right posterior","right","posterior",648,1.69084598476716,19563
"Gender agreement","Ungrammatical","lateral","right posterior","right","posterior",650,1.677193477483,19563
"Gender agreement","Ungrammatical","lateral","right posterior","right","posterior",652,1.67084107754434,19563
"Gender agreement","Ungrammatical","lateral","right posterior","right","posterior",654,1.67025307979349,19563
"Gender agreement","Ungrammatical","lateral","right posterior","right","posterior",656,1.67399350815315,19563
"Gender agreement","Ungrammatical","lateral","right posterior","right","posterior",658,1.68163579205643,19563
"Gender agreement","Ungrammatical","lateral","right posterior","right","posterior",660,1.6928241067321,19563
"Gender agreement","Ungrammatical","lateral","right posterior","right","posterior",662,1.70589204109799,19563
"Gender agreement","Ungrammatical","lateral","right posterior","right","posterior",664,1.71793702397383,19563
"Gender agreement","Ungrammatical","lateral","right posterior","right","posterior",666,1.72626447886316,19563
"Gender agreement","Ungrammatical","lateral","right posterior","right","posterior",668,1.7300632827276,19563
"Gender agreement","Ungrammatical","lateral","right posterior","right","posterior",670,1.73109052803762,19563
"Gender agreement","Ungrammatical","lateral","right posterior","right","posterior",672,1.73263742779737,19563
"Gender agreement","Ungrammatical","lateral","right posterior","right","posterior",674,1.73758217042376,19563
"Gender agreement","Ungrammatical","lateral","right posterior","right","posterior",676,1.74688871849921,19563
"Gender agreement","Ungrammatical","lateral","right posterior","right","posterior",678,1.75944272350866,19563
"Gender agreement","Ungrammatical","lateral","right posterior","right","posterior",680,1.77292444921536,19563
"Gender agreement","Ungrammatical","lateral","right posterior","right","posterior",682,1.78469703010786,19563
"Gender agreement","Ungrammatical","lateral","right posterior","right","posterior",684,1.79257501405715,19563
"Gender agreement","Ungrammatical","lateral","right posterior","right","posterior",686,1.79544630169197,19563
"Gender agreement","Ungrammatical","lateral","right posterior","right","posterior",688,1.79326560343506,19563
"Gender agreement","Ungrammatical","lateral","right posterior","right","posterior",690,1.78671328528344,19563
"Gender agreement","Ungrammatical","lateral","right posterior","right","posterior",692,1.77724188519143,19563
"Gender agreement","Ungrammatical","lateral","right posterior","right","posterior",694,1.76693896641619,19563
"Gender agreement","Ungrammatical","lateral","right posterior","right","posterior",696,1.75783801053008,19563
"Gender agreement","Ungrammatical","lateral","right posterior","right","posterior",698,1.75127025507335,19563
"Gender agreement","Ungrammatical","lateral","right posterior","right","posterior",700,1.74747615396412,19563
"Gender agreement","Ungrammatical","lateral","right posterior","right","posterior",702,1.74557169145837,19563
"Gender agreement","Ungrammatical","lateral","right posterior","right","posterior",704,1.74392766958033,19563
"Gender agreement","Ungrammatical","lateral","right posterior","right","posterior",706,1.74057026018504,19563
"Gender agreement","Ungrammatical","lateral","right posterior","right","posterior",708,1.73353447835199,19563
"Gender agreement","Ungrammatical","lateral","right posterior","right","posterior",710,1.72159341614272,19563
"Gender agreement","Ungrammatical","lateral","right posterior","right","posterior",712,1.70467699228135,19563
"Gender agreement","Ungrammatical","lateral","right posterior","right","posterior",714,1.68365715892246,19563
"Gender agreement","Ungrammatical","lateral","right posterior","right","posterior",716,1.65987409906456,19563
"Gender agreement","Ungrammatical","lateral","right posterior","right","posterior",718,1.63468164391964,19563
"Gender agreement","Ungrammatical","lateral","right posterior","right","posterior",720,1.60884429790932,19563
"Gender agreement","Ungrammatical","lateral","right posterior","right","posterior",722,1.58242043653836,19563
"Gender agreement","Ungrammatical","lateral","right posterior","right","posterior",724,1.55514435413791,19563
"Gender agreement","Ungrammatical","lateral","right posterior","right","posterior",726,1.52693543934979,19563
"Gender agreement","Ungrammatical","lateral","right posterior","right","posterior",728,1.49811874456883,19563
"Gender agreement","Ungrammatical","lateral","right posterior","right","posterior",730,1.46914322956602,19563
"Gender agreement","Ungrammatical","lateral","right posterior","right","posterior",732,1.4398429177529,19563
"Gender agreement","Ungrammatical","lateral","right posterior","right","posterior",734,1.40951290701835,19563
"Gender agreement","Ungrammatical","lateral","right posterior","right","posterior",736,1.37788943413587,19563
"Gender agreement","Ungrammatical","lateral","right posterior","right","posterior",738,1.34589352348822,19563
"Gender agreement","Ungrammatical","lateral","right posterior","right","posterior",740,1.31541818739457,19563
"Gender agreement","Ungrammatical","lateral","right posterior","right","posterior",742,1.28847814752339,19563
"Gender agreement","Ungrammatical","lateral","right posterior","right","posterior",744,1.26656361498748,19563
"Gender agreement","Ungrammatical","lateral","right posterior","right","posterior",746,1.25032730153862,19563
"Gender agreement","Ungrammatical","lateral","right posterior","right","posterior",748,1.23959750549507,19563
"Gender agreement","Ungrammatical","lateral","right posterior","right","posterior",750,1.23363931912283,19563
"Gender agreement","Ungrammatical","lateral","right posterior","right","posterior",752,1.23124934825947,19563
"Gender agreement","Ungrammatical","lateral","right posterior","right","posterior",754,1.23063032254767,19563
"Gender agreement","Ungrammatical","lateral","right posterior","right","posterior",756,1.22922833921178,19563
"Gender agreement","Ungrammatical","lateral","right posterior","right","posterior",758,1.2245310535194,19563
"Gender agreement","Ungrammatical","lateral","right posterior","right","posterior",760,1.21520487655268,19563
"Gender agreement","Ungrammatical","lateral","right posterior","right","posterior",762,1.20150610847007,19563
"Gender agreement","Ungrammatical","lateral","right posterior","right","posterior",764,1.18452067678781,19563
"Gender agreement","Ungrammatical","lateral","right posterior","right","posterior",766,1.16525037059756,19563
"Gender agreement","Ungrammatical","lateral","right posterior","right","posterior",768,1.14417052599295,19563
"Gender agreement","Ungrammatical","lateral","right posterior","right","posterior",770,1.1213926800593,19563
"Gender agreement","Ungrammatical","lateral","right posterior","right","posterior",772,1.09720896590502,19563
"Gender agreement","Ungrammatical","lateral","right posterior","right","posterior",774,1.07225226192302,19563
"Gender agreement","Ungrammatical","lateral","right posterior","right","posterior",776,1.0470375198078,19563
"Gender agreement","Ungrammatical","lateral","right posterior","right","posterior",778,1.02149297142565,19563
"Gender agreement","Ungrammatical","lateral","right posterior","right","posterior",780,0.995397280580688,19563
"Gender agreement","Ungrammatical","lateral","right posterior","right","posterior",782,0.96919976486224,19563
"Gender agreement","Ungrammatical","lateral","right posterior","right","posterior",784,0.944040280120636,19563
"Gender agreement","Ungrammatical","lateral","right posterior","right","posterior",786,0.920946991770178,19563
"Gender agreement","Ungrammatical","lateral","right posterior","right","posterior",788,0.900285385677043,19563
"Gender agreement","Ungrammatical","lateral","right posterior","right","posterior",790,0.881974748249246,19563
"Gender agreement","Ungrammatical","lateral","right posterior","right","posterior",792,0.866073046056331,19563
"Gender agreement","Ungrammatical","lateral","right posterior","right","posterior",794,0.852904871440986,19563
"Gender agreement","Ungrammatical","lateral","right posterior","right","posterior",796,0.842242140775955,19563
"Gender agreement","Ungrammatical","lateral","right posterior","right","posterior",798,0.832817103716199,19563
"Gender agreement","Ungrammatical","lateral","right posterior","right","posterior",800,0.823404896999438,19563
"Gender agreement","Ungrammatical","lateral","right posterior","right","posterior",802,0.813809793998875,19563
"Gender agreement","Ungrammatical","lateral","right posterior","right","posterior",804,0.804687726831263,19563
"Gender agreement","Ungrammatical","lateral","right posterior","right","posterior",806,0.796492715841129,19563
"Gender agreement","Ungrammatical","lateral","right posterior","right","posterior",808,0.788605888667382,19563
"Gender agreement","Ungrammatical","lateral","right posterior","right","posterior",810,0.779646833307775,19563
"Gender agreement","Ungrammatical","lateral","right posterior","right","posterior",812,0.768658743546491,19563
"Gender agreement","Ungrammatical","lateral","right posterior","right","posterior",814,0.755716403414609,19563
"Gender agreement","Ungrammatical","lateral","right posterior","right","posterior",816,0.741635740939529,19563
"Gender agreement","Ungrammatical","lateral","right posterior","right","posterior",818,0.727878341767623,19563
"Gender agreement","Ungrammatical","lateral","right posterior","right","posterior",820,0.71681899504166,19563
"Gender agreement","Ungrammatical","lateral","right posterior","right","posterior",822,0.711148290139549,19563
"Gender agreement","Ungrammatical","lateral","right posterior","right","posterior",824,0.712169452537954,19563
"Gender agreement","Ungrammatical","lateral","right posterior","right","posterior",826,0.719019731125083,19563
"Gender agreement","Ungrammatical","lateral","right posterior","right","posterior",828,0.729594234013188,19563
"Gender agreement","Ungrammatical","lateral","right posterior","right","posterior",830,0.741920819915146,19563
"Gender agreement","Ungrammatical","lateral","right posterior","right","posterior",832,0.754610182487349,19563
"Gender agreement","Ungrammatical","lateral","right posterior","right","posterior",834,0.767020804580075,19563
"Gender agreement","Ungrammatical","lateral","right posterior","right","posterior",836,0.779368706231151,19563
"Gender agreement","Ungrammatical","lateral","right posterior","right","posterior",838,0.792532433675817,19563
"Gender agreement","Ungrammatical","lateral","right posterior","right","posterior",840,0.807283289883965,19563
"Gender agreement","Ungrammatical","lateral","right posterior","right","posterior",842,0.823638603486173,19563
"Gender agreement","Ungrammatical","lateral","right posterior","right","posterior",844,0.840868885140316,19563
"Gender agreement","Ungrammatical","lateral","right posterior","right","posterior",846,0.857754485508358,19563
"Gender agreement","Ungrammatical","lateral","right posterior","right","posterior",848,0.872913152379492,19563
"Gender agreement","Ungrammatical","lateral","right posterior","right","posterior",850,0.885911414404744,19563
"Gender agreement","Ungrammatical","lateral","right posterior","right","posterior",852,0.898704390942085,19563
"Gender agreement","Ungrammatical","lateral","right posterior","right","posterior",854,0.915541839186219,19563
"Gender agreement","Ungrammatical","lateral","right posterior","right","posterior",856,0.940873536778613,19563
"Gender agreement","Ungrammatical","lateral","right posterior","right","posterior",858,0.977447732965292,19563
"Gender agreement","Ungrammatical","lateral","right posterior","right","posterior",860,1.02631590246895,19563
"Gender agreement","Ungrammatical","lateral","right posterior","right","posterior",862,1.08743306241374,19563
"Gender agreement","Ungrammatical","lateral","right posterior","right","posterior",864,1.15951398047334,19563
"Gender agreement","Ungrammatical","lateral","right posterior","right","posterior",866,1.23942120329193,19563
"Gender agreement","Ungrammatical","lateral","right posterior","right","posterior",868,1.32228983284772,19563
"Gender agreement","Ungrammatical","lateral","right posterior","right","posterior",870,1.40262291059653,19563
"Gender agreement","Ungrammatical","lateral","right posterior","right","posterior",872,1.47611879568573,19563
"Gender agreement","Ungrammatical","lateral","right posterior","right","posterior",874,1.54086919184174,19563
"Gender agreement","Ungrammatical","lateral","right posterior","right","posterior",876,1.59689541481368,19563
"Gender agreement","Ungrammatical","lateral","right posterior","right","posterior",878,1.64473644124112,19563
"Gender agreement","Ungrammatical","lateral","right posterior","right","posterior",880,1.68480120635894,19563
"Gender agreement","Ungrammatical","lateral","right posterior","right","posterior",882,1.71730654807545,19563
"Gender agreement","Ungrammatical","lateral","right posterior","right","posterior",884,1.74214333179983,19563
"Gender agreement","Ungrammatical","lateral","right posterior","right","posterior",886,1.75919766906916,19563
"Gender agreement","Ungrammatical","lateral","right posterior","right","posterior",888,1.76874242191893,19563
"Gender agreement","Ungrammatical","lateral","right posterior","right","posterior",890,1.77079512344732,19563
"Gender agreement","Ungrammatical","lateral","right posterior","right","posterior",892,1.76435551806983,19563
"Gender agreement","Ungrammatical","lateral","right posterior","right","posterior",894,1.74809916679446,19563
"Gender agreement","Ungrammatical","lateral","right posterior","right","posterior",896,1.72149430046516,19563
"Gender agreement","Ungrammatical","lateral","right posterior","right","posterior",898,1.68448785973521,19563
"Gender agreement","Ungrammatical","lateral","right posterior","right","posterior",900,1.6366623728467,19563
"Gender agreement","Ungrammatical","lateral","right posterior","right","posterior",902,1.57764172161734,19563
"Gender agreement","Ungrammatical","lateral","right posterior","right","posterior",904,1.5081793181005,19563
"Gender agreement","Ungrammatical","lateral","right posterior","right","posterior",906,1.4307314829014,19563
"Gender agreement","Ungrammatical","lateral","right posterior","right","posterior",908,1.34932980626693,19563
"Gender agreement","Ungrammatical","lateral","right posterior","right","posterior",910,1.26876731585135,19563
"Gender agreement","Ungrammatical","lateral","right posterior","right","posterior",912,1.19328236977969,19563
"Gender agreement","Ungrammatical","lateral","right posterior","right","posterior",914,1.12549777641466,19563
"Gender agreement","Ungrammatical","lateral","right posterior","right","posterior",916,1.06590139549149,19563
"Gender agreement","Ungrammatical","lateral","right posterior","right","posterior",918,1.01259714767674,19563
"Gender agreement","Ungrammatical","lateral","right posterior","right","posterior",920,0.962371568777795,19563
"Gender agreement","Ungrammatical","lateral","right posterior","right","posterior",922,0.912436947298472,19563
"Gender agreement","Ungrammatical","lateral","right posterior","right","posterior",924,0.861339569595665,19563
"Gender agreement","Ungrammatical","lateral","right posterior","right","posterior",926,0.808845831416449,19563
"Gender agreement","Ungrammatical","lateral","right posterior","right","posterior",928,0.755420232070746,19563
"Gender agreement","Ungrammatical","lateral","right posterior","right","posterior",930,0.70174068394418,19563
"Gender agreement","Ungrammatical","lateral","right posterior","right","posterior",932,0.648588457802995,19563
"Gender agreement","Ungrammatical","lateral","right posterior","right","posterior",934,0.597083525021725,19563
"Gender agreement","Ungrammatical","lateral","right posterior","right","posterior",936,0.548866840464141,19563
"Gender agreement","Ungrammatical","lateral","right posterior","right","posterior",938,0.50568159280274,19563
"Gender agreement","Ungrammatical","lateral","right posterior","right","posterior",940,0.468656852221029,19563
"Gender agreement","Ungrammatical","lateral","right posterior","right","posterior",942,0.438460921126617,19563
"Gender agreement","Ungrammatical","lateral","right posterior","right","posterior",944,0.416101773756581,19563
"Gender agreement","Ungrammatical","lateral","right posterior","right","posterior",946,0.403513315953586,19563
"Gender agreement","Ungrammatical","lateral","right posterior","right","posterior",948,0.402739048203241,19563
"Gender agreement","Ungrammatical","lateral","right posterior","right","posterior",950,0.414327301538619,19563
"Gender agreement","Ungrammatical","lateral","right posterior","right","posterior",952,0.436788887184992,19563
"Gender agreement","Ungrammatical","lateral","right posterior","right","posterior",954,0.467878597352144,19563
"Gender agreement","Ungrammatical","lateral","right posterior","right","posterior",956,0.50607631753821,19563
"Gender agreement","Ungrammatical","lateral","right posterior","right","posterior",958,0.55119296631396,19563
"Gender agreement","Ungrammatical","lateral","right posterior","right","posterior",960,0.604399580841384,19563
"Gender agreement","Ungrammatical","lateral","right posterior","right","posterior",962,0.667749527168635,19563
"Gender agreement","Ungrammatical","lateral","right posterior","right","posterior",964,0.742743802075346,19563
"Gender agreement","Ungrammatical","lateral","right posterior","right","posterior",966,0.828954148136789,19563
"Gender agreement","Ungrammatical","lateral","right posterior","right","posterior",968,0.923870623115064,19563
"Gender agreement","Ungrammatical","lateral","right posterior","right","posterior",970,1.02389955528293,19563
"Gender agreement","Ungrammatical","lateral","right posterior","right","posterior",972,1.12572320196289,19563
"Gender agreement","Ungrammatical","lateral","right posterior","right","posterior",974,1.22682906507182,19563
"Gender agreement","Ungrammatical","lateral","right posterior","right","posterior",976,1.32558370393089,19563
"Gender agreement","Ungrammatical","lateral","right posterior","right","posterior",978,1.4214641926085,19563
"Gender agreement","Ungrammatical","lateral","right posterior","right","posterior",980,1.51486448908654,19563
"Gender agreement","Ungrammatical","lateral","right posterior","right","posterior",982,1.60574932270102,19563
"Gender agreement","Ungrammatical","lateral","right posterior","right","posterior",984,1.69257961457854,19563
"Gender agreement","Ungrammatical","lateral","right posterior","right","posterior",986,1.7729988754281,19563
"Gender agreement","Ungrammatical","lateral","right posterior","right","posterior",988,1.8451946531718,19563
"Gender agreement","Ungrammatical","lateral","right posterior","right","posterior",990,1.90843147778971,19563
"Gender agreement","Ungrammatical","lateral","right posterior","right","posterior",992,1.9629824669018,19563
"Gender agreement","Ungrammatical","lateral","right posterior","right","posterior",994,2.00980176864489,19563
"Gender agreement","Ungrammatical","lateral","right posterior","right","posterior",996,2.04978944947094,19563
"Gender agreement","Ungrammatical","lateral","right posterior","right","posterior",998,2.08329295097889,19563
"Gender agreement","Ungrammatical","lateral","right posterior","right","posterior",1000,2.1102285947963,19563
"Gender agreement","Ungrammatical","lateral","right posterior","right","posterior",1002,2.12977232530798,19563
"Gender agreement","Ungrammatical","lateral","right posterior","right","posterior",1004,2.14022051832541,19563
"Gender agreement","Ungrammatical","lateral","right posterior","right","posterior",1006,2.13993615498645,19563
"Gender agreement","Ungrammatical","lateral","right posterior","right","posterior",1008,2.12856177477892,19563
"Gender agreement","Ungrammatical","lateral","right posterior","right","posterior",1010,2.10707181925063,19563
"Gender agreement","Ungrammatical","lateral","right posterior","right","posterior",1012,2.07725415324848,19563
"Gender agreement","Ungrammatical","lateral","right posterior","right","posterior",1014,2.04147410928794,19563
"Gender agreement","Ungrammatical","lateral","right posterior","right","posterior",1016,2.00217446199458,19563
"Gender agreement","Ungrammatical","lateral","right posterior","right","posterior",1018,1.96140321014159,19563
"Gender agreement","Ungrammatical","lateral","right posterior","right","posterior",1020,1.92089071205848,19563
"Gender agreement","Ungrammatical","lateral","right posterior","right","posterior",1022,1.88249741859633,19563
"Gender agreement","Ungrammatical","lateral","right posterior","right","posterior",1024,1.84790308234933,19563
"Gender agreement","Ungrammatical","lateral","right posterior","right","posterior",1026,1.81770612891683,19563
"Gender agreement","Ungrammatical","lateral","right posterior","right","posterior",1028,1.79097352144354,19563
"Gender agreement","Ungrammatical","lateral","right posterior","right","posterior",1030,1.76612354955784,19563
"Gender agreement","Ungrammatical","lateral","right posterior","right","posterior",1032,1.74199166794459,19563
"Gender agreement","Ungrammatical","lateral","right posterior","right","posterior",1034,1.71779573685018,19563
"Gender agreement","Ungrammatical","lateral","right posterior","right","posterior",1036,1.69246040995757,19563
"Gender agreement","Ungrammatical","lateral","right posterior","right","posterior",1038,1.66476823595563,19563
"Gender agreement","Ungrammatical","lateral","right posterior","right","posterior",1040,1.63414946582835,19563
"Gender agreement","Ungrammatical","lateral","right posterior","right","posterior",1042,1.6007924653683,19563
"Gender agreement","Ungrammatical","lateral","right posterior","right","posterior",1044,1.56558390839851,19563
"Gender agreement","Ungrammatical","lateral","right posterior","right","posterior",1046,1.53045059551194,19563
"Gender agreement","Ungrammatical","lateral","right posterior","right","posterior",1048,1.4982321218627,19563
"Gender agreement","Ungrammatical","lateral","right posterior","right","posterior",1050,1.47134330112968,19563
"Gender agreement","Ungrammatical","lateral","right posterior","right","posterior",1052,1.45017609773552,19563
"Gender agreement","Ungrammatical","lateral","right posterior","right","posterior",1054,1.4324232479681,19563
"Gender agreement","Ungrammatical","lateral","right posterior","right","posterior",1056,1.41385365230282,19563
"Gender agreement","Ungrammatical","lateral","right posterior","right","posterior",1058,1.39033941624495,19563
"Gender agreement","Ungrammatical","lateral","right posterior","right","posterior",1060,1.36035935183765,19563
"Gender agreement","Ungrammatical","lateral","right posterior","right","posterior",1062,1.3257304094464,19563
"Gender agreement","Ungrammatical","lateral","right posterior","right","posterior",1064,1.28991739508255,19563
"Gender agreement","Ungrammatical","lateral","right posterior","right","posterior",1066,1.25568614220723,19563
"Gender agreement","Ungrammatical","lateral","right posterior","right","posterior",1068,1.22401231917395,19563
"Gender agreement","Ungrammatical","lateral","right posterior","right","posterior",1070,1.1940094055104,19563
"Gender agreement","Ungrammatical","lateral","right posterior","right","posterior",1072,1.16373654347493,19563
"Gender agreement","Ungrammatical","lateral","right posterior","right","posterior",1074,1.13158079026734,19563
"Gender agreement","Ungrammatical","lateral","right posterior","right","posterior",1076,1.09754286152431,19563
"Gender agreement","Ungrammatical","lateral","right posterior","right","posterior",1078,1.06345514491642,19563
"Gender agreement","Ungrammatical","lateral","right posterior","right","posterior",1080,1.03194990543373,19563
"Gender agreement","Ungrammatical","lateral","right posterior","right","posterior",1082,1.0047725297756,19563
"Gender agreement","Ungrammatical","lateral","right posterior","right","posterior",1084,0.981441445586055,19563
"Gender agreement","Ungrammatical","lateral","right posterior","right","posterior",1086,0.959581403670194,19563
"Gender agreement","Ungrammatical","lateral","right posterior","right","posterior",1088,0.937028063180494,19563
"Gender agreement","Ungrammatical","lateral","right posterior","right","posterior",1090,0.913099320145172,19563
"Gender agreement","Ungrammatical","lateral","right posterior","right","posterior",1092,0.887701017226397,19563
"Gender agreement","Ungrammatical","lateral","right posterior","right","posterior",1094,0.859999642181669,19563
"Gender agreement","Ungrammatical","lateral","right posterior","right","posterior",1096,0.828392066656443,19563
"Gender agreement","Ungrammatical","lateral","right posterior","right","posterior",1098,0.791456985124981,19563
