"grammatical_property","grammaticality","macroregion","brain_region","hemisphere","caudality","time","mean_amp","n_obs"
"Differential object marking","Grammatical","midline","midline anterior",NA,"anterior",-100,0.204006399194708,13908
"Differential object marking","Grammatical","midline","midline anterior",NA,"anterior",-98,0.207752660339373,13908
"Differential object marking","Grammatical","midline","midline anterior",NA,"anterior",-96,0.217369140063273,13908
"Differential object marking","Grammatical","midline","midline anterior",NA,"anterior",-94,0.231625251653724,13908
"Differential object marking","Grammatical","midline","midline anterior",NA,"anterior",-92,0.251258484325568,13908
"Differential object marking","Grammatical","midline","midline anterior",NA,"anterior",-90,0.277271498418177,13908
"Differential object marking","Grammatical","midline","midline anterior",NA,"anterior",-88,0.308551193557665,13908
"Differential object marking","Grammatical","midline","midline anterior",NA,"anterior",-86,0.341221886683923,13908
"Differential object marking","Grammatical","midline","midline anterior",NA,"anterior",-84,0.370569240724763,13908
"Differential object marking","Grammatical","midline","midline anterior",NA,"anterior",-82,0.393551696865114,13908
"Differential object marking","Grammatical","midline","midline anterior",NA,"anterior",-80,0.409898403796376,13908
"Differential object marking","Grammatical","midline","midline anterior",NA,"anterior",-78,0.420992594190394,13908
"Differential object marking","Grammatical","midline","midline anterior",NA,"anterior",-76,0.428118996261145,13908
"Differential object marking","Grammatical","midline","midline anterior",NA,"anterior",-74,0.432006039689387,13908
"Differential object marking","Grammatical","midline","midline anterior",NA,"anterior",-72,0.433651855047455,13908
"Differential object marking","Grammatical","midline","midline anterior",NA,"anterior",-70,0.434548533218292,13908
"Differential object marking","Grammatical","midline","midline anterior",NA,"anterior",-68,0.435700747771067,13908
"Differential object marking","Grammatical","midline","midline anterior",NA,"anterior",-66,0.437021426517112,13908
"Differential object marking","Grammatical","midline","midline anterior",NA,"anterior",-64,0.437807664653437,13908
"Differential object marking","Grammatical","midline","midline anterior",NA,"anterior",-62,0.436913287316652,13908
"Differential object marking","Grammatical","midline","midline anterior",NA,"anterior",-60,0.432674863387978,13908
"Differential object marking","Grammatical","midline","midline anterior",NA,"anterior",-58,0.423294003451251,13908
"Differential object marking","Grammatical","midline","midline anterior",NA,"anterior",-56,0.408024805867127,13908
"Differential object marking","Grammatical","midline","midline anterior",NA,"anterior",-54,0.387859505320679,13908
"Differential object marking","Grammatical","midline","midline anterior",NA,"anterior",-52,0.364985691688237,13908
"Differential object marking","Grammatical","midline","midline anterior",NA,"anterior",-50,0.341072404371585,13908
"Differential object marking","Grammatical","midline","midline anterior",NA,"anterior",-48,0.315645815358067,13908
"Differential object marking","Grammatical","midline","midline anterior",NA,"anterior",-46,0.286248490077653,13908
"Differential object marking","Grammatical","midline","midline anterior",NA,"anterior",-44,0.2501335202761,13908
"Differential object marking","Grammatical","midline","midline anterior",NA,"anterior",-42,0.206092680471671,13908
"Differential object marking","Grammatical","midline","midline anterior",NA,"anterior",-40,0.155253810756399,13908
"Differential object marking","Grammatical","midline","midline anterior",NA,"anterior",-38,0.100771857923497,13908
"Differential object marking","Grammatical","midline","midline anterior",NA,"anterior",-36,0.0463676301409261,13908
"Differential object marking","Grammatical","midline","midline anterior",NA,"anterior",-34,-0.0054432700603969,13908
"Differential object marking","Grammatical","midline","midline anterior",NA,"anterior",-32,-0.053689099798677,13908
"Differential object marking","Grammatical","midline","midline anterior",NA,"anterior",-30,-0.0971059821685361,13908
"Differential object marking","Grammatical","midline","midline anterior",NA,"anterior",-28,-0.132417098073051,13908
"Differential object marking","Grammatical","midline","midline anterior",NA,"anterior",-26,-0.155186942766753,13908
"Differential object marking","Grammatical","midline","midline anterior",NA,"anterior",-24,-0.163711892436008,13908
"Differential object marking","Grammatical","midline","midline anterior",NA,"anterior",-22,-0.161970736266897,13908
"Differential object marking","Grammatical","midline","midline anterior",NA,"anterior",-20,-0.157921915444349,13908
"Differential object marking","Grammatical","midline","midline anterior",NA,"anterior",-18,-0.158819312625827,13908
"Differential object marking","Grammatical","midline","midline anterior",NA,"anterior",-16,-0.168616623526028,13908
"Differential object marking","Grammatical","midline","midline anterior",NA,"anterior",-14,-0.188485332182916,13908
"Differential object marking","Grammatical","midline","midline anterior",NA,"anterior",-12,-0.217773583549037,13908
"Differential object marking","Grammatical","midline","midline anterior",NA,"anterior",-10,-0.253997699165948,13908
"Differential object marking","Grammatical","midline","midline anterior",NA,"anterior",-8,-0.292569744032212,13908
"Differential object marking","Grammatical","midline","midline anterior",NA,"anterior",-6,-0.327880500431406,13908
"Differential object marking","Grammatical","midline","midline anterior",NA,"anterior",-4,-0.355508484325568,13908
"Differential object marking","Grammatical","midline","midline anterior",NA,"anterior",-2,-0.373713330457291,13908
"Differential object marking","Grammatical","midline","midline anterior",NA,"anterior",0,-0.383361302847282,13908
"Differential object marking","Grammatical","midline","midline anterior",NA,"anterior",2,-0.386340811044003,13908
"Differential object marking","Grammatical","midline","midline anterior",NA,"anterior",4,-0.384106844981306,13908
"Differential object marking","Grammatical","midline","midline anterior",NA,"anterior",6,-0.377917529479436,13908
"Differential object marking","Grammatical","midline","midline anterior",NA,"anterior",8,-0.369124029335634,13908
"Differential object marking","Grammatical","midline","midline anterior",NA,"anterior",10,-0.358627480586713,13908
"Differential object marking","Grammatical","midline","midline anterior",NA,"anterior",12,-0.346079810181191,13908
"Differential object marking","Grammatical","midline","midline anterior",NA,"anterior",14,-0.329639631866552,13908
"Differential object marking","Grammatical","midline","midline anterior",NA,"anterior",16,-0.306542709232097,13908
"Differential object marking","Grammatical","midline","midline anterior",NA,"anterior",18,-0.273992162784009,13908
"Differential object marking","Grammatical","midline","midline anterior",NA,"anterior",20,-0.229834124245039,13908
"Differential object marking","Grammatical","midline","midline anterior",NA,"anterior",22,-0.173002228932988,13908
"Differential object marking","Grammatical","midline","midline anterior",NA,"anterior",24,-0.104738783433995,13908
"Differential object marking","Grammatical","midline","midline anterior",NA,"anterior",26,-0.0304808024158757,13908
"Differential object marking","Grammatical","midline","midline anterior",NA,"anterior",28,0.0399679321253955,13908
"Differential object marking","Grammatical","midline","midline anterior",NA,"anterior",30,0.0966507765314927,13908
"Differential object marking","Grammatical","midline","midline anterior",NA,"anterior",32,0.13486108714409,13908
"Differential object marking","Grammatical","midline","midline anterior",NA,"anterior",34,0.157040192694852,13908
"Differential object marking","Grammatical","midline","midline anterior",NA,"anterior",36,0.17003580672994,13908
"Differential object marking","Grammatical","midline","midline anterior",NA,"anterior",38,0.181056945642796,13908
"Differential object marking","Grammatical","midline","midline anterior",NA,"anterior",40,0.195195498993385,13908
"Differential object marking","Grammatical","midline","midline anterior",NA,"anterior",42,0.214745685936152,13908
"Differential object marking","Grammatical","midline","midline anterior",NA,"anterior",44,0.238691544434858,13908
"Differential object marking","Grammatical","midline","midline anterior",NA,"anterior",46,0.26299669255105,13908
"Differential object marking","Grammatical","midline","midline anterior",NA,"anterior",48,0.282862525165372,13908
"Differential object marking","Grammatical","midline","midline anterior",NA,"anterior",50,0.295574417601381,13908
"Differential object marking","Grammatical","midline","midline anterior",NA,"anterior",52,0.301050115041703,13908
"Differential object marking","Grammatical","midline","midline anterior",NA,"anterior",54,0.300492162784009,13908
"Differential object marking","Grammatical","midline","midline anterior",NA,"anterior",56,0.295040696002301,13908
"Differential object marking","Grammatical","midline","midline anterior",NA,"anterior",58,0.285713042853034,13908
"Differential object marking","Grammatical","midline","midline anterior",NA,"anterior",60,0.274450675870003,13908
"Differential object marking","Grammatical","midline","midline anterior",NA,"anterior",62,0.264489861949957,13908
"Differential object marking","Grammatical","midline","midline anterior",NA,"anterior",64,0.258757405809606,13908
"Differential object marking","Grammatical","midline","midline anterior",NA,"anterior",66,0.258047095197009,13908
"Differential object marking","Grammatical","midline","midline anterior",NA,"anterior",68,0.261317227494967,13908
"Differential object marking","Grammatical","midline","midline anterior",NA,"anterior",70,0.267164150129422,13908
"Differential object marking","Grammatical","midline","midline anterior",NA,"anterior",72,0.274241731377624,13908
"Differential object marking","Grammatical","midline","midline anterior",NA,"anterior",74,0.280212899050906,13908
"Differential object marking","Grammatical","midline","midline anterior",NA,"anterior",76,0.281073554788611,13908
"Differential object marking","Grammatical","midline","midline anterior",NA,"anterior",78,0.272487345412712,13908
"Differential object marking","Grammatical","midline","midline anterior",NA,"anterior",80,0.252528976128847,13908
"Differential object marking","Grammatical","midline","midline anterior",NA,"anterior",82,0.222700819672131,13908
"Differential object marking","Grammatical","midline","midline anterior",NA,"anterior",84,0.186733678458441,13908
"Differential object marking","Grammatical","midline","midline anterior",NA,"anterior",86,0.149117917745183,13908
"Differential object marking","Grammatical","midline","midline anterior",NA,"anterior",88,0.113543787748059,13908
"Differential object marking","Grammatical","midline","midline anterior",NA,"anterior",90,0.0806566724187518,13908
"Differential object marking","Grammatical","midline","midline anterior",NA,"anterior",92,0.0475405522001725,13908
"Differential object marking","Grammatical","midline","midline anterior",NA,"anterior",94,0.0102764595916019,13908
"Differential object marking","Grammatical","midline","midline anterior",NA,"anterior",96,-0.0332313776243888,13908
"Differential object marking","Grammatical","midline","midline anterior",NA,"anterior",98,-0.0832213114754098,13908
"Differential object marking","Grammatical","midline","midline anterior",NA,"anterior",100,-0.139696577509347,13908
"Differential object marking","Grammatical","midline","midline anterior",NA,"anterior",102,-0.203132729364395,13908
"Differential object marking","Grammatical","midline","midline anterior",NA,"anterior",104,-0.273555507621513,13908
"Differential object marking","Grammatical","midline","midline anterior",NA,"anterior",106,-0.350449525452977,13908
"Differential object marking","Grammatical","midline","midline anterior",NA,"anterior",108,-0.434591745757837,13908
"Differential object marking","Grammatical","midline","midline anterior",NA,"anterior",110,-0.529161705493241,13908
"Differential object marking","Grammatical","midline","midline anterior",NA,"anterior",112,-0.637716566005177,13908
"Differential object marking","Grammatical","midline","midline anterior",NA,"anterior",114,-0.761238711532931,13908
"Differential object marking","Grammatical","midline","midline anterior",NA,"anterior",116,-0.897888337647397,13908
"Differential object marking","Grammatical","midline","midline anterior",NA,"anterior",118,-1.04477617198735,13908
"Differential object marking","Grammatical","midline","midline anterior",NA,"anterior",120,-1.19902610008628,13908
"Differential object marking","Grammatical","midline","midline anterior",NA,"anterior",122,-1.35744794362957,13908
"Differential object marking","Grammatical","midline","midline anterior",NA,"anterior",124,-1.51589782858786,13908
"Differential object marking","Grammatical","midline","midline anterior",NA,"anterior",126,-1.66859534081104,13908
"Differential object marking","Grammatical","midline","midline anterior",NA,"anterior",128,-1.80769657750935,13908
"Differential object marking","Grammatical","midline","midline anterior",NA,"anterior",130,-1.92503832326718,13908
"Differential object marking","Grammatical","midline","midline anterior",NA,"anterior",132,-2.01498964624676,13908
"Differential object marking","Grammatical","midline","midline anterior",NA,"anterior",134,-2.07525690250216,13908
"Differential object marking","Grammatical","midline","midline anterior",NA,"anterior",136,-2.10546908254242,13908
"Differential object marking","Grammatical","midline","midline anterior",NA,"anterior",138,-2.10610727638769,13908
"Differential object marking","Grammatical","midline","midline anterior",NA,"anterior",140,-2.07862187230371,13908
"Differential object marking","Grammatical","midline","midline anterior",NA,"anterior",142,-2.02577099511073,13908
"Differential object marking","Grammatical","midline","midline anterior",NA,"anterior",144,-1.95107549611734,13908
"Differential object marking","Grammatical","midline","midline anterior",NA,"anterior",146,-1.85725603968939,13908
"Differential object marking","Grammatical","midline","midline anterior",NA,"anterior",148,-1.74441091458154,13908
"Differential object marking","Grammatical","midline","midline anterior",NA,"anterior",150,-1.60992608570607,13908
"Differential object marking","Grammatical","midline","midline anterior",NA,"anterior",152,-1.45016407822836,13908
"Differential object marking","Grammatical","midline","midline anterior",NA,"anterior",154,-1.26227617198735,13908
"Differential object marking","Grammatical","midline","midline anterior",NA,"anterior",156,-1.04506068449813,13908
"Differential object marking","Grammatical","midline","midline anterior",NA,"anterior",158,-0.799459160195571,13908
"Differential object marking","Grammatical","midline","midline anterior",NA,"anterior",160,-0.529093687086569,13908
"Differential object marking","Grammatical","midline","midline anterior",NA,"anterior",162,-0.240328515962036,13908
"Differential object marking","Grammatical","midline","midline anterior",NA,"anterior",164,0.0590191975841242,13908
"Differential object marking","Grammatical","midline","midline anterior",NA,"anterior",166,0.362340739142939,13908
"Differential object marking","Grammatical","midline","midline anterior",NA,"anterior",168,0.665886108714409,13908
"Differential object marking","Grammatical","midline","midline anterior",NA,"anterior",170,0.967991803278689,13908
"Differential object marking","Grammatical","midline","midline anterior",NA,"anterior",172,1.26722167098073,13908
"Differential object marking","Grammatical","midline","midline anterior",NA,"anterior",174,1.56133771929825,13908
"Differential object marking","Grammatical","midline","midline anterior",NA,"anterior",176,1.84751926948519,13908
"Differential object marking","Grammatical","midline","midline anterior",NA,"anterior",178,2.12336259706644,13908
"Differential object marking","Grammatical","midline","midline anterior",NA,"anterior",180,2.38758786310037,13908
"Differential object marking","Grammatical","midline","midline anterior",NA,"anterior",182,2.63959706643658,13908
"Differential object marking","Grammatical","midline","midline anterior",NA,"anterior",184,2.87920053206787,13908
"Differential object marking","Grammatical","midline","midline anterior",NA,"anterior",186,3.1070747771067,13908
"Differential object marking","Grammatical","midline","midline anterior",NA,"anterior",188,3.32407585562266,13908
"Differential object marking","Grammatical","midline","midline anterior",NA,"anterior",190,3.52974144377337,13908
"Differential object marking","Grammatical","midline","midline anterior",NA,"anterior",192,3.72294168823699,13908
"Differential object marking","Grammatical","midline","midline anterior",NA,"anterior",194,3.90431104400345,13908
"Differential object marking","Grammatical","midline","midline anterior",NA,"anterior",196,4.07687539545585,13908
"Differential object marking","Grammatical","midline","midline anterior",NA,"anterior",198,4.24381104400345,13908
"Differential object marking","Grammatical","midline","midline anterior",NA,"anterior",200,4.40629400345125,13908
"Differential object marking","Grammatical","midline","midline anterior",NA,"anterior",202,4.56325639919471,13908
"Differential object marking","Grammatical","midline","midline anterior",NA,"anterior",204,4.71255478861087,13908
"Differential object marking","Grammatical","midline","midline anterior",NA,"anterior",206,4.85215609721024,13908
"Differential object marking","Grammatical","midline","midline anterior",NA,"anterior",208,4.98066271210814,13908
"Differential object marking","Grammatical","midline","midline anterior",NA,"anterior",210,5.09729565717573,13908
"Differential object marking","Grammatical","midline","midline anterior",NA,"anterior",212,5.20239056658039,13908
"Differential object marking","Grammatical","midline","midline anterior",NA,"anterior",214,5.29735871440897,13908
"Differential object marking","Grammatical","midline","midline anterior",NA,"anterior",216,5.38311216566005,13908
"Differential object marking","Grammatical","midline","midline anterior",NA,"anterior",218,5.45878091745758,13908
"Differential object marking","Grammatical","midline","midline anterior",NA,"anterior",220,5.52293032786885,13908
"Differential object marking","Grammatical","midline","midline anterior",NA,"anterior",222,5.57537453264308,13908
"Differential object marking","Grammatical","midline","midline anterior",NA,"anterior",224,5.61752789761288,13908
"Differential object marking","Grammatical","midline","midline anterior",NA,"anterior",226,5.65125949094047,13908
"Differential object marking","Grammatical","midline","midline anterior",NA,"anterior",228,5.6782896893874,13908
"Differential object marking","Grammatical","midline","midline anterior",NA,"anterior",230,5.70049417601381,13908
"Differential object marking","Grammatical","midline","midline anterior",NA,"anterior",232,5.71987122519413,13908
"Differential object marking","Grammatical","midline","midline anterior",NA,"anterior",234,5.73741997411562,13908
"Differential object marking","Grammatical","midline","midline anterior",NA,"anterior",236,5.75221742881795,13908
"Differential object marking","Grammatical","midline","midline anterior",NA,"anterior",238,5.76211453839517,13908
"Differential object marking","Grammatical","midline","midline anterior",NA,"anterior",240,5.76588560540696,13908
"Differential object marking","Grammatical","midline","midline anterior",NA,"anterior",242,5.7640388984757,13908
"Differential object marking","Grammatical","midline","midline anterior",NA,"anterior",244,5.75697656025309,13908
"Differential object marking","Grammatical","midline","midline anterior",NA,"anterior",246,5.74279371584699,13908
"Differential object marking","Grammatical","midline","midline anterior",NA,"anterior",248,5.71758771929825,13908
"Differential object marking","Grammatical","midline","midline anterior",NA,"anterior",250,5.67758728789186,13908
"Differential object marking","Grammatical","midline","midline anterior",NA,"anterior",252,5.62052840092033,13908
"Differential object marking","Grammatical","midline","midline anterior",NA,"anterior",254,5.54485037388553,13908
"Differential object marking","Grammatical","midline","midline anterior",NA,"anterior",256,5.44899597354041,13908
"Differential object marking","Grammatical","midline","midline anterior",NA,"anterior",258,5.33295800977854,13908
"Differential object marking","Grammatical","midline","midline anterior",NA,"anterior",260,5.20021706931263,13908
"Differential object marking","Grammatical","midline","midline anterior",NA,"anterior",262,5.05665451538683,13908
"Differential object marking","Grammatical","midline","midline anterior",NA,"anterior",264,4.90729558527466,13908
"Differential object marking","Grammatical","midline","midline anterior",NA,"anterior",266,4.75416673856773,13908
"Differential object marking","Grammatical","midline","midline anterior",NA,"anterior",268,4.596645743457,13908
"Differential object marking","Grammatical","midline","midline anterior",NA,"anterior",270,4.43357046304285,13908
"Differential object marking","Grammatical","midline","midline anterior",NA,"anterior",272,4.26510698878343,13908
"Differential object marking","Grammatical","midline","midline anterior",NA,"anterior",274,4.09308232671844,13908
"Differential object marking","Grammatical","midline","midline anterior",NA,"anterior",276,3.92037345412712,13908
"Differential object marking","Grammatical","midline","midline anterior",NA,"anterior",278,3.75008786310037,13908
"Differential object marking","Grammatical","midline","midline anterior",NA,"anterior",280,3.58481686798965,13908
"Differential object marking","Grammatical","midline","midline anterior",NA,"anterior",282,3.42577890422778,13908
"Differential object marking","Grammatical","midline","midline anterior",NA,"anterior",284,3.27290307736554,13908
"Differential object marking","Grammatical","midline","midline anterior",NA,"anterior",286,3.1251078515962,13908
"Differential object marking","Grammatical","midline","midline anterior",NA,"anterior",288,2.98027379925223,13908
"Differential object marking","Grammatical","midline","midline anterior",NA,"anterior",290,2.83582226056946,13908
"Differential object marking","Grammatical","midline","midline anterior",NA,"anterior",292,2.68957010353753,13908
"Differential object marking","Grammatical","midline","midline anterior",NA,"anterior",294,2.53969190394018,13908
"Differential object marking","Grammatical","midline","midline anterior",NA,"anterior",296,2.38486295657176,13908
"Differential object marking","Grammatical","midline","midline anterior",NA,"anterior",298,2.22556837791199,13908
"Differential object marking","Grammatical","midline","midline anterior",NA,"anterior",300,2.06497418751798,13908
"Differential object marking","Grammatical","midline","midline anterior",NA,"anterior",302,1.90730349439172,13908
"Differential object marking","Grammatical","midline","midline anterior",NA,"anterior",304,1.75517047742307,13908
"Differential object marking","Grammatical","midline","midline anterior",NA,"anterior",306,1.60898008340523,13908
"Differential object marking","Grammatical","midline","midline anterior",NA,"anterior",308,1.46845153868277,13908
"Differential object marking","Grammatical","midline","midline anterior",NA,"anterior",310,1.33434454989934,13908
"Differential object marking","Grammatical","midline","midline anterior",NA,"anterior",312,1.20902272073627,13908
"Differential object marking","Grammatical","midline","midline anterior",NA,"anterior",314,1.09558678458441,13908
"Differential object marking","Grammatical","midline","midline anterior",NA,"anterior",316,0.997164581535807,13908
"Differential object marking","Grammatical","midline","midline anterior",NA,"anterior",318,0.91664811619212,13908
"Differential object marking","Grammatical","midline","midline anterior",NA,"anterior",320,0.855719010641357,13908
"Differential object marking","Grammatical","midline","midline anterior",NA,"anterior",322,0.813494823123382,13908
"Differential object marking","Grammatical","midline","midline anterior",NA,"anterior",324,0.786218866839229,13908
"Differential object marking","Grammatical","midline","midline anterior",NA,"anterior",326,0.768065573770492,13908
"Differential object marking","Grammatical","midline","midline anterior",NA,"anterior",328,0.75245010066149,13908
"Differential object marking","Grammatical","midline","midline anterior",NA,"anterior",330,0.734164581535807,13908
"Differential object marking","Grammatical","midline","midline anterior",NA,"anterior",332,0.711679752660339,13908
"Differential object marking","Grammatical","midline","midline anterior",NA,"anterior",334,0.68748504457866,13908
"Differential object marking","Grammatical","midline","midline anterior",NA,"anterior",336,0.666042277825712,13908
"Differential object marking","Grammatical","midline","midline anterior",NA,"anterior",338,0.651562697727926,13908
"Differential object marking","Grammatical","midline","midline anterior",NA,"anterior",340,0.647072691975841,13908
"Differential object marking","Grammatical","midline","midline anterior",NA,"anterior",342,0.653643514524015,13908
"Differential object marking","Grammatical","midline","midline anterior",NA,"anterior",344,0.669221599079666,13908
"Differential object marking","Grammatical","midline","midline anterior",NA,"anterior",346,0.688376977279264,13908
"Differential object marking","Grammatical","midline","midline anterior",NA,"anterior",348,0.704162999712396,13908
"Differential object marking","Grammatical","midline","midline anterior",NA,"anterior",350,0.711123382226057,13908
"Differential object marking","Grammatical","midline","midline anterior",NA,"anterior",352,0.706936583261432,13908
"Differential object marking","Grammatical","midline","midline anterior",NA,"anterior",354,0.691967500719011,13908
"Differential object marking","Grammatical","midline","midline anterior",NA,"anterior",356,0.668188021282715,13908
"Differential object marking","Grammatical","midline","midline anterior",NA,"anterior",358,0.638203983318953,13908
"Differential object marking","Grammatical","midline","midline anterior",NA,"anterior",360,0.605073770491803,13908
"Differential object marking","Grammatical","midline","midline anterior",NA,"anterior",362,0.572765602530917,13908
"Differential object marking","Grammatical","midline","midline anterior",NA,"anterior",364,0.546231305723325,13908
"Differential object marking","Grammatical","midline","midline anterior",NA,"anterior",366,0.530465199884958,13908
"Differential object marking","Grammatical","midline","midline anterior",NA,"anterior",368,0.528391788898476,13908
"Differential object marking","Grammatical","midline","midline anterior",NA,"anterior",370,0.538655809605982,13908
"Differential object marking","Grammatical","midline","midline anterior",NA,"anterior",372,0.556250934713834,13908
"Differential object marking","Grammatical","midline","midline anterior",NA,"anterior",374,0.576200747771067,13908
"Differential object marking","Grammatical","midline","midline anterior",NA,"anterior",376,0.59656485475985,13908
"Differential object marking","Grammatical","midline","midline anterior",NA,"anterior",378,0.61819053781996,13908
"Differential object marking","Grammatical","midline","midline anterior",NA,"anterior",380,0.642224475122232,13908
"Differential object marking","Grammatical","midline","midline anterior",NA,"anterior",382,0.667103321829163,13908
"Differential object marking","Grammatical","midline","midline anterior",NA,"anterior",384,0.687850158182341,13908
"Differential object marking","Grammatical","midline","midline anterior",NA,"anterior",386,0.698766681046879,13908
"Differential object marking","Grammatical","midline","midline anterior",NA,"anterior",388,0.697231090020132,13908
"Differential object marking","Grammatical","midline","midline anterior",NA,"anterior",390,0.685071901064136,13908
"Differential object marking","Grammatical","midline","midline anterior",NA,"anterior",392,0.667084771354616,13908
"Differential object marking","Grammatical","midline","midline anterior",NA,"anterior",394,0.64849791486914,13908
"Differential object marking","Grammatical","midline","midline anterior",NA,"anterior",396,0.632880500431406,13908
"Differential object marking","Grammatical","midline","midline anterior",NA,"anterior",398,0.62080946218004,13908
"Differential object marking","Grammatical","midline","midline anterior",NA,"anterior",400,0.610054788610871,13908
"Differential object marking","Grammatical","midline","midline anterior",NA,"anterior",402,0.596844909404659,13908
"Differential object marking","Grammatical","midline","midline anterior",NA,"anterior",404,0.577848935864251,13908
"Differential object marking","Grammatical","midline","midline anterior",NA,"anterior",406,0.551922922059247,13908
"Differential object marking","Grammatical","midline","midline anterior",NA,"anterior",408,0.521004601668105,13908
"Differential object marking","Grammatical","midline","midline anterior",NA,"anterior",410,0.489178602243313,13908
"Differential object marking","Grammatical","midline","midline anterior",NA,"anterior",412,0.460659117054932,13908
"Differential object marking","Grammatical","midline","midline anterior",NA,"anterior",414,0.437802559677883,13908
"Differential object marking","Grammatical","midline","midline anterior",NA,"anterior",416,0.42043133448375,13908
"Differential object marking","Grammatical","midline","midline anterior",NA,"anterior",418,0.406933563416739,13908
"Differential object marking","Grammatical","midline","midline anterior",NA,"anterior",420,0.396124676445211,13908
"Differential object marking","Grammatical","midline","midline anterior",NA,"anterior",422,0.3879829594478,13908
"Differential object marking","Grammatical","midline","midline anterior",NA,"anterior",424,0.38285360943342,13908
"Differential object marking","Grammatical","midline","midline anterior",NA,"anterior",426,0.380775668679896,13908
"Differential object marking","Grammatical","midline","midline anterior",NA,"anterior",428,0.381094981305723,13908
"Differential object marking","Grammatical","midline","midline anterior",NA,"anterior",430,0.381689387402934,13908
"Differential object marking","Grammatical","midline","midline anterior",NA,"anterior",432,0.379473252804142,13908
"Differential object marking","Grammatical","midline","midline anterior",NA,"anterior",434,0.373113028472821,13908
"Differential object marking","Grammatical","midline","midline anterior",NA,"anterior",436,0.365177523727351,13908
"Differential object marking","Grammatical","midline","midline anterior",NA,"anterior",438,0.360800546448087,13908
"Differential object marking","Grammatical","midline","midline anterior",NA,"anterior",440,0.364058383664078,13908
"Differential object marking","Grammatical","midline","midline anterior",NA,"anterior",442,0.375255608283003,13908
"Differential object marking","Grammatical","midline","midline anterior",NA,"anterior",444,0.390915803853897,13908
"Differential object marking","Grammatical","midline","midline anterior",NA,"anterior",446,0.405386252516537,13908
"Differential object marking","Grammatical","midline","midline anterior",NA,"anterior",448,0.41302868852459,13908
"Differential object marking","Grammatical","midline","midline anterior",NA,"anterior",450,0.410966062697728,13908
"Differential object marking","Grammatical","midline","midline anterior",NA,"anterior",452,0.40072878918608,13908
"Differential object marking","Grammatical","midline","midline anterior",NA,"anterior",454,0.386886324417601,13908
"Differential object marking","Grammatical","midline","midline anterior",NA,"anterior",456,0.374222605694564,13908
"Differential object marking","Grammatical","midline","midline anterior",NA,"anterior",458,0.365698878343399,13908
"Differential object marking","Grammatical","midline","midline anterior",NA,"anterior",460,0.361642939315502,13908
"Differential object marking","Grammatical","midline","midline anterior",NA,"anterior",462,0.360225194132873,13908
"Differential object marking","Grammatical","midline","midline anterior",NA,"anterior",464,0.358793140638481,13908
"Differential object marking","Grammatical","midline","midline anterior",NA,"anterior",466,0.355254745470233,13908
"Differential object marking","Grammatical","midline","midline anterior",NA,"anterior",468,0.348858570606845,13908
"Differential object marking","Grammatical","midline","midline anterior",NA,"anterior",470,0.340632585562266,13908
"Differential object marking","Grammatical","midline","midline anterior",NA,"anterior",472,0.333754961173425,13908
"Differential object marking","Grammatical","midline","midline anterior",NA,"anterior",474,0.332203839516825,13908
"Differential object marking","Grammatical","midline","midline anterior",NA,"anterior",476,0.337998921484038,13908
"Differential object marking","Grammatical","midline","midline anterior",NA,"anterior",478,0.349739718147829,13908
"Differential object marking","Grammatical","midline","midline anterior",NA,"anterior",480,0.363653652574058,13908
"Differential object marking","Grammatical","midline","midline anterior",NA,"anterior",482,0.375214121368996,13908
"Differential object marking","Grammatical","midline","midline anterior",NA,"anterior",484,0.380673425366695,13908
"Differential object marking","Grammatical","midline","midline anterior",NA,"anterior",486,0.378958225481737,13908
"Differential object marking","Grammatical","midline","midline anterior",NA,"anterior",488,0.372227710670118,13908
"Differential object marking","Grammatical","midline","midline anterior",NA,"anterior",490,0.364094981305723,13908
"Differential object marking","Grammatical","midline","midline anterior",NA,"anterior",492,0.357280917457578,13908
"Differential object marking","Grammatical","midline","midline anterior",NA,"anterior",494,0.352885893011217,13908
"Differential object marking","Grammatical","midline","midline anterior",NA,"anterior",496,0.350894880644234,13908
"Differential object marking","Grammatical","midline","midline anterior",NA,"anterior",498,0.35061108714409,13908
"Differential object marking","Grammatical","midline","midline anterior",NA,"anterior",500,0.351018981880932,13908
"Differential object marking","Grammatical","midline","midline anterior",NA,"anterior",502,0.351694995685936,13908
"Differential object marking","Grammatical","midline","midline anterior",NA,"anterior",504,0.353505823986195,13908
"Differential object marking","Grammatical","midline","midline anterior",NA,"anterior",506,0.357999568593615,13908
"Differential object marking","Grammatical","midline","midline anterior",NA,"anterior",508,0.365768478573483,13908
"Differential object marking","Grammatical","midline","midline anterior",NA,"anterior",510,0.375810756399195,13908
"Differential object marking","Grammatical","midline","midline anterior",NA,"anterior",512,0.386545800977854,13908
"Differential object marking","Grammatical","midline","midline anterior",NA,"anterior",514,0.397542565429968,13908
"Differential object marking","Grammatical","midline","midline anterior",NA,"anterior",516,0.410320391141789,13908
"Differential object marking","Grammatical","midline","midline anterior",NA,"anterior",518,0.426917960885821,13908
"Differential object marking","Grammatical","midline","midline anterior",NA,"anterior",520,0.44759649122807,13908
"Differential object marking","Grammatical","midline","midline anterior",NA,"anterior",522,0.470333908541846,13908
"Differential object marking","Grammatical","midline","midline anterior",NA,"anterior",524,0.492631363244176,13908
"Differential object marking","Grammatical","midline","midline anterior",NA,"anterior",526,0.512941544434858,13908
"Differential object marking","Grammatical","midline","midline anterior",NA,"anterior",528,0.530115185504745,13908
"Differential object marking","Grammatical","midline","midline anterior",NA,"anterior",530,0.543403149266609,13908
"Differential object marking","Grammatical","midline","midline anterior",NA,"anterior",532,0.553871440897325,13908
"Differential object marking","Grammatical","midline","midline anterior",NA,"anterior",534,0.564572979580098,13908
"Differential object marking","Grammatical","midline","midline anterior",NA,"anterior",536,0.578370434282427,13908
"Differential object marking","Grammatical","midline","midline anterior",NA,"anterior",538,0.596678242737993,13908
"Differential object marking","Grammatical","midline","midline anterior",NA,"anterior",540,0.620134454989934,13908
"Differential object marking","Grammatical","midline","midline anterior",NA,"anterior",542,0.648557089444924,13908
"Differential object marking","Grammatical","midline","midline anterior",NA,"anterior",544,0.680064207650273,13908
"Differential object marking","Grammatical","midline","midline anterior",NA,"anterior",546,0.712296448087432,13908
"Differential object marking","Grammatical","midline","midline anterior",NA,"anterior",548,0.745327796951395,13908
"Differential object marking","Grammatical","midline","midline anterior",NA,"anterior",550,0.782838222605695,13908
"Differential object marking","Grammatical","midline","midline anterior",NA,"anterior",552,0.830103249928099,13908
"Differential object marking","Grammatical","midline","midline anterior",NA,"anterior",554,0.890517400057521,13908
"Differential object marking","Grammatical","midline","midline anterior",NA,"anterior",556,0.963731665228645,13908
"Differential object marking","Grammatical","midline","midline anterior",NA,"anterior",558,1.04602976704055,13908
"Differential object marking","Grammatical","midline","midline anterior",NA,"anterior",560,1.13154522576934,13908
"Differential object marking","Grammatical","midline","midline anterior",NA,"anterior",562,1.21440386827725,13908
"Differential object marking","Grammatical","midline","midline anterior",NA,"anterior",564,1.29112798389416,13908
"Differential object marking","Grammatical","midline","midline anterior",NA,"anterior",566,1.3609158038539,13908
"Differential object marking","Grammatical","midline","midline anterior",NA,"anterior",568,1.42327904802991,13908
"Differential object marking","Grammatical","midline","midline anterior",NA,"anterior",570,1.47645211389129,13908
"Differential object marking","Grammatical","midline","midline anterior",NA,"anterior",572,1.51871642220305,13908
"Differential object marking","Grammatical","midline","midline anterior",NA,"anterior",574,1.55022677595628,13908
"Differential object marking","Grammatical","midline","midline anterior",NA,"anterior",576,1.57324863387978,13908
"Differential object marking","Grammatical","midline","midline anterior",NA,"anterior",578,1.59132290767903,13908
"Differential object marking","Grammatical","midline","midline anterior",NA,"anterior",580,1.60808527466207,13908
"Differential object marking","Grammatical","midline","midline anterior",NA,"anterior",582,1.62571052631579,13908
"Differential object marking","Grammatical","midline","midline anterior",NA,"anterior",584,1.64366321541559,13908
"Differential object marking","Grammatical","midline","midline anterior",NA,"anterior",586,1.65917134023584,13908
"Differential object marking","Grammatical","midline","midline anterior",NA,"anterior",588,1.66836878055795,13908
"Differential object marking","Grammatical","midline","midline anterior",NA,"anterior",590,1.66713769053782,13908
"Differential object marking","Grammatical","midline","midline anterior",NA,"anterior",592,1.65272922059246,13908
"Differential object marking","Grammatical","midline","midline anterior",NA,"anterior",594,1.62521246764452,13908
"Differential object marking","Grammatical","midline","midline anterior",NA,"anterior",596,1.58754421915444,13908
"Differential object marking","Grammatical","midline","midline anterior",NA,"anterior",598,1.54439329882082,13908
"Differential object marking","Grammatical","midline","midline anterior",NA,"anterior",600,1.50063165084843,13908
"Differential object marking","Grammatical","midline","midline anterior",NA,"anterior",602,1.4599468651136,13908
"Differential object marking","Grammatical","midline","midline anterior",NA,"anterior",604,1.42432628702905,13908
"Differential object marking","Grammatical","midline","midline anterior",NA,"anterior",606,1.39394140063273,13908
"Differential object marking","Grammatical","midline","midline anterior",NA,"anterior",608,1.36734404659189,13908
"Differential object marking","Grammatical","midline","midline anterior",NA,"anterior",610,1.34212338222606,13908
"Differential object marking","Grammatical","midline","midline anterior",NA,"anterior",612,1.31613560540696,13908
"Differential object marking","Grammatical","midline","midline anterior",NA,"anterior",614,1.28841551624964,13908
"Differential object marking","Grammatical","midline","midline anterior",NA,"anterior",616,1.25975474547023,13908
"Differential object marking","Grammatical","midline","midline anterior",NA,"anterior",618,1.23235540696002,13908
"Differential object marking","Grammatical","midline","midline anterior",NA,"anterior",620,1.20850539257981,13908
"Differential object marking","Grammatical","midline","midline anterior",NA,"anterior",622,1.18901783146391,13908
"Differential object marking","Grammatical","midline","midline anterior",NA,"anterior",624,1.17366069887834,13908
"Differential object marking","Grammatical","midline","midline anterior",NA,"anterior",626,1.16260037388553,13908
"Differential object marking","Grammatical","midline","midline anterior",NA,"anterior",628,1.15719283865401,13908
"Differential object marking","Grammatical","midline","midline anterior",NA,"anterior",630,1.15877300834052,13908
"Differential object marking","Grammatical","midline","midline anterior",NA,"anterior",632,1.16683606557377,13908
"Differential object marking","Grammatical","midline","midline anterior",NA,"anterior",634,1.17932132585562,13908
"Differential object marking","Grammatical","midline","midline anterior",NA,"anterior",636,1.19482786885246,13908
"Differential object marking","Grammatical","midline","midline anterior",NA,"anterior",638,1.2132955133736,13908
"Differential object marking","Grammatical","midline","midline anterior",NA,"anterior",640,1.23441120218579,13908
"Differential object marking","Grammatical","midline","midline anterior",NA,"anterior",642,1.25623267184354,13908
"Differential object marking","Grammatical","midline","midline anterior",NA,"anterior",644,1.27530025884383,13908
"Differential object marking","Grammatical","midline","midline anterior",NA,"anterior",646,1.28728098935864,13908
"Differential object marking","Grammatical","midline","midline anterior",NA,"anterior",648,1.28806686798965,13908
"Differential object marking","Grammatical","midline","midline anterior",NA,"anterior",650,1.27586015243026,13908
"Differential object marking","Grammatical","midline","midline anterior",NA,"anterior",652,1.25351488352028,13908
"Differential object marking","Grammatical","midline","midline anterior",NA,"anterior",654,1.22802681909692,13908
"Differential object marking","Grammatical","midline","midline anterior",NA,"anterior",656,1.20685871440897,13908
"Differential object marking","Grammatical","midline","midline anterior",NA,"anterior",658,1.19451668104688,13908
"Differential object marking","Grammatical","midline","midline anterior",NA,"anterior",660,1.19209447799827,13908
"Differential object marking","Grammatical","midline","midline anterior",NA,"anterior",662,1.19852890422778,13908
"Differential object marking","Grammatical","midline","midline anterior",NA,"anterior",664,1.21142759562842,13908
"Differential object marking","Grammatical","midline","midline anterior",NA,"anterior",666,1.22780025884383,13908
"Differential object marking","Grammatical","midline","midline anterior",NA,"anterior",668,1.24527617198735,13908
"Differential object marking","Grammatical","midline","midline anterior",NA,"anterior",670,1.26257571182053,13908
"Differential object marking","Grammatical","midline","midline anterior",NA,"anterior",672,1.27870851308599,13908
"Differential object marking","Grammatical","midline","midline anterior",NA,"anterior",674,1.29250603968939,13908
"Differential object marking","Grammatical","midline","midline anterior",NA,"anterior",676,1.30288725913144,13908
"Differential object marking","Grammatical","midline","midline anterior",NA,"anterior",678,1.3084468651136,13908
"Differential object marking","Grammatical","midline","midline anterior",NA,"anterior",680,1.30697181478286,13908
"Differential object marking","Grammatical","midline","midline anterior",NA,"anterior",682,1.29646368996261,13908
"Differential object marking","Grammatical","midline","midline anterior",NA,"anterior",684,1.27691364682197,13908
"Differential object marking","Grammatical","midline","midline anterior",NA,"anterior",686,1.25129026459592,13908
"Differential object marking","Grammatical","midline","midline anterior",NA,"anterior",688,1.22518730227207,13908
"Differential object marking","Grammatical","midline","midline anterior",NA,"anterior",690,1.20496088582111,13908
"Differential object marking","Grammatical","midline","midline anterior",NA,"anterior",692,1.19514905090595,13908
"Differential object marking","Grammatical","midline","midline anterior",NA,"anterior",694,1.19664926660915,13908
"Differential object marking","Grammatical","midline","midline anterior",NA,"anterior",696,1.20661640782284,13908
"Differential object marking","Grammatical","midline","midline anterior",NA,"anterior",698,1.22012740868565,13908
"Differential object marking","Grammatical","midline","midline anterior",NA,"anterior",700,1.23287525165372,13908
"Differential object marking","Grammatical","midline","midline anterior",NA,"anterior",702,1.24313920046017,13908
"Differential object marking","Grammatical","midline","midline anterior",NA,"anterior",704,1.25202372735116,13908
"Differential object marking","Grammatical","midline","midline anterior",NA,"anterior",706,1.2621419327006,13908
"Differential object marking","Grammatical","midline","midline anterior",NA,"anterior",708,1.27599216278401,13908
"Differential object marking","Grammatical","midline","midline anterior",NA,"anterior",710,1.29447691975841,13908
"Differential object marking","Grammatical","midline","midline anterior",NA,"anterior",712,1.31592026171987,13908
"Differential object marking","Grammatical","midline","midline anterior",NA,"anterior",714,1.33683311763014,13908
"Differential object marking","Grammatical","midline","midline anterior",NA,"anterior",716,1.35375150992235,13908
"Differential object marking","Grammatical","midline","midline anterior",NA,"anterior",718,1.36419736842105,13908
"Differential object marking","Grammatical","midline","midline anterior",NA,"anterior",720,1.36662913431119,13908
"Differential object marking","Grammatical","midline","midline anterior",NA,"anterior",722,1.36127825711821,13908
"Differential object marking","Grammatical","midline","midline anterior",NA,"anterior",724,1.35111008052919,13908
"Differential object marking","Grammatical","midline","midline anterior",NA,"anterior",726,1.34121865113604,13908
"Differential object marking","Grammatical","midline","midline anterior",NA,"anterior",728,1.33614703767616,13908
"Differential object marking","Grammatical","midline","midline anterior",NA,"anterior",730,1.33780277538108,13908
"Differential object marking","Grammatical","midline","midline anterior",NA,"anterior",732,1.34552308024159,13908
"Differential object marking","Grammatical","midline","midline anterior",NA,"anterior",734,1.35770161058384,13908
"Differential object marking","Grammatical","midline","midline anterior",NA,"anterior",736,1.3727311619212,13908
"Differential object marking","Grammatical","midline","midline anterior",NA,"anterior",738,1.3890559390279,13908
"Differential object marking","Grammatical","midline","midline anterior",NA,"anterior",740,1.40558994823123,13908
"Differential object marking","Grammatical","midline","midline anterior",NA,"anterior",742,1.42213467069313,13908
"Differential object marking","Grammatical","midline","midline anterior",NA,"anterior",744,1.43846548748921,13908
"Differential object marking","Grammatical","midline","midline anterior",NA,"anterior",746,1.45364344262295,13908
"Differential object marking","Grammatical","midline","midline anterior",NA,"anterior",748,1.46672483462755,13908
"Differential object marking","Grammatical","midline","midline anterior",NA,"anterior",750,1.47800675870003,13908
"Differential object marking","Grammatical","midline","midline anterior",NA,"anterior",752,1.48891436583261,13908
"Differential object marking","Grammatical","midline","midline anterior",NA,"anterior",754,1.5011297095197,13908
"Differential object marking","Grammatical","midline","midline anterior",NA,"anterior",756,1.51605680184067,13908
"Differential object marking","Grammatical","midline","midline anterior",NA,"anterior",758,1.53475287604257,13908
"Differential object marking","Grammatical","midline","midline anterior",NA,"anterior",760,1.55746742881795,13908
"Differential object marking","Grammatical","midline","midline anterior",NA,"anterior",762,1.58305227207363,13908
"Differential object marking","Grammatical","midline","midline anterior",NA,"anterior",764,1.60921980155306,13908
"Differential object marking","Grammatical","midline","midline anterior",NA,"anterior",766,1.63359411849295,13908
"Differential object marking","Grammatical","midline","midline anterior",NA,"anterior",768,1.65467450388266,13908
"Differential object marking","Grammatical","midline","midline anterior",NA,"anterior",770,1.6721902502157,13908
"Differential object marking","Grammatical","midline","midline anterior",NA,"anterior",772,1.68667989646247,13908
"Differential object marking","Grammatical","midline","midline anterior",NA,"anterior",774,1.69905931837791,13908
"Differential object marking","Grammatical","midline","midline anterior",NA,"anterior",776,1.70968730227207,13908
"Differential object marking","Grammatical","midline","midline anterior",NA,"anterior",778,1.71746635030198,13908
"Differential object marking","Grammatical","midline","midline anterior",NA,"anterior",780,1.72063258556227,13908
"Differential object marking","Grammatical","midline","midline anterior",NA,"anterior",782,1.71906104400345,13908
"Differential object marking","Grammatical","midline","midline anterior",NA,"anterior",784,1.71482312338223,13908
"Differential object marking","Grammatical","midline","midline anterior",NA,"anterior",786,1.70999122807018,13908
"Differential object marking","Grammatical","midline","midline anterior",NA,"anterior",788,1.70447785447225,13908
"Differential object marking","Grammatical","midline","midline anterior",NA,"anterior",790,1.69700237273512,13908
"Differential object marking","Grammatical","midline","midline anterior",NA,"anterior",792,1.68764423353466,13908
"Differential object marking","Grammatical","midline","midline anterior",NA,"anterior",794,1.67909534081104,13908
"Differential object marking","Grammatical","midline","midline anterior",NA,"anterior",796,1.67557635893011,13908
"Differential object marking","Grammatical","midline","midline anterior",NA,"anterior",798,1.68073518838079,13908
"Differential object marking","Grammatical","midline","midline anterior",NA,"anterior",800,1.69560353753236,13908
"Differential object marking","Grammatical","midline","midline anterior",NA,"anterior",802,1.71842126833477,13908
"Differential object marking","Grammatical","midline","midline anterior",NA,"anterior",804,1.74546908254242,13908
"Differential object marking","Grammatical","midline","midline anterior",NA,"anterior",806,1.77199079666379,13908
"Differential object marking","Grammatical","midline","midline anterior",NA,"anterior",808,1.79300927523727,13908
"Differential object marking","Grammatical","midline","midline anterior",NA,"anterior",810,1.80439976991659,13908
"Differential object marking","Grammatical","midline","midline anterior",NA,"anterior",812,1.80403120506184,13908
"Differential object marking","Grammatical","midline","midline anterior",NA,"anterior",814,1.79252308024159,13908
"Differential object marking","Grammatical","midline","midline anterior",NA,"anterior",816,1.77236662352603,13908
"Differential object marking","Grammatical","midline","midline anterior",NA,"anterior",818,1.74576538682772,13908
"Differential object marking","Grammatical","midline","midline anterior",NA,"anterior",820,1.71374511072764,13908
"Differential object marking","Grammatical","midline","midline anterior",NA,"anterior",822,1.67725884383089,13908
"Differential object marking","Grammatical","midline","midline anterior",NA,"anterior",824,1.63844427667529,13908
"Differential object marking","Grammatical","midline","midline anterior",NA,"anterior",826,1.60050301984469,13908
"Differential object marking","Grammatical","midline","midline anterior",NA,"anterior",828,1.56658167960886,13908
"Differential object marking","Grammatical","midline","midline anterior",NA,"anterior",830,1.53834735404084,13908
"Differential object marking","Grammatical","midline","midline anterior",NA,"anterior",832,1.51586065573771,13908
"Differential object marking","Grammatical","midline","midline anterior",NA,"anterior",834,1.49893327581248,13908
"Differential object marking","Grammatical","midline","midline anterior",NA,"anterior",836,1.48770053206787,13908
"Differential object marking","Grammatical","midline","midline anterior",NA,"anterior",838,1.48214056658039,13908
"Differential object marking","Grammatical","midline","midline anterior",NA,"anterior",840,1.48112187230371,13908
"Differential object marking","Grammatical","midline","midline anterior",NA,"anterior",842,1.48210303422491,13908
"Differential object marking","Grammatical","midline","midline anterior",NA,"anterior",844,1.481085202761,13908
"Differential object marking","Grammatical","midline","midline anterior",NA,"anterior",846,1.47295218579235,13908
"Differential object marking","Grammatical","midline","midline anterior",NA,"anterior",848,1.45176754385965,13908
"Differential object marking","Grammatical","midline","midline anterior",NA,"anterior",850,1.41134419039402,13908
"Differential object marking","Grammatical","midline","midline anterior",NA,"anterior",852,1.346140135174,13908
"Differential object marking","Grammatical","midline","midline anterior",NA,"anterior",854,1.25240588150705,13908
"Differential object marking","Grammatical","midline","midline anterior",NA,"anterior",856,1.12959656312913,13908
"Differential object marking","Grammatical","midline","midline anterior",NA,"anterior",858,0.981398331895312,13908
"Differential object marking","Grammatical","midline","midline anterior",NA,"anterior",860,0.814530054644809,13908
"Differential object marking","Grammatical","midline","midline anterior",NA,"anterior",862,0.636319815933276,13908
"Differential object marking","Grammatical","midline","midline anterior",NA,"anterior",864,0.452870578084556,13908
"Differential object marking","Grammatical","midline","midline anterior",NA,"anterior",866,0.269006111590452,13908
"Differential object marking","Grammatical","midline","midline anterior",NA,"anterior",868,0.0897048461317228,13908
"Differential object marking","Grammatical","midline","midline anterior",NA,"anterior",870,-0.0793651136036813,13908
"Differential object marking","Grammatical","midline","midline anterior",NA,"anterior",872,-0.233437877480587,13908
"Differential object marking","Grammatical","midline","midline anterior",NA,"anterior",874,-0.370168967500719,13908
"Differential object marking","Grammatical","midline","midline anterior",NA,"anterior",876,-0.489110799539833,13908
"Differential object marking","Grammatical","midline","midline anterior",NA,"anterior",878,-0.590130788035663,13908
"Differential object marking","Grammatical","midline","midline anterior",NA,"anterior",880,-0.672709160195571,13908
"Differential object marking","Grammatical","midline","midline anterior",NA,"anterior",882,-0.736642076502732,13908
"Differential object marking","Grammatical","midline","midline anterior",NA,"anterior",884,-0.78271383376474,13908
"Differential object marking","Grammatical","midline","midline anterior",NA,"anterior",886,-0.812627552487777,13908
"Differential object marking","Grammatical","midline","midline anterior",NA,"anterior",888,-0.828763805004314,13908
"Differential object marking","Grammatical","midline","midline anterior",NA,"anterior",890,-0.833549180327869,13908
"Differential object marking","Grammatical","midline","midline anterior",NA,"anterior",892,-0.82798540408398,13908
"Differential object marking","Grammatical","midline","midline anterior",NA,"anterior",894,-0.810427308024159,13908
"Differential object marking","Grammatical","midline","midline anterior",NA,"anterior",896,-0.777494895024446,13908
"Differential object marking","Grammatical","midline","midline anterior",NA,"anterior",898,-0.726160698878343,13908
"Differential object marking","Grammatical","midline","midline anterior",NA,"anterior",900,-0.654926301409261,13908
"Differential object marking","Grammatical","midline","midline anterior",NA,"anterior",902,-0.563319168823699,13908
"Differential object marking","Grammatical","midline","midline anterior",NA,"anterior",904,-0.450768981880932,13908
"Differential object marking","Grammatical","midline","midline anterior",NA,"anterior",906,-0.31655615473109,13908
"Differential object marking","Grammatical","midline","midline anterior",NA,"anterior",908,-0.16104781420765,13908
"Differential object marking","Grammatical","midline","midline anterior",NA,"anterior",910,0.0131753666954271,13908
"Differential object marking","Grammatical","midline","midline anterior",NA,"anterior",912,0.201707722174288,13908
"Differential object marking","Grammatical","midline","midline anterior",NA,"anterior",914,0.399788323267184,13908
"Differential object marking","Grammatical","midline","midline anterior",NA,"anterior",916,0.603677739430544,13908
"Differential object marking","Grammatical","midline","midline anterior",NA,"anterior",918,0.811370074777107,13908
"Differential object marking","Grammatical","midline","midline anterior",NA,"anterior",920,1.02285756399195,13908
"Differential object marking","Grammatical","midline","midline anterior",NA,"anterior",922,1.23943543284441,13908
"Differential object marking","Grammatical","midline","midline anterior",NA,"anterior",924,1.46268658326143,13908
"Differential object marking","Grammatical","midline","midline anterior",NA,"anterior",926,1.69362050618349,13908
"Differential object marking","Grammatical","midline","midline anterior",NA,"anterior",928,1.93175158182341,13908
"Differential object marking","Grammatical","midline","midline anterior",NA,"anterior",930,2.17474324129997,13908
"Differential object marking","Grammatical","midline","midline anterior",NA,"anterior",932,2.41916745757837,13908
"Differential object marking","Grammatical","midline","midline anterior",NA,"anterior",934,2.66027157031924,13908
"Differential object marking","Grammatical","midline","midline anterior",NA,"anterior",936,2.8911118780558,13908
"Differential object marking","Grammatical","midline","midline anterior",NA,"anterior",938,3.10349762726488,13908
"Differential object marking","Grammatical","midline","midline anterior",NA,"anterior",940,3.29052192982456,13908
"Differential object marking","Grammatical","midline","midline anterior",NA,"anterior",942,3.44849597354041,13908
"Differential object marking","Grammatical","midline","midline anterior",NA,"anterior",944,3.57765703192407,13908
"Differential object marking","Grammatical","midline","midline anterior",NA,"anterior",946,3.68175057520851,13908
"Differential object marking","Grammatical","midline","midline anterior",NA,"anterior",948,3.76578523152143,13908
"Differential object marking","Grammatical","midline","midline anterior",NA,"anterior",950,3.83324777106701,13908
"Differential object marking","Grammatical","midline","midline anterior",NA,"anterior",952,3.88528451251079,13908
"Differential object marking","Grammatical","midline","midline anterior",NA,"anterior",954,3.92255040264596,13908
"Differential object marking","Grammatical","midline","midline anterior",NA,"anterior",956,3.94711036813345,13908
"Differential object marking","Grammatical","midline","midline anterior",NA,"anterior",958,3.96251164797239,13908
"Differential object marking","Grammatical","midline","midline anterior",NA,"anterior",960,3.97202423065861,13908
"Differential object marking","Grammatical","midline","midline anterior",NA,"anterior",962,3.97691357492091,13908
"Differential object marking","Grammatical","midline","midline anterior",NA,"anterior",964,3.97570463042853,13908
"Differential object marking","Grammatical","midline","midline anterior",NA,"anterior",966,3.96519614610296,13908
"Differential object marking","Grammatical","midline","midline anterior",NA,"anterior",968,3.94243902789761,13908
"Differential object marking","Grammatical","midline","midline anterior",NA,"anterior",970,3.90630831176301,13908
"Differential object marking","Grammatical","midline","midline anterior",NA,"anterior",972,3.8567093039977,13908
"Differential object marking","Grammatical","midline","midline anterior",NA,"anterior",974,3.7932924935289,13908
"Differential object marking","Grammatical","midline","midline anterior",NA,"anterior",976,3.71601452401496,13908
"Differential object marking","Grammatical","midline","midline anterior",NA,"anterior",978,3.62604083980443,13908
"Differential object marking","Grammatical","midline","midline anterior",NA,"anterior",980,3.52529637618637,13908
"Differential object marking","Grammatical","midline","midline anterior",NA,"anterior",982,3.4156363244176,13908
"Differential object marking","Grammatical","midline","midline anterior",NA,"anterior",984,3.29885087719298,13908
"Differential object marking","Grammatical","midline","midline anterior",NA,"anterior",986,3.17645498993385,13908
"Differential object marking","Grammatical","midline","midline anterior",NA,"anterior",988,3.04967673281565,13908
"Differential object marking","Grammatical","midline","midline anterior",NA,"anterior",990,2.91933103249928,13908
"Differential object marking","Grammatical","midline","midline anterior",NA,"anterior",992,2.78580342249065,13908
"Differential object marking","Grammatical","midline","midline anterior",NA,"anterior",994,2.64915480299108,13908
"Differential object marking","Grammatical","midline","midline anterior",NA,"anterior",996,2.5092652430256,13908
"Differential object marking","Grammatical","midline","midline anterior",NA,"anterior",998,2.3658277969514,13908
"Differential object marking","Grammatical","midline","midline anterior",NA,"anterior",1000,2.21826898188093,13908
"Differential object marking","Grammatical","midline","midline anterior",NA,"anterior",1002,2.0654356485476,13908
"Differential object marking","Grammatical","midline","midline anterior",NA,"anterior",1004,1.90621922634455,13908
"Differential object marking","Grammatical","midline","midline anterior",NA,"anterior",1006,1.74101258268622,13908
"Differential object marking","Grammatical","midline","midline anterior",NA,"anterior",1008,1.57256837791199,13908
"Differential object marking","Grammatical","midline","midline anterior",NA,"anterior",1010,1.40497763876905,13908
"Differential object marking","Grammatical","midline","midline anterior",NA,"anterior",1012,1.24194923784872,13908
"Differential object marking","Grammatical","midline","midline anterior",NA,"anterior",1014,1.08539919470808,13908
"Differential object marking","Grammatical","midline","midline anterior",NA,"anterior",1016,0.934783865401208,13908
"Differential object marking","Grammatical","midline","midline anterior",NA,"anterior",1018,0.787974475122232,13908
"Differential object marking","Grammatical","midline","midline anterior",NA,"anterior",1020,0.642934713833765,13908
"Differential object marking","Grammatical","midline","midline anterior",NA,"anterior",1022,0.498948375035951,13908
"Differential object marking","Grammatical","midline","midline anterior",NA,"anterior",1024,0.356406384814495,13908
"Differential object marking","Grammatical","midline","midline anterior",NA,"anterior",1026,0.21567924935289,13908
"Differential object marking","Grammatical","midline","midline anterior",NA,"anterior",1028,0.0762617917745182,13908
"Differential object marking","Grammatical","midline","midline anterior",NA,"anterior",1030,-0.0630394736842105,13908
"Differential object marking","Grammatical","midline","midline anterior",NA,"anterior",1032,-0.203260928961749,13908
"Differential object marking","Grammatical","midline","midline anterior",NA,"anterior",1034,-0.344388193845269,13908
"Differential object marking","Grammatical","midline","midline anterior",NA,"anterior",1036,-0.485387978142077,13908
"Differential object marking","Grammatical","midline","midline anterior",NA,"anterior",1038,-0.625054860511936,13908
"Differential object marking","Grammatical","midline","midline anterior",NA,"anterior",1040,-0.762997411561691,13908
"Differential object marking","Grammatical","midline","midline anterior",NA,"anterior",1042,-0.899690178314639,13908
"Differential object marking","Grammatical","midline","midline anterior",NA,"anterior",1044,-1.03564948231234,13908
"Differential object marking","Grammatical","midline","midline anterior",NA,"anterior",1046,-1.17112755248778,13908
"Differential object marking","Grammatical","midline","midline anterior",NA,"anterior",1048,-1.30627782571182,13908
"Differential object marking","Grammatical","midline","midline anterior",NA,"anterior",1050,-1.44099669255105,13908
"Differential object marking","Grammatical","midline","midline anterior",NA,"anterior",1052,-1.57451402070751,13908
"Differential object marking","Grammatical","midline","midline anterior",NA,"anterior",1054,-1.70539308311763,13908
"Differential object marking","Grammatical","midline","midline anterior",NA,"anterior",1056,-1.83182161345988,13908
"Differential object marking","Grammatical","midline","midline anterior",NA,"anterior",1058,-1.95207082254817,13908
"Differential object marking","Grammatical","midline","midline anterior",NA,"anterior",1060,-2.06492759562842,13908
"Differential object marking","Grammatical","midline","midline anterior",NA,"anterior",1062,-2.17000115041703,13908
"Differential object marking","Grammatical","midline","midline anterior",NA,"anterior",1064,-2.26781176301409,13908
"Differential object marking","Grammatical","midline","midline anterior",NA,"anterior",1066,-2.35978746045441,13908
"Differential object marking","Grammatical","midline","midline anterior",NA,"anterior",1068,-2.44748058671268,13908
"Differential object marking","Grammatical","midline","midline anterior",NA,"anterior",1070,-2.5311070606845,13908
"Differential object marking","Grammatical","midline","midline anterior",NA,"anterior",1072,-2.6088949525453,13908
"Differential object marking","Grammatical","midline","midline anterior",NA,"anterior",1074,-2.67737855910267,13908
"Differential object marking","Grammatical","midline","midline anterior",NA,"anterior",1076,-2.7320928242738,13908
"Differential object marking","Grammatical","midline","midline anterior",NA,"anterior",1078,-2.76841415012942,13908
"Differential object marking","Grammatical","midline","midline anterior",NA,"anterior",1080,-2.78296275524878,13908
"Differential object marking","Grammatical","midline","midline anterior",NA,"anterior",1082,-2.7749366551625,13908
"Differential object marking","Grammatical","midline","midline anterior",NA,"anterior",1084,-2.74651869427668,13908
"Differential object marking","Grammatical","midline","midline anterior",NA,"anterior",1086,-2.70231622088007,13908
"Differential object marking","Grammatical","midline","midline anterior",NA,"anterior",1088,-2.64860023008341,13908
"Differential object marking","Grammatical","midline","midline anterior",NA,"anterior",1090,-2.59232118205349,13908
"Differential object marking","Grammatical","midline","midline anterior",NA,"anterior",1092,-2.53883872591314,13908
"Differential object marking","Grammatical","midline","midline anterior",NA,"anterior",1094,-2.48950992234685,13908
"Differential object marking","Grammatical","midline","midline anterior",NA,"anterior",1096,-2.44198123382226,13908
"Differential object marking","Grammatical","midline","midline anterior",NA,"anterior",1098,-2.39304723899914,13908
"Differential object marking","Grammatical","midline","midline medial",NA,"medial",-100,0.858872088006903,13908
"Differential object marking","Grammatical","midline","midline medial",NA,"medial",-98,0.836374173137762,13908
"Differential object marking","Grammatical","midline","midline medial",NA,"medial",-96,0.813679465056083,13908
"Differential object marking","Grammatical","midline","midline medial",NA,"medial",-94,0.79177243313201,13908
"Differential object marking","Grammatical","midline","midline medial",NA,"medial",-92,0.773565358067299,13908
"Differential object marking","Grammatical","midline","midline medial",NA,"medial",-90,0.761492594190394,13908
"Differential object marking","Grammatical","midline","midline medial",NA,"medial",-88,0.75514186079954,13908
"Differential object marking","Grammatical","midline","midline medial",NA,"medial",-86,0.751250790911706,13908
"Differential object marking","Grammatical","midline","midline medial",NA,"medial",-84,0.745715199884958,13908
"Differential object marking","Grammatical","midline","midline medial",NA,"medial",-82,0.735972174288179,13908
"Differential object marking","Grammatical","midline","midline medial",NA,"medial",-80,0.721848288754674,13908
"Differential object marking","Grammatical","midline","midline medial",NA,"medial",-78,0.704580960598217,13908
"Differential object marking","Grammatical","midline","midline medial",NA,"medial",-76,0.685077868852459,13908
"Differential object marking","Grammatical","midline","midline medial",NA,"medial",-74,0.663338438308887,13908
"Differential object marking","Grammatical","midline","midline medial",NA,"medial",-72,0.63929745470233,13908
"Differential object marking","Grammatical","midline","midline medial",NA,"medial",-70,0.613558599367271,13908
"Differential object marking","Grammatical","midline","midline medial",NA,"medial",-68,0.587175870002876,13908
"Differential object marking","Grammatical","midline","midline medial",NA,"medial",-66,0.561333117630141,13908
"Differential object marking","Grammatical","midline","midline medial",NA,"medial",-64,0.537194923784872,13908
"Differential object marking","Grammatical","midline","midline medial",NA,"medial",-62,0.515284224906529,13908
"Differential object marking","Grammatical","midline","midline medial",NA,"medial",-60,0.49495463042853,13908
"Differential object marking","Grammatical","midline","midline medial",NA,"medial",-58,0.474602027610009,13908
"Differential object marking","Grammatical","midline","midline medial",NA,"medial",-56,0.452759203336209,13908
"Differential object marking","Grammatical","midline","midline medial",NA,"medial",-54,0.428938308886972,13908
"Differential object marking","Grammatical","midline","midline medial",NA,"medial",-52,0.404063201035375,13908
"Differential object marking","Grammatical","midline","midline medial",NA,"medial",-50,0.379704127121081,13908
"Differential object marking","Grammatical","midline","midline medial",NA,"medial",-48,0.356536597641645,13908
"Differential object marking","Grammatical","midline","midline medial",NA,"medial",-46,0.333823914293932,13908
"Differential object marking","Grammatical","midline","midline medial",NA,"medial",-44,0.310291846419327,13908
"Differential object marking","Grammatical","midline","midline medial",NA,"medial",-42,0.285121944204774,13908
"Differential object marking","Grammatical","midline","midline medial",NA,"medial",-40,0.25834526890998,13908
"Differential object marking","Grammatical","midline","midline medial",NA,"medial",-38,0.230679033649698,13908
"Differential object marking","Grammatical","midline","midline medial",NA,"medial",-36,0.203200747771067,13908
"Differential object marking","Grammatical","midline","midline medial",NA,"medial",-34,0.176633664078228,13908
"Differential object marking","Grammatical","midline","midline medial",NA,"medial",-32,0.151147325280414,13908
"Differential object marking","Grammatical","midline","midline medial",NA,"medial",-30,0.12711230946218,13908
"Differential object marking","Grammatical","midline","midline medial",NA,"medial",-28,0.106183779119931,13908
"Differential object marking","Grammatical","midline","midline medial",NA,"medial",-26,0.0911107276387691,13908
"Differential object marking","Grammatical","midline","midline medial",NA,"medial",-24,0.0833531061259707,13908
"Differential object marking","Grammatical","midline","midline medial",NA,"medial",-22,0.0808636755823986,13908
"Differential object marking","Grammatical","midline","midline medial",NA,"medial",-20,0.0789439890710383,13908
"Differential object marking","Grammatical","midline","midline medial",NA,"medial",-18,0.0732054213402358,13908
"Differential object marking","Grammatical","midline","midline medial",NA,"medial",-16,0.0615497555363819,13908
"Differential object marking","Grammatical","midline","midline medial",NA,"medial",-14,0.0441820534943917,13908
"Differential object marking","Grammatical","midline","midline medial",NA,"medial",-12,0.0226861518550475,13908
"Differential object marking","Grammatical","midline","midline medial",NA,"medial",-10,-0.00043895599654875,13908
"Differential object marking","Grammatical","midline","midline medial",NA,"medial",-8,-0.0217888265746333,13908
"Differential object marking","Grammatical","midline","midline medial",NA,"medial",-6,-0.0375067587000288,13908
"Differential object marking","Grammatical","midline","midline medial",NA,"medial",-4,-0.0445740580960598,13908
"Differential object marking","Grammatical","midline","midline medial",NA,"medial",-2,-0.0421134598792062,13908
"Differential object marking","Grammatical","midline","midline medial",NA,"medial",0,-0.031940681622088,13908
"Differential object marking","Grammatical","midline","midline medial",NA,"medial",2,-0.0177159907966638,13908
"Differential object marking","Grammatical","midline","midline medial",NA,"medial",4,-0.00317270635605408,13908
"Differential object marking","Grammatical","midline","midline medial",NA,"medial",6,0.0090369571469658,13908
"Differential object marking","Grammatical","midline","midline medial",NA,"medial",8,0.0178296663790624,13908
"Differential object marking","Grammatical","midline","midline medial",NA,"medial",10,0.0239317658901352,13908
"Differential object marking","Grammatical","midline","midline medial",NA,"medial",12,0.0295457290767903,13908
"Differential object marking","Grammatical","midline","midline medial",NA,"medial",14,0.03764725337935,13908
"Differential object marking","Grammatical","midline","midline medial",NA,"medial",16,0.0513265746333046,13908
"Differential object marking","Grammatical","midline","midline medial",NA,"medial",18,0.0731634311187806,13908
"Differential object marking","Grammatical","midline","midline medial",NA,"medial",20,0.104924288179465,13908
"Differential object marking","Grammatical","midline","midline medial",NA,"medial",22,0.147578012654587,13908
"Differential object marking","Grammatical","midline","midline medial",NA,"medial",24,0.200588510209951,13908
"Differential object marking","Grammatical","midline","midline medial",NA,"medial",26,0.260283074489502,13908
"Differential object marking","Grammatical","midline","midline medial",NA,"medial",28,0.319331823410986,13908
"Differential object marking","Grammatical","midline","midline medial",NA,"medial",30,0.369986914006327,13908
"Differential object marking","Grammatical","midline","midline medial",NA,"medial",32,0.408305939027898,13908
"Differential object marking","Grammatical","midline","midline medial",NA,"medial",34,0.435663790624101,13908
"Differential object marking","Grammatical","midline","midline medial",NA,"medial",36,0.456498633879781,13908
"Differential object marking","Grammatical","midline","midline medial",NA,"medial",38,0.475035519125683,13908
"Differential object marking","Grammatical","midline","midline medial",NA,"medial",40,0.493345987920621,13908
"Differential object marking","Grammatical","midline","midline medial",NA,"medial",42,0.511620074777107,13908
"Differential object marking","Grammatical","midline","midline medial",NA,"medial",44,0.528707937877481,13908
"Differential object marking","Grammatical","midline","midline medial",NA,"medial",46,0.542217716422203,13908
"Differential object marking","Grammatical","midline","midline medial",NA,"medial",48,0.549518334771355,13908
"Differential object marking","Grammatical","midline","midline medial",NA,"medial",50,0.549256974403221,13908
"Differential object marking","Grammatical","midline","midline medial",NA,"medial",52,0.541831320103538,13908
"Differential object marking","Grammatical","midline","midline medial",NA,"medial",54,0.528857132585562,13908
"Differential object marking","Grammatical","midline","midline medial",NA,"medial",56,0.512482384239287,13908
"Differential object marking","Grammatical","midline","midline medial",NA,"medial",58,0.494933851020995,13908
"Differential object marking","Grammatical","midline","midline medial",NA,"medial",60,0.478453911417889,13908
"Differential object marking","Grammatical","midline","midline medial",NA,"medial",62,0.465562482024734,13908
"Differential object marking","Grammatical","midline","midline medial",NA,"medial",64,0.458581751509922,13908
"Differential object marking","Grammatical","midline","midline medial",NA,"medial",66,0.458635174000575,13908
"Differential object marking","Grammatical","midline","midline medial",NA,"medial",68,0.465233894161634,13908
"Differential object marking","Grammatical","midline","midline medial",NA,"medial",70,0.477185360943342,13908
"Differential object marking","Grammatical","midline","midline medial",NA,"medial",72,0.493141069887834,13908
"Differential object marking","Grammatical","midline","midline medial",NA,"medial",74,0.510944060972102,13908
"Differential object marking","Grammatical","midline","midline medial",NA,"medial",76,0.52707945067587,13908
"Differential object marking","Grammatical","midline","midline medial",NA,"medial",78,0.537436223756112,13908
"Differential object marking","Grammatical","midline","midline medial",NA,"medial",80,0.539077725050331,13908
"Differential object marking","Grammatical","midline","midline medial",NA,"medial",82,0.53112482024734,13908
"Differential object marking","Grammatical","midline","midline medial",NA,"medial",84,0.514463258556227,13908
"Differential object marking","Grammatical","midline","midline medial",NA,"medial",86,0.491307808455565,13908
"Differential object marking","Grammatical","midline","midline medial",NA,"medial",88,0.464479148691401,13908
"Differential object marking","Grammatical","midline","midline medial",NA,"medial",90,0.435319240724763,13908
"Differential object marking","Grammatical","midline","midline medial",NA,"medial",92,0.402345197008916,13908
"Differential object marking","Grammatical","midline","midline medial",NA,"medial",94,0.362739646246764,13908
"Differential object marking","Grammatical","midline","midline medial",NA,"medial",96,0.314823986194996,13908
"Differential object marking","Grammatical","midline","midline medial",NA,"medial",98,0.258970951970089,13908
"Differential object marking","Grammatical","midline","midline medial",NA,"medial",100,0.196759634742594,13908
"Differential object marking","Grammatical","midline","midline medial",NA,"medial",102,0.130063704342824,13908
"Differential object marking","Grammatical","midline","midline medial",NA,"medial",104,0.0610662927811331,13908
"Differential object marking","Grammatical","midline","midline medial",NA,"medial",106,-0.00817687661777396,13908
"Differential object marking","Grammatical","midline","midline medial",NA,"medial",108,-0.0775023008340524,13908
"Differential object marking","Grammatical","midline","midline medial",NA,"medial",110,-0.149470017256255,13908
"Differential object marking","Grammatical","midline","midline medial",NA,"medial",112,-0.227559318377912,13908
"Differential object marking","Grammatical","midline","midline medial",NA,"medial",114,-0.313591817658901,13908
"Differential object marking","Grammatical","midline","midline medial",NA,"medial",116,-0.407148044291055,13908
"Differential object marking","Grammatical","midline","midline medial",NA,"medial",118,-0.506719801553063,13908
"Differential object marking","Grammatical","midline","midline medial",NA,"medial",120,-0.610492018981881,13908
"Differential object marking","Grammatical","midline","midline medial",NA,"medial",122,-0.716519628990509,13908
"Differential object marking","Grammatical","midline","midline medial",NA,"medial",124,-0.82241393442623,13908
"Differential object marking","Grammatical","midline","midline medial",NA,"medial",126,-0.92494679321254,13908
"Differential object marking","Grammatical","midline","midline medial",NA,"medial",128,-1.01961008052919,13908
"Differential object marking","Grammatical","midline","midline medial",NA,"medial",130,-1.10155557952258,13908
"Differential object marking","Grammatical","midline","midline medial",NA,"medial",132,-1.16698410986483,13908
"Differential object marking","Grammatical","midline","midline medial",NA,"medial",134,-1.21344808743169,13908
"Differential object marking","Grammatical","midline","midline medial",NA,"medial",136,-1.23924345700316,13908
"Differential object marking","Grammatical","midline","midline medial",NA,"medial",138,-1.24305723324705,13908
"Differential object marking","Grammatical","midline","midline medial",NA,"medial",140,-1.22420944779983,13908
"Differential object marking","Grammatical","midline","midline medial",NA,"medial",142,-1.1829374460742,13908
"Differential object marking","Grammatical","midline","midline medial",NA,"medial",144,-1.12035842680472,13908
"Differential object marking","Grammatical","midline","midline medial",NA,"medial",146,-1.03750431406385,13908
"Differential object marking","Grammatical","midline","midline medial",NA,"medial",148,-0.933964049467932,13908
"Differential object marking","Grammatical","midline","midline medial",NA,"medial",150,-0.807885317802703,13908
"Differential object marking","Grammatical","midline","midline medial",NA,"medial",152,-0.657676229508197,13908
"Differential object marking","Grammatical","midline","midline medial",NA,"medial",154,-0.483307808455565,13908
"Differential object marking","Grammatical","midline","midline medial",NA,"medial",156,-0.286219945355191,13908
"Differential object marking","Grammatical","midline","midline medial",NA,"medial",158,-0.0685615473109002,13908
"Differential object marking","Grammatical","midline","midline medial",NA,"medial",160,0.167114538395168,13908
"Differential object marking","Grammatical","midline","midline medial",NA,"medial",162,0.417653364969802,13908
"Differential object marking","Grammatical","midline","midline medial",NA,"medial",164,0.679336353178027,13908
"Differential object marking","Grammatical","midline","midline medial",NA,"medial",166,0.948601811906816,13908
"Differential object marking","Grammatical","midline","midline medial",NA,"medial",168,1.22251337359793,13908
"Differential object marking","Grammatical","midline","midline medial",NA,"medial",170,1.49812352602819,13908
"Differential object marking","Grammatical","midline","midline medial",NA,"medial",172,1.77184893586425,13908
"Differential object marking","Grammatical","midline","midline medial",NA,"medial",174,2.03987899050906,13908
"Differential object marking","Grammatical","midline","midline medial",NA,"medial",176,2.29904493816509,13908
"Differential object marking","Grammatical","midline","midline medial",NA,"medial",178,2.54747871728502,13908
"Differential object marking","Grammatical","midline","midline medial",NA,"medial",180,2.78466566005177,13908
"Differential object marking","Grammatical","midline","midline medial",NA,"medial",182,3.01092191544435,13908
"Differential object marking","Grammatical","midline","midline medial",NA,"medial",184,3.22742285015818,13908
"Differential object marking","Grammatical","midline","midline medial",NA,"medial",186,3.43665243025597,13908
"Differential object marking","Grammatical","midline","midline medial",NA,"medial",188,3.6410058239862,13908
"Differential object marking","Grammatical","midline","midline medial",NA,"medial",190,3.84052178602243,13908
"Differential object marking","Grammatical","midline","midline medial",NA,"medial",192,4.033,13908
"Differential object marking","Grammatical","midline","midline medial",NA,"medial",194,4.21648317515099,13908
"Differential object marking","Grammatical","midline","midline medial",NA,"medial",196,4.39084728213978,13908
"Differential object marking","Grammatical","midline","midline medial",NA,"medial",198,4.55713236985907,13908
"Differential object marking","Grammatical","midline","midline medial",NA,"medial",200,4.71608879781421,13908
"Differential object marking","Grammatical","midline","midline medial",NA,"medial",202,4.8675767903365,13908
"Differential object marking","Grammatical","midline","midline medial",NA,"medial",204,5.01079522576934,13908
"Differential object marking","Grammatical","midline","midline medial",NA,"medial",206,5.14497684785735,13908
"Differential object marking","Grammatical","midline","midline medial",NA,"medial",208,5.26952904802991,13908
"Differential object marking","Grammatical","midline","midline medial",NA,"medial",210,5.38412438884095,13908
"Differential object marking","Grammatical","midline","midline medial",NA,"medial",212,5.48915480299108,13908
"Differential object marking","Grammatical","midline","midline medial",NA,"medial",214,5.58580752085131,13908
"Differential object marking","Grammatical","midline","midline medial",NA,"medial",216,5.67513272936439,13908
"Differential object marking","Grammatical","midline","midline medial",NA,"medial",218,5.75701100086281,13908
"Differential object marking","Grammatical","midline","midline medial",NA,"medial",220,5.83078314639057,13908
"Differential object marking","Grammatical","midline","midline medial",NA,"medial",222,5.89663718723037,13908
"Differential object marking","Grammatical","midline","midline medial",NA,"medial",224,5.95576445211389,13908
"Differential object marking","Grammatical","midline","midline medial",NA,"medial",226,6.00923655450101,13908
"Differential object marking","Grammatical","midline","midline medial",NA,"medial",228,6.05747900488927,13908
"Differential object marking","Grammatical","midline","midline medial",NA,"medial",230,6.10071778832327,13908
"Differential object marking","Grammatical","midline","midline medial",NA,"medial",232,6.1391241012367,13908
"Differential object marking","Grammatical","midline","midline medial",NA,"medial",234,6.1723776962899,13908
"Differential object marking","Grammatical","midline","midline medial",NA,"medial",236,6.1994196146103,13908
"Differential object marking","Grammatical","midline","midline medial",NA,"medial",238,6.21864782858786,13908
"Differential object marking","Grammatical","midline","midline medial",NA,"medial",240,6.2288514524015,13908
"Differential object marking","Grammatical","midline","midline medial",NA,"medial",242,6.22986763014093,13908
"Differential object marking","Grammatical","midline","midline medial",NA,"medial",244,6.22178796376186,13908
"Differential object marking","Grammatical","midline","midline medial",NA,"medial",246,6.20381902502157,13908
"Differential object marking","Grammatical","midline","midline medial",NA,"medial",248,6.17447044866264,13908
"Differential object marking","Grammatical","midline","midline medial",NA,"medial",250,6.13255651423641,13908
"Differential object marking","Grammatical","midline","midline medial",NA,"medial",252,6.07769557089445,13908
"Differential object marking","Grammatical","midline","midline medial",NA,"medial",254,6.00947979580098,13908
"Differential object marking","Grammatical","midline","midline medial",NA,"medial",256,5.92690422778257,13908
"Differential object marking","Grammatical","midline","midline medial",NA,"medial",258,5.82966508484326,13908
"Differential object marking","Grammatical","midline","midline medial",NA,"medial",260,5.72004932413,13908
"Differential object marking","Grammatical","midline","midline medial",NA,"medial",262,5.60219204774231,13908
"Differential object marking","Grammatical","midline","midline medial",NA,"medial",264,5.47957937877481,13908
"Differential object marking","Grammatical","midline","midline medial",NA,"medial",266,5.35326934138625,13908
"Differential object marking","Grammatical","midline","midline medial",NA,"medial",268,5.22257182916307,13908
"Differential object marking","Grammatical","midline","midline medial",NA,"medial",270,5.08707247627265,13908
"Differential object marking","Grammatical","midline","midline medial",NA,"medial",272,4.9480587431694,13908
"Differential object marking","Grammatical","midline","midline medial",NA,"medial",274,4.80794966925511,13908
"Differential object marking","Grammatical","midline","midline medial",NA,"medial",276,4.66897368421053,13908
"Differential object marking","Grammatical","midline","midline medial",NA,"medial",278,4.53251876617774,13908
"Differential object marking","Grammatical","midline","midline medial",NA,"medial",280,4.39913265746333,13908
"Differential object marking","Grammatical","midline","midline medial",NA,"medial",282,4.26859368708657,13908
"Differential object marking","Grammatical","midline","midline medial",NA,"medial",284,4.14044772792637,13908
"Differential object marking","Grammatical","midline","midline medial",NA,"medial",286,4.01412647397181,13908
"Differential object marking","Grammatical","midline","midline medial",NA,"medial",288,3.88864128559103,13908
"Differential object marking","Grammatical","midline","midline medial",NA,"medial",290,3.76304810181191,13908
"Differential object marking","Grammatical","midline","midline medial",NA,"medial",292,3.63710432844406,13908
"Differential object marking","Grammatical","midline","midline medial",NA,"medial",294,3.51103487201611,13908
"Differential object marking","Grammatical","midline","midline medial",NA,"medial",296,3.38506938452689,13908
"Differential object marking","Grammatical","midline","midline medial",NA,"medial",298,3.25978343399482,13908
"Differential object marking","Grammatical","midline","midline medial",NA,"medial",300,3.13639531205062,13908
"Differential object marking","Grammatical","midline","midline medial",NA,"medial",302,3.01599324129997,13908
"Differential object marking","Grammatical","midline","midline medial",NA,"medial",304,2.8985017975266,13908
"Differential object marking","Grammatical","midline","midline medial",NA,"medial",306,2.78303904227783,13908
"Differential object marking","Grammatical","midline","midline medial",NA,"medial",308,2.66909023583549,13908
"Differential object marking","Grammatical","midline","midline medial",NA,"medial",310,2.5571826287029,13908
"Differential object marking","Grammatical","midline","midline medial",NA,"medial",312,2.44877480586713,13908
"Differential object marking","Grammatical","midline","midline medial",NA,"medial",314,2.34583002588438,13908
"Differential object marking","Grammatical","midline","midline medial",NA,"medial",316,2.25103925798102,13908
"Differential object marking","Grammatical","midline","midline medial",NA,"medial",318,2.16808563416739,13908
"Differential object marking","Grammatical","midline","midline medial",NA,"medial",320,2.10038438308887,13908
"Differential object marking","Grammatical","midline","midline medial",NA,"medial",322,2.0487149122807,13908
"Differential object marking","Grammatical","midline","midline medial",NA,"medial",324,2.00987237561116,13908
"Differential object marking","Grammatical","midline","midline medial",NA,"medial",326,1.97732707794075,13908
"Differential object marking","Grammatical","midline","midline medial",NA,"medial",328,1.9438267903365,13908
"Differential object marking","Grammatical","midline","midline medial",NA,"medial",330,1.90492443198159,13908
"Differential object marking","Grammatical","midline","midline medial",NA,"medial",332,1.86132506471096,13908
"Differential object marking","Grammatical","midline","midline medial",NA,"medial",334,1.81780730514812,13908
"Differential object marking","Grammatical","midline","midline medial",NA,"medial",336,1.77993162208801,13908
"Differential object marking","Grammatical","midline","midline medial",NA,"medial",338,1.75175985044579,13908
"Differential object marking","Grammatical","midline","midline medial",NA,"medial",340,1.73571570319241,13908
"Differential object marking","Grammatical","midline","midline medial",NA,"medial",342,1.73266990221455,13908
"Differential object marking","Grammatical","midline","midline medial",NA,"medial",344,1.74108714408973,13908
"Differential object marking","Grammatical","midline","midline medial",NA,"medial",346,1.75614746908254,13908
"Differential object marking","Grammatical","midline","midline medial",NA,"medial",348,1.77091249640495,13908
"Differential object marking","Grammatical","midline","midline medial",NA,"medial",350,1.77898008340523,13908
"Differential object marking","Grammatical","midline","midline medial",NA,"medial",352,1.77657405809606,13908
"Differential object marking","Grammatical","midline","midline medial",NA,"medial",354,1.76279457865976,13908
"Differential object marking","Grammatical","midline","midline medial",NA,"medial",356,1.73885181190682,13908
"Differential object marking","Grammatical","midline","midline medial",NA,"medial",358,1.70718823698591,13908
"Differential object marking","Grammatical","midline","midline medial",NA,"medial",360,1.67116091458154,13908
"Differential object marking","Grammatical","midline","midline medial",NA,"medial",362,1.63487647397181,13908
"Differential object marking","Grammatical","midline","midline medial",NA,"medial",364,1.60274266609146,13908
"Differential object marking","Grammatical","midline","midline medial",NA,"medial",366,1.57827106701179,13908
"Differential object marking","Grammatical","midline","midline medial",NA,"medial",368,1.56260310612597,13908
"Differential object marking","Grammatical","midline","midline medial",NA,"medial",370,1.55363215415588,13908
"Differential object marking","Grammatical","midline","midline medial",NA,"medial",372,1.54730931837791,13908
"Differential object marking","Grammatical","midline","midline medial",NA,"medial",374,1.54038538970377,13908
"Differential object marking","Grammatical","midline","midline medial",NA,"medial",376,1.53211842105263,13908
"Differential object marking","Grammatical","midline","midline medial",NA,"medial",378,1.52410576646534,13908
"Differential object marking","Grammatical","midline","midline medial",NA,"medial",380,1.5184326287029,13908
"Differential object marking","Grammatical","midline","midline medial",NA,"medial",382,1.51480744895024,13908
"Differential object marking","Grammatical","midline","midline medial",NA,"medial",384,1.50962302272074,13908
"Differential object marking","Grammatical","midline","midline medial",NA,"medial",386,1.4982177164222,13908
"Differential object marking","Grammatical","midline","midline medial",NA,"medial",388,1.4783011216566,13908
"Differential object marking","Grammatical","midline","midline medial",NA,"medial",390,1.45108556226632,13908
"Differential object marking","Grammatical","midline","midline medial",NA,"medial",392,1.41965307736555,13908
"Differential object marking","Grammatical","midline","midline medial",NA,"medial",394,1.38701970089157,13908
"Differential object marking","Grammatical","midline","midline medial",NA,"medial",396,1.35522749496693,13908
"Differential object marking","Grammatical","midline","midline medial",NA,"medial",398,1.3247377768191,13908
"Differential object marking","Grammatical","midline","midline medial",NA,"medial",400,1.29428566292781,13908
"Differential object marking","Grammatical","midline","midline medial",NA,"medial",402,1.26170578084556,13908
"Differential object marking","Grammatical","midline","midline medial",NA,"medial",404,1.22532060684498,13908
"Differential object marking","Grammatical","midline","midline medial",NA,"medial",406,1.18501941328732,13908
"Differential object marking","Grammatical","midline","midline medial",NA,"medial",408,1.14257103825137,13908
"Differential object marking","Grammatical","midline","midline medial",NA,"medial",410,1.10100230083405,13908
"Differential object marking","Grammatical","midline","midline medial",NA,"medial",412,1.0636391285591,13908
"Differential object marking","Grammatical","midline","midline medial",NA,"medial",414,1.03272641645096,13908
"Differential object marking","Grammatical","midline","midline medial",NA,"medial",416,1.00816192119643,13908
"Differential object marking","Grammatical","midline","midline medial",NA,"medial",418,0.98789186079954,13908
"Differential object marking","Grammatical","midline","midline medial",NA,"medial",420,0.969735691688237,13908
"Differential object marking","Grammatical","midline","midline medial",NA,"medial",422,0.952741012366983,13908
"Differential object marking","Grammatical","midline","midline medial",NA,"medial",424,0.937050115041703,13908
"Differential object marking","Grammatical","midline","midline medial",NA,"medial",426,0.923301768766178,13908
"Differential object marking","Grammatical","midline","midline medial",NA,"medial",428,0.911961532930687,13908
"Differential object marking","Grammatical","midline","midline medial",NA,"medial",430,0.902470304860512,13908
"Differential object marking","Grammatical","midline","midline medial",NA,"medial",432,0.893278113316077,13908
"Differential object marking","Grammatical","midline","midline medial",NA,"medial",434,0.883751078515962,13908
"Differential object marking","Grammatical","midline","midline medial",NA,"medial",436,0.875551624964049,13908
"Differential object marking","Grammatical","midline","midline medial",NA,"medial",438,0.871579882082255,13908
"Differential object marking","Grammatical","midline","midline medial",NA,"medial",440,0.873330888697153,13908
"Differential object marking","Grammatical","midline","midline medial",NA,"medial",442,0.879175654299684,13908
"Differential object marking","Grammatical","midline","midline medial",NA,"medial",444,0.884808527466207,13908
"Differential object marking","Grammatical","midline","midline medial",NA,"medial",446,0.885266968651136,13908
"Differential object marking","Grammatical","midline","midline medial",NA,"medial",448,0.877162280701754,13908
"Differential object marking","Grammatical","midline","midline medial",NA,"medial",450,0.860483103249928,13908
"Differential object marking","Grammatical","midline","midline medial",NA,"medial",452,0.838885030198447,13908
"Differential object marking","Grammatical","midline","midline medial",NA,"medial",454,0.817820391141789,13908
"Differential object marking","Grammatical","midline","midline medial",NA,"medial",456,0.802016537244751,13908
"Differential object marking","Grammatical","midline","midline medial",NA,"medial",458,0.79384318377912,13908
"Differential object marking","Grammatical","midline","midline medial",NA,"medial",460,0.792917098073051,13908
"Differential object marking","Grammatical","midline","midline medial",NA,"medial",462,0.796660339373023,13908
"Differential object marking","Grammatical","midline","midline medial",NA,"medial",464,0.801623526028185,13908
"Differential object marking","Grammatical","midline","midline medial",NA,"medial",466,0.804701107276388,13908
"Differential object marking","Grammatical","midline","midline medial",NA,"medial",468,0.804023080241588,13908
"Differential object marking","Grammatical","midline","midline medial",NA,"medial",470,0.799903652574058,13908
"Differential object marking","Grammatical","midline","midline medial",NA,"medial",472,0.795356701179177,13908
"Differential object marking","Grammatical","midline","midline medial",NA,"medial",474,0.794540264595916,13908
"Differential object marking","Grammatical","midline","midline medial",NA,"medial",476,0.799883735979293,13908
"Differential object marking","Grammatical","midline","midline medial",NA,"medial",478,0.810856629278113,13908
"Differential object marking","Grammatical","midline","midline medial",NA,"medial",480,0.824879278113316,13908
"Differential object marking","Grammatical","midline","midline medial",NA,"medial",482,0.838470736266897,13908
"Differential object marking","Grammatical","midline","midline medial",NA,"medial",484,0.848233822260569,13908
"Differential object marking","Grammatical","midline","midline medial",NA,"medial",486,0.852420046016681,13908
"Differential object marking","Grammatical","midline","midline medial",NA,"medial",488,0.851726488352028,13908
"Differential object marking","Grammatical","midline","midline medial",NA,"medial",490,0.848067371297095,13908
"Differential object marking","Grammatical","midline","midline medial",NA,"medial",492,0.842695067587,13908
"Differential object marking","Grammatical","midline","midline medial",NA,"medial",494,0.835459016393443,13908
"Differential object marking","Grammatical","midline","midline medial",NA,"medial",496,0.825542709232097,13908
"Differential object marking","Grammatical","midline","midline medial",NA,"medial",498,0.812958297382801,13908
"Differential object marking","Grammatical","midline","midline medial",NA,"medial",500,0.799506327293644,13908
"Differential object marking","Grammatical","midline","midline medial",NA,"medial",502,0.788639991371872,13908
"Differential object marking","Grammatical","midline","midline medial",NA,"medial",504,0.784240580960598,13908
"Differential object marking","Grammatical","midline","midline medial",NA,"medial",506,0.789056658038539,13908
"Differential object marking","Grammatical","midline","midline medial",NA,"medial",508,0.803194348576359,13908
"Differential object marking","Grammatical","midline","midline medial",NA,"medial",510,0.824219873454127,13908
"Differential object marking","Grammatical","midline","midline medial",NA,"medial",512,0.848948590739143,13908
"Differential object marking","Grammatical","midline","midline medial",NA,"medial",514,0.87543219729652,13908
"Differential object marking","Grammatical","midline","midline medial",NA,"medial",516,0.903221095772217,13908
"Differential object marking","Grammatical","midline","midline medial",NA,"medial",518,0.932223684210526,13908
"Differential object marking","Grammatical","midline","midline medial",NA,"medial",520,0.96129242162784,13908
"Differential object marking","Grammatical","midline","midline medial",NA,"medial",522,0.988422490652862,13908
"Differential object marking","Grammatical","midline","midline medial",NA,"medial",524,1.01218938740293,13908
"Differential object marking","Grammatical","midline","midline medial",NA,"medial",526,1.03260835490365,13908
"Differential object marking","Grammatical","midline","midline medial",NA,"medial",528,1.05049475122232,13908
"Differential object marking","Grammatical","midline","midline medial",NA,"medial",530,1.06678997699166,13908
"Differential object marking","Grammatical","midline","midline medial",NA,"medial",532,1.08257492090883,13908
"Differential object marking","Grammatical","midline","midline medial",NA,"medial",534,1.09884260857061,13908
"Differential object marking","Grammatical","midline","midline medial",NA,"medial",536,1.11585907391429,13908
"Differential object marking","Grammatical","midline","midline medial",NA,"medial",538,1.1333077365545,13908
"Differential object marking","Grammatical","midline","midline medial",NA,"medial",540,1.151145743457,13908
"Differential object marking","Grammatical","midline","midline medial",NA,"medial",542,1.16909268047167,13908
"Differential object marking","Grammatical","midline","midline medial",NA,"medial",544,1.18545125107852,13908
"Differential object marking","Grammatical","midline","midline medial",NA,"medial",546,1.19805637043428,13908
"Differential object marking","Grammatical","midline","midline medial",NA,"medial",548,1.20705701754386,13908
"Differential object marking","Grammatical","midline","midline medial",NA,"medial",550,1.21617968075928,13908
"Differential object marking","Grammatical","midline","midline medial",NA,"medial",552,1.2307405809606,13908
"Differential object marking","Grammatical","midline","midline medial",NA,"medial",554,1.25452969513949,13908
"Differential object marking","Grammatical","midline","midline medial",NA,"medial",556,1.28829989933851,13908
"Differential object marking","Grammatical","midline","midline medial",NA,"medial",558,1.33016048317515,13908
"Differential object marking","Grammatical","midline","midline medial",NA,"medial",560,1.37626826287029,13908
"Differential object marking","Grammatical","midline","midline medial",NA,"medial",562,1.42230946218004,13908
"Differential object marking","Grammatical","midline","midline medial",NA,"medial",564,1.46562784009203,13908
"Differential object marking","Grammatical","midline","midline medial",NA,"medial",566,1.50606298533218,13908
"Differential object marking","Grammatical","midline","midline medial",NA,"medial",568,1.54426107276388,13908
"Differential object marking","Grammatical","midline","midline medial",NA,"medial",570,1.57978386540121,13908
"Differential object marking","Grammatical","midline","midline medial",NA,"medial",572,1.61110411274087,13908
"Differential object marking","Grammatical","midline","midline medial",NA,"medial",574,1.63696239574346,13908
"Differential object marking","Grammatical","midline","midline medial",NA,"medial",576,1.65728400920334,13908
"Differential object marking","Grammatical","midline","midline medial",NA,"medial",578,1.67336072763877,13908
"Differential object marking","Grammatical","midline","midline medial",NA,"medial",580,1.68730356629278,13908
"Differential object marking","Grammatical","midline","midline medial",NA,"medial",582,1.70071426517112,13908
"Differential object marking","Grammatical","midline","midline medial",NA,"medial",584,1.71366666666667,13908
"Differential object marking","Grammatical","midline","midline medial",NA,"medial",586,1.7251752228933,13908
"Differential object marking","Grammatical","midline","midline medial",NA,"medial",588,1.7337347569744,13908
"Differential object marking","Grammatical","midline","midline medial",NA,"medial",590,1.73726962899051,13908
"Differential object marking","Grammatical","midline","midline medial",NA,"medial",592,1.7337632297958,13908
"Differential object marking","Grammatical","midline","midline medial",NA,"medial",594,1.72262417313776,13908
"Differential object marking","Grammatical","midline","midline medial",NA,"medial",596,1.70533477135462,13908
"Differential object marking","Grammatical","midline","midline medial",NA,"medial",598,1.68503070175439,13908
"Differential object marking","Grammatical","midline","midline medial",NA,"medial",600,1.66518550474547,13908
"Differential object marking","Grammatical","midline","midline medial",NA,"medial",602,1.64819463618062,13908
"Differential object marking","Grammatical","midline","midline medial",NA,"medial",604,1.63488761863676,13908
"Differential object marking","Grammatical","midline","midline medial",NA,"medial",606,1.62493047167098,13908
"Differential object marking","Grammatical","midline","midline medial",NA,"medial",608,1.61711691113028,13908
"Differential object marking","Grammatical","midline","midline medial",NA,"medial",610,1.60961511360368,13908
"Differential object marking","Grammatical","midline","midline medial",NA,"medial",612,1.60075977854472,13908
"Differential object marking","Grammatical","midline","midline medial",NA,"medial",614,1.5899193989071,13908
"Differential object marking","Grammatical","midline","midline medial",NA,"medial",616,1.5777100949094,13908
"Differential object marking","Grammatical","midline","midline medial",NA,"medial",618,1.56547490652862,13908
"Differential object marking","Grammatical","midline","midline medial",NA,"medial",620,1.55413006902502,13908
"Differential object marking","Grammatical","midline","midline medial",NA,"medial",622,1.54342867414438,13908
"Differential object marking","Grammatical","midline","midline medial",NA,"medial",624,1.53241601955709,13908
"Differential object marking","Grammatical","midline","midline medial",NA,"medial",626,1.52086123094622,13908
"Differential object marking","Grammatical","midline","midline medial",NA,"medial",628,1.50981305723325,13908
"Differential object marking","Grammatical","midline","midline medial",NA,"medial",630,1.50067781133161,13908
"Differential object marking","Grammatical","midline","midline medial",NA,"medial",632,1.49406499856198,13908
"Differential object marking","Grammatical","midline","midline medial",NA,"medial",634,1.49024920908829,13908
"Differential object marking","Grammatical","midline","midline medial",NA,"medial",636,1.49037057808456,13908
"Differential object marking","Grammatical","midline","midline medial",NA,"medial",638,1.49620232959448,13908
"Differential object marking","Grammatical","midline","midline medial",NA,"medial",640,1.50850467356917,13908
"Differential object marking","Grammatical","midline","midline medial",NA,"medial",642,1.52593723037101,13908
"Differential object marking","Grammatical","midline","midline medial",NA,"medial",644,1.54508678458441,13908
"Differential object marking","Grammatical","midline","midline medial",NA,"medial",646,1.56117874604544,13908
"Differential object marking","Grammatical","midline","midline medial",NA,"medial",648,1.56963560540696,13908
"Differential object marking","Grammatical","midline","midline medial",NA,"medial",650,1.5682756686799,13908
"Differential object marking","Grammatical","midline","midline medial",NA,"medial",652,1.55893370721887,13908
"Differential object marking","Grammatical","midline","midline medial",NA,"medial",654,1.54665307736554,13908
"Differential object marking","Grammatical","midline","midline medial",NA,"medial",656,1.53661432269198,13908
"Differential object marking","Grammatical","midline","midline medial",NA,"medial",658,1.53161115904515,13908
"Differential object marking","Grammatical","midline","midline medial",NA,"medial",660,1.53214962611447,13908
"Differential object marking","Grammatical","midline","midline medial",NA,"medial",662,1.53769535519126,13908
"Differential object marking","Grammatical","midline","midline medial",NA,"medial",664,1.54745693126258,13908
"Differential object marking","Grammatical","midline","midline medial",NA,"medial",666,1.56060928961749,13908
"Differential object marking","Grammatical","midline","midline medial",NA,"medial",668,1.57643471383376,13908
"Differential object marking","Grammatical","midline","midline medial",NA,"medial",670,1.5939023583549,13908
"Differential object marking","Grammatical","midline","midline medial",NA,"medial",672,1.6112273511648,13908
"Differential object marking","Grammatical","midline","midline medial",NA,"medial",674,1.62620427092321,13908
"Differential object marking","Grammatical","midline","midline medial",NA,"medial",676,1.6368514524015,13908
"Differential object marking","Grammatical","midline","midline medial",NA,"medial",678,1.64128213977567,13908
"Differential object marking","Grammatical","midline","midline medial",NA,"medial",680,1.63725352315214,13908
"Differential object marking","Grammatical","midline","midline medial",NA,"medial",682,1.62302343974691,13908
"Differential object marking","Grammatical","midline","midline medial",NA,"medial",684,1.59881564567156,13908
"Differential object marking","Grammatical","midline","midline medial",NA,"medial",686,1.56773001150417,13908
"Differential object marking","Grammatical","midline","midline medial",NA,"medial",688,1.53511353178027,13908
"Differential object marking","Grammatical","midline","midline medial",NA,"medial",690,1.50636381938453,13908
"Differential object marking","Grammatical","midline","midline medial",NA,"medial",692,1.48478364969802,13908
"Differential object marking","Grammatical","midline","midline medial",NA,"medial",694,1.47098080241588,13908
"Differential object marking","Grammatical","midline","midline medial",NA,"medial",696,1.46370995110728,13908
"Differential object marking","Grammatical","midline","midline medial",NA,"medial",698,1.46134936727064,13908
"Differential object marking","Grammatical","midline","midline medial",NA,"medial",700,1.46291127408686,13908
"Differential object marking","Grammatical","midline","midline medial",NA,"medial",702,1.46839624676445,13908
"Differential object marking","Grammatical","midline","midline medial",NA,"medial",704,1.47843507333909,13908
"Differential object marking","Grammatical","midline","midline medial",NA,"medial",706,1.49350237273512,13908
"Differential object marking","Grammatical","midline","midline medial",NA,"medial",708,1.51322181478286,13908
"Differential object marking","Grammatical","midline","midline medial",NA,"medial",710,1.5360663646822,13908
"Differential object marking","Grammatical","midline","midline medial",NA,"medial",712,1.55925913143515,13908
"Differential object marking","Grammatical","midline","midline medial",NA,"medial",714,1.57936755823986,13908
"Differential object marking","Grammatical","midline","midline medial",NA,"medial",716,1.59336389128559,13908
"Differential object marking","Grammatical","midline","midline medial",NA,"medial",718,1.5989621081392,13908
"Differential object marking","Grammatical","midline","midline medial",NA,"medial",720,1.59448863963187,13908
"Differential object marking","Grammatical","midline","midline medial",NA,"medial",722,1.5797868852459,13908
"Differential object marking","Grammatical","midline","midline medial",NA,"medial",724,1.55743097497843,13908
"Differential object marking","Grammatical","midline","midline medial",NA,"medial",726,1.53240379637619,13908
"Differential object marking","Grammatical","midline","midline medial",NA,"medial",728,1.50995146678171,13908
"Differential object marking","Grammatical","midline","midline medial",NA,"medial",730,1.4933267903365,13908
"Differential object marking","Grammatical","midline","midline medial",NA,"medial",732,1.48300474547023,13908
"Differential object marking","Grammatical","midline","midline medial",NA,"medial",734,1.47780025884383,13908
"Differential object marking","Grammatical","midline","midline medial",NA,"medial",736,1.47639782858786,13908
"Differential object marking","Grammatical","midline","midline medial",NA,"medial",738,1.47791702617199,13908
"Differential object marking","Grammatical","midline","midline medial",NA,"medial",740,1.48190480299108,13908
"Differential object marking","Grammatical","midline","midline medial",NA,"medial",742,1.48821419327006,13908
"Differential object marking","Grammatical","midline","midline medial",NA,"medial",744,1.49607585562266,13908
"Differential object marking","Grammatical","midline","midline medial",NA,"medial",746,1.50359807305148,13908
"Differential object marking","Grammatical","midline","midline medial",NA,"medial",748,1.50886813344838,13908
"Differential object marking","Grammatical","midline","midline medial",NA,"medial",750,1.51143248490078,13908
"Differential object marking","Grammatical","midline","midline medial",NA,"medial",752,1.51257067874605,13908
"Differential object marking","Grammatical","midline","midline medial",NA,"medial",754,1.51423684210526,13908
"Differential object marking","Grammatical","midline","midline medial",NA,"medial",756,1.51812863100374,13908
"Differential object marking","Grammatical","midline","midline medial",NA,"medial",758,1.52559677883233,13908
"Differential object marking","Grammatical","midline","midline medial",NA,"medial",760,1.53749920908829,13908
"Differential object marking","Grammatical","midline","midline medial",NA,"medial",762,1.5535890135174,13908
"Differential object marking","Grammatical","midline","midline medial",NA,"medial",764,1.57210828300259,13908
"Differential object marking","Grammatical","midline","midline medial",NA,"medial",766,1.59032873166523,13908
"Differential object marking","Grammatical","midline","midline medial",NA,"medial",768,1.60566357492091,13908
"Differential object marking","Grammatical","midline","midline medial",NA,"medial",770,1.6163741012367,13908
"Differential object marking","Grammatical","midline","midline medial",NA,"medial",772,1.62186777394305,13908
"Differential object marking","Grammatical","midline","midline medial",NA,"medial",774,1.62275956284153,13908
"Differential object marking","Grammatical","midline","midline medial",NA,"medial",776,1.62001862237561,13908
"Differential object marking","Grammatical","midline","midline medial",NA,"medial",778,1.61374705205637,13908
"Differential object marking","Grammatical","midline","midline medial",NA,"medial",780,1.60378875467357,13908
"Differential object marking","Grammatical","midline","midline medial",NA,"medial",782,1.59166084268047,13908
"Differential object marking","Grammatical","midline","midline medial",NA,"medial",784,1.58036180615473,13908
"Differential object marking","Grammatical","midline","midline medial",NA,"medial",786,1.571895743457,13908
"Differential object marking","Grammatical","midline","midline medial",NA,"medial",788,1.56546282714984,13908
"Differential object marking","Grammatical","midline","midline medial",NA,"medial",790,1.5586978717285,13908
"Differential object marking","Grammatical","midline","midline medial",NA,"medial",792,1.55031542996836,13908
"Differential object marking","Grammatical","midline","midline medial",NA,"medial",794,1.54140487489215,13908
"Differential object marking","Grammatical","midline","midline medial",NA,"medial",796,1.53478386540121,13908
"Differential object marking","Grammatical","midline","midline medial",NA,"medial",798,1.53334872016106,13908
"Differential object marking","Grammatical","midline","midline medial",NA,"medial",800,1.53867845844119,13908
"Differential object marking","Grammatical","midline","midline medial",NA,"medial",802,1.55047771067012,13908
"Differential object marking","Grammatical","midline","midline medial",NA,"medial",804,1.566640135174,13908
"Differential object marking","Grammatical","midline","midline medial",NA,"medial",806,1.58340408398044,13908
"Differential object marking","Grammatical","midline","midline medial",NA,"medial",808,1.59616163359218,13908
"Differential object marking","Grammatical","midline","midline medial",NA,"medial",810,1.60094442047742,13908
"Differential object marking","Grammatical","midline","midline medial",NA,"medial",812,1.59567263445499,13908
"Differential object marking","Grammatical","midline","midline medial",NA,"medial",814,1.58055507621513,13908
"Differential object marking","Grammatical","midline","midline medial",NA,"medial",816,1.55713042853034,13908
"Differential object marking","Grammatical","midline","midline medial",NA,"medial",818,1.52674906528617,13908
"Differential object marking","Grammatical","midline","midline medial",NA,"medial",820,1.49033649698016,13908
"Differential object marking","Grammatical","midline","midline medial",NA,"medial",822,1.44932506471096,13908
"Differential object marking","Grammatical","midline","midline medial",NA,"medial",824,1.40604709519701,13908
"Differential object marking","Grammatical","midline","midline medial",NA,"medial",826,1.36347289329882,13908
"Differential object marking","Grammatical","midline","midline medial",NA,"medial",828,1.3247347569744,13908
"Differential object marking","Grammatical","midline","midline medial",NA,"medial",830,1.29225050330745,13908
"Differential object marking","Grammatical","midline","midline medial",NA,"medial",832,1.26709009203336,13908
"Differential object marking","Grammatical","midline","midline medial",NA,"medial",834,1.24922677595628,13908
"Differential object marking","Grammatical","midline","midline medial",NA,"medial",836,1.23786101524303,13908
"Differential object marking","Grammatical","midline","midline medial",NA,"medial",838,1.23153997699166,13908
"Differential object marking","Grammatical","midline","midline medial",NA,"medial",840,1.22833692838654,13908
"Differential object marking","Grammatical","midline","midline medial",NA,"medial",842,1.22606794650561,13908
"Differential object marking","Grammatical","midline","midline medial",NA,"medial",844,1.22245542134024,13908
"Differential object marking","Grammatical","midline","midline medial",NA,"medial",846,1.21489257981018,13908
"Differential object marking","Grammatical","midline","midline medial",NA,"medial",848,1.20002228932988,13908
"Differential object marking","Grammatical","midline","midline medial",NA,"medial",850,1.17366415012942,13908
"Differential object marking","Grammatical","midline","midline medial",NA,"medial",852,1.13145355191257,13908
"Differential object marking","Grammatical","midline","midline medial",NA,"medial",854,1.06959210526316,13908
"Differential object marking","Grammatical","midline","midline medial",NA,"medial",856,0.986317011791775,13908
"Differential object marking","Grammatical","midline","midline medial",NA,"medial",858,0.883073410986483,13908
"Differential object marking","Grammatical","midline","midline medial",NA,"medial",860,0.763895096347426,13908
"Differential object marking","Grammatical","midline","midline medial",NA,"medial",862,0.633764164509635,13908
"Differential object marking","Grammatical","midline","midline medial",NA,"medial",864,0.497109792924935,13908
"Differential object marking","Grammatical","midline","midline medial",NA,"medial",866,0.357566724187518,13908
"Differential object marking","Grammatical","midline","midline medial",NA,"medial",868,0.218933275812482,13908
"Differential object marking","Grammatical","midline","midline medial",NA,"medial",870,0.0858083836640782,13908
"Differential object marking","Grammatical","midline","midline medial",NA,"medial",872,-0.0374105550762151,13908
"Differential object marking","Grammatical","midline","midline medial",NA,"medial",874,-0.147853106125971,13908
"Differential object marking","Grammatical","midline","midline medial",NA,"medial",876,-0.244232456140351,13908
"Differential object marking","Grammatical","midline","midline medial",NA,"medial",878,-0.326010209951107,13908
"Differential object marking","Grammatical","midline","midline medial",NA,"medial",880,-0.392884958297383,13908
"Differential object marking","Grammatical","midline","midline medial",NA,"medial",882,-0.44491551624964,13908
"Differential object marking","Grammatical","midline","midline medial",NA,"medial",884,-0.482542134023584,13908
"Differential object marking","Grammatical","midline","midline medial",NA,"medial",886,-0.50656032499281,13908
"Differential object marking","Grammatical","midline","midline medial",NA,"medial",888,-0.518138769053782,13908
"Differential object marking","Grammatical","midline","midline medial",NA,"medial",890,-0.518823914293932,13908
"Differential object marking","Grammatical","midline","midline medial",NA,"medial",892,-0.509487057808456,13908
"Differential object marking","Grammatical","midline","midline medial",NA,"medial",894,-0.489087863100374,13908
"Differential object marking","Grammatical","midline","midline medial",NA,"medial",896,-0.455028832326718,13908
"Differential object marking","Grammatical","midline","midline medial",NA,"medial",898,-0.404810756399195,13908
"Differential object marking","Grammatical","midline","midline medial",NA,"medial",900,-0.337132369859074,13908
"Differential object marking","Grammatical","midline","midline medial",NA,"medial",902,-0.251622159907967,13908
"Differential object marking","Grammatical","midline","midline medial",NA,"medial",904,-0.148220017256255,13908
"Differential object marking","Grammatical","midline","midline medial",NA,"medial",906,-0.0274116335921772,13908
"Differential object marking","Grammatical","midline","midline medial",NA,"medial",908,0.109317515099223,13908
"Differential object marking","Grammatical","midline","midline medial",NA,"medial",910,0.259266609145815,13908
"Differential object marking","Grammatical","midline","midline medial",NA,"medial",912,0.41891012366983,13908
"Differential object marking","Grammatical","midline","midline medial",NA,"medial",914,0.584527322404372,13908
"Differential object marking","Grammatical","midline","midline medial",NA,"medial",916,0.752898907103825,13908
"Differential object marking","Grammatical","midline","midline medial",NA,"medial",918,0.922270204199022,13908
"Differential object marking","Grammatical","midline","midline medial",NA,"medial",920,1.09310051768766,13908
"Differential object marking","Grammatical","midline","midline medial",NA,"medial",922,1.26762740868565,13908
"Differential object marking","Grammatical","midline","midline medial",NA,"medial",924,1.44851718435433,13908
"Differential object marking","Grammatical","midline","midline medial",NA,"medial",926,1.63755557952258,13908
"Differential object marking","Grammatical","midline","midline medial",NA,"medial",928,1.83432484900777,13908
"Differential object marking","Grammatical","midline","midline medial",NA,"medial",930,2.03588560540696,13908
"Differential object marking","Grammatical","midline","midline medial",NA,"medial",932,2.23785907391429,13908
"Differential object marking","Grammatical","midline","midline medial",NA,"medial",934,2.43523648259994,13908
"Differential object marking","Grammatical","midline","midline medial",NA,"medial",936,2.62236453839517,13908
"Differential object marking","Grammatical","midline","midline medial",NA,"medial",938,2.79386209375899,13908
"Differential object marking","Grammatical","midline","midline medial",NA,"medial",940,2.94619053781996,13908
"Differential object marking","Grammatical","midline","midline medial",NA,"medial",942,3.07839912280702,13908
"Differential object marking","Grammatical","midline","midline medial",NA,"medial",944,3.19204227782571,13908
"Differential object marking","Grammatical","midline","midline medial",NA,"medial",946,3.29070125107852,13908
"Differential object marking","Grammatical","midline","midline medial",NA,"medial",948,3.37814746908254,13908
"Differential object marking","Grammatical","midline","midline medial",NA,"medial",950,3.45613395168248,13908
"Differential object marking","Grammatical","midline","midline medial",NA,"medial",952,3.52401337359793,13908
"Differential object marking","Grammatical","midline","midline medial",NA,"medial",954,3.58064502444636,13908
"Differential object marking","Grammatical","midline","midline medial",NA,"medial",956,3.62649849007765,13908
"Differential object marking","Grammatical","midline","midline medial",NA,"medial",958,3.66393593615186,13908
"Differential object marking","Grammatical","midline","midline medial",NA,"medial",960,3.69559275237274,13908
"Differential object marking","Grammatical","midline","midline medial",NA,"medial",962,3.72232492090883,13908
"Differential object marking","Grammatical","midline","midline medial",NA,"medial",964,3.7424953983319,13908
"Differential object marking","Grammatical","midline","midline medial",NA,"medial",966,3.75304508196721,13908
"Differential object marking","Grammatical","midline","midline medial",NA,"medial",968,3.75147030486051,13908
"Differential object marking","Grammatical","midline","midline medial",NA,"medial",970,3.73678465631291,13908
"Differential object marking","Grammatical","midline","midline medial",NA,"medial",972,3.70870800977854,13908
"Differential object marking","Grammatical","midline","midline medial",NA,"medial",974,3.66696886683923,13908
"Differential object marking","Grammatical","midline","midline medial",NA,"medial",976,3.61217464768479,13908
"Differential object marking","Grammatical","midline","midline medial",NA,"medial",978,3.54622548173713,13908
"Differential object marking","Grammatical","midline","midline medial",NA,"medial",980,3.47140501869428,13908
"Differential object marking","Grammatical","midline","midline medial",NA,"medial",982,3.38985720448663,13908
"Differential object marking","Grammatical","midline","midline medial",NA,"medial",984,3.30360303422491,13908
"Differential object marking","Grammatical","midline","midline medial",NA,"medial",986,3.21402689099799,13908
"Differential object marking","Grammatical","midline","midline medial",NA,"medial",988,3.12136806154731,13908
"Differential object marking","Grammatical","midline","midline medial",NA,"medial",990,3.02500215703192,13908
"Differential object marking","Grammatical","midline","midline medial",NA,"medial",992,2.92380363819385,13908
"Differential object marking","Grammatical","midline","midline medial",NA,"medial",994,2.816445067587,13908
"Differential object marking","Grammatical","midline","midline medial",NA,"medial",996,2.70180637043428,13908
"Differential object marking","Grammatical","midline","midline medial",NA,"medial",998,2.57947993960311,13908
"Differential object marking","Grammatical","midline","midline medial",NA,"medial",1000,2.4496742162784,13908
"Differential object marking","Grammatical","midline","midline medial",NA,"medial",1002,2.31269751222318,13908
"Differential object marking","Grammatical","midline","midline medial",NA,"medial",1004,2.16883786310037,13908
"Differential object marking","Grammatical","midline","midline medial",NA,"medial",1006,2.01928882657463,13908
"Differential object marking","Grammatical","midline","midline medial",NA,"medial",1008,1.86688143514524,13908
"Differential object marking","Grammatical","midline","midline medial",NA,"medial",1010,1.7155900201323,13908
"Differential object marking","Grammatical","midline","midline medial",NA,"medial",1012,1.56934188955997,13908
"Differential object marking","Grammatical","midline","midline medial",NA,"medial",1014,1.43064408973253,13908
"Differential object marking","Grammatical","midline","midline medial",NA,"medial",1016,1.29966681046879,13908
"Differential object marking","Grammatical","midline","midline medial",NA,"medial",1018,1.17447361230946,13908
"Differential object marking","Grammatical","midline","midline medial",NA,"medial",1020,1.05216177739431,13908
"Differential object marking","Grammatical","midline","midline medial",NA,"medial",1022,0.930392507909117,13908
"Differential object marking","Grammatical","midline","midline medial",NA,"medial",1024,0.80800208513086,13908
"Differential object marking","Grammatical","midline","midline medial",NA,"medial",1026,0.68482111015243,13908
"Differential object marking","Grammatical","midline","midline medial",NA,"medial",1028,0.561028616623526,13908
"Differential object marking","Grammatical","midline","midline medial",NA,"medial",1030,0.436769700891573,13908
"Differential object marking","Grammatical","midline","midline medial",NA,"medial",1032,0.312367486338798,13908
"Differential object marking","Grammatical","midline","midline medial",NA,"medial",1034,0.188840307736554,13908
"Differential object marking","Grammatical","midline","midline medial",NA,"medial",1036,0.0674636180615473,13908
"Differential object marking","Grammatical","midline","midline medial",NA,"medial",1038,-0.0515207794075352,13908
"Differential object marking","Grammatical","midline","midline medial",NA,"medial",1040,-0.169714480874317,13908
"Differential object marking","Grammatical","midline","midline medial",NA,"medial",1042,-0.289791486914006,13908
"Differential object marking","Grammatical","midline","midline medial",NA,"medial",1044,-0.413467069312626,13908
"Differential object marking","Grammatical","midline","midline medial",NA,"medial",1046,-0.540411489790049,13908
"Differential object marking","Grammatical","midline","midline medial",NA,"medial",1048,-0.668715631291343,13908
"Differential object marking","Grammatical","midline","midline medial",NA,"medial",1050,-0.795601452401496,13908
"Differential object marking","Grammatical","midline","midline medial",NA,"medial",1052,-0.917980227207363,13908
"Differential object marking","Grammatical","midline","midline medial",NA,"medial",1054,-1.03295355191257,13908
"Differential object marking","Grammatical","midline","midline medial",NA,"medial",1056,-1.13857254817371,13908
"Differential object marking","Grammatical","midline","midline medial",NA,"medial",1058,-1.23436489790049,13908
"Differential object marking","Grammatical","midline","midline medial",NA,"medial",1060,-1.32133484325568,13908
"Differential object marking","Grammatical","midline","midline medial",NA,"medial",1062,-1.40135253091746,13908
"Differential object marking","Grammatical","midline","midline medial",NA,"medial",1064,-1.47639603106126,13908
"Differential object marking","Grammatical","midline","midline medial",NA,"medial",1066,-1.54870391141789,13908
"Differential object marking","Grammatical","midline","midline medial",NA,"medial",1068,-1.6205625539258,13908
"Differential object marking","Grammatical","midline","midline medial",NA,"medial",1070,-1.69293773367846,13908
"Differential object marking","Grammatical","midline","midline medial",NA,"medial",1072,-1.76432736554501,13908
"Differential object marking","Grammatical","midline","midline medial",NA,"medial",1074,-1.83109965487489,13908
"Differential object marking","Grammatical","midline","midline medial",NA,"medial",1076,-1.88872799827437,13908
"Differential object marking","Grammatical","midline","midline medial",NA,"medial",1078,-1.93317011791775,13908
"Differential object marking","Grammatical","midline","midline medial",NA,"medial",1080,-1.96213100373886,13908
"Differential object marking","Grammatical","midline","midline medial",NA,"medial",1082,-1.97577041990221,13908
"Differential object marking","Grammatical","midline","midline medial",NA,"medial",1084,-1.97629867702042,13908
"Differential object marking","Grammatical","midline","midline medial",NA,"medial",1086,-1.96689703767616,13908
"Differential object marking","Grammatical","midline","midline medial",NA,"medial",1088,-1.95114106988783,13908
"Differential object marking","Grammatical","midline","midline medial",NA,"medial",1090,-1.93260289042278,13908
"Differential object marking","Grammatical","midline","midline medial",NA,"medial",1092,-1.91365545010066,13908
"Differential object marking","Grammatical","midline","midline medial",NA,"medial",1094,-1.89416228070175,13908
"Differential object marking","Grammatical","midline","midline medial",NA,"medial",1096,-1.87187366983031,13908
"Differential object marking","Grammatical","midline","midline medial",NA,"medial",1098,-1.84453710094909,13908
"Differential object marking","Grammatical","midline","midline posterior",NA,"posterior",-100,0.568000215703192,9272
"Differential object marking","Grammatical","midline","midline posterior",NA,"posterior",-98,0.558035591026747,9272
"Differential object marking","Grammatical","midline","midline posterior",NA,"posterior",-96,0.545866156169111,9272
"Differential object marking","Grammatical","midline","midline posterior",NA,"posterior",-94,0.531709987057808,9272
"Differential object marking","Grammatical","midline","midline posterior",NA,"posterior",-92,0.517795944779983,9272
"Differential object marking","Grammatical","midline","midline posterior",NA,"posterior",-90,0.505917169974116,9272
"Differential object marking","Grammatical","midline","midline posterior",NA,"posterior",-88,0.49520114322692,9272
"Differential object marking","Grammatical","midline","midline posterior",NA,"posterior",-86,0.482169434857636,9272
"Differential object marking","Grammatical","midline","midline posterior",NA,"posterior",-84,0.462958045729077,9272
"Differential object marking","Grammatical","midline","midline posterior",NA,"posterior",-82,0.43571904659189,9272
"Differential object marking","Grammatical","midline","midline posterior",NA,"posterior",-80,0.401394952545298,9272
"Differential object marking","Grammatical","midline","midline posterior",NA,"posterior",-78,0.362636432269198,9272
"Differential object marking","Grammatical","midline","midline posterior",NA,"posterior",-76,0.322100194132873,9272
"Differential object marking","Grammatical","midline","midline posterior",NA,"posterior",-74,0.281522001725626,9272
"Differential object marking","Grammatical","midline","midline posterior",NA,"posterior",-72,0.241790444348576,9272
"Differential object marking","Grammatical","midline","midline posterior",NA,"posterior",-70,0.203382549611734,9272
"Differential object marking","Grammatical","midline","midline posterior",NA,"posterior",-68,0.166591458153581,9272
"Differential object marking","Grammatical","midline","midline posterior",NA,"posterior",-66,0.131807916307161,9272
"Differential object marking","Grammatical","midline","midline posterior",NA,"posterior",-64,0.0996081751509922,9272
"Differential object marking","Grammatical","midline","midline posterior",NA,"posterior",-62,0.070391393442623,9272
"Differential object marking","Grammatical","midline","midline posterior",NA,"posterior",-60,0.0440448662640207,9272
"Differential object marking","Grammatical","midline","midline posterior",NA,"posterior",-58,0.0202624029335634,9272
"Differential object marking","Grammatical","midline","midline posterior",NA,"posterior",-56,-0.00109717428817946,9272
"Differential object marking","Grammatical","midline","midline posterior",NA,"posterior",-54,-0.0197327437446074,9272
"Differential object marking","Grammatical","midline","midline posterior",NA,"posterior",-52,-0.0349201898188093,9272
"Differential object marking","Grammatical","midline","midline posterior",NA,"posterior",-50,-0.0460703192407248,9272
"Differential object marking","Grammatical","midline","midline posterior",NA,"posterior",-48,-0.0533195642795513,9272
"Differential object marking","Grammatical","midline","midline posterior",NA,"posterior",-46,-0.0573236626402071,9272
"Differential object marking","Grammatical","midline","midline posterior",NA,"posterior",-44,-0.058536561691113,9272
"Differential object marking","Grammatical","midline","midline posterior",NA,"posterior",-42,-0.0573445858498706,9272
"Differential object marking","Grammatical","midline","midline posterior",NA,"posterior",-40,-0.0543252804141501,9272
"Differential object marking","Grammatical","midline","midline posterior",NA,"posterior",-38,-0.0498062985332183,9272
"Differential object marking","Grammatical","midline","midline posterior",NA,"posterior",-36,-0.0432697368421053,9272
"Differential object marking","Grammatical","midline","midline posterior",NA,"posterior",-34,-0.0337779335634167,9272
"Differential object marking","Grammatical","midline","midline posterior",NA,"posterior",-32,-0.0207707075064711,9272
"Differential object marking","Grammatical","midline","midline posterior",NA,"posterior",-30,-0.0039405737704918,9272
"Differential object marking","Grammatical","midline","midline posterior",NA,"posterior",-28,0.0176719154443486,9272
"Differential object marking","Grammatical","midline","midline posterior",NA,"posterior",-26,0.0457041630716135,9272
"Differential object marking","Grammatical","midline","midline posterior",NA,"posterior",-24,0.0804864106988784,9272
"Differential object marking","Grammatical","midline","midline posterior",NA,"posterior",-22,0.119526531492666,9272
"Differential object marking","Grammatical","midline","midline posterior",NA,"posterior",-20,0.158226811906816,9272
"Differential object marking","Grammatical","midline","midline posterior",NA,"posterior",-18,0.192123166522865,9272
"Differential object marking","Grammatical","midline","midline posterior",NA,"posterior",-16,0.21861960742019,9272
"Differential object marking","Grammatical","midline","midline posterior",NA,"posterior",-14,0.237064171699741,9272
"Differential object marking","Grammatical","midline","midline posterior",NA,"posterior",-12,0.248367018981881,9272
"Differential object marking","Grammatical","midline","midline posterior",NA,"posterior",-10,0.254526100086281,9272
"Differential object marking","Grammatical","midline","midline posterior",NA,"posterior",-8,0.258116587575496,9272
"Differential object marking","Grammatical","midline","midline posterior",NA,"posterior",-6,0.261183779119931,9272
"Differential object marking","Grammatical","midline","midline posterior",NA,"posterior",-4,0.264387187230371,9272
"Differential object marking","Grammatical","midline","midline posterior",NA,"posterior",-2,0.266634814495255,9272
"Differential object marking","Grammatical","midline","midline posterior",NA,"posterior",0,0.26551251078516,9272
"Differential object marking","Grammatical","midline","midline posterior",NA,"posterior",2,0.258419542709232,9272
"Differential object marking","Grammatical","midline","midline posterior",NA,"posterior",4,0.244007441760138,9272
"Differential object marking","Grammatical","midline","midline posterior",NA,"posterior",6,0.222893550474547,9272
"Differential object marking","Grammatical","midline","midline posterior",NA,"posterior",8,0.197339732528041,9272
"Differential object marking","Grammatical","midline","midline posterior",NA,"posterior",10,0.170365940465919,9272
"Differential object marking","Grammatical","midline","midline posterior",NA,"posterior",12,0.144620901639344,9272
"Differential object marking","Grammatical","midline","midline posterior",NA,"posterior",14,0.121996225194133,9272
"Differential object marking","Grammatical","midline","midline posterior",NA,"posterior",16,0.103933994823123,9272
"Differential object marking","Grammatical","midline","midline posterior",NA,"posterior",18,0.0916960742018982,9272
"Differential object marking","Grammatical","midline","midline posterior",NA,"posterior",20,0.0864485547886109,9272
"Differential object marking","Grammatical","midline","midline posterior",NA,"posterior",22,0.0892985332182916,9272
"Differential object marking","Grammatical","midline","midline posterior",NA,"posterior",24,0.100794219154443,9272
"Differential object marking","Grammatical","midline","midline posterior",NA,"posterior",26,0.119487165660052,9272
"Differential object marking","Grammatical","midline","midline posterior",NA,"posterior",28,0.141127049180328,9272
"Differential object marking","Grammatical","midline","midline posterior",NA,"posterior",30,0.160613244176014,9272
"Differential object marking","Grammatical","midline","midline posterior",NA,"posterior",32,0.175074956859362,9272
"Differential object marking","Grammatical","midline","midline posterior",NA,"posterior",34,0.184959447799827,9272
"Differential object marking","Grammatical","midline","midline posterior",NA,"posterior",36,0.192692299396031,9272
"Differential object marking","Grammatical","midline","midline posterior",NA,"posterior",38,0.200249676445211,9272
"Differential object marking","Grammatical","midline","midline posterior",NA,"posterior",40,0.20783466350302,9272
"Differential object marking","Grammatical","midline","midline posterior",NA,"posterior",42,0.214663395168249,9272
"Differential object marking","Grammatical","midline","midline posterior",NA,"posterior",44,0.219942407247627,9272
"Differential object marking","Grammatical","midline","midline posterior",NA,"posterior",46,0.222819348576359,9272
"Differential object marking","Grammatical","midline","midline posterior",NA,"posterior",48,0.222153041415013,9272
"Differential object marking","Grammatical","midline","midline posterior",NA,"posterior",50,0.217285159620362,9272
"Differential object marking","Grammatical","midline","midline posterior",NA,"posterior",52,0.208689926660915,9272
"Differential object marking","Grammatical","midline","midline posterior",NA,"posterior",54,0.197959339948231,9272
"Differential object marking","Grammatical","midline","midline posterior",NA,"posterior",56,0.187079810181191,9272
"Differential object marking","Grammatical","midline","midline posterior",NA,"posterior",58,0.177617234685073,9272
"Differential object marking","Grammatical","midline","midline posterior",NA,"posterior",60,0.170779874892148,9272
"Differential object marking","Grammatical","midline","midline posterior",NA,"posterior",62,0.168218615185505,9272
"Differential object marking","Grammatical","midline","midline posterior",NA,"posterior",64,0.172217213114754,9272
"Differential object marking","Grammatical","midline","midline posterior",NA,"posterior",66,0.184260353753236,9272
"Differential object marking","Grammatical","midline","midline posterior",NA,"posterior",68,0.203721635030198,9272
"Differential object marking","Grammatical","midline","midline posterior",NA,"posterior",70,0.228284836065574,9272
"Differential object marking","Grammatical","midline","midline posterior",NA,"posterior",72,0.255138265746333,9272
"Differential object marking","Grammatical","midline","midline posterior",NA,"posterior",74,0.280925905953408,9272
"Differential object marking","Grammatical","midline","midline posterior",NA,"posterior",76,0.301563848144953,9272
"Differential object marking","Grammatical","midline","midline posterior",NA,"posterior",78,0.312961281276963,9272
"Differential object marking","Grammatical","midline","midline posterior",NA,"posterior",80,0.312383196721311,9272
"Differential object marking","Grammatical","midline","midline posterior",NA,"posterior",82,0.299104400345125,9272
"Differential object marking","Grammatical","midline","midline posterior",NA,"posterior",84,0.274493852459016,9272
"Differential object marking","Grammatical","midline","midline posterior",NA,"posterior",86,0.242190465918896,9272
"Differential object marking","Grammatical","midline","midline posterior",NA,"posterior",88,0.207358606557377,9272
"Differential object marking","Grammatical","midline","midline posterior",NA,"posterior",90,0.173766285591027,9272
"Differential object marking","Grammatical","midline","midline posterior",NA,"posterior",92,0.141167062122519,9272
"Differential object marking","Grammatical","midline","midline posterior",NA,"posterior",94,0.105487057808456,9272
"Differential object marking","Grammatical","midline","midline posterior",NA,"posterior",96,0.0615689171699741,9272
"Differential object marking","Grammatical","midline","midline posterior",NA,"posterior",98,0.0057859145815358,9272
"Differential object marking","Grammatical","midline","midline posterior",NA,"posterior",100,-0.0629525452976704,9272
"Differential object marking","Grammatical","midline","midline posterior",NA,"posterior",102,-0.143280629853322,9272
"Differential object marking","Grammatical","midline","midline posterior",NA,"posterior",104,-0.231603213977567,9272
"Differential object marking","Grammatical","midline","midline posterior",NA,"posterior",106,-0.322889236410699,9272
"Differential object marking","Grammatical","midline","midline posterior",NA,"posterior",108,-0.412755500431406,9272
"Differential object marking","Grammatical","midline","midline posterior",NA,"posterior",110,-0.499205996548749,9272
"Differential object marking","Grammatical","midline","midline posterior",NA,"posterior",112,-0.582197799827437,9272
"Differential object marking","Grammatical","midline","midline posterior",NA,"posterior",114,-0.661849115616911,9272
"Differential object marking","Grammatical","midline","midline posterior",NA,"posterior",116,-0.737215271786022,9272
"Differential object marking","Grammatical","midline","midline posterior",NA,"posterior",118,-0.806364322691976,9272
"Differential object marking","Grammatical","midline","midline posterior",NA,"posterior",120,-0.866956427955134,9272
"Differential object marking","Grammatical","midline","midline posterior",NA,"posterior",122,-0.916977890422778,9272
"Differential object marking","Grammatical","midline","midline posterior",NA,"posterior",124,-0.955634167385677,9272
"Differential object marking","Grammatical","midline","midline posterior",NA,"posterior",126,-0.983460310612597,9272
"Differential object marking","Grammatical","midline","midline posterior",NA,"posterior",128,-1.0017584124245,9272
"Differential object marking","Grammatical","midline","midline posterior",NA,"posterior",130,-1.01184156600518,9272
"Differential object marking","Grammatical","midline","midline posterior",NA,"posterior",132,-1.0143409188956,9272
"Differential object marking","Grammatical","midline","midline posterior",NA,"posterior",134,-1.0084743313201,9272
"Differential object marking","Grammatical","midline","midline posterior",NA,"posterior",136,-0.991713546160483,9272
"Differential object marking","Grammatical","midline","midline posterior",NA,"posterior",138,-0.960627049180328,9272
"Differential object marking","Grammatical","midline","midline posterior",NA,"posterior",140,-0.912758196721312,9272
"Differential object marking","Grammatical","midline","midline posterior",NA,"posterior",142,-0.848039150129422,9272
"Differential object marking","Grammatical","midline","midline posterior",NA,"posterior",144,-0.768879853321829,9272
"Differential object marking","Grammatical","midline","midline posterior",NA,"posterior",146,-0.6784488783434,9272
"Differential object marking","Grammatical","midline","midline posterior",NA,"posterior",148,-0.578497627264884,9272
"Differential object marking","Grammatical","midline","midline posterior",NA,"posterior",150,-0.468627480586713,9272
"Differential object marking","Grammatical","midline","midline posterior",NA,"posterior",152,-0.347594154443486,9272
"Differential object marking","Grammatical","midline","midline posterior",NA,"posterior",154,-0.214974547023296,9272
"Differential object marking","Grammatical","midline","midline posterior",NA,"posterior",156,-0.0714707722174288,9272
"Differential object marking","Grammatical","midline","midline posterior",NA,"posterior",158,0.0818608714408973,9272
"Differential object marking","Grammatical","midline","midline posterior",NA,"posterior",160,0.244497088006903,9272
"Differential object marking","Grammatical","midline","midline posterior",NA,"posterior",162,0.41639063848145,9272
"Differential object marking","Grammatical","midline","midline posterior",NA,"posterior",164,0.596833477135462,9272
"Differential object marking","Grammatical","midline","midline posterior",NA,"posterior",166,0.783921807592752,9272
"Differential object marking","Grammatical","midline","midline posterior",NA,"posterior",168,0.97478580672994,9272
"Differential object marking","Grammatical","midline","midline posterior",NA,"posterior",170,1.16601908973253,9272
"Differential object marking","Grammatical","midline","midline posterior",NA,"posterior",172,1.35397896893874,9272
"Differential object marking","Grammatical","midline","midline posterior",NA,"posterior",174,1.53522044866264,9272
"Differential object marking","Grammatical","midline","midline posterior",NA,"posterior",176,1.70702189387403,9272
"Differential object marking","Grammatical","midline","midline posterior",NA,"posterior",178,1.86812877480587,9272
"Differential object marking","Grammatical","midline","midline posterior",NA,"posterior",180,2.01884145815358,9272
"Differential object marking","Grammatical","midline","midline posterior",NA,"posterior",182,2.16027340379638,9272
"Differential object marking","Grammatical","midline","midline posterior",NA,"posterior",184,2.29411949956859,9272
"Differential object marking","Grammatical","midline","midline posterior",NA,"posterior",186,2.42301639344262,9272
"Differential object marking","Grammatical","midline","midline posterior",NA,"posterior",188,2.5498154659189,9272
"Differential object marking","Grammatical","midline","midline posterior",NA,"posterior",190,2.67536216566005,9272
"Differential object marking","Grammatical","midline","midline posterior",NA,"posterior",192,2.7977641285591,9272
"Differential object marking","Grammatical","midline","midline posterior",NA,"posterior",194,2.91413039257981,9272
"Differential object marking","Grammatical","midline","midline posterior",NA,"posterior",196,3.02293237704918,9272
"Differential object marking","Grammatical","midline","midline posterior",NA,"posterior",198,3.12483779119931,9272
"Differential object marking","Grammatical","midline","midline posterior",NA,"posterior",200,3.2217015746333,9272
"Differential object marking","Grammatical","midline","midline posterior",NA,"posterior",202,3.31520675150992,9272
"Differential object marking","Grammatical","midline","midline posterior",NA,"posterior",204,3.40652092320966,9272
"Differential object marking","Grammatical","midline","midline posterior",NA,"posterior",206,3.49647778257118,9272
"Differential object marking","Grammatical","midline","midline posterior",NA,"posterior",208,3.58551056945643,9272
"Differential object marking","Grammatical","midline","midline posterior",NA,"posterior",210,3.67346063416739,9272
"Differential object marking","Grammatical","midline","midline posterior",NA,"posterior",212,3.75992590595341,9272
"Differential object marking","Grammatical","midline","midline posterior",NA,"posterior",214,3.84515368852459,9272
"Differential object marking","Grammatical","midline","midline posterior",NA,"posterior",216,3.9299686151855,9272
"Differential object marking","Grammatical","midline","midline posterior",NA,"posterior",218,4.01498748921484,9272
"Differential object marking","Grammatical","midline","midline posterior",NA,"posterior",220,4.10039128559103,9272
"Differential object marking","Grammatical","midline","midline posterior",NA,"posterior",222,4.18637036238136,9272
"Differential object marking","Grammatical","midline","midline posterior",NA,"posterior",224,4.27310364538395,9272
"Differential object marking","Grammatical","midline","midline posterior",NA,"posterior",226,4.36031384814495,9272
"Differential object marking","Grammatical","midline","midline posterior",NA,"posterior",228,4.44701003019845,9272
"Differential object marking","Grammatical","midline","midline posterior",NA,"posterior",230,4.53202092320966,9272
"Differential object marking","Grammatical","midline","midline posterior",NA,"posterior",232,4.61428181622088,9272
"Differential object marking","Grammatical","midline","midline posterior",NA,"posterior",234,4.69270470232959,9272
"Differential object marking","Grammatical","midline","midline posterior",NA,"posterior",236,4.76571613459879,9272
"Differential object marking","Grammatical","midline","midline posterior",NA,"posterior",238,4.83116350301984,9272
"Differential object marking","Grammatical","midline","midline posterior",NA,"posterior",240,4.88699223468507,9272
"Differential object marking","Grammatical","midline","midline posterior",NA,"posterior",242,4.93221613459879,9272
"Differential object marking","Grammatical","midline","midline posterior",NA,"posterior",244,4.96682463330457,9272
"Differential object marking","Grammatical","midline","midline posterior",NA,"posterior",246,4.99073986194996,9272
"Differential object marking","Grammatical","midline","midline posterior",NA,"posterior",248,5.00312111734254,9272
"Differential object marking","Grammatical","midline","midline posterior",NA,"posterior",250,5.00266792493529,9272
"Differential object marking","Grammatical","midline","midline posterior",NA,"posterior",252,4.98856330888697,9272
"Differential object marking","Grammatical","midline","midline posterior",NA,"posterior",254,4.96079357204487,9272
"Differential object marking","Grammatical","midline","midline posterior",NA,"posterior",256,4.92004529767041,9272
"Differential object marking","Grammatical","midline","midline posterior",NA,"posterior",258,4.8680114322692,9272
"Differential object marking","Grammatical","midline","midline posterior",NA,"posterior",260,4.80795534943917,9272
"Differential object marking","Grammatical","midline","midline posterior",NA,"posterior",262,4.74391522864538,9272
"Differential object marking","Grammatical","midline","midline posterior",NA,"posterior",264,4.67856190681622,9272
"Differential object marking","Grammatical","midline","midline posterior",NA,"posterior",266,4.61178062985332,9272
"Differential object marking","Grammatical","midline","midline posterior",NA,"posterior",268,4.54139657031924,9272
"Differential object marking","Grammatical","midline","midline posterior",NA,"posterior",270,4.46563535375324,9272
"Differential object marking","Grammatical","midline","midline posterior",NA,"posterior",272,4.38473770491803,9272
"Differential object marking","Grammatical","midline","midline posterior",NA,"posterior",274,4.30056471095772,9272
"Differential object marking","Grammatical","midline","midline posterior",NA,"posterior",276,4.2152216350302,9272
"Differential object marking","Grammatical","midline","midline posterior",NA,"posterior",278,4.12993787748059,9272
"Differential object marking","Grammatical","midline","midline posterior",NA,"posterior",280,4.04457010353753,9272
"Differential object marking","Grammatical","midline","midline posterior",NA,"posterior",282,3.95792482743745,9272
"Differential object marking","Grammatical","midline","midline posterior",NA,"posterior",284,3.86878257118205,9272
"Differential object marking","Grammatical","midline","midline posterior",NA,"posterior",286,3.7766733175151,9272
"Differential object marking","Grammatical","midline","midline posterior",NA,"posterior",288,3.68185073339085,9272
"Differential object marking","Grammatical","midline","midline posterior",NA,"posterior",290,3.5854801553063,9272
"Differential object marking","Grammatical","midline","midline posterior",NA,"posterior",292,3.48938794219154,9272
"Differential object marking","Grammatical","midline","midline posterior",NA,"posterior",294,3.39549881363244,9272
"Differential object marking","Grammatical","midline","midline posterior",NA,"posterior",296,3.30526844262295,9272
"Differential object marking","Grammatical","midline","midline posterior",NA,"posterior",298,3.21943690681622,9272
"Differential object marking","Grammatical","midline","midline posterior",NA,"posterior",300,3.13775129421915,9272
"Differential object marking","Grammatical","midline","midline posterior",NA,"posterior",302,3.05862532355479,9272
"Differential object marking","Grammatical","midline","midline posterior",NA,"posterior",304,2.97949644089733,9272
"Differential object marking","Grammatical","midline","midline posterior",NA,"posterior",306,2.89767267040552,9272
"Differential object marking","Grammatical","midline","midline posterior",NA,"posterior",308,2.81130532786885,9272
"Differential object marking","Grammatical","midline","midline posterior",NA,"posterior",310,2.7198779119931,9272
"Differential object marking","Grammatical","midline","midline posterior",NA,"posterior",312,2.62442536669543,9272
"Differential object marking","Grammatical","midline","midline posterior",NA,"posterior",314,2.52743636755824,9272
"Differential object marking","Grammatical","midline","midline posterior",NA,"posterior",316,2.43316932700604,9272
"Differential object marking","Grammatical","midline","midline posterior",NA,"posterior",318,2.34724698015531,9272
"Differential object marking","Grammatical","midline","midline posterior",NA,"posterior",320,2.27479443485764,9272
"Differential object marking","Grammatical","midline","midline posterior",NA,"posterior",322,2.21761766609146,9272
"Differential object marking","Grammatical","midline","midline posterior",NA,"posterior",324,2.17280187661777,9272
"Differential object marking","Grammatical","midline","midline posterior",NA,"posterior",326,2.13393226919758,9272
"Differential object marking","Grammatical","midline","midline posterior",NA,"posterior",328,2.09446732096635,9272
"Differential object marking","Grammatical","midline","midline posterior",NA,"posterior",330,2.05164150129422,9272
"Differential object marking","Grammatical","midline","midline posterior",NA,"posterior",332,2.00792914150129,9272
"Differential object marking","Grammatical","midline","midline posterior",NA,"posterior",334,1.96914808024159,9272
"Differential object marking","Grammatical","midline","midline posterior",NA,"posterior",336,1.94054659188956,9272
"Differential object marking","Grammatical","midline","midline posterior",NA,"posterior",338,1.92462866695427,9272
"Differential object marking","Grammatical","midline","midline posterior",NA,"posterior",340,1.92153839516825,9272
"Differential object marking","Grammatical","midline","midline posterior",NA,"posterior",342,1.93064106988783,9272
"Differential object marking","Grammatical","midline","midline posterior",NA,"posterior",344,1.95085860655738,9272
"Differential object marking","Grammatical","midline","midline posterior",NA,"posterior",346,1.9796533649698,9272
"Differential object marking","Grammatical","midline","midline posterior",NA,"posterior",348,2.01239894305436,9272
"Differential object marking","Grammatical","midline","midline posterior",NA,"posterior",350,2.04332776100086,9272
"Differential object marking","Grammatical","midline","midline posterior",NA,"posterior",352,2.06735386108714,9272
"Differential object marking","Grammatical","midline","midline posterior",NA,"posterior",354,2.08136507765315,9272
"Differential object marking","Grammatical","midline","midline posterior",NA,"posterior",356,2.08443852459016,9272
"Differential object marking","Grammatical","midline","midline posterior",NA,"posterior",358,2.07723694995686,9272
"Differential object marking","Grammatical","midline","midline posterior",NA,"posterior",360,2.06142806298533,9272
"Differential object marking","Grammatical","midline","midline posterior",NA,"posterior",362,2.03959307592752,9272
"Differential object marking","Grammatical","midline","midline posterior",NA,"posterior",364,2.01516867989646,9272
"Differential object marking","Grammatical","midline","midline posterior",NA,"posterior",366,1.99147249784297,9272
"Differential object marking","Grammatical","midline","midline posterior",NA,"posterior",368,1.96987521570319,9272
"Differential object marking","Grammatical","midline","midline posterior",NA,"posterior",370,1.94919618205349,9272
"Differential object marking","Grammatical","midline","midline posterior",NA,"posterior",372,1.92706212251941,9272
"Differential object marking","Grammatical","midline","midline posterior",NA,"posterior",374,1.90193205349439,9272
"Differential object marking","Grammatical","midline","midline posterior",NA,"posterior",376,1.87403321829163,9272
"Differential object marking","Grammatical","midline","midline posterior",NA,"posterior",378,1.84475959879206,9272
"Differential object marking","Grammatical","midline","midline posterior",NA,"posterior",380,1.81518528904228,9272
"Differential object marking","Grammatical","midline","midline posterior",NA,"posterior",382,1.78415476704055,9272
"Differential object marking","Grammatical","midline","midline posterior",NA,"posterior",384,1.74805166091458,9272
"Differential object marking","Grammatical","midline","midline posterior",NA,"posterior",386,1.70305619068162,9272
"Differential object marking","Grammatical","midline","midline posterior",NA,"posterior",388,1.64781600517688,9272
"Differential object marking","Grammatical","midline","midline posterior",NA,"posterior",390,1.58413308886972,9272
"Differential object marking","Grammatical","midline","midline posterior",NA,"posterior",392,1.51565401207938,9272
"Differential object marking","Grammatical","midline","midline posterior",NA,"posterior",394,1.44661378343399,9272
"Differential object marking","Grammatical","midline","midline posterior",NA,"posterior",396,1.38078505176877,9272
"Differential object marking","Grammatical","midline","midline posterior",NA,"posterior",398,1.3199431622088,9272
"Differential object marking","Grammatical","midline","midline posterior",NA,"posterior",400,1.26353181622088,9272
"Differential object marking","Grammatical","midline","midline posterior",NA,"posterior",402,1.21022972389991,9272
"Differential object marking","Grammatical","midline","midline posterior",NA,"posterior",404,1.15942148403796,9272
"Differential object marking","Grammatical","midline","midline posterior",NA,"posterior",406,1.11118496548749,9272
"Differential object marking","Grammatical","midline","midline posterior",NA,"posterior",408,1.06589689387403,9272
"Differential object marking","Grammatical","midline","midline posterior",NA,"posterior",410,1.02421322260569,9272
"Differential object marking","Grammatical","midline","midline posterior",NA,"posterior",412,0.987308779119931,9272
"Differential object marking","Grammatical","midline","midline posterior",NA,"posterior",414,0.956084339948231,9272
"Differential object marking","Grammatical","midline","midline posterior",NA,"posterior",416,0.92981762295082,9272
"Differential object marking","Grammatical","midline","midline posterior",NA,"posterior",418,0.905957937877481,9272
"Differential object marking","Grammatical","midline","midline posterior",NA,"posterior",420,0.881794434857636,9272
"Differential object marking","Grammatical","midline","midline posterior",NA,"posterior",422,0.856351164797239,9272
"Differential object marking","Grammatical","midline","midline posterior",NA,"posterior",424,0.830306837791199,9272
"Differential object marking","Grammatical","midline","midline posterior",NA,"posterior",426,0.805169758412425,9272
"Differential object marking","Grammatical","midline","midline posterior",NA,"posterior",428,0.782250539257981,9272
"Differential object marking","Grammatical","midline","midline posterior",NA,"posterior",430,0.761936044003451,9272
"Differential object marking","Grammatical","midline","midline posterior",NA,"posterior",432,0.74375539257981,9272
"Differential object marking","Grammatical","midline","midline posterior",NA,"posterior",434,0.727655629853322,9272
"Differential object marking","Grammatical","midline","midline posterior",NA,"posterior",436,0.715169650560828,9272
"Differential object marking","Grammatical","midline","midline posterior",NA,"posterior",438,0.708697584124245,9272
"Differential object marking","Grammatical","midline","midline posterior",NA,"posterior",440,0.70940994391717,9272
"Differential object marking","Grammatical","midline","midline posterior",NA,"posterior",442,0.715816220880069,9272
"Differential object marking","Grammatical","midline","midline posterior",NA,"posterior",444,0.724443377911993,9272
"Differential object marking","Grammatical","midline","midline posterior",NA,"posterior",446,0.731747842968076,9272
"Differential object marking","Grammatical","midline","midline posterior",NA,"posterior",448,0.736020383951682,9272
"Differential object marking","Grammatical","midline","midline posterior",NA,"posterior",450,0.738205888697153,9272
"Differential object marking","Grammatical","midline","midline posterior",NA,"posterior",452,0.741451466781708,9272
"Differential object marking","Grammatical","midline","midline posterior",NA,"posterior",454,0.749164905090595,9272
"Differential object marking","Grammatical","midline","midline posterior",NA,"posterior",456,0.763507549611734,9272
"Differential object marking","Grammatical","midline","midline posterior",NA,"posterior",458,0.78473209663503,9272
"Differential object marking","Grammatical","midline","midline posterior",NA,"posterior",460,0.811089085418464,9272
"Differential object marking","Grammatical","midline","midline posterior",NA,"posterior",462,0.839327761000863,9272
"Differential object marking","Grammatical","midline","midline posterior",NA,"posterior",464,0.865919974115617,9272
"Differential object marking","Grammatical","midline","midline posterior",NA,"posterior",466,0.888098899913719,9272
"Differential object marking","Grammatical","midline","midline posterior",NA,"posterior",468,0.904052415875755,9272
"Differential object marking","Grammatical","midline","midline posterior",NA,"posterior",470,0.913511000862813,9272
"Differential object marking","Grammatical","midline","midline posterior",NA,"posterior",472,0.91851790336497,9272
"Differential object marking","Grammatical","midline","midline posterior",NA,"posterior",474,0.922527070750647,9272
"Differential object marking","Grammatical","midline","midline posterior",NA,"posterior",476,0.928178386540121,9272
"Differential object marking","Grammatical","midline","midline posterior",NA,"posterior",478,0.935958692838654,9272
"Differential object marking","Grammatical","midline","midline posterior",NA,"posterior",480,0.944512942191544,9272
"Differential object marking","Grammatical","midline","midline posterior",NA,"posterior",482,0.951749892148404,9272
"Differential object marking","Grammatical","midline","midline posterior",NA,"posterior",484,0.955818054357204,9272
"Differential object marking","Grammatical","midline","midline posterior",NA,"posterior",486,0.955649266609146,9272
"Differential object marking","Grammatical","midline","midline posterior",NA,"posterior",488,0.950744283865401,9272
"Differential object marking","Grammatical","midline","midline posterior",NA,"posterior",490,0.940632873166523,9272
"Differential object marking","Grammatical","midline","midline posterior",NA,"posterior",492,0.924461173425367,9272
"Differential object marking","Grammatical","midline","midline posterior",NA,"posterior",494,0.901166846419327,9272
"Differential object marking","Grammatical","midline","midline posterior",NA,"posterior",496,0.870097066436583,9272
"Differential object marking","Grammatical","midline","midline posterior",NA,"posterior",498,0.832183671268335,9272
"Differential object marking","Grammatical","midline","midline posterior",NA,"posterior",500,0.790939603106126,9272
"Differential object marking","Grammatical","midline","midline posterior",NA,"posterior",502,0.751979723899914,9272
"Differential object marking","Grammatical","midline","midline posterior",NA,"posterior",504,0.721396570319241,9272
"Differential object marking","Grammatical","midline","midline posterior",NA,"posterior",506,0.703781924072476,9272
"Differential object marking","Grammatical","midline","midline posterior",NA,"posterior",508,0.700300150992235,9272
"Differential object marking","Grammatical","midline","midline posterior",NA,"posterior",510,0.707954594477998,9272
"Differential object marking","Grammatical","midline","midline posterior",NA,"posterior",512,0.721320858498706,9272
"Differential object marking","Grammatical","midline","midline posterior",NA,"posterior",514,0.735377157031924,9272
"Differential object marking","Grammatical","midline","midline posterior",NA,"posterior",516,0.747429572907679,9272
"Differential object marking","Grammatical","midline","midline posterior",NA,"posterior",518,0.756711496980155,9272
"Differential object marking","Grammatical","midline","midline posterior",NA,"posterior",520,0.762889236410699,9272
"Differential object marking","Grammatical","midline","midline posterior",NA,"posterior",522,0.76570653580673,9272
"Differential object marking","Grammatical","midline","midline posterior",NA,"posterior",524,0.766233283002588,9272
"Differential object marking","Grammatical","midline","midline posterior",NA,"posterior",526,0.767321613459879,9272
"Differential object marking","Grammatical","midline","midline posterior",NA,"posterior",528,0.772197044866264,9272
"Differential object marking","Grammatical","midline","midline posterior",NA,"posterior",530,0.782660698878343,9272
"Differential object marking","Grammatical","midline","midline posterior",NA,"posterior",532,0.798469801553063,9272
"Differential object marking","Grammatical","midline","midline posterior",NA,"posterior",534,0.817685181190682,9272
"Differential object marking","Grammatical","midline","midline posterior",NA,"posterior",536,0.83725086281277,9272
"Differential object marking","Grammatical","midline","midline posterior",NA,"posterior",538,0.854017148403796,9272
"Differential object marking","Grammatical","midline","midline posterior",NA,"posterior",540,0.865713006902502,9272
"Differential object marking","Grammatical","midline","midline posterior",NA,"posterior",542,0.870933671268335,9272
"Differential object marking","Grammatical","midline","midline posterior",NA,"posterior",544,0.868648188093184,9272
"Differential object marking","Grammatical","midline","midline posterior",NA,"posterior",546,0.858828731665229,9272
"Differential object marking","Grammatical","midline","midline posterior",NA,"posterior",548,0.843702653149267,9272
"Differential object marking","Grammatical","midline","midline posterior",NA,"posterior",550,0.827766069887834,9272
"Differential object marking","Grammatical","midline","midline posterior",NA,"posterior",552,0.815771246764452,9272
"Differential object marking","Grammatical","midline","midline posterior",NA,"posterior",554,0.81065595340811,9272
"Differential object marking","Grammatical","midline","midline posterior",NA,"posterior",556,0.813018119068162,9272
"Differential object marking","Grammatical","midline","midline posterior",NA,"posterior",558,0.821688201035375,9272
"Differential object marking","Grammatical","midline","midline posterior",NA,"posterior",560,0.83445114322692,9272
"Differential object marking","Grammatical","midline","midline posterior",NA,"posterior",562,0.84904119930975,9272
"Differential object marking","Grammatical","midline","midline posterior",NA,"posterior",564,0.864281492666091,9272
"Differential object marking","Grammatical","midline","midline posterior",NA,"posterior",566,0.880609577221743,9272
"Differential object marking","Grammatical","midline","midline posterior",NA,"posterior",568,0.899134167385677,9272
"Differential object marking","Grammatical","midline","midline posterior",NA,"posterior",570,0.920056406384814,9272
"Differential object marking","Grammatical","midline","midline posterior",NA,"posterior",572,0.942362165660052,9272
"Differential object marking","Grammatical","midline","midline posterior",NA,"posterior",574,0.964537424503883,9272
"Differential object marking","Grammatical","midline","midline posterior",NA,"posterior",576,0.985578084555651,9272
"Differential object marking","Grammatical","midline","midline posterior",NA,"posterior",578,1.00569359361519,9272
"Differential object marking","Grammatical","midline","midline posterior",NA,"posterior",580,1.02576164797239,9272
"Differential object marking","Grammatical","midline","midline posterior",NA,"posterior",582,1.04568679896462,9272
"Differential object marking","Grammatical","midline","midline posterior",NA,"posterior",584,1.06366663071613,9272
"Differential object marking","Grammatical","midline","midline posterior",NA,"posterior",586,1.07763179465056,9272
"Differential object marking","Grammatical","midline","midline posterior",NA,"posterior",588,1.08650679465056,9272
"Differential object marking","Grammatical","midline","midline posterior",NA,"posterior",590,1.09001348144953,9272
"Differential object marking","Grammatical","midline","midline posterior",NA,"posterior",592,1.08807301553063,9272
"Differential object marking","Grammatical","midline","midline posterior",NA,"posterior",594,1.08109264452114,9272
"Differential object marking","Grammatical","midline","midline posterior",NA,"posterior",596,1.07058962467645,9272
"Differential object marking","Grammatical","midline","midline posterior",NA,"posterior",598,1.05920135893011,9272
"Differential object marking","Grammatical","midline","midline posterior",NA,"posterior",600,1.04959264452114,9272
"Differential object marking","Grammatical","midline","midline posterior",NA,"posterior",602,1.04329001294219,9272
"Differential object marking","Grammatical","midline","midline posterior",NA,"posterior",604,1.04043776962899,9272
"Differential object marking","Grammatical","midline","midline posterior",NA,"posterior",606,1.04048824417601,9272
"Differential object marking","Grammatical","midline","midline posterior",NA,"posterior",608,1.04241361087144,9272
"Differential object marking","Grammatical","midline","midline posterior",NA,"posterior",610,1.04463050043141,9272
"Differential object marking","Grammatical","midline","midline posterior",NA,"posterior",612,1.04531136755824,9272
"Differential object marking","Grammatical","midline","midline posterior",NA,"posterior",614,1.04336842105263,9272
"Differential object marking","Grammatical","midline","midline posterior",NA,"posterior",616,1.03896570319241,9272
"Differential object marking","Grammatical","midline","midline posterior",NA,"posterior",618,1.03297918464193,9272
"Differential object marking","Grammatical","midline","midline posterior",NA,"posterior",620,1.02582689818809,9272
"Differential object marking","Grammatical","midline","midline posterior",NA,"posterior",622,1.01693216134599,9272
"Differential object marking","Grammatical","midline","midline posterior",NA,"posterior",624,1.00539700172563,9272
"Differential object marking","Grammatical","midline","midline posterior",NA,"posterior",626,0.991329163071613,9272
"Differential object marking","Grammatical","midline","midline posterior",NA,"posterior",628,0.976035698878343,9272
"Differential object marking","Grammatical","midline","midline posterior",NA,"posterior",630,0.961220340811044,9272
"Differential object marking","Grammatical","midline","midline posterior",NA,"posterior",632,0.94840767903365,9272
"Differential object marking","Grammatical","midline","midline posterior",NA,"posterior",634,0.939417493528904,9272
"Differential object marking","Grammatical","midline","midline posterior",NA,"posterior",636,0.936420944779983,9272
"Differential object marking","Grammatical","midline","midline posterior",NA,"posterior",638,0.940815573770492,9272
"Differential object marking","Grammatical","midline","midline posterior",NA,"posterior",640,0.951994715271786,9272
"Differential object marking","Grammatical","midline","midline posterior",NA,"posterior",642,0.967365724762727,9272
"Differential object marking","Grammatical","midline","midline posterior",NA,"posterior",644,0.983183886971527,9272
"Differential object marking","Grammatical","midline","midline posterior",NA,"posterior",646,0.995684534081104,9272
"Differential object marking","Grammatical","midline","midline posterior",NA,"posterior",648,1.00190573770492,9272
"Differential object marking","Grammatical","midline","midline posterior",NA,"posterior",650,1.0005484253667,9272
"Differential object marking","Grammatical","midline","midline posterior",NA,"posterior",652,0.992660267471959,9272
"Differential object marking","Grammatical","midline","midline posterior",NA,"posterior",654,0.980920297670406,9272
"Differential object marking","Grammatical","midline","midline posterior",NA,"posterior",656,0.967630176876618,9272
"Differential object marking","Grammatical","midline","midline posterior",NA,"posterior",658,0.953769952545298,9272
"Differential object marking","Grammatical","midline","midline posterior",NA,"posterior",660,0.939981988783434,9272
"Differential object marking","Grammatical","midline","midline posterior",NA,"posterior",662,0.927782786885246,9272
"Differential object marking","Grammatical","midline","midline posterior",NA,"posterior",664,0.919170513373598,9272
"Differential object marking","Grammatical","midline","midline posterior",NA,"posterior",666,0.915556406384815,9272
"Differential object marking","Grammatical","midline","midline posterior",NA,"posterior",668,0.917125970664366,9272
"Differential object marking","Grammatical","midline","midline posterior",NA,"posterior",670,0.922615401207938,9272
"Differential object marking","Grammatical","midline","midline posterior",NA,"posterior",672,0.929650992234685,9272
"Differential object marking","Grammatical","midline","midline posterior",NA,"posterior",674,0.935536669542709,9272
"Differential object marking","Grammatical","midline","midline posterior",NA,"posterior",676,0.937885569456428,9272
"Differential object marking","Grammatical","midline","midline posterior",NA,"posterior",678,0.934567515099223,9272
"Differential object marking","Grammatical","midline","midline posterior",NA,"posterior",680,0.923698662640207,9272
"Differential object marking","Grammatical","midline","midline posterior",NA,"posterior",682,0.904433132010354,9272
"Differential object marking","Grammatical","midline","midline posterior",NA,"posterior",684,0.877854184641933,9272
"Differential object marking","Grammatical","midline","midline posterior",NA,"posterior",686,0.847377480586713,9272
"Differential object marking","Grammatical","midline","midline posterior",NA,"posterior",688,0.817849223468507,9272
"Differential object marking","Grammatical","midline","midline posterior",NA,"posterior",690,0.793543032786885,9272
"Differential object marking","Grammatical","midline","midline posterior",NA,"posterior",692,0.776294866264021,9272
"Differential object marking","Grammatical","midline","midline posterior",NA,"posterior",694,0.765349331320104,9272
"Differential object marking","Grammatical","midline","midline posterior",NA,"posterior",696,0.758891501294219,9272
"Differential object marking","Grammatical","midline","midline posterior",NA,"posterior",698,0.755637295081967,9272
"Differential object marking","Grammatical","midline","midline posterior",NA,"posterior",700,0.755160698878343,9272
"Differential object marking","Grammatical","midline","midline posterior",NA,"posterior",702,0.757475733390854,9272
"Differential object marking","Grammatical","midline","midline posterior",NA,"posterior",704,0.76265681622088,9272
"Differential object marking","Grammatical","midline","midline posterior",NA,"posterior",706,0.770315681622088,9272
"Differential object marking","Grammatical","midline","midline posterior",NA,"posterior",708,0.779119499568594,9272
"Differential object marking","Grammatical","midline","midline posterior",NA,"posterior",710,0.786940573770492,9272
"Differential object marking","Grammatical","midline","midline posterior",NA,"posterior",712,0.791448554788611,9272
"Differential object marking","Grammatical","midline","midline posterior",NA,"posterior",714,0.790954918032787,9272
"Differential object marking","Grammatical","midline","midline posterior",NA,"posterior",716,0.784724762726488,9272
"Differential object marking","Grammatical","midline","midline posterior",NA,"posterior",718,0.772489430543572,9272
"Differential object marking","Grammatical","midline","midline posterior",NA,"posterior",720,0.753427415875755,9272
"Differential object marking","Grammatical","midline","midline posterior",NA,"posterior",722,0.726726596203624,9272
"Differential object marking","Grammatical","midline","midline posterior",NA,"posterior",724,0.693403472821398,9272
"Differential object marking","Grammatical","midline","midline posterior",NA,"posterior",726,0.657242450388266,9272
"Differential object marking","Grammatical","midline","midline posterior",NA,"posterior",728,0.623106018119068,9272
"Differential object marking","Grammatical","midline","midline posterior",NA,"posterior",730,0.59432754529767,9272
"Differential object marking","Grammatical","midline","midline posterior",NA,"posterior",732,0.571603645383952,9272
"Differential object marking","Grammatical","midline","midline posterior",NA,"posterior",734,0.553978645383952,9272
"Differential object marking","Grammatical","midline","midline posterior",NA,"posterior",736,0.540449094046592,9272
"Differential object marking","Grammatical","midline","midline posterior",NA,"posterior",738,0.530939387402934,9272
"Differential object marking","Grammatical","midline","midline posterior",NA,"posterior",740,0.52596192838654,9272
"Differential object marking","Grammatical","midline","midline posterior",NA,"posterior",742,0.525853321829163,9272
"Differential object marking","Grammatical","midline","midline posterior",NA,"posterior",744,0.529974223468507,9272
"Differential object marking","Grammatical","midline","midline posterior",NA,"posterior",746,0.536569348576359,9272
"Differential object marking","Grammatical","midline","midline posterior",NA,"posterior",748,0.543641177739431,9272
"Differential object marking","Grammatical","midline","midline posterior",NA,"posterior",750,0.550271462467644,9272
"Differential object marking","Grammatical","midline","midline posterior",NA,"posterior",752,0.556818054357204,9272
"Differential object marking","Grammatical","midline","midline posterior",NA,"posterior",754,0.563640207075065,9272
"Differential object marking","Grammatical","midline","midline posterior",NA,"posterior",756,0.570058779119931,9272
"Differential object marking","Grammatical","midline","midline posterior",NA,"posterior",758,0.575250107851596,9272
"Differential object marking","Grammatical","midline","midline posterior",NA,"posterior",760,0.579446397756687,9272
"Differential object marking","Grammatical","midline","midline posterior",NA,"posterior",762,0.583611410698878,9272
"Differential object marking","Grammatical","midline","midline posterior",NA,"posterior",764,0.588336389128559,9272
"Differential object marking","Grammatical","midline","midline posterior",NA,"posterior",766,0.593454378774806,9272
"Differential object marking","Grammatical","midline","midline posterior",NA,"posterior",768,0.598304896462468,9272
"Differential object marking","Grammatical","midline","midline posterior",NA,"posterior",770,0.601826358930112,9272
"Differential object marking","Grammatical","midline","midline posterior",NA,"posterior",772,0.602809318377912,9272
"Differential object marking","Grammatical","midline","midline posterior",NA,"posterior",774,0.600436259706644,9272
"Differential object marking","Grammatical","midline","midline posterior",NA,"posterior",776,0.59418323986195,9272
"Differential object marking","Grammatical","midline","midline posterior",NA,"posterior",778,0.583196397756687,9272
"Differential object marking","Grammatical","midline","midline posterior",NA,"posterior",780,0.567185073339085,9272
"Differential object marking","Grammatical","midline","midline posterior",NA,"posterior",782,0.548217428817947,9272
"Differential object marking","Grammatical","midline","midline posterior",NA,"posterior",784,0.530521138912856,9272
"Differential object marking","Grammatical","midline","midline posterior",NA,"posterior",786,0.517504314063848,9272
"Differential object marking","Grammatical","midline","midline posterior",NA,"posterior",788,0.509147109577222,9272
"Differential object marking","Grammatical","midline","midline posterior",NA,"posterior",790,0.50239290336497,9272
"Differential object marking","Grammatical","midline","midline posterior",NA,"posterior",792,0.493761216566005,9272
"Differential object marking","Grammatical","midline","midline posterior",NA,"posterior",794,0.481747950819672,9272
"Differential object marking","Grammatical","midline","midline posterior",NA,"posterior",796,0.46736022433132,9272
"Differential object marking","Grammatical","midline","midline posterior",NA,"posterior",798,0.453123058671268,9272
"Differential object marking","Grammatical","midline","midline posterior",NA,"posterior",800,0.441127157031924,9272
"Differential object marking","Grammatical","midline","midline posterior",NA,"posterior",802,0.431755069025022,9272
"Differential object marking","Grammatical","midline","midline posterior",NA,"posterior",804,0.423765207075065,9272
"Differential object marking","Grammatical","midline","midline posterior",NA,"posterior",806,0.415034620362381,9272
"Differential object marking","Grammatical","midline","midline posterior",NA,"posterior",808,0.403586496980155,9272
"Differential object marking","Grammatical","midline","midline posterior",NA,"posterior",810,0.388422886108714,9272
"Differential object marking","Grammatical","midline","midline posterior",NA,"posterior",812,0.369855910267472,9272
"Differential object marking","Grammatical","midline","midline posterior",NA,"posterior",814,0.348939171699741,9272
"Differential object marking","Grammatical","midline","midline posterior",NA,"posterior",816,0.326222821397757,9272
"Differential object marking","Grammatical","midline","midline posterior",NA,"posterior",818,0.301178817946506,9272
"Differential object marking","Grammatical","midline","midline posterior",NA,"posterior",820,0.273197476272649,9272
"Differential object marking","Grammatical","midline","midline posterior",NA,"posterior",822,0.242749784296808,9272
"Differential object marking","Grammatical","midline","midline posterior",NA,"posterior",824,0.211356125970664,9272
"Differential object marking","Grammatical","midline","midline posterior",NA,"posterior",826,0.181040444348576,9272
"Differential object marking","Grammatical","midline","midline posterior",NA,"posterior",828,0.154039473684211,9272
"Differential object marking","Grammatical","midline","midline posterior",NA,"posterior",830,0.132203515962036,9272
"Differential object marking","Grammatical","midline","midline posterior",NA,"posterior",832,0.11620340811044,9272
"Differential object marking","Grammatical","midline","midline posterior",NA,"posterior",834,0.105215379637619,9272
"Differential object marking","Grammatical","midline","midline posterior",NA,"posterior",836,0.0971702976704055,9272
"Differential object marking","Grammatical","midline","midline posterior",NA,"posterior",838,0.0893809318377912,9272
"Differential object marking","Grammatical","midline","midline posterior",NA,"posterior",840,0.0793444779982744,9272
"Differential object marking","Grammatical","midline","midline posterior",NA,"posterior",842,0.0652926013805004,9272
"Differential object marking","Grammatical","midline","midline posterior",NA,"posterior",844,0.0461600517687662,9272
"Differential object marking","Grammatical","midline","midline posterior",NA,"posterior",846,0.021202329594478,9272
"Differential object marking","Grammatical","midline","midline posterior",NA,"posterior",848,-0.0103524590163934,9272
"Differential object marking","Grammatical","midline","midline posterior",NA,"posterior",850,-0.049108067299396,9272
"Differential object marking","Grammatical","midline","midline posterior",NA,"posterior",852,-0.0955459447799828,9272
"Differential object marking","Grammatical","midline","midline posterior",NA,"posterior",854,-0.150475949094047,9272
"Differential object marking","Grammatical","midline","midline posterior",NA,"posterior",856,-0.214714948231234,9272
"Differential object marking","Grammatical","midline","midline posterior",NA,"posterior",858,-0.287755823986195,9272
"Differential object marking","Grammatical","midline","midline posterior",NA,"posterior",860,-0.367178278688525,9272
"Differential object marking","Grammatical","midline","midline posterior",NA,"posterior",862,-0.449479508196721,9272
"Differential object marking","Grammatical","midline","midline posterior",NA,"posterior",864,-0.531233930112166,9272
"Differential object marking","Grammatical","midline","midline posterior",NA,"posterior",866,-0.609655414150129,9272
"Differential object marking","Grammatical","midline","midline posterior",NA,"posterior",868,-0.682529012079379,9272
"Differential object marking","Grammatical","midline","midline posterior",NA,"posterior",870,-0.747433671268335,9272
"Differential object marking","Grammatical","midline","midline posterior",NA,"posterior",872,-0.801867666091458,9272
"Differential object marking","Grammatical","midline","midline posterior",NA,"posterior",874,-0.844386755823986,9272
"Differential object marking","Grammatical","midline","midline posterior",NA,"posterior",876,-0.875183779119931,9272
"Differential object marking","Grammatical","midline","midline posterior",NA,"posterior",878,-0.895557808455565,9272
"Differential object marking","Grammatical","midline","midline posterior",NA,"posterior",880,-0.906868636755824,9272
"Differential object marking","Grammatical","midline","midline posterior",NA,"posterior",882,-0.909837036238136,9272
"Differential object marking","Grammatical","midline","midline posterior",NA,"posterior",884,-0.904143334771355,9272
"Differential object marking","Grammatical","midline","midline posterior",NA,"posterior",886,-0.888746225194133,9272
"Differential object marking","Grammatical","midline","midline posterior",NA,"posterior",888,-0.862744391716997,9272
"Differential object marking","Grammatical","midline","midline posterior",NA,"posterior",890,-0.82582840811044,9272
"Differential object marking","Grammatical","midline","midline posterior",NA,"posterior",892,-0.778215379637619,9272
"Differential object marking","Grammatical","midline","midline posterior",NA,"posterior",894,-0.720258412424504,9272
"Differential object marking","Grammatical","midline","midline posterior",NA,"posterior",896,-0.651893011216566,9272
"Differential object marking","Grammatical","midline","midline posterior",NA,"posterior",898,-0.572317299396031,9272
"Differential object marking","Grammatical","midline","midline posterior",NA,"posterior",900,-0.480142579810181,9272
"Differential object marking","Grammatical","midline","midline posterior",NA,"posterior",902,-0.373733498705781,9272
"Differential object marking","Grammatical","midline","midline posterior",NA,"posterior",904,-0.252014559965487,9272
"Differential object marking","Grammatical","midline","midline posterior",NA,"posterior",906,-0.115888481449525,9272
"Differential object marking","Grammatical","midline","midline posterior",NA,"posterior",908,0.0311676013805004,9272
"Differential object marking","Grammatical","midline","midline posterior",NA,"posterior",910,0.184135569456428,9272
"Differential object marking","Grammatical","midline","midline posterior",NA,"posterior",912,0.338237165660052,9272
"Differential object marking","Grammatical","midline","midline posterior",NA,"posterior",914,0.489734577221743,9272
"Differential object marking","Grammatical","midline","midline posterior",NA,"posterior",916,0.635672778257118,9272
"Differential object marking","Grammatical","midline","midline posterior",NA,"posterior",918,0.773744499568594,9272
"Differential object marking","Grammatical","midline","midline posterior",NA,"posterior",920,0.902944456427955,9272
"Differential object marking","Grammatical","midline","midline posterior",NA,"posterior",922,1.0239261216566,9272
"Differential object marking","Grammatical","midline","midline posterior",NA,"posterior",924,1.13896656600518,9272
"Differential object marking","Grammatical","midline","midline posterior",NA,"posterior",926,1.2515086281277,9272
"Differential object marking","Grammatical","midline","midline posterior",NA,"posterior",928,1.36466059102675,9272
"Differential object marking","Grammatical","midline","midline posterior",NA,"posterior",930,1.47924298964625,9272
"Differential object marking","Grammatical","midline","midline posterior",NA,"posterior",932,1.59319391716997,9272
"Differential object marking","Grammatical","midline","midline posterior",NA,"posterior",934,1.70208477135462,9272
"Differential object marking","Grammatical","midline","midline posterior",NA,"posterior",936,1.80026941328732,9272
"Differential object marking","Grammatical","midline","midline posterior",NA,"posterior",938,1.88309286022433,9272
"Differential object marking","Grammatical","midline","midline posterior",NA,"posterior",940,1.94911410698878,9272
"Differential object marking","Grammatical","midline","midline posterior",NA,"posterior",942,2.00051973684211,9272
"Differential object marking","Grammatical","midline","midline posterior",NA,"posterior",944,2.04193011216566,9272
"Differential object marking","Grammatical","midline","midline posterior",NA,"posterior",946,2.07912888265746,9272
"Differential object marking","Grammatical","midline","midline posterior",NA,"posterior",948,2.11736518550475,9272
"Differential object marking","Grammatical","midline","midline posterior",NA,"posterior",950,2.15915358067299,9272
"Differential object marking","Grammatical","midline","midline posterior",NA,"posterior",952,2.20350355910267,9272
"Differential object marking","Grammatical","midline","midline posterior",NA,"posterior",954,2.24756481880932,9272
"Differential object marking","Grammatical","midline","midline posterior",NA,"posterior",956,2.28913103968939,9272
"Differential object marking","Grammatical","midline","midline posterior",NA,"posterior",958,2.32758369283865,9272
"Differential object marking","Grammatical","midline","midline posterior",NA,"posterior",960,2.36319111302847,9272
"Differential object marking","Grammatical","midline","midline posterior",NA,"posterior",962,2.3963153580673,9272
"Differential object marking","Grammatical","midline","midline posterior",NA,"posterior",964,2.42684296807593,9272
"Differential object marking","Grammatical","midline","midline posterior",NA,"posterior",966,2.4541419327006,9272
"Differential object marking","Grammatical","midline","midline posterior",NA,"posterior",968,2.47751499137187,9272
"Differential object marking","Grammatical","midline","midline posterior",NA,"posterior",970,2.49666576790337,9272
"Differential object marking","Grammatical","midline","midline posterior",NA,"posterior",972,2.51137349007765,9272
"Differential object marking","Grammatical","midline","midline posterior",NA,"posterior",974,2.52163524590164,9272
"Differential object marking","Grammatical","midline","midline posterior",NA,"posterior",976,2.52841803278689,9272
"Differential object marking","Grammatical","midline","midline posterior",NA,"posterior",978,2.53341619930975,9272
"Differential object marking","Grammatical","midline","midline posterior",NA,"posterior",980,2.53774493097498,9272
"Differential object marking","Grammatical","midline","midline posterior",NA,"posterior",982,2.54176272648835,9272
"Differential object marking","Grammatical","midline","midline posterior",NA,"posterior",984,2.54611615616911,9272
"Differential object marking","Grammatical","midline","midline posterior",NA,"posterior",986,2.55146656600518,9272
"Differential object marking","Grammatical","midline","midline posterior",NA,"posterior",988,2.55729767040552,9272
"Differential object marking","Grammatical","midline","midline posterior",NA,"posterior",990,2.56117407247627,9272
"Differential object marking","Grammatical","midline","midline posterior",NA,"posterior",992,2.55915584555651,9272
"Differential object marking","Grammatical","midline","midline posterior",NA,"posterior",994,2.54689603106126,9272
"Differential object marking","Grammatical","midline","midline posterior",NA,"posterior",996,2.52127254098361,9272
"Differential object marking","Grammatical","midline","midline posterior",NA,"posterior",998,2.4815084124245,9272
"Differential object marking","Grammatical","midline","midline posterior",NA,"posterior",1000,2.42901887402934,9272
"Differential object marking","Grammatical","midline","midline posterior",NA,"posterior",1002,2.36596386971527,9272
"Differential object marking","Grammatical","midline","midline posterior",NA,"posterior",1004,2.29408671268335,9272
"Differential object marking","Grammatical","midline","midline posterior",NA,"posterior",1006,2.21493787748059,9272
"Differential object marking","Grammatical","midline","midline posterior",NA,"posterior",1008,2.13061971527179,9272
"Differential object marking","Grammatical","midline","midline posterior",NA,"posterior",1010,2.04437877480587,9272
"Differential object marking","Grammatical","midline","midline posterior",NA,"posterior",1012,1.96002394305436,9272
"Differential object marking","Grammatical","midline","midline posterior",NA,"posterior",1014,1.88042450388266,9272
"Differential object marking","Grammatical","midline","midline posterior",NA,"posterior",1016,1.80583886971527,9272
"Differential object marking","Grammatical","midline","midline posterior",NA,"posterior",1018,1.73345416307161,9272
"Differential object marking","Grammatical","midline","midline posterior",NA,"posterior",1020,1.658835202761,9272
"Differential object marking","Grammatical","midline","midline posterior",NA,"posterior",1022,1.57821192838654,9272
"Differential object marking","Grammatical","midline","midline posterior",NA,"posterior",1024,1.48941080672994,9272
"Differential object marking","Grammatical","midline","midline posterior",NA,"posterior",1026,1.39154098360656,9272
"Differential object marking","Grammatical","midline","midline posterior",NA,"posterior",1028,1.28496063416739,9272
"Differential object marking","Grammatical","midline","midline posterior",NA,"posterior",1030,1.17119229939603,9272
"Differential object marking","Grammatical","midline","midline posterior",NA,"posterior",1032,1.05272659620362,9272
"Differential object marking","Grammatical","midline","midline posterior",NA,"posterior",1034,0.932582614322692,9272
"Differential object marking","Grammatical","midline","midline posterior",NA,"posterior",1036,0.813619823123382,9272
"Differential object marking","Grammatical","midline","midline posterior",NA,"posterior",1038,0.697675798101812,9272
"Differential object marking","Grammatical","midline","midline posterior",NA,"posterior",1040,0.584366911130285,9272
"Differential object marking","Grammatical","midline","midline posterior",NA,"posterior",1042,0.471007010353753,9272
"Differential object marking","Grammatical","midline","midline posterior",NA,"posterior",1044,0.35461561691113,9272
"Differential object marking","Grammatical","midline","midline posterior",NA,"posterior",1046,0.234110763589301,9272
"Differential object marking","Grammatical","midline","midline posterior",NA,"posterior",1048,0.110797778257118,9272
"Differential object marking","Grammatical","midline","midline posterior",NA,"posterior",1050,-0.0122521570319241,9272
"Differential object marking","Grammatical","midline","midline posterior",NA,"posterior",1052,-0.131293572044866,9272
"Differential object marking","Grammatical","midline","midline posterior",NA,"posterior",1054,-0.242723684210526,9272
"Differential object marking","Grammatical","midline","midline posterior",NA,"posterior",1056,-0.343696289905091,9272
"Differential object marking","Grammatical","midline","midline posterior",NA,"posterior",1058,-0.433028796376186,9272
"Differential object marking","Grammatical","midline","midline posterior",NA,"posterior",1060,-0.511868097497843,9272
"Differential object marking","Grammatical","midline","midline posterior",NA,"posterior",1062,-0.583052200172563,9272
"Differential object marking","Grammatical","midline","midline posterior",NA,"posterior",1064,-0.649164150129422,9272
"Differential object marking","Grammatical","midline","midline posterior",NA,"posterior",1066,-0.711789797238999,9272
"Differential object marking","Grammatical","midline","midline posterior",NA,"posterior",1068,-0.771834016393443,9272
"Differential object marking","Grammatical","midline","midline posterior",NA,"posterior",1070,-0.8296505608283,9272
"Differential object marking","Grammatical","midline","midline posterior",NA,"posterior",1072,-0.884656492666091,9272
"Differential object marking","Grammatical","midline","midline posterior",NA,"posterior",1074,-0.934996117342537,9272
"Differential object marking","Grammatical","midline","midline posterior",NA,"posterior",1076,-0.977769844693701,9272
"Differential object marking","Grammatical","midline","midline posterior",NA,"posterior",1078,-1.0103238783434,9272
"Differential object marking","Grammatical","midline","midline posterior",NA,"posterior",1080,-1.03182819240725,9272
"Differential object marking","Grammatical","midline","midline posterior",NA,"posterior",1082,-1.04361885245902,9272
"Differential object marking","Grammatical","midline","midline posterior",NA,"posterior",1084,-1.04781837791199,9272
"Differential object marking","Grammatical","midline","midline posterior",NA,"posterior",1086,-1.04597519413287,9272
"Differential object marking","Grammatical","midline","midline posterior",NA,"posterior",1088,-1.03935440034513,9272
"Differential object marking","Grammatical","midline","midline posterior",NA,"posterior",1090,-1.02978505176877,9272
"Differential object marking","Grammatical","midline","midline posterior",NA,"posterior",1092,-1.01932581967213,9272
"Differential object marking","Grammatical","midline","midline posterior",NA,"posterior",1094,-1.00912003882657,9272
"Differential object marking","Grammatical","midline","midline posterior",NA,"posterior",1096,-0.999328192407248,9272
"Differential object marking","Grammatical","midline","midline posterior",NA,"posterior",1098,-0.990022864538395,9272
"Differential object marking","Ungrammatical","midline","midline anterior",NA,"anterior",-100,-0.000540814847034944,13794
"Differential object marking","Ungrammatical","midline","midline anterior",NA,"anterior",-98,0.0187595331303465,13794
"Differential object marking","Ungrammatical","midline","midline anterior",NA,"anterior",-96,0.0345252283601566,13794
"Differential object marking","Ungrammatical","midline","midline anterior",NA,"anterior",-94,0.0472534435261708,13794
"Differential object marking","Ungrammatical","midline","midline anterior",NA,"anterior",-92,0.0575587211831231,13794
"Differential object marking","Ungrammatical","midline","midline anterior",NA,"anterior",-90,0.066368638538495,13794
"Differential object marking","Ungrammatical","midline","midline anterior",NA,"anterior",-88,0.0757943308684935,13794
"Differential object marking","Ungrammatical","midline","midline anterior",NA,"anterior",-86,0.0897596781209221,13794
"Differential object marking","Ungrammatical","midline","midline anterior",NA,"anterior",-84,0.112520733652313,13794
"Differential object marking","Ungrammatical","midline","midline anterior",NA,"anterior",-82,0.145654269972452,13794
"Differential object marking","Ungrammatical","midline","midline anterior",NA,"anterior",-80,0.186539219950703,13794
"Differential object marking","Ungrammatical","midline","midline anterior",NA,"anterior",-78,0.230381325213861,13794
"Differential object marking","Ungrammatical","midline","midline anterior",NA,"anterior",-76,0.273818399304045,13794
"Differential object marking","Ungrammatical","midline","midline anterior",NA,"anterior",-74,0.316668624039437,13794
"Differential object marking","Ungrammatical","midline","midline anterior",NA,"anterior",-72,0.361320719153255,13794
"Differential object marking","Ungrammatical","midline","midline anterior",NA,"anterior",-70,0.411857401768885,13794
"Differential object marking","Ungrammatical","midline","midline anterior",NA,"anterior",-68,0.473197477163984,13794
"Differential object marking","Ungrammatical","midline","midline anterior",NA,"anterior",-66,0.549329998550094,13794
"Differential object marking","Ungrammatical","midline","midline anterior",NA,"anterior",-64,0.641221473104248,13794
"Differential object marking","Ungrammatical","midline","midline anterior",NA,"anterior",-62,0.745537117587357,13794
"Differential object marking","Ungrammatical","midline","midline anterior",NA,"anterior",-60,0.85471647092939,13794
"Differential object marking","Ungrammatical","midline","midline anterior",NA,"anterior",-58,0.958543207191533,13794
"Differential object marking","Ungrammatical","midline","midline anterior",NA,"anterior",-56,1.04811802232855,13794
"Differential object marking","Ungrammatical","midline","midline anterior",NA,"anterior",-54,1.12014702044367,13794
"Differential object marking","Ungrammatical","midline","midline anterior",NA,"anterior",-52,1.17777033492823,13794
"Differential object marking","Ungrammatical","midline","midline anterior",NA,"anterior",-50,1.22767688850225,13794
"Differential object marking","Ungrammatical","midline","midline anterior",NA,"anterior",-48,1.27642735972162,13794
"Differential object marking","Ungrammatical","midline","midline anterior",NA,"anterior",-46,1.32753262287951,13794
"Differential object marking","Ungrammatical","midline","midline anterior",NA,"anterior",-44,1.38003653762505,13794
"Differential object marking","Ungrammatical","midline","midline anterior",NA,"anterior",-42,1.42951689140206,13794
"Differential object marking","Ungrammatical","midline","midline anterior",NA,"anterior",-40,1.47122103813252,13794
"Differential object marking","Ungrammatical","midline","midline anterior",NA,"anterior",-38,1.50292395244309,13794
"Differential object marking","Ungrammatical","midline","midline anterior",NA,"anterior",-36,1.52575474844135,13794
"Differential object marking","Ungrammatical","midline","midline anterior",NA,"anterior",-34,1.54314876033058,13794
"Differential object marking","Ungrammatical","midline","midline anterior",NA,"anterior",-32,1.55874133681311,13794
"Differential object marking","Ungrammatical","midline","midline anterior",NA,"anterior",-30,1.57447970131941,13794
"Differential object marking","Ungrammatical","midline","midline anterior",NA,"anterior",-28,1.59034710743802,13794
"Differential object marking","Ungrammatical","midline","midline anterior",NA,"anterior",-26,1.6051420907641,13794
"Differential object marking","Ungrammatical","midline","midline anterior",NA,"anterior",-24,1.61627439466435,13794
"Differential object marking","Ungrammatical","midline","midline anterior",NA,"anterior",-22,1.61925996810207,13794
"Differential object marking","Ungrammatical","midline","midline anterior",NA,"anterior",-20,1.60929570827896,13794
"Differential object marking","Ungrammatical","midline","midline anterior",NA,"anterior",-18,1.58428635638683,13794
"Differential object marking","Ungrammatical","midline","midline anterior",NA,"anterior",-16,1.54604690445121,13794
"Differential object marking","Ungrammatical","midline","midline anterior",NA,"anterior",-14,1.49852174858634,13794
"Differential object marking","Ungrammatical","midline","midline anterior",NA,"anterior",-12,1.44565477743947,13794
"Differential object marking","Ungrammatical","midline","midline anterior",NA,"anterior",-10,1.39109047411918,13794
"Differential object marking","Ungrammatical","midline","midline anterior",NA,"anterior",-8,1.33900529215601,13794
"Differential object marking","Ungrammatical","midline","midline anterior",NA,"anterior",-6,1.29363919095259,13794
"Differential object marking","Ungrammatical","midline","midline anterior",NA,"anterior",-4,1.25710983036103,13794
"Differential object marking","Ungrammatical","midline","midline anterior",NA,"anterior",-2,1.22784522256053,13794
"Differential object marking","Ungrammatical","midline","midline anterior",NA,"anterior",0,1.20098361606496,13794
"Differential object marking","Ungrammatical","midline","midline anterior",NA,"anterior",2,1.16971552849065,13794
"Differential object marking","Ungrammatical","midline","midline anterior",NA,"anterior",4,1.12723357981731,13794
"Differential object marking","Ungrammatical","midline","midline anterior",NA,"anterior",6,1.06997825141366,13794
"Differential object marking","Ungrammatical","midline","midline anterior",NA,"anterior",8,0.999601348412353,13794
"Differential object marking","Ungrammatical","midline","midline anterior",NA,"anterior",10,0.921943381180223,13794
"Differential object marking","Ungrammatical","midline","midline anterior",NA,"anterior",12,0.844541612295201,13794
"Differential object marking","Ungrammatical","midline","midline anterior",NA,"anterior",14,0.775161084529506,13794
"Differential object marking","Ungrammatical","midline","midline anterior",NA,"anterior",16,0.719803102798318,13794
"Differential object marking","Ungrammatical","midline","midline anterior",NA,"anterior",18,0.680202334348267,13794
"Differential object marking","Ungrammatical","midline","midline anterior",NA,"anterior",20,0.653372625779324,13794
"Differential object marking","Ungrammatical","midline","midline anterior",NA,"anterior",22,0.633811657242279,13794
"Differential object marking","Ungrammatical","midline","midline anterior",NA,"anterior",24,0.615955197912136,13794
"Differential object marking","Ungrammatical","midline","midline anterior",NA,"anterior",26,0.595810787298826,13794
"Differential object marking","Ungrammatical","midline","midline anterior",NA,"anterior",28,0.572214368566043,13794
"Differential object marking","Ungrammatical","midline","midline anterior",NA,"anterior",30,0.547664274322169,13794
"Differential object marking","Ungrammatical","midline","midline anterior",NA,"anterior",32,0.527768232564883,13794
"Differential object marking","Ungrammatical","midline","midline anterior",NA,"anterior",34,0.518864288821227,13794
"Differential object marking","Ungrammatical","midline","midline anterior",NA,"anterior",36,0.524469479483833,13794
"Differential object marking","Ungrammatical","midline","midline anterior",NA,"anterior",38,0.542079454835436,13794
"Differential object marking","Ungrammatical","midline","midline anterior",NA,"anterior",40,0.563799043062201,13794
"Differential object marking","Ungrammatical","midline","midline anterior",NA,"anterior",42,0.580858054226475,13794
"Differential object marking","Ungrammatical","midline","midline anterior",NA,"anterior",44,0.587852109612875,13794
"Differential object marking","Ungrammatical","midline","midline anterior",NA,"anterior",46,0.583534870233435,13794
"Differential object marking","Ungrammatical","midline","midline anterior",NA,"anterior",48,0.56971183123097,13794
"Differential object marking","Ungrammatical","midline","midline anterior",NA,"anterior",50,0.550216615919965,13794
"Differential object marking","Ungrammatical","midline","midline anterior",NA,"anterior",52,0.530347542409743,13794
"Differential object marking","Ungrammatical","midline","midline anterior",NA,"anterior",54,0.515686530375526,13794
"Differential object marking","Ungrammatical","midline","midline anterior",NA,"anterior",56,0.509576845005075,13794
"Differential object marking","Ungrammatical","midline","midline anterior",NA,"anterior",58,0.511126794258373,13794
"Differential object marking","Ungrammatical","midline","midline anterior",NA,"anterior",60,0.516274032187908,13794
"Differential object marking","Ungrammatical","midline","midline anterior",NA,"anterior",62,0.5212544584602,13794
"Differential object marking","Ungrammatical","midline","midline anterior",NA,"anterior",64,0.525426997245179,13794
"Differential object marking","Ungrammatical","midline","midline anterior",NA,"anterior",66,0.53128816876903,13794
"Differential object marking","Ungrammatical","midline","midline anterior",NA,"anterior",68,0.542354646947948,13794
"Differential object marking","Ungrammatical","midline","midline anterior",NA,"anterior",70,0.560720458170219,13794
"Differential object marking","Ungrammatical","midline","midline anterior",NA,"anterior",72,0.585879585326954,13794
"Differential object marking","Ungrammatical","midline","midline anterior",NA,"anterior",74,0.614801652892562,13794
"Differential object marking","Ungrammatical","midline","midline anterior",NA,"anterior",76,0.643285051471654,13794
"Differential object marking","Ungrammatical","midline","midline anterior",NA,"anterior",78,0.667890314629549,13794
"Differential object marking","Ungrammatical","midline","midline anterior",NA,"anterior",80,0.686459257648253,13794
"Differential object marking","Ungrammatical","midline","midline anterior",NA,"anterior",82,0.697013991590547,13794
"Differential object marking","Ungrammatical","midline","midline anterior",NA,"anterior",84,0.697797738147021,13794
"Differential object marking","Ungrammatical","midline","midline anterior",NA,"anterior",86,0.688479991300565,13794
"Differential object marking","Ungrammatical","midline","midline anterior",NA,"anterior",88,0.670292373495723,13794
"Differential object marking","Ungrammatical","midline","midline anterior",NA,"anterior",90,0.64536450630709,13794
"Differential object marking","Ungrammatical","midline","midline anterior",NA,"anterior",92,0.616102145860519,13794
"Differential object marking","Ungrammatical","midline","midline anterior",NA,"anterior",94,0.584397709148905,13794
"Differential object marking","Ungrammatical","midline","midline anterior",NA,"anterior",96,0.55092532985356,13794
"Differential object marking","Ungrammatical","midline","midline anterior",NA,"anterior",98,0.515276497027693,13794
"Differential object marking","Ungrammatical","midline","midline anterior",NA,"anterior",100,0.476321951573148,13794
"Differential object marking","Ungrammatical","midline","midline anterior",NA,"anterior",102,0.432451935624184,13794
"Differential object marking","Ungrammatical","midline","midline anterior",NA,"anterior",104,0.38191539799913,13794
"Differential object marking","Ungrammatical","midline","midline anterior",NA,"anterior",106,0.323024285921415,13794
"Differential object marking","Ungrammatical","midline","midline anterior",NA,"anterior",108,0.253832970856894,13794
"Differential object marking","Ungrammatical","midline","midline anterior",NA,"anterior",110,0.172573800202987,13794
"Differential object marking","Ungrammatical","midline","midline anterior",NA,"anterior",112,0.0791502827316225,13794
"Differential object marking","Ungrammatical","midline","midline anterior",NA,"anterior",114,-0.0242372045817022,13794
"Differential object marking","Ungrammatical","midline","midline anterior",NA,"anterior",116,-0.134661954472959,13794
"Differential object marking","Ungrammatical","midline","midline anterior",NA,"anterior",118,-0.250142308249964,13794
"Differential object marking","Ungrammatical","midline","midline anterior",NA,"anterior",120,-0.370119327243729,13794
"Differential object marking","Ungrammatical","midline","midline anterior",NA,"anterior",122,-0.495526533275337,13794
"Differential object marking","Ungrammatical","midline","midline anterior",NA,"anterior",124,-0.627717558358707,13794
"Differential object marking","Ungrammatical","midline","midline anterior",NA,"anterior",126,-0.766199579527331,13794
"Differential object marking","Ungrammatical","midline","midline anterior",NA,"anterior",128,-0.907034870233435,13794
"Differential object marking","Ungrammatical","midline","midline anterior",NA,"anterior",130,-1.04314796288241,13794
"Differential object marking","Ungrammatical","midline","midline anterior",NA,"anterior",132,-1.1658525445846,13794
"Differential object marking","Ungrammatical","midline","midline anterior",NA,"anterior",134,-1.26683659562128,13794
"Differential object marking","Ungrammatical","midline","midline anterior",NA,"anterior",136,-1.34024938379005,13794
"Differential object marking","Ungrammatical","midline","midline anterior",NA,"anterior",138,-1.38411562998405,13794
"Differential object marking","Ungrammatical","midline","midline anterior",NA,"anterior",140,-1.39964854284472,13794
"Differential object marking","Ungrammatical","midline","midline anterior",NA,"anterior",142,-1.38950645208061,13794
"Differential object marking","Ungrammatical","midline","midline anterior",NA,"anterior",144,-1.35669001014934,13794
"Differential object marking","Ungrammatical","midline","midline anterior",NA,"anterior",146,-1.30413810352327,13794
"Differential object marking","Ungrammatical","midline","midline anterior",NA,"anterior",148,-1.23408496447731,13794
"Differential object marking","Ungrammatical","midline","midline anterior",NA,"anterior",150,-1.14740263882848,13794
"Differential object marking","Ungrammatical","midline","midline anterior",NA,"anterior",152,-1.04342409743367,13794
"Differential object marking","Ungrammatical","midline","midline anterior",NA,"anterior",154,-0.920781136726113,13794
"Differential object marking","Ungrammatical","midline","midline anterior",NA,"anterior",156,-0.779124546904451,13794
"Differential object marking","Ungrammatical","midline","midline anterior",NA,"anterior",158,-0.620072350297231,13794
"Differential object marking","Ungrammatical","midline","midline anterior",NA,"anterior",160,-0.446120559663622,13794
"Differential object marking","Ungrammatical","midline","midline anterior",NA,"anterior",162,-0.258801435406699,13794
"Differential object marking","Ungrammatical","midline","midline anterior",NA,"anterior",164,-0.0580724227925185,13794
"Differential object marking","Ungrammatical","midline","midline anterior",NA,"anterior",166,0.157172756270842,13794
"Differential object marking","Ungrammatical","midline","midline anterior",NA,"anterior",168,0.387881905176164,13794
"Differential object marking","Ungrammatical","midline","midline anterior",NA,"anterior",170,0.633925764825286,13794
"Differential object marking","Ungrammatical","midline","midline anterior",NA,"anterior",172,0.894229157604756,13794
"Differential object marking","Ungrammatical","midline","midline anterior",NA,"anterior",174,1.16763948093374,13794
"Differential object marking","Ungrammatical","midline","midline anterior",NA,"anterior",176,1.45199267797593,13794
"Differential object marking","Ungrammatical","midline","midline anterior",NA,"anterior",178,1.74238857474264,13794
"Differential object marking","Ungrammatical","midline","midline anterior",NA,"anterior",180,2.03172814267073,13794
"Differential object marking","Ungrammatical","midline","midline anterior",NA,"anterior",182,2.31380281281717,13794
"Differential object marking","Ungrammatical","midline","midline anterior",NA,"anterior",184,2.58598448600841,13794
"Differential object marking","Ungrammatical","midline","midline anterior",NA,"anterior",186,2.84867558358707,13794
"Differential object marking","Ungrammatical","midline","midline anterior",NA,"anterior",188,3.10219653472524,13794
"Differential object marking","Ungrammatical","midline","midline anterior",NA,"anterior",190,3.34492431491953,13794
"Differential object marking","Ungrammatical","midline","midline anterior",NA,"anterior",192,3.57391590546614,13794
"Differential object marking","Ungrammatical","midline","midline anterior",NA,"anterior",194,3.78653595766275,13794
"Differential object marking","Ungrammatical","midline","midline anterior",NA,"anterior",196,3.98168732782369,13794
"Differential object marking","Ungrammatical","midline","midline anterior",NA,"anterior",198,4.15998600840945,13794
"Differential object marking","Ungrammatical","midline","midline anterior",NA,"anterior",200,4.32263281136726,13794
"Differential object marking","Ungrammatical","midline","midline anterior",NA,"anterior",202,4.46964615050022,13794
"Differential object marking","Ungrammatical","midline","midline anterior",NA,"anterior",204,4.59945925764825,13794
"Differential object marking","Ungrammatical","midline","midline anterior",NA,"anterior",206,4.71054632448891,13794
"Differential object marking","Ungrammatical","midline","midline anterior",NA,"anterior",208,4.80289973901696,13794
"Differential object marking","Ungrammatical","midline","midline anterior",NA,"anterior",210,4.87747759895607,13794
"Differential object marking","Ungrammatical","midline","midline anterior",NA,"anterior",212,4.9350927214731,13794
"Differential object marking","Ungrammatical","midline","midline anterior",NA,"anterior",214,4.97719870958388,13794
"Differential object marking","Ungrammatical","midline","midline anterior",NA,"anterior",216,5.00711968972017,13794
"Differential object marking","Ungrammatical","midline","midline anterior",NA,"anterior",218,5.02908438451501,13794
"Differential object marking","Ungrammatical","midline","midline anterior",NA,"anterior",220,5.04561881977671,13794
"Differential object marking","Ungrammatical","midline","midline anterior",NA,"anterior",222,5.05630063795853,13794
"Differential object marking","Ungrammatical","midline","midline anterior",NA,"anterior",224,5.05938581992171,13794
"Differential object marking","Ungrammatical","midline","midline anterior",NA,"anterior",226,5.05439379440336,13794
"Differential object marking","Ungrammatical","midline","midline anterior",NA,"anterior",228,5.04375975061621,13794
"Differential object marking","Ungrammatical","midline","midline anterior",NA,"anterior",230,5.0325927214731,13794
"Differential object marking","Ungrammatical","midline","midline anterior",NA,"anterior",232,5.02644200376975,13794
"Differential object marking","Ungrammatical","midline","midline anterior",NA,"anterior",234,5.0278638538495,13794
"Differential object marking","Ungrammatical","midline","midline anterior",NA,"anterior",236,5.03456401333913,13794
"Differential object marking","Ungrammatical","midline","midline anterior",NA,"anterior",238,5.04066354936929,13794
"Differential object marking","Ungrammatical","midline","midline anterior",NA,"anterior",240,5.03969783964042,13794
"Differential object marking","Ungrammatical","midline","midline anterior",NA,"anterior",242,5.02682267652603,13794
"Differential object marking","Ungrammatical","midline","midline anterior",NA,"anterior",244,4.99950159489633,13794
"Differential object marking","Ungrammatical","midline","midline anterior",NA,"anterior",246,4.95768486298391,13794
"Differential object marking","Ungrammatical","midline","midline anterior",NA,"anterior",248,4.90429628824126,13794
"Differential object marking","Ungrammatical","midline","midline anterior",NA,"anterior",250,4.84493294185878,13794
"Differential object marking","Ungrammatical","midline","midline anterior",NA,"anterior",252,4.786093953893,13794
"Differential object marking","Ungrammatical","midline","midline anterior",NA,"anterior",254,4.73297672901261,13794
"Differential object marking","Ungrammatical","midline","midline anterior",NA,"anterior",256,4.68754864433812,13794
"Differential object marking","Ungrammatical","midline","midline anterior",NA,"anterior",258,4.6475701754386,13794
"Differential object marking","Ungrammatical","midline","midline anterior",NA,"anterior",260,4.60821589096709,13794
"Differential object marking","Ungrammatical","midline","midline anterior",NA,"anterior",262,4.56502754820937,13794
"Differential object marking","Ungrammatical","midline","midline anterior",NA,"anterior",264,4.5157419892707,13794
"Differential object marking","Ungrammatical","midline","midline anterior",NA,"anterior",266,4.46057300275482,13794
"Differential object marking","Ungrammatical","midline","midline anterior",NA,"anterior",268,4.40065622734522,13794
"Differential object marking","Ungrammatical","midline","midline anterior",NA,"anterior",270,4.3358234014789,13794
"Differential object marking","Ungrammatical","midline","midline anterior",NA,"anterior",272,4.26427903436277,13794
"Differential object marking","Ungrammatical","midline","midline anterior",NA,"anterior",274,4.18447448165869,13794
"Differential object marking","Ungrammatical","midline","midline anterior",NA,"anterior",276,4.09596099753516,13794
"Differential object marking","Ungrammatical","midline","midline anterior",NA,"anterior",278,3.99854610700304,13794
"Differential object marking","Ungrammatical","midline","midline anterior",NA,"anterior",280,3.89133971291866,13794
"Differential object marking","Ungrammatical","midline","midline anterior",NA,"anterior",282,3.77273821951573,13794
"Differential object marking","Ungrammatical","midline","midline anterior",NA,"anterior",284,3.64115608235465,13794
"Differential object marking","Ungrammatical","midline","midline anterior",NA,"anterior",286,3.49592975206612,13794
"Differential object marking","Ungrammatical","midline","midline anterior",NA,"anterior",288,3.33807655502392,13794
"Differential object marking","Ungrammatical","midline","midline anterior",NA,"anterior",290,3.1707258953168,13794
"Differential object marking","Ungrammatical","midline","midline anterior",NA,"anterior",292,2.99841692040017,13794
"Differential object marking","Ungrammatical","midline","midline anterior",NA,"anterior",294,2.82587668551544,13794
"Differential object marking","Ungrammatical","midline","midline anterior",NA,"anterior",296,2.65713194142381,13794
"Differential object marking","Ungrammatical","midline","midline anterior",NA,"anterior",298,2.49465571987821,13794
"Differential object marking","Ungrammatical","midline","midline anterior",NA,"anterior",300,2.33910294330868,13794
"Differential object marking","Ungrammatical","midline","midline anterior",NA,"anterior",302,2.1898697984631,13794
"Differential object marking","Ungrammatical","midline","midline anterior",NA,"anterior",304,2.04524677395969,13794
"Differential object marking","Ungrammatical","midline","midline anterior",NA,"anterior",306,1.90212788168769,13794
"Differential object marking","Ungrammatical","midline","midline anterior",NA,"anterior",308,1.75714941278817,13794
"Differential object marking","Ungrammatical","midline","midline anterior",NA,"anterior",310,1.60848883572568,13794
"Differential object marking","Ungrammatical","midline","midline anterior",NA,"anterior",312,1.45686312889662,13794
"Differential object marking","Ungrammatical","midline","midline anterior",NA,"anterior",314,1.30569051761635,13794
"Differential object marking","Ungrammatical","midline","midline anterior",NA,"anterior",316,1.15990633608815,13794
"Differential object marking","Ungrammatical","midline","midline anterior",NA,"anterior",318,1.02416057706249,13794
"Differential object marking","Ungrammatical","midline","midline anterior",NA,"anterior",320,0.901589966652168,13794
"Differential object marking","Ungrammatical","midline","midline anterior",NA,"anterior",322,0.79323894446861,13794
"Differential object marking","Ungrammatical","midline","midline anterior",NA,"anterior",324,0.698328693634914,13794
"Differential object marking","Ungrammatical","midline","midline anterior",NA,"anterior",326,0.616235319704219,13794
"Differential object marking","Ungrammatical","midline","midline anterior",NA,"anterior",328,0.548267145135566,13794
"Differential object marking","Ungrammatical","midline","midline anterior",NA,"anterior",330,0.496267725097869,13794
"Differential object marking","Ungrammatical","midline","midline anterior",NA,"anterior",332,0.459234522256053,13794
"Differential object marking","Ungrammatical","midline","midline anterior",NA,"anterior",334,0.432696389734667,13794
"Differential object marking","Ungrammatical","midline","midline anterior",NA,"anterior",336,0.411086849354792,13794
"Differential object marking","Ungrammatical","midline","midline anterior",NA,"anterior",338,0.389899811512252,13794
"Differential object marking","Ungrammatical","midline","midline anterior",NA,"anterior",340,0.36655553139046,13794
"Differential object marking","Ungrammatical","midline","midline anterior",NA,"anterior",342,0.340770189937654,13794
"Differential object marking","Ungrammatical","midline","midline anterior",NA,"anterior",344,0.314061258518196,13794
"Differential object marking","Ungrammatical","midline","midline anterior",NA,"anterior",346,0.288493185442946,13794
"Differential object marking","Ungrammatical","midline","midline anterior",NA,"anterior",348,0.266412353197042,13794
"Differential object marking","Ungrammatical","midline","midline anterior",NA,"anterior",350,0.250604900681456,13794
"Differential object marking","Ungrammatical","midline","midline anterior",NA,"anterior",352,0.243282731622444,13794
"Differential object marking","Ungrammatical","midline","midline anterior",NA,"anterior",354,0.244248876323039,13794
"Differential object marking","Ungrammatical","midline","midline anterior",NA,"anterior",356,0.250868711033783,13794
"Differential object marking","Ungrammatical","midline","midline anterior",NA,"anterior",358,0.260014861534,13794
"Differential object marking","Ungrammatical","midline","midline anterior",NA,"anterior",360,0.269735102218356,13794
"Differential object marking","Ungrammatical","midline","midline anterior",NA,"anterior",362,0.27978650137741,13794
"Differential object marking","Ungrammatical","midline","midline anterior",NA,"anterior",364,0.291916992895462,13794
"Differential object marking","Ungrammatical","midline","midline anterior",NA,"anterior",366,0.309046759460635,13794
"Differential object marking","Ungrammatical","midline","midline anterior",NA,"anterior",368,0.333549296795708,13794
"Differential object marking","Ungrammatical","midline","midline anterior",NA,"anterior",370,0.365850007249529,13794
"Differential object marking","Ungrammatical","midline","midline anterior",NA,"anterior",372,0.404713281136726,13794
"Differential object marking","Ungrammatical","midline","midline anterior",NA,"anterior",374,0.44826504277222,13794
"Differential object marking","Ungrammatical","midline","midline anterior",NA,"anterior",376,0.494133536320139,13794
"Differential object marking","Ungrammatical","midline","midline anterior",NA,"anterior",378,0.538577062490938,13794
"Differential object marking","Ungrammatical","midline","midline anterior",NA,"anterior",380,0.576970494417863,13794
"Differential object marking","Ungrammatical","midline","midline anterior",NA,"anterior",382,0.606379730317529,13794
"Differential object marking","Ungrammatical","midline","midline anterior",NA,"anterior",384,0.626996737712049,13794
"Differential object marking","Ungrammatical","midline","midline anterior",NA,"anterior",386,0.64098579092359,13794
"Differential object marking","Ungrammatical","midline","midline anterior",NA,"anterior",388,0.650884152530086,13794
"Differential object marking","Ungrammatical","midline","midline anterior",NA,"anterior",390,0.659486878352907,13794
"Differential object marking","Ungrammatical","midline","midline anterior",NA,"anterior",392,0.67016753661012,13794
"Differential object marking","Ungrammatical","midline","midline anterior",NA,"anterior",394,0.685543352182108,13794
"Differential object marking","Ungrammatical","midline","midline anterior",NA,"anterior",396,0.705013266637669,13794
"Differential object marking","Ungrammatical","midline","midline anterior",NA,"anterior",398,0.7243638538495,13794
"Differential object marking","Ungrammatical","midline","midline anterior",NA,"anterior",400,0.738308467449616,13794
"Differential object marking","Ungrammatical","midline","midline anterior",NA,"anterior",402,0.742985718428302,13794
"Differential object marking","Ungrammatical","midline","midline anterior",NA,"anterior",404,0.736935116717413,13794
"Differential object marking","Ungrammatical","midline","midline anterior",NA,"anterior",406,0.721377192982456,13794
"Differential object marking","Ungrammatical","midline","midline anterior",NA,"anterior",408,0.700034580252284,13794
"Differential object marking","Ungrammatical","midline","midline anterior",NA,"anterior",410,0.678424169928955,13794
"Differential object marking","Ungrammatical","midline","midline anterior",NA,"anterior",412,0.66221248368856,13794
"Differential object marking","Ungrammatical","midline","midline anterior",NA,"anterior",414,0.655068798028128,13794
"Differential object marking","Ungrammatical","midline","midline anterior",NA,"anterior",416,0.657174423662462,13794
"Differential object marking","Ungrammatical","midline","midline anterior",NA,"anterior",418,0.665069595476294,13794
"Differential object marking","Ungrammatical","midline","midline anterior",NA,"anterior",420,0.673003262287951,13794
"Differential object marking","Ungrammatical","midline","midline anterior",NA,"anterior",422,0.675609975351602,13794
"Differential object marking","Ungrammatical","midline","midline anterior",NA,"anterior",424,0.670216760910541,13794
"Differential object marking","Ungrammatical","midline","midline anterior",NA,"anterior",426,0.656788676236045,13794
"Differential object marking","Ungrammatical","midline","midline anterior",NA,"anterior",428,0.636642018268813,13794
"Differential object marking","Ungrammatical","midline","midline anterior",NA,"anterior",430,0.611772292301,13794
"Differential object marking","Ungrammatical","midline","midline anterior",NA,"anterior",432,0.584641800782949,13794
"Differential object marking","Ungrammatical","midline","midline anterior",NA,"anterior",434,0.557839350442221,13794
"Differential object marking","Ungrammatical","midline","midline anterior",NA,"anterior",436,0.533806872553284,13794
"Differential object marking","Ungrammatical","midline","midline anterior",NA,"anterior",438,0.51479048861824,13794
"Differential object marking","Ungrammatical","midline","midline anterior",NA,"anterior",440,0.502156952298101,13794
"Differential object marking","Ungrammatical","midline","midline anterior",NA,"anterior",442,0.495556111352762,13794
"Differential object marking","Ungrammatical","midline","midline anterior",NA,"anterior",444,0.492700739451936,13794
"Differential object marking","Ungrammatical","midline","midline anterior",NA,"anterior",446,0.490463607365521,13794
"Differential object marking","Ungrammatical","midline","midline anterior",NA,"anterior",448,0.486233797303175,13794
"Differential object marking","Ungrammatical","midline","midline anterior",NA,"anterior",450,0.479242786718863,13794
"Differential object marking","Ungrammatical","midline","midline anterior",NA,"anterior",452,0.471856024358417,13794
"Differential object marking","Ungrammatical","midline","midline anterior",NA,"anterior",454,0.469384080034798,13794
"Differential object marking","Ungrammatical","midline","midline anterior",NA,"anterior",456,0.477093663911846,13794
"Differential object marking","Ungrammatical","midline","midline anterior",NA,"anterior",458,0.496488835725678,13794
"Differential object marking","Ungrammatical","midline","midline anterior",NA,"anterior",460,0.523951355661882,13794
"Differential object marking","Ungrammatical","midline","midline anterior",NA,"anterior",462,0.552306872553284,13794
"Differential object marking","Ungrammatical","midline","midline anterior",NA,"anterior",464,0.573680803247789,13794
"Differential object marking","Ungrammatical","midline","midline anterior",NA,"anterior",466,0.582769899956503,13794
"Differential object marking","Ungrammatical","midline","midline anterior",NA,"anterior",468,0.579128461649993,13794
"Differential object marking","Ungrammatical","midline","midline anterior",NA,"anterior",470,0.566701319414238,13794
"Differential object marking","Ungrammatical","midline","midline anterior",NA,"anterior",472,0.551146222995505,13794
"Differential object marking","Ungrammatical","midline","midline anterior",NA,"anterior",474,0.53730600260983,13794
"Differential object marking","Ungrammatical","midline","midline anterior",NA,"anterior",476,0.527860156589822,13794
"Differential object marking","Ungrammatical","midline","midline anterior",NA,"anterior",478,0.523244816586922,13794
"Differential object marking","Ungrammatical","midline","midline anterior",NA,"anterior",480,0.523099391039582,13794
"Differential object marking","Ungrammatical","midline","midline anterior",NA,"anterior",482,0.527028998115122,13794
"Differential object marking","Ungrammatical","midline","midline anterior",NA,"anterior",484,0.533800927939684,13794
"Differential object marking","Ungrammatical","midline","midline anterior",NA,"anterior",486,0.540682398144121,13794
"Differential object marking","Ungrammatical","midline","midline anterior",NA,"anterior",488,0.544649920255183,13794
"Differential object marking","Ungrammatical","midline","midline anterior",NA,"anterior",490,0.544106205596636,13794
"Differential object marking","Ungrammatical","midline","midline anterior",NA,"anterior",492,0.539624981876178,13794
"Differential object marking","Ungrammatical","midline","midline anterior",NA,"anterior",494,0.533769754965927,13794
"Differential object marking","Ungrammatical","midline","midline anterior",NA,"anterior",496,0.530171306365086,13794
"Differential object marking","Ungrammatical","midline","midline anterior",NA,"anterior",498,0.532173916195447,13794
"Differential object marking","Ungrammatical","midline","midline anterior",NA,"anterior",500,0.541571117877338,13794
"Differential object marking","Ungrammatical","midline","midline anterior",NA,"anterior",502,0.557860664056836,13794
"Differential object marking","Ungrammatical","midline","midline anterior",NA,"anterior",504,0.57823133246339,13794
"Differential object marking","Ungrammatical","midline","midline anterior",NA,"anterior",506,0.599180223285486,13794
"Differential object marking","Ungrammatical","midline","midline anterior",NA,"anterior",508,0.619253516021459,13794
"Differential object marking","Ungrammatical","midline","midline anterior",NA,"anterior",510,0.640727562708424,13794
"Differential object marking","Ungrammatical","midline","midline anterior",NA,"anterior",512,0.668217340872843,13794
"Differential object marking","Ungrammatical","midline","midline anterior",NA,"anterior",514,0.7053579092359,13794
"Differential object marking","Ungrammatical","midline","midline anterior",NA,"anterior",516,0.752417500362476,13794
"Differential object marking","Ungrammatical","midline","midline anterior",NA,"anterior",518,0.806555313904596,13794
"Differential object marking","Ungrammatical","midline","midline anterior",NA,"anterior",520,0.86291010584312,13794
"Differential object marking","Ungrammatical","midline","midline anterior",NA,"anterior",522,0.914806147600406,13794
"Differential object marking","Ungrammatical","midline","midline anterior",NA,"anterior",524,0.955013774104683,13794
"Differential object marking","Ungrammatical","midline","midline anterior",NA,"anterior",526,0.97956510076845,13794
"Differential object marking","Ungrammatical","midline","midline anterior",NA,"anterior",528,0.991049949253299,13794
"Differential object marking","Ungrammatical","midline","midline anterior",NA,"anterior",530,0.998009206901551,13794
"Differential object marking","Ungrammatical","midline","midline anterior",NA,"anterior",532,1.01106640568363,13794
"Differential object marking","Ungrammatical","midline","midline anterior",NA,"anterior",534,1.03862171958823,13794
"Differential object marking","Ungrammatical","midline","midline anterior",NA,"anterior",536,1.08380216035958,13794
"Differential object marking","Ungrammatical","midline","midline anterior",NA,"anterior",538,1.1439678845875,13794
"Differential object marking","Ungrammatical","midline","midline anterior",NA,"anterior",540,1.21301442656227,13794
"Differential object marking","Ungrammatical","midline","midline anterior",NA,"anterior",542,1.28419530230535,13794
"Differential object marking","Ungrammatical","midline","midline anterior",NA,"anterior",544,1.35160809047412,13794
"Differential object marking","Ungrammatical","midline","midline anterior",NA,"anterior",546,1.41121632593881,13794
"Differential object marking","Ungrammatical","midline","midline anterior",NA,"anterior",548,1.46149905756126,13794
"Differential object marking","Ungrammatical","midline","midline anterior",NA,"anterior",550,1.5032550384225,13794
"Differential object marking","Ungrammatical","midline","midline anterior",NA,"anterior",552,1.53870182688125,13794
"Differential object marking","Ungrammatical","midline","midline anterior",NA,"anterior",554,1.56991358561693,13794
"Differential object marking","Ungrammatical","midline","midline anterior",NA,"anterior",556,1.59728555893867,13794
"Differential object marking","Ungrammatical","midline","midline anterior",NA,"anterior",558,1.61985783674061,13794
"Differential object marking","Ungrammatical","midline","midline anterior",NA,"anterior",560,1.63718500797448,13794
"Differential object marking","Ungrammatical","midline","midline anterior",NA,"anterior",562,1.65073749456285,13794
"Differential object marking","Ungrammatical","midline","midline anterior",NA,"anterior",564,1.664014861534,13794
"Differential object marking","Ungrammatical","midline","midline anterior",NA,"anterior",566,1.68089379440336,13794
"Differential object marking","Ungrammatical","midline","midline anterior",NA,"anterior",568,1.70244519356242,13794
"Differential object marking","Ungrammatical","midline","midline anterior",NA,"anterior",570,1.72553632013919,13794
"Differential object marking","Ungrammatical","midline","midline anterior",NA,"anterior",572,1.74571886327389,13794
"Differential object marking","Ungrammatical","midline","midline anterior",NA,"anterior",574,1.76112171958823,13794
"Differential object marking","Ungrammatical","midline","midline anterior",NA,"anterior",576,1.77310272582282,13794
"Differential object marking","Ungrammatical","midline","midline anterior",NA,"anterior",578,1.78397890387125,13794
"Differential object marking","Ungrammatical","midline","midline anterior",NA,"anterior",580,1.79496708713934,13794
"Differential object marking","Ungrammatical","midline","midline anterior",NA,"anterior",582,1.80592061765985,13794
"Differential object marking","Ungrammatical","midline","midline anterior",NA,"anterior",584,1.81658793678411,13794
"Differential object marking","Ungrammatical","midline","midline anterior",NA,"anterior",586,1.82714216325939,13794
"Differential object marking","Ungrammatical","midline","midline anterior",NA,"anterior",588,1.83770994635349,13794
"Differential object marking","Ungrammatical","midline","midline anterior",NA,"anterior",590,1.84811881977671,13794
"Differential object marking","Ungrammatical","midline","midline anterior",NA,"anterior",592,1.85833956792808,13794
"Differential object marking","Ungrammatical","midline","midline anterior",NA,"anterior",594,1.8688323183993,13794
"Differential object marking","Ungrammatical","midline","midline anterior",NA,"anterior",596,1.8803531245469,13794
"Differential object marking","Ungrammatical","midline","midline anterior",NA,"anterior",598,1.89258895171814,13794
"Differential object marking","Ungrammatical","midline","midline anterior",NA,"anterior",600,1.90249717268378,13794
"Differential object marking","Ungrammatical","midline","midline anterior",NA,"anterior",602,1.90576141800783,13794
"Differential object marking","Ungrammatical","midline","midline anterior",NA,"anterior",604,1.90119363491373,13794
"Differential object marking","Ungrammatical","midline","midline anterior",NA,"anterior",606,1.892747353922,13794
"Differential object marking","Ungrammatical","midline","midline anterior",NA,"anterior",608,1.88714252573583,13794
"Differential object marking","Ungrammatical","midline","midline anterior",NA,"anterior",610,1.89034797738147,13794
"Differential object marking","Ungrammatical","midline","midline anterior",NA,"anterior",612,1.90541046831956,13794
"Differential object marking","Ungrammatical","midline","midline anterior",NA,"anterior",614,1.93160214586052,13794
"Differential object marking","Ungrammatical","midline","midline anterior",NA,"anterior",616,1.96507641003335,13794
"Differential object marking","Ungrammatical","midline","midline anterior",NA,"anterior",618,2.00025112367696,13794
"Differential object marking","Ungrammatical","midline","midline anterior",NA,"anterior",620,2.0310481368711,13794
"Differential object marking","Ungrammatical","midline","midline anterior",NA,"anterior",622,2.05253740756851,13794
"Differential object marking","Ungrammatical","midline","midline anterior",NA,"anterior",624,2.06267369870958,13794
"Differential object marking","Ungrammatical","midline","midline anterior",NA,"anterior",626,2.0626498477599,13794
"Differential object marking","Ungrammatical","midline","midline anterior",NA,"anterior",628,2.05560577062491,13794
"Differential object marking","Ungrammatical","midline","midline anterior",NA,"anterior",630,2.04515716978396,13794
"Differential object marking","Ungrammatical","midline","midline anterior",NA,"anterior",632,2.03435616934899,13794
"Differential object marking","Ungrammatical","midline","midline anterior",NA,"anterior",634,2.02534558503697,13794
"Differential object marking","Ungrammatical","midline","midline anterior",NA,"anterior",636,2.01940872843265,13794
"Differential object marking","Ungrammatical","midline","midline anterior",NA,"anterior",638,2.01666608670436,13794
"Differential object marking","Ungrammatical","midline","midline anterior",NA,"anterior",640,2.01513882847615,13794
"Differential object marking","Ungrammatical","midline","midline anterior",NA,"anterior",642,2.01103552269103,13794
"Differential object marking","Ungrammatical","midline","midline anterior",NA,"anterior",644,2.00129222850515,13794
"Differential object marking","Ungrammatical","midline","midline anterior",NA,"anterior",646,1.98591387559809,13794
"Differential object marking","Ungrammatical","midline","midline anterior",NA,"anterior",648,1.96774815137016,13794
"Differential object marking","Ungrammatical","midline","midline anterior",NA,"anterior",650,1.95052247353922,13794
"Differential object marking","Ungrammatical","midline","midline anterior",NA,"anterior",652,1.93724807887487,13794
"Differential object marking","Ungrammatical","midline","midline anterior",NA,"anterior",654,1.92966267942584,13794
"Differential object marking","Ungrammatical","midline","midline anterior",NA,"anterior",656,1.92800819196752,13794
"Differential object marking","Ungrammatical","midline","midline anterior",NA,"anterior",658,1.93061845730028,13794
"Differential object marking","Ungrammatical","midline","midline anterior",NA,"anterior",660,1.93387907785994,13794
"Differential object marking","Ungrammatical","midline","midline anterior",NA,"anterior",662,1.93406256343338,13794
"Differential object marking","Ungrammatical","midline","midline anterior",NA,"anterior",664,1.93015970711904,13794
"Differential object marking","Ungrammatical","midline","midline anterior",NA,"anterior",666,1.92485094968827,13794
"Differential object marking","Ungrammatical","midline","midline anterior",NA,"anterior",668,1.92298702334348,13794
"Differential object marking","Ungrammatical","midline","midline anterior",NA,"anterior",670,1.92935261707989,13794
"Differential object marking","Ungrammatical","midline","midline anterior",NA,"anterior",672,1.94681317964332,13794
"Differential object marking","Ungrammatical","midline","midline anterior",NA,"anterior",674,1.97539814412063,13794
"Differential object marking","Ungrammatical","midline","midline anterior",NA,"anterior",676,2.01269769464985,13794
"Differential object marking","Ungrammatical","midline","midline anterior",NA,"anterior",678,2.05475721328114,13794
"Differential object marking","Ungrammatical","midline","midline anterior",NA,"anterior",680,2.0964132231405,13794
"Differential object marking","Ungrammatical","midline","midline anterior",NA,"anterior",682,2.13179984051037,13794
"Differential object marking","Ungrammatical","midline","midline anterior",NA,"anterior",684,2.15579222850515,13794
"Differential object marking","Ungrammatical","midline","midline anterior",NA,"anterior",686,2.16591489053212,13794
"Differential object marking","Ungrammatical","midline","midline anterior",NA,"anterior",688,2.1634536030158,13794
"Differential object marking","Ungrammatical","midline","midline anterior",NA,"anterior",690,2.15351696389735,13794
"Differential object marking","Ungrammatical","midline","midline anterior",NA,"anterior",692,2.14297005944614,13794
"Differential object marking","Ungrammatical","midline","midline anterior",NA,"anterior",694,2.13723263737857,13794
"Differential object marking","Ungrammatical","midline","midline anterior",NA,"anterior",696,2.13851471654342,13794
"Differential object marking","Ungrammatical","midline","midline anterior",NA,"anterior",698,2.14635761925475,13794
"Differential object marking","Ungrammatical","midline","midline anterior",NA,"anterior",700,2.15915296505727,13794
"Differential object marking","Ungrammatical","midline","midline anterior",NA,"anterior",702,2.17576373785704,13794
"Differential object marking","Ungrammatical","midline","midline anterior",NA,"anterior",704,2.19639459185153,13794
"Differential object marking","Ungrammatical","midline","midline anterior",NA,"anterior",706,2.22187349572278,13794
"Differential object marking","Ungrammatical","midline","midline anterior",NA,"anterior",708,2.25191467304625,13794
"Differential object marking","Ungrammatical","midline","midline anterior",NA,"anterior",710,2.2842633753806,13794
"Differential object marking","Ungrammatical","midline","midline anterior",NA,"anterior",712,2.31529621574598,13794
"Differential object marking","Ungrammatical","midline","midline anterior",NA,"anterior",714,2.34161019283747,13794
"Differential object marking","Ungrammatical","midline","midline anterior",NA,"anterior",716,2.36115419747716,13794
"Differential object marking","Ungrammatical","midline","midline anterior",NA,"anterior",718,2.37251863128897,13794
"Differential object marking","Ungrammatical","midline","midline anterior",NA,"anterior",720,2.37357945483544,13794
"Differential object marking","Ungrammatical","midline","midline anterior",NA,"anterior",722,2.36216434681746,13794
"Differential object marking","Ungrammatical","midline","midline anterior",NA,"anterior",724,2.33861548499348,13794
"Differential object marking","Ungrammatical","midline","midline anterior",NA,"anterior",726,2.30712824416413,13794
"Differential object marking","Ungrammatical","midline","midline anterior",NA,"anterior",728,2.27483478323909,13794
"Differential object marking","Ungrammatical","midline","midline anterior",NA,"anterior",730,2.24946034507757,13794
"Differential object marking","Ungrammatical","midline","midline anterior",NA,"anterior",732,2.23616811657242,13794
"Differential object marking","Ungrammatical","midline","midline anterior",NA,"anterior",734,2.23449144555604,13794
"Differential object marking","Ungrammatical","midline","midline anterior",NA,"anterior",736,2.237950630709,13794
"Differential object marking","Ungrammatical","midline","midline anterior",NA,"anterior",738,2.23783674061186,13794
"Differential object marking","Ungrammatical","midline","midline anterior",NA,"anterior",740,2.22860504567203,13794
"Differential object marking","Ungrammatical","midline","midline anterior",NA,"anterior",742,2.21035892416993,13794
"Differential object marking","Ungrammatical","midline","midline anterior",NA,"anterior",744,2.1874298245614,13794
"Differential object marking","Ungrammatical","midline","midline anterior",NA,"anterior",746,2.1654981876178,13794
"Differential object marking","Ungrammatical","midline","midline anterior",NA,"anterior",748,2.14915021023633,13794
"Differential object marking","Ungrammatical","midline","midline anterior",NA,"anterior",750,2.14085558938669,13794
"Differential object marking","Ungrammatical","midline","midline anterior",NA,"anterior",752,2.14165608235465,13794
"Differential object marking","Ungrammatical","midline","midline anterior",NA,"anterior",754,2.1514673046252,13794
"Differential object marking","Ungrammatical","midline","midline anterior",NA,"anterior",756,2.16835798173119,13794
"Differential object marking","Ungrammatical","midline","midline anterior",NA,"anterior",758,2.18815274757141,13794
"Differential object marking","Ungrammatical","midline","midline anterior",NA,"anterior",760,2.2058311584747,13794
"Differential object marking","Ungrammatical","midline","midline anterior",NA,"anterior",762,2.2179346092504,13794
"Differential object marking","Ungrammatical","midline","midline anterior",NA,"anterior",764,2.22362063215891,13794
"Differential object marking","Ungrammatical","midline","midline anterior",NA,"anterior",766,2.22425830071045,13794
"Differential object marking","Ungrammatical","midline","midline anterior",NA,"anterior",768,2.22266456430332,13794
"Differential object marking","Ungrammatical","midline","midline anterior",NA,"anterior",770,2.22193678410903,13794
"Differential object marking","Ungrammatical","midline","midline anterior",NA,"anterior",772,2.22384130781499,13794
"Differential object marking","Ungrammatical","midline","midline anterior",NA,"anterior",774,2.22808162969407,13794
"Differential object marking","Ungrammatical","midline","midline anterior",NA,"anterior",776,2.23293025953313,13794
"Differential object marking","Ungrammatical","midline","midline anterior",NA,"anterior",778,2.2359994200377,13794
"Differential object marking","Ungrammatical","midline","midline anterior",NA,"anterior",780,2.23423502972307,13794
"Differential object marking","Ungrammatical","midline","midline anterior",NA,"anterior",782,2.22464325068871,13794
"Differential object marking","Ungrammatical","midline","midline anterior",NA,"anterior",784,2.20621393359432,13794
"Differential object marking","Ungrammatical","midline","midline anterior",NA,"anterior",786,2.18081136726113,13794
"Differential object marking","Ungrammatical","midline","midline anterior",NA,"anterior",788,2.15180295780774,13794
"Differential object marking","Ungrammatical","midline","midline anterior",NA,"anterior",790,2.12248680585762,13794
"Differential object marking","Ungrammatical","midline","midline anterior",NA,"anterior",792,2.09649623024503,13794
"Differential object marking","Ungrammatical","midline","midline anterior",NA,"anterior",794,2.07855741626794,13794
"Differential object marking","Ungrammatical","midline","midline anterior",NA,"anterior",796,2.07346020008699,13794
"Differential object marking","Ungrammatical","midline","midline anterior",NA,"anterior",798,2.08405422647528,13794
"Differential object marking","Ungrammatical","midline","midline anterior",NA,"anterior",800,2.10994693344933,13794
"Differential object marking","Ungrammatical","midline","midline anterior",NA,"anterior",802,2.14722966507177,13794
"Differential object marking","Ungrammatical","midline","midline anterior",NA,"anterior",804,2.1892514861534,13794
"Differential object marking","Ungrammatical","midline","midline anterior",NA,"anterior",806,2.22869943453676,13794
"Differential object marking","Ungrammatical","midline","midline anterior",NA,"anterior",808,2.2604559953603,13794
"Differential object marking","Ungrammatical","midline","midline anterior",NA,"anterior",810,2.28322676526026,13794
"Differential object marking","Ungrammatical","midline","midline anterior",NA,"anterior",812,2.29889169204002,13794
"Differential object marking","Ungrammatical","midline","midline anterior",NA,"anterior",814,2.31076808757431,13794
"Differential object marking","Ungrammatical","midline","midline anterior",NA,"anterior",816,2.32187451065681,13794
"Differential object marking","Ungrammatical","midline","midline anterior",NA,"anterior",818,2.33352624329419,13794
"Differential object marking","Ungrammatical","midline","midline anterior",NA,"anterior",820,2.34456901551399,13794
"Differential object marking","Ungrammatical","midline","midline anterior",NA,"anterior",822,2.35210613310135,13794
"Differential object marking","Ungrammatical","midline","midline anterior",NA,"anterior",824,2.35375511091779,13794
"Differential object marking","Ungrammatical","midline","midline anterior",NA,"anterior",826,2.34979882557634,13794
"Differential object marking","Ungrammatical","midline","midline anterior",NA,"anterior",828,2.34345345802523,13794
"Differential object marking","Ungrammatical","midline","midline anterior",NA,"anterior",830,2.33843156444831,13794
"Differential object marking","Ungrammatical","midline","midline anterior",NA,"anterior",832,2.33625830071045,13794
"Differential object marking","Ungrammatical","midline","midline anterior",NA,"anterior",834,2.33536820356677,13794
"Differential object marking","Ungrammatical","midline","midline anterior",NA,"anterior",836,2.33176910250834,13794
"Differential object marking","Ungrammatical","midline","midline anterior",NA,"anterior",838,2.32011664491808,13794
"Differential object marking","Ungrammatical","midline","midline anterior",NA,"anterior",840,2.29549507032043,13794
"Differential object marking","Ungrammatical","midline","midline anterior",NA,"anterior",842,2.25500007249529,13794
"Differential object marking","Ungrammatical","midline","midline anterior",NA,"anterior",844,2.19809830361027,13794
"Differential object marking","Ungrammatical","midline","midline anterior",NA,"anterior",846,2.125970276932,13794
"Differential object marking","Ungrammatical","midline","midline anterior",NA,"anterior",848,2.04059982601131,13794
"Differential object marking","Ungrammatical","midline","midline anterior",NA,"anterior",850,1.9441194722343,13794
"Differential object marking","Ungrammatical","midline","midline anterior",NA,"anterior",852,1.83808307959983,13794
"Differential object marking","Ungrammatical","midline","midline anterior",NA,"anterior",854,1.72293569667972,13794
"Differential object marking","Ungrammatical","midline","midline anterior",NA,"anterior",856,1.59799470784399,13794
"Differential object marking","Ungrammatical","midline","midline anterior",NA,"anterior",858,1.46221647092939,13794
"Differential object marking","Ungrammatical","midline","midline anterior",NA,"anterior",860,1.31467804842685,13794
"Differential object marking","Ungrammatical","midline","midline anterior",NA,"anterior",862,1.1547728722633,13794
"Differential object marking","Ungrammatical","midline","midline anterior",NA,"anterior",864,0.982957662751921,13794
"Differential object marking","Ungrammatical","midline","midline anterior",NA,"anterior",866,0.802366391184573,13794
"Differential object marking","Ungrammatical","midline","midline anterior",NA,"anterior",868,0.6198846599971,13794
"Differential object marking","Ungrammatical","midline","midline anterior",NA,"anterior",870,0.444671016383935,13794
"Differential object marking","Ungrammatical","midline","midline anterior",NA,"anterior",872,0.284336305640133,13794
"Differential object marking","Ungrammatical","midline","midline anterior",NA,"anterior",874,0.142726112802668,13794
"Differential object marking","Ungrammatical","midline","midline anterior",NA,"anterior",876,0.0210405973611715,13794
"Differential object marking","Ungrammatical","midline","midline anterior",NA,"anterior",878,-0.0802184283021604,13794
"Differential object marking","Ungrammatical","midline","midline anterior",NA,"anterior",880,-0.161174206176599,13794
"Differential object marking","Ungrammatical","midline","midline anterior",NA,"anterior",882,-0.223098521096129,13794
"Differential object marking","Ungrammatical","midline","midline anterior",NA,"anterior",884,-0.26872140060896,13794
"Differential object marking","Ungrammatical","midline","midline anterior",NA,"anterior",886,-0.302512034217776,13794
"Differential object marking","Ungrammatical","midline","midline anterior",NA,"anterior",888,-0.329421705089169,13794
"Differential object marking","Ungrammatical","midline","midline anterior",NA,"anterior",890,-0.351563360881543,13794
"Differential object marking","Ungrammatical","midline","midline anterior",NA,"anterior",892,-0.365932071915326,13794
"Differential object marking","Ungrammatical","midline","midline anterior",NA,"anterior",894,-0.366373495722778,13794
"Differential object marking","Ungrammatical","midline","midline anterior",NA,"anterior",896,-0.34718703784254,13794
"Differential object marking","Ungrammatical","midline","midline anterior",NA,"anterior",898,-0.304671741336813,13794
"Differential object marking","Ungrammatical","midline","midline anterior",NA,"anterior",900,-0.23717217630854,13794
"Differential object marking","Ungrammatical","midline","midline anterior",NA,"anterior",902,-0.14555915615485,13794
"Differential object marking","Ungrammatical","midline","midline anterior",NA,"anterior",904,-0.0327604030738002,13794
"Differential object marking","Ungrammatical","midline","midline anterior",NA,"anterior",906,0.0983848049876758,13794
"Differential object marking","Ungrammatical","midline","midline anterior",NA,"anterior",908,0.246772364796288,13794
"Differential object marking","Ungrammatical","midline","midline anterior",NA,"anterior",910,0.412622299550529,13794
"Differential object marking","Ungrammatical","midline","midline anterior",NA,"anterior",912,0.596502682325649,13794
"Differential object marking","Ungrammatical","midline","midline anterior",NA,"anterior",914,0.798511816731912,13794
"Differential object marking","Ungrammatical","midline","midline anterior",NA,"anterior",916,1.0166658692185,13794
"Differential object marking","Ungrammatical","midline","midline anterior",NA,"anterior",918,1.24604494707844,13794
"Differential object marking","Ungrammatical","midline","midline anterior",NA,"anterior",920,1.48078461649993,13794
"Differential object marking","Ungrammatical","midline","midline anterior",NA,"anterior",922,1.71704443961143,13794
"Differential object marking","Ungrammatical","midline","midline anterior",NA,"anterior",924,1.95312287951283,13794
"Differential object marking","Ungrammatical","midline","midline anterior",NA,"anterior",926,2.18740242134261,13794
"Differential object marking","Ungrammatical","midline","midline anterior",NA,"anterior",928,2.41770733652313,13794
"Differential object marking","Ungrammatical","midline","midline anterior",NA,"anterior",930,2.64277867188633,13794
"Differential object marking","Ungrammatical","midline","midline anterior",NA,"anterior",932,2.86319573727708,13794
"Differential object marking","Ungrammatical","midline","midline anterior",NA,"anterior",934,3.0805237784544,13794
"Differential object marking","Ungrammatical","midline","midline anterior",NA,"anterior",936,3.29505690880093,13794
"Differential object marking","Ungrammatical","midline","midline anterior",NA,"anterior",938,3.50396897201682,13794
"Differential object marking","Ungrammatical","midline","midline anterior",NA,"anterior",940,3.70118558793678,13794
"Differential object marking","Ungrammatical","midline","midline anterior",NA,"anterior",942,3.87887480063796,13794
"Differential object marking","Ungrammatical","midline","midline anterior",NA,"anterior",944,4.02973742206757,13794
"Differential object marking","Ungrammatical","midline","midline anterior",NA,"anterior",946,4.14911997970132,13794
"Differential object marking","Ungrammatical","midline","midline anterior",NA,"anterior",948,4.23605879367841,13794
"Differential object marking","Ungrammatical","midline","midline anterior",NA,"anterior",950,4.29344425112368,13794
"Differential object marking","Ungrammatical","midline","midline anterior",NA,"anterior",952,4.32791170073945,13794
"Differential object marking","Ungrammatical","midline","midline anterior",NA,"anterior",954,4.34832050166739,13794
"Differential object marking","Ungrammatical","midline","midline anterior",NA,"anterior",956,4.3624435261708,13794
"Differential object marking","Ungrammatical","midline","midline anterior",NA,"anterior",958,4.37429701319414,13794
"Differential object marking","Ungrammatical","midline","midline anterior",NA,"anterior",960,4.38383913295636,13794
"Differential object marking","Ungrammatical","midline","midline anterior",NA,"anterior",962,4.38795933014354,13794
"Differential object marking","Ungrammatical","midline","midline anterior",NA,"anterior",964,4.3820826446281,13794
"Differential object marking","Ungrammatical","midline","midline anterior",NA,"anterior",966,4.36234239524431,13794
"Differential object marking","Ungrammatical","midline","midline anterior",NA,"anterior",968,4.32697078439901,13794
"Differential object marking","Ungrammatical","midline","midline anterior",NA,"anterior",970,4.27593721908076,13794
"Differential object marking","Ungrammatical","midline","midline anterior",NA,"anterior",972,4.2097372045817,13794
"Differential object marking","Ungrammatical","midline","midline anterior",NA,"anterior",974,4.12932615629984,13794
"Differential object marking","Ungrammatical","midline","midline anterior",NA,"anterior",976,4.03673981441206,13794
"Differential object marking","Ungrammatical","midline","midline anterior",NA,"anterior",978,3.93517906336088,13794
"Differential object marking","Ungrammatical","midline","midline anterior",NA,"anterior",980,3.82792648977816,13794
"Differential object marking","Ungrammatical","midline","midline anterior",NA,"anterior",982,3.7172907061041,13794
"Differential object marking","Ungrammatical","midline","midline anterior",NA,"anterior",984,3.60425634333768,13794
"Differential object marking","Ungrammatical","midline","midline anterior",NA,"anterior",986,3.48880723502972,13794
"Differential object marking","Ungrammatical","midline","midline anterior",NA,"anterior",988,3.37020001449906,13794
"Differential object marking","Ungrammatical","midline","midline anterior",NA,"anterior",990,3.24795258808177,13794
"Differential object marking","Ungrammatical","midline","midline anterior",NA,"anterior",992,3.12312353197042,13794
"Differential object marking","Ungrammatical","midline","midline anterior",NA,"anterior",994,2.99850529215601,13794
"Differential object marking","Ungrammatical","midline","midline anterior",NA,"anterior",996,2.8768573292736,13794
"Differential object marking","Ungrammatical","midline","midline anterior",NA,"anterior",998,2.7587681600696,13794
"Differential object marking","Ungrammatical","midline","midline anterior",NA,"anterior",1000,2.64231586196897,13794
"Differential object marking","Ungrammatical","midline","midline anterior",NA,"anterior",1002,2.52455495142816,13794
"Differential object marking","Ungrammatical","midline","midline anterior",NA,"anterior",1004,2.40305792373496,13794
"Differential object marking","Ungrammatical","midline","midline anterior",NA,"anterior",1006,2.27688531245469,13794
"Differential object marking","Ungrammatical","midline","midline anterior",NA,"anterior",1008,2.14737059591127,13794
"Differential object marking","Ungrammatical","midline","midline anterior",NA,"anterior",1010,2.01767819341743,13794
"Differential object marking","Ungrammatical","midline","midline anterior",NA,"anterior",1012,1.89062679425837,13794
"Differential object marking","Ungrammatical","midline","midline anterior",NA,"anterior",1014,1.76629860809047,13794
"Differential object marking","Ungrammatical","midline","midline anterior",NA,"anterior",1016,1.64195287806293,13794
"Differential object marking","Ungrammatical","midline","midline anterior",NA,"anterior",1018,1.51404117732347,13794
"Differential object marking","Ungrammatical","midline","midline anterior",NA,"anterior",1020,1.3801795708279,13794
"Differential object marking","Ungrammatical","midline","midline anterior",NA,"anterior",1022,1.24020842395244,13794
"Differential object marking","Ungrammatical","midline","midline anterior",NA,"anterior",1024,1.09643257938234,13794
"Differential object marking","Ungrammatical","midline","midline anterior",NA,"anterior",1026,0.952098521096129,13794
"Differential object marking","Ungrammatical","midline","midline anterior",NA,"anterior",1028,0.809118674786139,13794
"Differential object marking","Ungrammatical","midline","midline anterior",NA,"anterior",1030,0.667560968537045,13794
"Differential object marking","Ungrammatical","midline","midline anterior",NA,"anterior",1032,0.527138610990286,13794
"Differential object marking","Ungrammatical","midline","midline anterior",NA,"anterior",1034,0.387692692474989,13794
"Differential object marking","Ungrammatical","midline","midline anterior",NA,"anterior",1036,0.247840872843265,13794
"Differential object marking","Ungrammatical","midline","midline anterior",NA,"anterior",1038,0.104386834855734,13794
"Differential object marking","Ungrammatical","midline","midline anterior",NA,"anterior",1040,-0.0461056256343338,13794
"Differential object marking","Ungrammatical","midline","midline anterior",NA,"anterior",1042,-0.205531970421923,13794
"Differential object marking","Ungrammatical","midline","midline anterior",NA,"anterior",1044,-0.373342612730173,13794
"Differential object marking","Ungrammatical","midline","midline anterior",NA,"anterior",1046,-0.545949470784399,13794
"Differential object marking","Ungrammatical","midline","midline anterior",NA,"anterior",1048,-0.717241336813107,13794
"Differential object marking","Ungrammatical","midline","midline anterior",NA,"anterior",1050,-0.880543062200957,13794
"Differential object marking","Ungrammatical","midline","midline anterior",NA,"anterior",1052,-1.03041351312165,13794
"Differential object marking","Ungrammatical","midline","midline anterior",NA,"anterior",1054,-1.16276004059736,13794
"Differential object marking","Ungrammatical","midline","midline anterior",NA,"anterior",1056,-1.27543308684935,13794
"Differential object marking","Ungrammatical","midline","midline anterior",NA,"anterior",1058,-1.37007706249094,13794
"Differential object marking","Ungrammatical","midline","midline anterior",NA,"anterior",1060,-1.45232782369146,13794
"Differential object marking","Ungrammatical","midline","midline anterior",NA,"anterior",1062,-1.52910120342178,13794
"Differential object marking","Ungrammatical","midline","midline anterior",NA,"anterior",1064,-1.60547687400319,13794
"Differential object marking","Ungrammatical","midline","midline anterior",NA,"anterior",1066,-1.68370501667392,13794
"Differential object marking","Ungrammatical","midline","midline anterior",NA,"anterior",1068,-1.76320320429172,13794
"Differential object marking","Ungrammatical","midline","midline anterior",NA,"anterior",1070,-1.84046599971002,13794
"Differential object marking","Ungrammatical","midline","midline anterior",NA,"anterior",1072,-1.9096391184573,13794
"Differential object marking","Ungrammatical","midline","midline anterior",NA,"anterior",1074,-1.96549035812672,13794
"Differential object marking","Ungrammatical","midline","midline anterior",NA,"anterior",1076,-2.00616035957663,13794
"Differential object marking","Ungrammatical","midline","midline anterior",NA,"anterior",1078,-2.03208141220821,13794
"Differential object marking","Ungrammatical","midline","midline anterior",NA,"anterior",1080,-2.04265767725098,13794
"Differential object marking","Ungrammatical","midline","midline anterior",NA,"anterior",1082,-2.03593112947658,13794
"Differential object marking","Ungrammatical","midline","midline anterior",NA,"anterior",1084,-2.01192583732057,13794
"Differential object marking","Ungrammatical","midline","midline anterior",NA,"anterior",1086,-1.97483137596056,13794
"Differential object marking","Ungrammatical","midline","midline anterior",NA,"anterior",1088,-1.93189161954473,13794
"Differential object marking","Ungrammatical","midline","midline anterior",NA,"anterior",1090,-1.88963991590547,13794
"Differential object marking","Ungrammatical","midline","midline anterior",NA,"anterior",1092,-1.85018486298391,13794
"Differential object marking","Ungrammatical","midline","midline anterior",NA,"anterior",1094,-1.81081491953023,13794
"Differential object marking","Ungrammatical","midline","midline anterior",NA,"anterior",1096,-1.76751065680731,13794
"Differential object marking","Ungrammatical","midline","midline anterior",NA,"anterior",1098,-1.71899507032043,13794
"Differential object marking","Ungrammatical","midline","midline medial",NA,"medial",-100,0.0693857474264173,13794
"Differential object marking","Ungrammatical","midline","midline medial",NA,"medial",-98,0.12219232999855,13794
"Differential object marking","Ungrammatical","midline","midline medial",NA,"medial",-96,0.171483398579092,13794
"Differential object marking","Ungrammatical","midline","midline medial",NA,"medial",-94,0.217025735827171,13794
"Differential object marking","Ungrammatical","midline","midline medial",NA,"medial",-92,0.258525373350732,13794
"Differential object marking","Ungrammatical","midline","midline medial",NA,"medial",-90,0.295605480643758,13794
"Differential object marking","Ungrammatical","midline","midline medial",NA,"medial",-88,0.328853487023343,13794
"Differential object marking","Ungrammatical","midline","midline medial",NA,"medial",-86,0.360779396839205,13794
"Differential object marking","Ungrammatical","midline","midline medial",NA,"medial",-84,0.394824778889372,13794
"Differential object marking","Ungrammatical","midline","midline medial",NA,"medial",-82,0.432689140205887,13794
"Differential object marking","Ungrammatical","midline","midline medial",NA,"medial",-80,0.472858924169929,13794
"Differential object marking","Ungrammatical","midline","midline medial",NA,"medial",-78,0.51206212846165,13794
"Differential object marking","Ungrammatical","midline","midline medial",NA,"medial",-76,0.54806872553284,13794
"Differential object marking","Ungrammatical","midline","midline medial",NA,"medial",-74,0.581037842540235,13794
"Differential object marking","Ungrammatical","midline","midline medial",NA,"medial",-72,0.61318703784254,13794
"Differential object marking","Ungrammatical","midline","midline medial",NA,"medial",-70,0.648043714658547,13794
"Differential object marking","Ungrammatical","midline","midline medial",NA,"medial",-68,0.6894940553864,13794
"Differential object marking","Ungrammatical","midline","midline medial",NA,"medial",-66,0.740113165144266,13794
"Differential object marking","Ungrammatical","midline","midline medial",NA,"medial",-64,0.799733507322024,13794
"Differential object marking","Ungrammatical","midline","midline medial",NA,"medial",-62,0.864939031462955,13794
"Differential object marking","Ungrammatical","midline","midline medial",NA,"medial",-60,0.929606785558939,13794
"Differential object marking","Ungrammatical","midline","midline medial",NA,"medial",-58,0.986473974191677,13794
"Differential object marking","Ungrammatical","midline","midline medial",NA,"medial",-56,1.03001710888792,13794
"Differential object marking","Ungrammatical","midline","midline medial",NA,"medial",-54,1.05908104973177,13794
"Differential object marking","Ungrammatical","midline","midline medial",NA,"medial",-52,1.07714332318399,13794
"Differential object marking","Ungrammatical","midline","midline medial",NA,"medial",-50,1.09019464984776,13794
"Differential object marking","Ungrammatical","midline","midline medial",NA,"medial",-48,1.1041765985211,13794
"Differential object marking","Ungrammatical","midline","midline medial",NA,"medial",-46,1.12296317239379,13794
"Differential object marking","Ungrammatical","midline","midline medial",NA,"medial",-44,1.14740285631434,13794
"Differential object marking","Ungrammatical","midline","midline medial",NA,"medial",-42,1.17607097288676,13794
"Differential object marking","Ungrammatical","midline","midline medial",NA,"medial",-40,1.20748564593301,13794
"Differential object marking","Ungrammatical","midline","midline medial",NA,"medial",-38,1.24149920255183,13794
"Differential object marking","Ungrammatical","midline","midline medial",NA,"medial",-36,1.27890263882848,13794
"Differential object marking","Ungrammatical","midline","midline medial",NA,"medial",-34,1.3203341307815,13794
"Differential object marking","Ungrammatical","midline","midline medial",NA,"medial",-32,1.36546244744092,13794
"Differential object marking","Ungrammatical","midline","midline medial",NA,"medial",-30,1.41278381905176,13794
"Differential object marking","Ungrammatical","midline","midline medial",NA,"medial",-28,1.4600463969842,13794
"Differential object marking","Ungrammatical","midline","midline medial",NA,"medial",-26,1.50478084674496,13794
"Differential object marking","Ungrammatical","midline","midline medial",NA,"medial",-24,1.54379237349572,13794
"Differential object marking","Ungrammatical","midline","midline medial",NA,"medial",-22,1.57290416122952,13794
"Differential object marking","Ungrammatical","midline","midline medial",NA,"medial",-20,1.5885213861099,13794
"Differential object marking","Ungrammatical","midline","midline medial",NA,"medial",-18,1.59019479483834,13794
"Differential object marking","Ungrammatical","midline","midline medial",NA,"medial",-16,1.58102341597796,13794
"Differential object marking","Ungrammatical","midline","midline medial",NA,"medial",-14,1.5652414093084,13794
"Differential object marking","Ungrammatical","midline","midline medial",NA,"medial",-12,1.54591133826301,13794
"Differential object marking","Ungrammatical","midline","midline medial",NA,"medial",-10,1.52455792373496,13794
"Differential object marking","Ungrammatical","midline","midline medial",NA,"medial",-8,1.50234667246629,13794
"Differential object marking","Ungrammatical","midline","midline medial",NA,"medial",-6,1.48043497172684,13794
"Differential object marking","Ungrammatical","midline","midline medial",NA,"medial",-4,1.45893692909961,13794
"Differential object marking","Ungrammatical","midline","midline medial",NA,"medial",-2,1.43608648687835,13794
"Differential object marking","Ungrammatical","midline","midline medial",NA,"medial",0,1.40868558793678,13794
"Differential object marking","Ungrammatical","midline","midline medial",NA,"medial",2,1.37292206756561,13794
"Differential object marking","Ungrammatical","midline","midline medial",NA,"medial",4,1.32546868203567,13794
"Differential object marking","Ungrammatical","midline","midline medial",NA,"medial",6,1.26494439611425,13794
"Differential object marking","Ungrammatical","midline","midline medial",NA,"medial",8,1.1929030738002,13794
"Differential object marking","Ungrammatical","midline","midline medial",NA,"medial",10,1.11326743511672,13794
"Differential object marking","Ungrammatical","midline","midline medial",NA,"medial",12,1.03140764100333,13794
"Differential object marking","Ungrammatical","midline","midline medial",NA,"medial",14,0.953371393359432,13794
"Differential object marking","Ungrammatical","midline","midline medial",NA,"medial",16,0.884117949833261,13794
"Differential object marking","Ungrammatical","midline","midline medial",NA,"medial",18,0.82551587646803,13794
"Differential object marking","Ungrammatical","midline","midline medial",NA,"medial",20,0.776036392634479,13794
"Differential object marking","Ungrammatical","midline","midline medial",NA,"medial",22,0.732648397854139,13794
"Differential object marking","Ungrammatical","midline","midline medial",NA,"medial",24,0.692458822676526,13794
"Differential object marking","Ungrammatical","midline","midline medial",NA,"medial",26,0.653678700884443,13794
"Differential object marking","Ungrammatical","midline","midline medial",NA,"medial",28,0.616295273307235,13794
"Differential object marking","Ungrammatical","midline","midline medial",NA,"medial",30,0.582398434101783,13794
"Differential object marking","Ungrammatical","midline","midline medial",NA,"medial",32,0.555713571117877,13794
"Differential object marking","Ungrammatical","midline","midline medial",NA,"medial",34,0.54027627954183,13794
"Differential object marking","Ungrammatical","midline","midline medial",NA,"medial",36,0.538390677105988,13794
"Differential object marking","Ungrammatical","midline","midline medial",NA,"medial",38,0.548393359431637,13794
"Differential object marking","Ungrammatical","midline","midline medial",NA,"medial",40,0.564407641003335,13794
"Differential object marking","Ungrammatical","midline","midline medial",NA,"medial",42,0.579231694939829,13794
"Differential object marking","Ungrammatical","midline","midline medial",NA,"medial",44,0.587895461794983,13794
"Differential object marking","Ungrammatical","midline","midline medial",NA,"medial",46,0.58895737277077,13794
"Differential object marking","Ungrammatical","midline","midline medial",NA,"medial",48,0.583745106568073,13794
"Differential object marking","Ungrammatical","midline","midline medial",NA,"medial",50,0.575278671886327,13794
"Differential object marking","Ungrammatical","midline","midline medial",NA,"medial",52,0.568057706249094,13794
"Differential object marking","Ungrammatical","midline","midline medial",NA,"medial",54,0.567355806872553,13794
"Differential object marking","Ungrammatical","midline","midline medial",NA,"medial",56,0.576618892272002,13794
"Differential object marking","Ungrammatical","midline","midline medial",NA,"medial",58,0.594826301290416,13794
"Differential object marking","Ungrammatical","midline","midline medial",NA,"medial",60,0.617105770624909,13794
"Differential object marking","Ungrammatical","midline","midline medial",NA,"medial",62,0.638389879657822,13794
"Differential object marking","Ungrammatical","midline","midline medial",NA,"medial",64,0.656720385674931,13794
"Differential object marking","Ungrammatical","midline","midline medial",NA,"medial",66,0.673887487313325,13794
"Differential object marking","Ungrammatical","midline","midline medial",NA,"medial",68,0.69332122662027,13794
"Differential object marking","Ungrammatical","midline","midline medial",NA,"medial",70,0.717765840220386,13794
"Differential object marking","Ungrammatical","midline","midline medial",NA,"medial",72,0.74785624184428,13794
"Differential object marking","Ungrammatical","midline","midline medial",NA,"medial",74,0.781707554008989,13794
"Differential object marking","Ungrammatical","midline","midline medial",NA,"medial",76,0.815690662606931,13794
"Differential object marking","Ungrammatical","midline","midline medial",NA,"medial",78,0.846255980861244,13794
"Differential object marking","Ungrammatical","midline","midline medial",NA,"medial",80,0.870840002899812,13794
"Differential object marking","Ungrammatical","midline","midline medial",NA,"medial",82,0.88732354646948,13794
"Differential object marking","Ungrammatical","midline","midline medial",NA,"medial",84,0.894137088589242,13794
"Differential object marking","Ungrammatical","midline","midline medial",NA,"medial",86,0.891059011164274,13794
"Differential object marking","Ungrammatical","midline","midline medial",NA,"medial",88,0.879221545599536,13794
"Differential object marking","Ungrammatical","midline","midline medial",NA,"medial",90,0.86044446860954,13794
"Differential object marking","Ungrammatical","midline","midline medial",NA,"medial",92,0.836644483108598,13794
"Differential object marking","Ungrammatical","midline","midline medial",NA,"medial",94,0.809645570537915,13794
"Differential object marking","Ungrammatical","midline","midline medial",NA,"medial",96,0.780898506597071,13794
"Differential object marking","Ungrammatical","midline","midline medial",NA,"medial",98,0.75088335508192,13794
"Differential object marking","Ungrammatical","midline","midline medial",NA,"medial",100,0.718526678265913,13794
"Differential object marking","Ungrammatical","midline","midline medial",NA,"medial",102,0.68135094968827,13794
"Differential object marking","Ungrammatical","midline","midline medial",NA,"medial",104,0.636873785703929,13794
"Differential object marking","Ungrammatical","midline","midline medial",NA,"medial",106,0.583806437581557,13794
"Differential object marking","Ungrammatical","midline","midline medial",NA,"medial",108,0.521508554443961,13794
"Differential object marking","Ungrammatical","midline","midline medial",NA,"medial",110,0.449344715093519,13794
"Differential object marking","Ungrammatical","midline","midline medial",NA,"medial",112,0.367662751921125,13794
"Differential object marking","Ungrammatical","midline","midline medial",NA,"medial",114,0.278608670436422,13794
"Differential object marking","Ungrammatical","midline","midline medial",NA,"medial",116,0.18508525445846,13794
"Differential object marking","Ungrammatical","midline","midline medial",NA,"medial",118,0.0894773089749167,13794
"Differential object marking","Ungrammatical","midline","midline medial",NA,"medial",120,-0.00704864433811802,13794
"Differential object marking","Ungrammatical","midline","midline medial",NA,"medial",122,-0.104876105553139,13794
"Differential object marking","Ungrammatical","midline","midline medial",NA,"medial",124,-0.205298390604611,13794
"Differential object marking","Ungrammatical","midline","midline medial",NA,"medial",126,-0.308638321009134,13794
"Differential object marking","Ungrammatical","midline","midline medial",NA,"medial",128,-0.412918007829491,13794
"Differential object marking","Ungrammatical","midline","midline medial",NA,"medial",130,-0.513835870668407,13794
"Differential object marking","Ungrammatical","midline","midline medial",NA,"medial",132,-0.605543932144411,13794
"Differential object marking","Ungrammatical","midline","midline medial",NA,"medial",134,-0.682012686675366,13794
"Differential object marking","Ungrammatical","midline","midline medial",NA,"medial",136,-0.739054153979991,13794
"Differential object marking","Ungrammatical","midline","midline medial",NA,"medial",138,-0.775356169348992,13794
"Differential object marking","Ungrammatical","midline","midline medial",NA,"medial",140,-0.791499130056546,13794
"Differential object marking","Ungrammatical","midline","midline medial",NA,"medial",142,-0.788399811512252,13794
"Differential object marking","Ungrammatical","midline","midline medial",NA,"medial",144,-0.766676888502247,13794
"Differential object marking","Ungrammatical","midline","midline medial",NA,"medial",146,-0.726774974626649,13794
"Differential object marking","Ungrammatical","midline","midline medial",NA,"medial",148,-0.669096346237495,13794
"Differential object marking","Ungrammatical","midline","midline medial",NA,"medial",150,-0.594180078294911,13794
"Differential object marking","Ungrammatical","midline","midline medial",NA,"medial",152,-0.502633898796578,13794
"Differential object marking","Ungrammatical","midline","midline medial",NA,"medial",154,-0.395047049441786,13794
"Differential object marking","Ungrammatical","midline","midline medial",NA,"medial",156,-0.272451790633609,13794
"Differential object marking","Ungrammatical","midline","midline medial",NA,"medial",158,-0.136437944033638,13794
"Differential object marking","Ungrammatical","midline","midline medial",NA,"medial",160,0.0115644483108598,13794
"Differential object marking","Ungrammatical","midline","midline medial",NA,"medial",162,0.170927504712194,13794
"Differential object marking","Ungrammatical","midline","midline medial",NA,"medial",164,0.342162389444686,13794
"Differential object marking","Ungrammatical","midline","midline medial",NA,"medial",166,0.527186240394374,13794
"Differential object marking","Ungrammatical","midline","midline medial",NA,"medial",168,0.728723212991156,13794
"Differential object marking","Ungrammatical","midline","midline medial",NA,"medial",170,0.948498912570683,13794
"Differential object marking","Ungrammatical","midline","midline medial",NA,"medial",172,1.18629266347687,13794
"Differential object marking","Ungrammatical","midline","midline medial",NA,"medial",174,1.44033833550819,13794
"Differential object marking","Ungrammatical","midline","midline medial",NA,"medial",176,1.70726627519211,13794
"Differential object marking","Ungrammatical","midline","midline medial",NA,"medial",178,1.98126091054081,13794
"Differential object marking","Ungrammatical","midline","midline medial",NA,"medial",180,2.25480419022764,13794
"Differential object marking","Ungrammatical","midline","midline medial",NA,"medial",182,2.52138980716253,13794
"Differential object marking","Ungrammatical","midline","midline medial",NA,"medial",184,2.77778860374076,13794
"Differential object marking","Ungrammatical","midline","midline medial",NA,"medial",186,3.02339038712484,13794
"Differential object marking","Ungrammatical","midline","midline medial",NA,"medial",188,3.25779694069885,13794
"Differential object marking","Ungrammatical","midline","midline medial",NA,"medial",190,3.47942489488183,13794
"Differential object marking","Ungrammatical","midline","midline medial",NA,"medial",192,3.68610722053067,13794
"Differential object marking","Ungrammatical","midline","midline medial",NA,"medial",194,3.87656205596636,13794
"Differential object marking","Ungrammatical","midline","midline medial",NA,"medial",196,4.05145867768595,13794
"Differential object marking","Ungrammatical","midline","midline medial",NA,"medial",198,4.2131676816007,13794
"Differential object marking","Ungrammatical","midline","midline medial",NA,"medial",200,4.36425917065391,13794
"Differential object marking","Ungrammatical","midline","midline medial",NA,"medial",202,4.50599608525446,13794
"Differential object marking","Ungrammatical","midline","midline medial",NA,"medial",204,4.63814977526461,13794
"Differential object marking","Ungrammatical","midline","midline medial",NA,"medial",206,4.76050311729738,13794
"Differential object marking","Ungrammatical","midline","midline medial",NA,"medial",208,4.87401261418008,13794
"Differential object marking","Ungrammatical","midline","midline medial",NA,"medial",210,4.97996657967232,13794
"Differential object marking","Ungrammatical","midline","midline medial",NA,"medial",212,5.07897462664927,13794
"Differential object marking","Ungrammatical","midline","midline medial",NA,"medial",214,5.17130890242134,13794
"Differential object marking","Ungrammatical","midline","midline medial",NA,"medial",216,5.25773162244454,13794
"Differential object marking","Ungrammatical","midline","midline medial",NA,"medial",218,5.3388887922285,13794
"Differential object marking","Ungrammatical","midline","midline medial",NA,"medial",220,5.41380063795853,13794
"Differential object marking","Ungrammatical","midline","midline medial",NA,"medial",222,5.47966681165724,13794
"Differential object marking","Ungrammatical","midline","midline medial",NA,"medial",224,5.5337360446571,13794
"Differential object marking","Ungrammatical","midline","midline medial",NA,"medial",226,5.57544446860954,13794
"Differential object marking","Ungrammatical","midline","midline medial",NA,"medial",228,5.60685181963172,13794
"Differential object marking","Ungrammatical","midline","midline medial",NA,"medial",230,5.63152696824706,13794
"Differential object marking","Ungrammatical","midline","midline medial",NA,"medial",232,5.65231114977526,13794
"Differential object marking","Ungrammatical","midline","midline medial",NA,"medial",234,5.66943199942004,13794
"Differential object marking","Ungrammatical","midline","midline medial",NA,"medial",236,5.68020965637234,13794
"Differential object marking","Ungrammatical","midline","midline medial",NA,"medial",238,5.68073988690735,13794
"Differential object marking","Ungrammatical","midline","midline medial",NA,"medial",240,5.66810903291286,13794
"Differential object marking","Ungrammatical","midline","midline medial",NA,"medial",242,5.64150108742932,13794
"Differential object marking","Ungrammatical","midline","midline medial",NA,"medial",244,5.60201101928375,13794
"Differential object marking","Ungrammatical","midline","midline medial",NA,"medial",246,5.55207235029723,13794
"Differential object marking","Ungrammatical","midline","midline medial",NA,"medial",248,5.49520414673046,13794
"Differential object marking","Ungrammatical","midline","midline medial",NA,"medial",250,5.43551884877483,13794
"Differential object marking","Ungrammatical","midline","midline medial",NA,"medial",252,5.37668464549804,13794
"Differential object marking","Ungrammatical","midline","midline medial",NA,"medial",254,5.32101631143976,13794
"Differential object marking","Ungrammatical","midline","midline medial",NA,"medial",256,5.26865086269393,13794
"Differential object marking","Ungrammatical","midline","midline medial",NA,"medial",258,5.21734935479194,13794
"Differential object marking","Ungrammatical","midline","midline medial",NA,"medial",260,5.16413172393794,13794
"Differential object marking","Ungrammatical","midline","midline medial",NA,"medial",262,5.10751877627954,13794
"Differential object marking","Ungrammatical","midline","midline medial",NA,"medial",264,5.04791626794258,13794
"Differential object marking","Ungrammatical","midline","midline medial",NA,"medial",266,4.98656879802813,13794
"Differential object marking","Ungrammatical","midline","midline medial",NA,"medial",268,4.92406734812237,13794
"Differential object marking","Ungrammatical","midline","midline medial",NA,"medial",270,4.8592241554299,13794
"Differential object marking","Ungrammatical","midline","midline medial",NA,"medial",272,4.78983362331448,13794
"Differential object marking","Ungrammatical","midline","midline medial",NA,"medial",274,4.71449325793823,13794
"Differential object marking","Ungrammatical","midline","midline medial",NA,"medial",276,4.63336247643903,13794
"Differential object marking","Ungrammatical","midline","midline medial",NA,"medial",278,4.54721407858489,13794
"Differential object marking","Ungrammatical","midline","midline medial",NA,"medial",280,4.45617333623315,13794
"Differential object marking","Ungrammatical","midline","midline medial",NA,"medial",282,4.35956249093809,13794
"Differential object marking","Ungrammatical","midline","midline medial",NA,"medial",284,4.25683239089459,13794
"Differential object marking","Ungrammatical","midline","midline medial",NA,"medial",286,4.14815738726983,13794
"Differential object marking","Ungrammatical","midline","midline medial",NA,"medial",288,4.03427830940989,13794
"Differential object marking","Ungrammatical","midline","midline medial",NA,"medial",290,3.91631346962447,13794
"Differential object marking","Ungrammatical","midline","midline medial",NA,"medial",292,3.79561244019139,13794
"Differential object marking","Ungrammatical","midline","midline medial",NA,"medial",294,3.67338538494998,13794
"Differential object marking","Ungrammatical","midline","midline medial",NA,"medial",296,3.55038966217196,13794
"Differential object marking","Ungrammatical","midline","midline medial",NA,"medial",298,3.42721154124982,13794
"Differential object marking","Ungrammatical","midline","midline medial",NA,"medial",300,3.30483674061186,13794
"Differential object marking","Ungrammatical","midline","midline medial",NA,"medial",302,3.18481593446426,13794
"Differential object marking","Ungrammatical","midline","midline medial",NA,"medial",304,3.06785602435842,13794
"Differential object marking","Ungrammatical","midline","midline medial",NA,"medial",306,2.95234217775845,13794
"Differential object marking","Ungrammatical","midline","midline medial",NA,"medial",308,2.83492793968392,13794
"Differential object marking","Ungrammatical","midline","midline medial",NA,"medial",310,2.71289306945049,13794
"Differential object marking","Ungrammatical","midline","midline medial",NA,"medial",312,2.586237784544,13794
"Differential object marking","Ungrammatical","midline","midline medial",NA,"medial",314,2.45792605480644,13794
"Differential object marking","Ungrammatical","midline","midline medial",NA,"medial",316,2.33239843410178,13794
"Differential object marking","Ungrammatical","midline","midline medial",NA,"medial",318,2.21358199217051,13794
"Differential object marking","Ungrammatical","midline","midline medial",NA,"medial",320,2.1037193707409,13794
"Differential object marking","Ungrammatical","midline","midline medial",NA,"medial",322,2.00308728432652,13794
"Differential object marking","Ungrammatical","midline","midline medial",NA,"medial",324,1.91071335363201,13794
"Differential object marking","Ungrammatical","midline","midline medial",NA,"medial",326,1.82614245324054,13794
"Differential object marking","Ungrammatical","midline","midline medial",NA,"medial",328,1.75066035957663,13794
"Differential object marking","Ungrammatical","midline","midline medial",NA,"medial",330,1.68589459185153,13794
"Differential object marking","Ungrammatical","midline","midline medial",NA,"medial",332,1.63138139770915,13794
"Differential object marking","Ungrammatical","midline","midline medial",NA,"medial",334,1.58402421342613,13794
"Differential object marking","Ungrammatical","midline","midline medial",NA,"medial",336,1.53992634478759,13794
"Differential object marking","Ungrammatical","midline","midline medial",NA,"medial",338,1.49592460490068,13794
"Differential object marking","Ungrammatical","midline","midline medial",NA,"medial",340,1.45048354356967,13794
"Differential object marking","Ungrammatical","midline","midline medial",NA,"medial",342,1.40427156734812,13794
"Differential object marking","Ungrammatical","midline","midline medial",NA,"medial",344,1.3600172538785,13794
"Differential object marking","Ungrammatical","midline","midline medial",NA,"medial",346,1.32103197042192,13794
"Differential object marking","Ungrammatical","midline","midline medial",NA,"medial",348,1.28974786138901,13794
"Differential object marking","Ungrammatical","midline","midline medial",NA,"medial",350,1.26704675946063,13794
"Differential object marking","Ungrammatical","midline","midline medial",NA,"medial",352,1.25200811947223,13794
"Differential object marking","Ungrammatical","midline","midline medial",NA,"medial",354,1.24189814412063,13794
"Differential object marking","Ungrammatical","midline","midline medial",NA,"medial",356,1.23303682760621,13794
"Differential object marking","Ungrammatical","midline","midline medial",NA,"medial",358,1.22275257358272,13794
"Differential object marking","Ungrammatical","midline","midline medial",NA,"medial",360,1.2105392199507,13794
"Differential object marking","Ungrammatical","midline","midline medial",NA,"medial",362,1.1979138031028,13794
"Differential object marking","Ungrammatical","midline","midline medial",NA,"medial",364,1.18755060171089,13794
"Differential object marking","Ungrammatical","midline","midline medial",NA,"medial",366,1.18198368856024,13794
"Differential object marking","Ungrammatical","midline","midline medial",NA,"medial",368,1.1825683630564,13794
"Differential object marking","Ungrammatical","midline","midline medial",NA,"medial",370,1.18911693489923,13794
"Differential object marking","Ungrammatical","midline","midline medial",NA,"medial",372,1.20039277946933,13794
"Differential object marking","Ungrammatical","midline","midline medial",NA,"medial",374,1.2146658692185,13794
"Differential object marking","Ungrammatical","midline","midline medial",NA,"medial",376,1.22988364506307,13794
"Differential object marking","Ungrammatical","midline","midline medial",NA,"medial",378,1.24328447150935,13794
"Differential object marking","Ungrammatical","midline","midline medial",NA,"medial",380,1.25219878207916,13794
"Differential object marking","Ungrammatical","midline","midline medial",NA,"medial",382,1.25544881832681,13794
"Differential object marking","Ungrammatical","midline","midline medial",NA,"medial",384,1.25358460200087,13794
"Differential object marking","Ungrammatical","midline","midline medial",NA,"medial",386,1.24763056401334,13794
"Differential object marking","Ungrammatical","midline","midline medial",NA,"medial",388,1.23830158039727,13794
"Differential object marking","Ungrammatical","midline","midline medial",NA,"medial",390,1.22638400753951,13794
"Differential object marking","Ungrammatical","midline","midline medial",NA,"medial",392,1.21331578947368,13794
"Differential object marking","Ungrammatical","midline","midline medial",NA,"medial",394,1.20073908945919,13794
"Differential object marking","Ungrammatical","midline","midline medial",NA,"medial",396,1.18908431201972,13794
"Differential object marking","Ungrammatical","midline","midline medial",NA,"medial",398,1.1769030738002,13794
"Differential object marking","Ungrammatical","midline","midline medial",NA,"medial",400,1.16199550529216,13794
"Differential object marking","Ungrammatical","midline","midline medial",NA,"medial",402,1.14275337103088,13794
"Differential object marking","Ungrammatical","midline","midline medial",NA,"medial",404,1.11854588951718,13794
"Differential object marking","Ungrammatical","midline","midline medial",NA,"medial",406,1.08989248948818,13794
"Differential object marking","Ungrammatical","midline","midline medial",NA,"medial",408,1.05874358416703,13794
"Differential object marking","Ungrammatical","midline","midline medial",NA,"medial",410,1.02829534580252,13794
"Differential object marking","Ungrammatical","midline","midline medial",NA,"medial",412,1.00206118602291,13794
"Differential object marking","Ungrammatical","midline","midline medial",NA,"medial",414,0.982450848194867,13794
"Differential object marking","Ungrammatical","midline","midline medial",NA,"medial",416,0.969715963462375,13794
"Differential object marking","Ungrammatical","midline","midline medial",NA,"medial",418,0.961713426127302,13794
"Differential object marking","Ungrammatical","midline","midline medial",NA,"medial",420,0.954498622589532,13794
"Differential object marking","Ungrammatical","midline","midline medial",NA,"medial",422,0.943907641003335,13794
"Differential object marking","Ungrammatical","midline","midline medial",NA,"medial",424,0.927412643178193,13794
"Differential object marking","Ungrammatical","midline","midline medial",NA,"medial",426,0.904722343047702,13794
"Differential object marking","Ungrammatical","midline","midline medial",NA,"medial",428,0.877393069450486,13794
"Differential object marking","Ungrammatical","midline","midline medial",NA,"medial",430,0.8481034507757,13794
"Differential object marking","Ungrammatical","midline","midline medial",NA,"medial",432,0.819612150210236,13794
"Differential object marking","Ungrammatical","midline","midline medial",NA,"medial",434,0.794073002754821,13794
"Differential object marking","Ungrammatical","midline","midline medial",NA,"medial",436,0.773066478178918,13794
"Differential object marking","Ungrammatical","midline","midline medial",NA,"medial",438,0.757615629984051,13794
"Differential object marking","Ungrammatical","midline","midline medial",NA,"medial",440,0.74806082354647,13794
"Differential object marking","Ungrammatical","midline","midline medial",NA,"medial",442,0.743845585036973,13794
"Differential object marking","Ungrammatical","midline","midline medial",NA,"medial",444,0.743410540814847,13794
"Differential object marking","Ungrammatical","midline","midline medial",NA,"medial",446,0.74445672031318,13794
"Differential object marking","Ungrammatical","midline","midline medial",NA,"medial",448,0.7444881107728,13794
"Differential object marking","Ungrammatical","midline","midline medial",NA,"medial",450,0.741853052051617,13794
"Differential object marking","Ungrammatical","midline","midline medial",NA,"medial",452,0.737082209656372,13794
"Differential object marking","Ungrammatical","midline","midline medial",NA,"medial",454,0.733224807887487,13794
"Differential object marking","Ungrammatical","midline","midline medial",NA,"medial",456,0.733762795418298,13794
"Differential object marking","Ungrammatical","midline","midline medial",NA,"medial",458,0.739580614760041,13794
"Differential object marking","Ungrammatical","midline","midline medial",NA,"medial",460,0.748006887052342,13794
"Differential object marking","Ungrammatical","midline","midline medial",NA,"medial",462,0.754389082209656,13794
"Differential object marking","Ungrammatical","midline","midline medial",NA,"medial",464,0.754365666231695,13794
"Differential object marking","Ungrammatical","midline","midline medial",NA,"medial",466,0.745651152675076,13794
"Differential object marking","Ungrammatical","midline","midline medial",NA,"medial",468,0.729126141800783,13794
"Differential object marking","Ungrammatical","midline","midline medial",NA,"medial",470,0.708174351167174,13794
"Differential object marking","Ungrammatical","midline","midline medial",NA,"medial",472,0.686709656372336,13794
"Differential object marking","Ungrammatical","midline","midline medial",NA,"medial",474,0.667931999420038,13794
"Differential object marking","Ungrammatical","midline","midline medial",NA,"medial",476,0.653398941568798,13794
"Differential object marking","Ungrammatical","midline","midline medial",NA,"medial",478,0.642636001159925,13794
"Differential object marking","Ungrammatical","midline","midline medial",NA,"medial",480,0.63403008554444,13794
"Differential object marking","Ungrammatical","midline","midline medial",NA,"medial",482,0.626605118167319,13794
"Differential object marking","Ungrammatical","midline","midline medial",NA,"medial",484,0.620483181093229,13794
"Differential object marking","Ungrammatical","midline","midline medial",NA,"medial",486,0.616108307959983,13794
"Differential object marking","Ungrammatical","midline","midline medial",NA,"medial",488,0.613552124111933,13794
"Differential object marking","Ungrammatical","midline","midline medial",NA,"medial",490,0.612724445411048,13794
"Differential object marking","Ungrammatical","midline","midline medial",NA,"medial",492,0.613967812092214,13794
"Differential object marking","Ungrammatical","midline","midline medial",NA,"medial",494,0.618243294185878,13794
"Differential object marking","Ungrammatical","midline","midline medial",NA,"medial",496,0.626698129621575,13794
"Differential object marking","Ungrammatical","midline","midline medial",NA,"medial",498,0.640004784688995,13794
"Differential object marking","Ungrammatical","midline","midline medial",NA,"medial",500,0.657973176743512,13794
"Differential object marking","Ungrammatical","midline","midline medial",NA,"medial",502,0.679429534580252,13794
"Differential object marking","Ungrammatical","midline","midline medial",NA,"medial",504,0.702246338987966,13794
"Differential object marking","Ungrammatical","midline","midline medial",NA,"medial",506,0.724353414528056,13794
"Differential object marking","Ungrammatical","midline","midline medial",NA,"medial",508,0.745632303900246,13794
"Differential object marking","Ungrammatical","midline","midline medial",NA,"medial",510,0.768628824126432,13794
"Differential object marking","Ungrammatical","midline","midline medial",NA,"medial",512,0.797026388284761,13794
"Differential object marking","Ungrammatical","midline","midline medial",NA,"medial",514,0.833352834565753,13794
"Differential object marking","Ungrammatical","midline","midline medial",NA,"medial",516,0.877899521531101,13794
"Differential object marking","Ungrammatical","midline","midline medial",NA,"medial",518,0.929328258663187,13794
"Differential object marking","Ungrammatical","midline","midline medial",NA,"medial",520,0.98556676816007,13794
"Differential object marking","Ungrammatical","midline","midline medial",NA,"medial",522,1.0434280846745,13794
"Differential object marking","Ungrammatical","midline","midline medial",NA,"medial",524,1.09842728722633,13794
"Differential object marking","Ungrammatical","midline","midline medial",NA,"medial",526,1.14653117297376,13794
"Differential object marking","Ungrammatical","midline","midline medial",NA,"medial",528,1.18659786863854,13794
"Differential object marking","Ungrammatical","midline","midline medial",NA,"medial",530,1.22112113962592,13794
"Differential object marking","Ungrammatical","midline","midline medial",NA,"medial",532,1.25500579962302,13794
"Differential object marking","Ungrammatical","midline","midline medial",NA,"medial",534,1.29318319559229,13794
"Differential object marking","Ungrammatical","midline","midline medial",NA,"medial",536,1.33806256343338,13794
"Differential object marking","Ungrammatical","midline","midline medial",NA,"medial",538,1.38841938523996,13794
"Differential object marking","Ungrammatical","midline","midline medial",NA,"medial",540,1.44063817601856,13794
"Differential object marking","Ungrammatical","midline","midline medial",NA,"medial",542,1.4905499492533,13794
"Differential object marking","Ungrammatical","midline","midline medial",NA,"medial",544,1.53422604030738,13794
"Differential object marking","Ungrammatical","midline","midline medial",NA,"medial",546,1.56877939683921,13794
"Differential object marking","Ungrammatical","midline","midline medial",NA,"medial",548,1.59360453820502,13794
"Differential object marking","Ungrammatical","midline","midline medial",NA,"medial",550,1.61059496882703,13794
"Differential object marking","Ungrammatical","midline","midline medial",NA,"medial",552,1.6230683630564,13794
"Differential object marking","Ungrammatical","midline","midline medial",NA,"medial",554,1.63424764390315,13794
"Differential object marking","Ungrammatical","midline","midline medial",NA,"medial",556,1.64607735247209,13794
"Differential object marking","Ungrammatical","midline","midline medial",NA,"medial",558,1.65922488038278,13794
"Differential object marking","Ungrammatical","midline","midline medial",NA,"medial",560,1.67413027403219,13794
"Differential object marking","Ungrammatical","midline","midline medial",NA,"medial",562,1.69174227925185,13794
"Differential object marking","Ungrammatical","midline","midline medial",NA,"medial",564,1.71350956937799,13794
"Differential object marking","Ungrammatical","midline","midline medial",NA,"medial",566,1.74038205016674,13794
"Differential object marking","Ungrammatical","midline","midline medial",NA,"medial",568,1.7706842830216,13794
"Differential object marking","Ungrammatical","midline","midline medial",NA,"medial",570,1.79928795128317,13794
"Differential object marking","Ungrammatical","midline","midline medial",NA,"medial",572,1.82058953168044,13794
"Differential object marking","Ungrammatical","midline","midline medial",NA,"medial",574,1.8322806292591,13794
"Differential object marking","Ungrammatical","midline","midline medial",NA,"medial",576,1.83587255328404,13794
"Differential object marking","Ungrammatical","midline","midline medial",NA,"medial",578,1.83430295780774,13794
"Differential object marking","Ungrammatical","midline","midline medial",NA,"medial",580,1.82982028418153,13794
"Differential object marking","Ungrammatical","midline","midline medial",NA,"medial",582,1.82380419022764,13794
"Differential object marking","Ungrammatical","midline","midline medial",NA,"medial",584,1.81760961287516,13794
"Differential object marking","Ungrammatical","midline","midline medial",NA,"medial",586,1.81268580542265,13794
"Differential object marking","Ungrammatical","midline","midline medial",NA,"medial",588,1.80995527040742,13794
"Differential object marking","Ungrammatical","midline","midline medial",NA,"medial",590,1.80972089314195,13794
"Differential object marking","Ungrammatical","midline","midline medial",NA,"medial",592,1.81213150645208,13794
"Differential object marking","Ungrammatical","midline","midline medial",NA,"medial",594,1.81744106133101,13794
"Differential object marking","Ungrammatical","midline","midline medial",NA,"medial",596,1.82580716253444,13794
"Differential object marking","Ungrammatical","midline","midline medial",NA,"medial",598,1.8366955922865,13794
"Differential object marking","Ungrammatical","midline","midline medial",NA,"medial",600,1.84839277946933,13794
"Differential object marking","Ungrammatical","midline","midline medial",NA,"medial",602,1.85908924169929,13794
"Differential object marking","Ungrammatical","midline","midline medial",NA,"medial",604,1.86927294475859,13794
"Differential object marking","Ungrammatical","midline","midline medial",NA,"medial",606,1.8823162969407,13794
"Differential object marking","Ungrammatical","midline","midline medial",NA,"medial",608,1.90208510946788,13794
"Differential object marking","Ungrammatical","midline","midline medial",NA,"medial",610,1.93047846889952,13794
"Differential object marking","Ungrammatical","midline","midline medial",NA,"medial",612,1.96660337828041,13794
"Differential object marking","Ungrammatical","midline","midline medial",NA,"medial",614,2.00722154559954,13794
"Differential object marking","Ungrammatical","midline","midline medial",NA,"medial",616,2.04805777874438,13794
"Differential object marking","Ungrammatical","midline","midline medial",NA,"medial",618,2.08506531825431,13794
"Differential object marking","Ungrammatical","midline","midline medial",NA,"medial",620,2.11489763665362,13794
"Differential object marking","Ungrammatical","midline","midline medial",NA,"medial",622,2.13531397709149,13794
"Differential object marking","Ungrammatical","midline","midline medial",NA,"medial",624,2.1457217630854,13794
"Differential object marking","Ungrammatical","midline","midline medial",NA,"medial",626,2.14706198347107,13794
"Differential object marking","Ungrammatical","midline","midline medial",NA,"medial",628,2.14097767145136,13794
"Differential object marking","Ungrammatical","midline","midline medial",NA,"medial",630,2.12935000724953,13794
"Differential object marking","Ungrammatical","midline","midline medial",NA,"medial",632,2.11439024213426,13794
"Differential object marking","Ungrammatical","midline","midline medial",NA,"medial",634,2.09865050021749,13794
"Differential object marking","Ungrammatical","midline","midline medial",NA,"medial",636,2.08456611570248,13794
"Differential object marking","Ungrammatical","midline","midline medial",NA,"medial",638,2.07350028998115,13794
"Differential object marking","Ungrammatical","midline","midline medial",NA,"medial",640,2.064816876903,13794
"Differential object marking","Ungrammatical","midline","midline medial",NA,"medial",642,2.0561587646803,13794
"Differential object marking","Ungrammatical","midline","midline medial",NA,"medial",644,2.04554900681456,13794
"Differential object marking","Ungrammatical","midline","midline medial",NA,"medial",646,2.03328693634914,13794
"Differential object marking","Ungrammatical","midline","midline medial",NA,"medial",648,2.02175308104973,13794
"Differential object marking","Ungrammatical","midline","midline medial",NA,"medial",650,2.01340720603161,13794
"Differential object marking","Ungrammatical","midline","midline medial",NA,"medial",652,2.00932999855009,13794
"Differential object marking","Ungrammatical","midline","midline medial",NA,"medial",654,2.009237784544,13794
"Differential object marking","Ungrammatical","midline","midline medial",NA,"medial",656,2.01229469334493,13794
"Differential object marking","Ungrammatical","midline","midline medial",NA,"medial",658,2.01738668986516,13794
"Differential object marking","Ungrammatical","midline","midline medial",NA,"medial",660,2.02282398144121,13794
"Differential object marking","Ungrammatical","midline","midline medial",NA,"medial",662,2.02713527620705,13794
"Differential object marking","Ungrammatical","midline","midline medial",NA,"medial",664,2.03077939683921,13794
"Differential object marking","Ungrammatical","midline","midline medial",NA,"medial",666,2.03644693344933,13794
"Differential object marking","Ungrammatical","midline","midline medial",NA,"medial",668,2.04757865738727,13794
"Differential object marking","Ungrammatical","midline","midline medial",NA,"medial",670,2.06656169348992,13794
"Differential object marking","Ungrammatical","midline","midline medial",NA,"medial",672,2.09387806292591,13794
"Differential object marking","Ungrammatical","midline","midline medial",NA,"medial",674,2.12796498477599,13794
"Differential object marking","Ungrammatical","midline","midline medial",NA,"medial",676,2.16573437726548,13794
"Differential object marking","Ungrammatical","midline","midline medial",NA,"medial",678,2.20347245179063,13794
"Differential object marking","Ungrammatical","midline","midline medial",NA,"medial",680,2.23702385094969,13794
"Differential object marking","Ungrammatical","midline","midline medial",NA,"medial",682,2.26180593011454,13794
"Differential object marking","Ungrammatical","midline","midline medial",NA,"medial",684,2.27391844280122,13794
"Differential object marking","Ungrammatical","midline","midline medial",NA,"medial",686,2.27197846889952,13794
"Differential object marking","Ungrammatical","midline","midline medial",NA,"medial",688,2.25828091924025,13794
"Differential object marking","Ungrammatical","midline","midline medial",NA,"medial",690,2.23831535450196,13794
"Differential object marking","Ungrammatical","midline","midline medial",NA,"medial",692,2.21820081194722,13794
"Differential object marking","Ungrammatical","midline","midline medial",NA,"medial",694,2.20193801652893,13794
"Differential object marking","Ungrammatical","midline","midline medial",NA,"medial",696,2.19072944758591,13794
"Differential object marking","Ungrammatical","midline","midline medial",NA,"medial",698,2.18438966217196,13794
"Differential object marking","Ungrammatical","midline","midline medial",NA,"medial",700,2.18283775554589,13794
"Differential object marking","Ungrammatical","midline","midline medial",NA,"medial",702,2.18683985790924,13794
"Differential object marking","Ungrammatical","midline","midline medial",NA,"medial",704,2.19760983036103,13794
"Differential object marking","Ungrammatical","midline","midline medial",NA,"medial",706,2.21550579962302,13794
"Differential object marking","Ungrammatical","midline","midline medial",NA,"medial",708,2.23901594896332,13794
"Differential object marking","Ungrammatical","midline","midline medial",NA,"medial",710,2.2649976076555,13794
"Differential object marking","Ungrammatical","midline","midline medial",NA,"medial",712,2.28980890242134,13794
"Differential object marking","Ungrammatical","midline","midline medial",NA,"medial",714,2.3106593446426,13794
"Differential object marking","Ungrammatical","midline","midline medial",NA,"medial",716,2.32632354646948,13794
"Differential object marking","Ungrammatical","midline","midline medial",NA,"medial",718,2.3362788168769,13794
"Differential object marking","Ungrammatical","midline","midline medial",NA,"medial",720,2.33948238364506,13794
"Differential object marking","Ungrammatical","midline","midline medial",NA,"medial",722,2.33478316659417,13794
"Differential object marking","Ungrammatical","midline","midline medial",NA,"medial",724,2.32272872263303,13794
"Differential object marking","Ungrammatical","midline","midline medial",NA,"medial",726,2.30646744961577,13794
"Differential object marking","Ungrammatical","midline","midline medial",NA,"medial",728,2.29082202406844,13794
"Differential object marking","Ungrammatical","midline","midline medial",NA,"medial",730,2.2807960707554,13794
"Differential object marking","Ungrammatical","midline","midline medial",NA,"medial",732,2.27960033347832,13794
"Differential object marking","Ungrammatical","midline","midline medial",NA,"medial",734,2.28653458025228,13794
"Differential object marking","Ungrammatical","midline","midline medial",NA,"medial",736,2.29648115122517,13794
"Differential object marking","Ungrammatical","midline","midline medial",NA,"medial",738,2.3023044077135,13794
"Differential object marking","Ungrammatical","midline","midline medial",NA,"medial",740,2.29865426997245,13794
"Differential object marking","Ungrammatical","midline","midline medial",NA,"medial",742,2.28427707699,13794
"Differential object marking","Ungrammatical","midline","midline medial",NA,"medial",744,2.26153247788894,13794
"Differential object marking","Ungrammatical","midline","midline medial",NA,"medial",746,2.23419479483834,13794
"Differential object marking","Ungrammatical","midline","midline medial",NA,"medial",748,2.20545287806293,13794
"Differential object marking","Ungrammatical","midline","midline medial",NA,"medial",750,2.1773721908076,13794
"Differential object marking","Ungrammatical","midline","midline medial",NA,"medial",752,2.15164702044367,13794
"Differential object marking","Ungrammatical","midline","midline medial",NA,"medial",754,2.12983159344643,13794
"Differential object marking","Ungrammatical","midline","midline medial",NA,"medial",756,2.11239799913006,13794
"Differential object marking","Ungrammatical","midline","midline medial",NA,"medial",758,2.09817848339858,13794
"Differential object marking","Ungrammatical","midline","midline medial",NA,"medial",760,2.08497839640423,13794
"Differential object marking","Ungrammatical","midline","midline medial",NA,"medial",762,2.07101362911411,13794
"Differential object marking","Ungrammatical","midline","midline medial",NA,"medial",764,2.05588915470494,13794
"Differential object marking","Ungrammatical","midline","midline medial",NA,"medial",766,2.04062773669711,13794
"Differential object marking","Ungrammatical","midline","midline medial",NA,"medial",768,2.02728012179208,13794
"Differential object marking","Ungrammatical","midline","midline medial",NA,"medial",770,2.0180767000145,13794
"Differential object marking","Ungrammatical","midline","midline medial",NA,"medial",772,2.01406618819777,13794
"Differential object marking","Ungrammatical","midline","midline medial",NA,"medial",774,2.01463215890967,13794
"Differential object marking","Ungrammatical","midline","midline medial",NA,"medial",776,2.01828874873133,13794
"Differential object marking","Ungrammatical","midline","midline medial",NA,"medial",778,2.02379295345803,13794
"Differential object marking","Ungrammatical","midline","midline medial",NA,"medial",780,2.03005038422503,13794
"Differential object marking","Ungrammatical","midline","midline medial",NA,"medial",782,2.03580752501087,13794
"Differential object marking","Ungrammatical","midline","midline medial",NA,"medial",784,2.04012063215891,13794
"Differential object marking","Ungrammatical","midline","midline medial",NA,"medial",786,2.04272611280267,13794
"Differential object marking","Ungrammatical","midline","midline medial",NA,"medial",788,2.04315071770335,13794
"Differential object marking","Ungrammatical","midline","midline medial",NA,"medial",790,2.04024699144556,13794
"Differential object marking","Ungrammatical","midline","midline medial",NA,"medial",792,2.03366260693055,13794
"Differential object marking","Ungrammatical","midline","midline medial",NA,"medial",794,2.02538864723793,13794
"Differential object marking","Ungrammatical","midline","midline medial",NA,"medial",796,2.01915390749601,13794
"Differential object marking","Ungrammatical","midline","midline medial",NA,"medial",798,2.01835769175004,13794
"Differential object marking","Ungrammatical","midline","midline medial",NA,"medial",800,2.02456314339568,13794
"Differential object marking","Ungrammatical","midline","midline medial",NA,"medial",802,2.036935769175,13794
"Differential object marking","Ungrammatical","midline","midline medial",NA,"medial",804,2.05249362041467,13794
"Differential object marking","Ungrammatical","midline","midline medial",NA,"medial",806,2.06744751341163,13794
"Differential object marking","Ungrammatical","midline","midline medial",NA,"medial",808,2.07916905901116,13794
"Differential object marking","Ungrammatical","midline","midline medial",NA,"medial",810,2.08722408293461,13794
"Differential object marking","Ungrammatical","midline","midline medial",NA,"medial",812,2.09298651587647,13794
"Differential object marking","Ungrammatical","midline","midline medial",NA,"medial",814,2.09852254603451,13794
"Differential object marking","Ungrammatical","midline","midline medial",NA,"medial",816,2.10524053936494,13794
"Differential object marking","Ungrammatical","midline","midline medial",NA,"medial",818,2.11279288096274,13794
"Differential object marking","Ungrammatical","midline","midline medial",NA,"medial",820,2.11880933739307,13794
"Differential object marking","Ungrammatical","midline","midline medial",NA,"medial",822,2.12004139480934,13794
"Differential object marking","Ungrammatical","midline","midline medial",NA,"medial",824,2.11422727272727,13794
"Differential object marking","Ungrammatical","midline","midline medial",NA,"medial",826,2.10148832825866,13794
"Differential object marking","Ungrammatical","midline","midline medial",NA,"medial",828,2.08415818471799,13794
"Differential object marking","Ungrammatical","midline","midline medial",NA,"medial",830,2.06517862838915,13794
"Differential object marking","Ungrammatical","midline","midline medial",NA,"medial",832,2.04624032187908,13794
"Differential object marking","Ungrammatical","midline","midline medial",NA,"medial",834,2.02687799043062,13794
"Differential object marking","Ungrammatical","midline","midline medial",NA,"medial",836,2.00468406553574,13794
"Differential object marking","Ungrammatical","midline","midline medial",NA,"medial",838,1.9764102508337,13794
"Differential object marking","Ungrammatical","midline","midline medial",NA,"medial",840,1.93992127011744,13794
"Differential object marking","Ungrammatical","midline","midline medial",NA,"medial",842,1.89509090909091,13794
"Differential object marking","Ungrammatical","midline","midline medial",NA,"medial",844,1.84295338552994,13794
"Differential object marking","Ungrammatical","midline","midline medial",NA,"medial",846,1.78405995360302,13794
"Differential object marking","Ungrammatical","midline","midline medial",NA,"medial",848,1.71787407568508,13794
"Differential object marking","Ungrammatical","midline","midline medial",NA,"medial",850,1.64357024793388,13794
"Differential object marking","Ungrammatical","midline","midline medial",NA,"medial",852,1.56068863273887,13794
"Differential object marking","Ungrammatical","midline","midline medial",NA,"medial",854,1.46856531825431,13794
"Differential object marking","Ungrammatical","midline","midline medial",NA,"medial",856,1.36582071915325,13794
"Differential object marking","Ungrammatical","midline","midline medial",NA,"medial",858,1.25135812672176,13794
"Differential object marking","Ungrammatical","midline","midline medial",NA,"medial",860,1.1256961722488,13794
"Differential object marking","Ungrammatical","midline","midline medial",NA,"medial",862,0.990999782514137,13794
"Differential object marking","Ungrammatical","midline","midline medial",NA,"medial",864,0.850544367116137,13794
"Differential object marking","Ungrammatical","midline","midline medial",NA,"medial",866,0.708595693779904,13794
"Differential object marking","Ungrammatical","midline","midline medial",NA,"medial",868,0.570350369725968,13794
"Differential object marking","Ungrammatical","midline","midline medial",NA,"medial",870,0.441044367116137,13794
"Differential object marking","Ungrammatical","midline","midline medial",NA,"medial",872,0.324113092648978,13794
"Differential object marking","Ungrammatical","midline","midline medial",NA,"medial",874,0.220439031462955,13794
"Differential object marking","Ungrammatical","midline","midline medial",NA,"medial",876,0.129793678410903,13794
"Differential object marking","Ungrammatical","midline","midline medial",NA,"medial",878,0.052755618384805,13794
"Differential object marking","Ungrammatical","midline","midline medial",NA,"medial",880,-0.00913491373060751,13794
"Differential object marking","Ungrammatical","midline","midline medial",NA,"medial",882,-0.0547046541974772,13794
"Differential object marking","Ungrammatical","midline","midline medial",NA,"medial",884,-0.0845792373495723,13794
"Differential object marking","Ungrammatical","midline","midline medial",NA,"medial",886,-0.101631723937944,13794
"Differential object marking","Ungrammatical","midline","midline medial",NA,"medial",888,-0.109586124401914,13794
"Differential object marking","Ungrammatical","midline","midline medial",NA,"medial",890,-0.110355661881978,13794
"Differential object marking","Ungrammatical","midline","midline medial",NA,"medial",892,-0.102511164274322,13794
"Differential object marking","Ungrammatical","midline","midline medial",NA,"medial",894,-0.0824995650282732,13794
"Differential object marking","Ungrammatical","midline","midline medial",NA,"medial",896,-0.0467820066695665,13794
"Differential object marking","Ungrammatical","midline","midline medial",NA,"medial",898,0.00720334928229665,13794
"Differential object marking","Ungrammatical","midline","midline medial",NA,"medial",900,0.0810052921560099,13794
"Differential object marking","Ungrammatical","midline","midline medial",NA,"medial",902,0.174338263012904,13794
"Differential object marking","Ungrammatical","midline","midline medial",NA,"medial",904,0.284917645353052,13794
"Differential object marking","Ungrammatical","midline","midline medial",NA,"medial",906,0.409924749891257,13794
"Differential object marking","Ungrammatical","midline","midline medial",NA,"medial",908,0.547788096273742,13794
"Differential object marking","Ungrammatical","midline","midline medial",NA,"medial",910,0.698297013194142,13794
"Differential object marking","Ungrammatical","midline","midline medial",NA,"medial",912,0.861688342757721,13794
"Differential object marking","Ungrammatical","midline","midline medial",NA,"medial",914,1.03771705089169,13794
"Differential object marking","Ungrammatical","midline","midline medial",NA,"medial",916,1.22462063215891,13794
"Differential object marking","Ungrammatical","midline","midline medial",NA,"medial",918,1.41870117442366,13794
"Differential object marking","Ungrammatical","midline","midline medial",NA,"medial",920,1.61567014644048,13794
"Differential object marking","Ungrammatical","midline","midline medial",NA,"medial",922,1.81244164129332,13794
"Differential object marking","Ungrammatical","midline","midline medial",NA,"medial",924,2.00703892996955,13794
"Differential object marking","Ungrammatical","midline","midline medial",NA,"medial",926,2.19715985210961,13794
"Differential object marking","Ungrammatical","midline","midline medial",NA,"medial",928,2.38011744236625,13794
"Differential object marking","Ungrammatical","midline","midline medial",NA,"medial",930,2.55449927504712,13794
"Differential object marking","Ungrammatical","midline","midline medial",NA,"medial",932,2.72100855444396,13794
"Differential object marking","Ungrammatical","midline","midline medial",NA,"medial",934,2.88152196607221,13794
"Differential object marking","Ungrammatical","midline","midline medial",NA,"medial",936,3.03727279976802,13794
"Differential object marking","Ungrammatical","midline","midline medial",NA,"medial",938,3.18788357256778,13794
"Differential object marking","Ungrammatical","midline","midline medial",NA,"medial",940,3.33104726692765,13794
"Differential object marking","Ungrammatical","midline","midline medial",NA,"medial",942,3.46282963607366,13794
"Differential object marking","Ungrammatical","midline","midline medial",NA,"medial",944,3.578806800058,13794
"Differential object marking","Ungrammatical","midline","midline medial",NA,"medial",946,3.67581999420038,13794
"Differential object marking","Ungrammatical","midline","midline medial",NA,"medial",948,3.75321966072205,13794
"Differential object marking","Ungrammatical","midline","midline medial",NA,"medial",950,3.81313331883428,13794
"Differential object marking","Ungrammatical","midline","midline medial",NA,"medial",952,3.86000210236335,13794
"Differential object marking","Ungrammatical","midline","midline medial",NA,"medial",954,3.89924394664347,13794
"Differential object marking","Ungrammatical","midline","midline medial",NA,"medial",956,3.93524626649268,13794
"Differential object marking","Ungrammatical","midline","midline medial",NA,"medial",958,3.97017145135566,13794
"Differential object marking","Ungrammatical","midline","midline medial",NA,"medial",960,4.00387654052487,13794
"Differential object marking","Ungrammatical","midline","midline medial",NA,"medial",962,4.03426591271567,13794
"Differential object marking","Ungrammatical","midline","midline medial",NA,"medial",964,4.05800195737277,13794
"Differential object marking","Ungrammatical","midline","midline medial",NA,"medial",966,4.07174728142671,13794
"Differential object marking","Ungrammatical","midline","midline medial",NA,"medial",968,4.07318834275772,13794
"Differential object marking","Ungrammatical","midline","midline medial",NA,"medial",970,4.06144961577497,13794
"Differential object marking","Ungrammatical","midline","midline medial",NA,"medial",972,4.03697701899377,13794
"Differential object marking","Ungrammatical","midline","midline medial",NA,"medial",974,4.00127294475859,13794
"Differential object marking","Ungrammatical","midline","midline medial",NA,"medial",976,3.95648252863564,13794
"Differential object marking","Ungrammatical","midline","midline medial",NA,"medial",978,3.9044988400754,13794
"Differential object marking","Ungrammatical","midline","midline medial",NA,"medial",980,3.84636784109033,13794
"Differential object marking","Ungrammatical","midline","midline medial",NA,"medial",982,3.78221415108018,13794
"Differential object marking","Ungrammatical","midline","midline medial",NA,"medial",984,3.71171755835871,13794
"Differential object marking","Ungrammatical","midline","midline medial",NA,"medial",986,3.63441344062636,13794
"Differential object marking","Ungrammatical","midline","midline medial",NA,"medial",988,3.54938531245469,13794
"Differential object marking","Ungrammatical","midline","midline medial",NA,"medial",990,3.4555332753371,13794
"Differential object marking","Ungrammatical","midline","midline medial",NA,"medial",992,3.35295251558649,13794
"Differential object marking","Ungrammatical","midline","midline medial",NA,"medial",994,3.24367406118602,13794
"Differential object marking","Ungrammatical","midline","midline medial",NA,"medial",996,3.13065847469914,13794
"Differential object marking","Ungrammatical","midline","midline medial",NA,"medial",998,3.01619421487603,13794
"Differential object marking","Ungrammatical","midline","midline medial",NA,"medial",1000,2.9013489923155,13794
"Differential object marking","Ungrammatical","midline","midline medial",NA,"medial",1002,2.7864221400609,13794
"Differential object marking","Ungrammatical","midline","midline medial",NA,"medial",1004,2.67117007394519,13794
"Differential object marking","Ungrammatical","midline","midline medial",NA,"medial",1006,2.55484500507467,13794
"Differential object marking","Ungrammatical","midline","midline medial",NA,"medial",1008,2.43729418587792,13794
"Differential object marking","Ungrammatical","midline","midline medial",NA,"medial",1010,2.31982673626214,13794
"Differential object marking","Ungrammatical","midline","midline medial",NA,"medial",1012,2.20405712628679,13794
"Differential object marking","Ungrammatical","midline","midline medial",NA,"medial",1014,2.08992054516456,13794
"Differential object marking","Ungrammatical","midline","midline medial",NA,"medial",1016,1.97534522256053,13794
"Differential object marking","Ungrammatical","midline","midline medial",NA,"medial",1018,1.85799354791939,13794
"Differential object marking","Ungrammatical","midline","midline medial",NA,"medial",1020,1.73701913875598,13794
"Differential object marking","Ungrammatical","midline","midline medial",NA,"medial",1022,1.61353204291721,13794
"Differential object marking","Ungrammatical","midline","midline medial",NA,"medial",1024,1.49000369725968,13794
"Differential object marking","Ungrammatical","midline","midline medial",NA,"medial",1026,1.36890495867769,13794
"Differential object marking","Ungrammatical","midline","midline medial",NA,"medial",1028,1.25115129766565,13794
"Differential object marking","Ungrammatical","midline","midline medial",NA,"medial",1030,1.13594526605771,13794
"Differential object marking","Ungrammatical","midline","midline medial",NA,"medial",1032,1.02195722778019,13794
"Differential object marking","Ungrammatical","midline","midline medial",NA,"medial",1034,0.907780194287371,13794
"Differential object marking","Ungrammatical","midline","midline medial",NA,"medial",1036,0.791264462809917,13794
"Differential object marking","Ungrammatical","midline","midline medial",NA,"medial",1038,0.669517471364361,13794
"Differential object marking","Ungrammatical","midline","midline medial",NA,"medial",1040,0.540054588951718,13794
"Differential object marking","Ungrammatical","midline","midline medial",NA,"medial",1042,0.401900826446281,13794
"Differential object marking","Ungrammatical","midline","midline medial",NA,"medial",1044,0.256269972451791,13794
"Differential object marking","Ungrammatical","midline","midline medial",NA,"medial",1046,0.10692199507032,13794
"Differential object marking","Ungrammatical","midline","midline medial",NA,"medial",1048,-0.040465202261853,13794
"Differential object marking","Ungrammatical","midline","midline medial",NA,"medial",1050,-0.180234377265478,13794
"Differential object marking","Ungrammatical","midline","midline medial",NA,"medial",1052,-0.308565390749601,13794
"Differential object marking","Ungrammatical","midline","midline medial",NA,"medial",1054,-0.423459257648253,13794
"Differential object marking","Ungrammatical","midline","midline medial",NA,"medial",1056,-0.52449637523561,13794
"Differential object marking","Ungrammatical","midline","midline medial",NA,"medial",1058,-0.613310424822387,13794
"Differential object marking","Ungrammatical","midline","midline medial",NA,"medial",1060,-0.693659054661447,13794
"Differential object marking","Ungrammatical","midline","midline medial",NA,"medial",1062,-0.769810279831811,13794
"Differential object marking","Ungrammatical","midline","midline medial",NA,"medial",1064,-0.845084312019719,13794
"Differential object marking","Ungrammatical","midline","midline medial",NA,"medial",1066,-0.92163781354212,13794
"Differential object marking","Ungrammatical","midline","midline medial",NA,"medial",1068,-1.00021328113673,13794
"Differential object marking","Ungrammatical","midline","midline medial",NA,"medial",1070,-1.07919167754096,13794
"Differential object marking","Ungrammatical","midline","midline medial",NA,"medial",1072,-1.154395969262,13794
"Differential object marking","Ungrammatical","midline","midline medial",NA,"medial",1074,-1.22107445266058,13794
"Differential object marking","Ungrammatical","midline","midline medial",NA,"medial",1076,-1.27624648397854,13794
"Differential object marking","Ungrammatical","midline","midline medial",NA,"medial",1078,-1.3184132231405,13794
"Differential object marking","Ungrammatical","midline","midline medial",NA,"medial",1080,-1.3456147600406,13794
"Differential object marking","Ungrammatical","midline","midline medial",NA,"medial",1082,-1.35578758880673,13794
"Differential object marking","Ungrammatical","midline","midline medial",NA,"medial",1084,-1.34938879222851,13794
"Differential object marking","Ungrammatical","midline","midline medial",NA,"medial",1086,-1.33083318834276,13794
"Differential object marking","Ungrammatical","midline","midline medial",NA,"medial",1088,-1.30740539364941,13794
"Differential object marking","Ungrammatical","midline","midline medial",NA,"medial",1090,-1.2861307814992,13794
"Differential object marking","Ungrammatical","midline","midline medial",NA,"medial",1092,-1.2703709583877,13794
"Differential object marking","Ungrammatical","midline","midline medial",NA,"medial",1094,-1.25870849644773,13794
"Differential object marking","Ungrammatical","midline","midline medial",NA,"medial",1096,-1.24748992315499,13794
"Differential object marking","Ungrammatical","midline","midline medial",NA,"medial",1098,-1.23440155139916,13794
"Differential object marking","Ungrammatical","midline","midline posterior",NA,"posterior",-100,-0.529518051326664,9196
"Differential object marking","Ungrammatical","midline","midline posterior",NA,"posterior",-98,-0.432552087864289,9196
"Differential object marking","Ungrammatical","midline","midline posterior",NA,"posterior",-96,-0.340236189647673,9196
"Differential object marking","Ungrammatical","midline","midline posterior",NA,"posterior",-94,-0.25432122662027,9196
"Differential object marking","Ungrammatical","midline","midline posterior",NA,"posterior",-92,-0.17577990430622,9196
"Differential object marking","Ungrammatical","midline","midline posterior",NA,"posterior",-90,-0.105232927359722,9196
"Differential object marking","Ungrammatical","midline","midline posterior",NA,"posterior",-88,-0.0425862331448456,9196
"Differential object marking","Ungrammatical","midline","midline posterior",NA,"posterior",-86,0.0135663331883428,9196
"Differential object marking","Ungrammatical","midline","midline posterior",NA,"posterior",-84,0.0650956937799043,9196
"Differential object marking","Ungrammatical","midline","midline posterior",NA,"posterior",-82,0.112129404088734,9196
"Differential object marking","Ungrammatical","midline","midline posterior",NA,"posterior",-80,0.151932144410613,9196
"Differential object marking","Ungrammatical","midline","midline posterior",NA,"posterior",-78,0.180745324053936,9196
"Differential object marking","Ungrammatical","midline","midline posterior",NA,"posterior",-76,0.196660613310135,9196
"Differential object marking","Ungrammatical","midline","midline posterior",NA,"posterior",-74,0.200697477163984,9196
"Differential object marking","Ungrammatical","midline","midline posterior",NA,"posterior",-72,0.196074053936494,9196
"Differential object marking","Ungrammatical","midline","midline posterior",NA,"posterior",-70,0.187123096998695,9196
"Differential object marking","Ungrammatical","midline","midline posterior",NA,"posterior",-68,0.178309047411918,9196
"Differential object marking","Ungrammatical","midline","midline posterior",NA,"posterior",-66,0.173069812962157,9196
"Differential object marking","Ungrammatical","midline","midline posterior",NA,"posterior",-64,0.172802196607221,9196
"Differential object marking","Ungrammatical","midline","midline posterior",NA,"posterior",-62,0.176811222270552,9196
"Differential object marking","Ungrammatical","midline","midline posterior",NA,"posterior",-60,0.182901913875598,9196
"Differential object marking","Ungrammatical","midline","midline posterior",NA,"posterior",-58,0.188121683340583,9196
"Differential object marking","Ungrammatical","midline","midline posterior",NA,"posterior",-56,0.189965093518921,9196
"Differential object marking","Ungrammatical","midline","midline posterior",NA,"posterior",-54,0.188015441496303,9196
"Differential object marking","Ungrammatical","midline","midline posterior",NA,"posterior",-52,0.184562092214006,9196
"Differential object marking","Ungrammatical","midline","midline posterior",NA,"posterior",-50,0.183824380165289,9196
"Differential object marking","Ungrammatical","midline","midline posterior",NA,"posterior",-48,0.190227272727273,9196
"Differential object marking","Ungrammatical","midline","midline posterior",NA,"posterior",-46,0.206641474554154,9196
"Differential object marking","Ungrammatical","midline","midline posterior",NA,"posterior",-44,0.233510656807308,9196
"Differential object marking","Ungrammatical","midline","midline posterior",NA,"posterior",-42,0.269692801217921,9196
"Differential object marking","Ungrammatical","midline","midline posterior",NA,"posterior",-40,0.314579708568943,9196
"Differential object marking","Ungrammatical","midline","midline posterior",NA,"posterior",-38,0.369141909525881,9196
"Differential object marking","Ungrammatical","midline","midline posterior",NA,"posterior",-36,0.434530339277947,9196
"Differential object marking","Ungrammatical","midline","midline posterior",NA,"posterior",-34,0.510390495867769,9196
"Differential object marking","Ungrammatical","midline","midline posterior",NA,"posterior",-32,0.594567203131796,9196
"Differential object marking","Ungrammatical","midline","midline posterior",NA,"posterior",-30,0.68374684645498,9196
"Differential object marking","Ungrammatical","midline","midline posterior",NA,"posterior",-28,0.77436450630709,9196
"Differential object marking","Ungrammatical","midline","midline posterior",NA,"posterior",-26,0.862946933449326,9196
"Differential object marking","Ungrammatical","midline","midline posterior",NA,"posterior",-24,0.945807090039147,9196
"Differential object marking","Ungrammatical","midline","midline posterior",NA,"posterior",-22,1.01882013919095,9196
"Differential object marking","Ungrammatical","midline","midline posterior",NA,"posterior",-20,1.07896367986081,9196
"Differential object marking","Ungrammatical","midline","midline posterior",NA,"posterior",-18,1.1266382122662,9196
"Differential object marking","Ungrammatical","midline","midline posterior",NA,"posterior",-16,1.16528838625489,9196
"Differential object marking","Ungrammatical","midline","midline posterior",NA,"posterior",-14,1.19826968247064,9196
"Differential object marking","Ungrammatical","midline","midline posterior",NA,"posterior",-12,1.22665376250544,9196
"Differential object marking","Ungrammatical","midline","midline posterior",NA,"posterior",-10,1.24957753371031,9196
"Differential object marking","Ungrammatical","midline","midline posterior",NA,"posterior",-8,1.26536167899087,9196
"Differential object marking","Ungrammatical","midline","midline posterior",NA,"posterior",-6,1.27215267507612,9196
"Differential object marking","Ungrammatical","midline","midline posterior",NA,"posterior",-4,1.26814419312745,9196
"Differential object marking","Ungrammatical","midline","midline posterior",NA,"posterior",-2,1.25181198347107,9196
"Differential object marking","Ungrammatical","midline","midline posterior",NA,"posterior",0,1.22227033492823,9196
"Differential object marking","Ungrammatical","midline","midline posterior",NA,"posterior",2,1.17938484123532,9196
"Differential object marking","Ungrammatical","midline","midline posterior",NA,"posterior",4,1.12396770334928,9196
"Differential object marking","Ungrammatical","midline","midline posterior",NA,"posterior",6,1.05805502392344,9196
"Differential object marking","Ungrammatical","midline","midline posterior",NA,"posterior",8,0.984654414963027,9196
"Differential object marking","Ungrammatical","midline","midline posterior",NA,"posterior",10,0.90714886907351,9196
"Differential object marking","Ungrammatical","midline","midline posterior",NA,"posterior",12,0.829247825141366,9196
"Differential object marking","Ungrammatical","midline","midline posterior",NA,"posterior",14,0.755314593301435,9196
"Differential object marking","Ungrammatical","midline","midline posterior",NA,"posterior",16,0.689321987820792,9196
"Differential object marking","Ungrammatical","midline","midline posterior",NA,"posterior",18,0.63239441061331,9196
"Differential object marking","Ungrammatical","midline","midline posterior",NA,"posterior",20,0.582254675946064,9196
"Differential object marking","Ungrammatical","midline","midline posterior",NA,"posterior",22,0.535061113527621,9196
"Differential object marking","Ungrammatical","midline","midline posterior",NA,"posterior",24,0.487678990865594,9196
"Differential object marking","Ungrammatical","midline","midline posterior",NA,"posterior",26,0.438806763810352,9196
"Differential object marking","Ungrammatical","midline","midline posterior",NA,"posterior",28,0.38916920400174,9196
"Differential object marking","Ungrammatical","midline","midline posterior",NA,"posterior",30,0.341193453675511,9196
"Differential object marking","Ungrammatical","midline","midline posterior",NA,"posterior",32,0.298278164419313,9196
"Differential object marking","Ungrammatical","midline","midline posterior",NA,"posterior",34,0.264010765550239,9196
"Differential object marking","Ungrammatical","midline","midline posterior",NA,"posterior",36,0.241170400173989,9196
"Differential object marking","Ungrammatical","midline","midline posterior",NA,"posterior",38,0.229818399304045,9196
"Differential object marking","Ungrammatical","midline","midline posterior",NA,"posterior",40,0.226463788603741,9196
"Differential object marking","Ungrammatical","midline","midline posterior",NA,"posterior",42,0.225877011744237,9196
"Differential object marking","Ungrammatical","midline","midline posterior",NA,"posterior",44,0.22379197477164,9196
"Differential object marking","Ungrammatical","midline","midline posterior",NA,"posterior",46,0.21795291431057,9196
"Differential object marking","Ungrammatical","midline","midline posterior",NA,"posterior",48,0.208356676816007,9196
"Differential object marking","Ungrammatical","midline","midline posterior",NA,"posterior",50,0.197363745106568,9196
"Differential object marking","Ungrammatical","midline","midline posterior",NA,"posterior",52,0.189490865593736,9196
"Differential object marking","Ungrammatical","midline","midline posterior",NA,"posterior",54,0.190033492822966,9196
"Differential object marking","Ungrammatical","midline","midline posterior",NA,"posterior",56,0.20228882122662,9196
"Differential object marking","Ungrammatical","midline","midline posterior",NA,"posterior",58,0.225220421922575,9196
"Differential object marking","Ungrammatical","midline","midline posterior",NA,"posterior",60,0.25385243584167,9196
"Differential object marking","Ungrammatical","midline","midline posterior",NA,"posterior",62,0.28261961722488,9196
"Differential object marking","Ungrammatical","midline","midline posterior",NA,"posterior",64,0.308609286646368,9196
"Differential object marking","Ungrammatical","midline","midline posterior",NA,"posterior",66,0.33190267507612,9196
"Differential object marking","Ungrammatical","midline","midline posterior",NA,"posterior",68,0.353746520226185,9196
"Differential object marking","Ungrammatical","midline","midline posterior",NA,"posterior",70,0.374963571117877,9196
"Differential object marking","Ungrammatical","midline","midline posterior",NA,"posterior",72,0.395724662896912,9196
"Differential object marking","Ungrammatical","midline","midline posterior",NA,"posterior",74,0.415324706394084,9196
"Differential object marking","Ungrammatical","midline","midline posterior",NA,"posterior",76,0.432519356241844,9196
"Differential object marking","Ungrammatical","midline","midline posterior",NA,"posterior",78,0.446596998695085,9196
"Differential object marking","Ungrammatical","midline","midline posterior",NA,"posterior",80,0.457627011744237,9196
"Differential object marking","Ungrammatical","midline","midline posterior",NA,"posterior",82,0.465648542844715,9196
"Differential object marking","Ungrammatical","midline","midline posterior",NA,"posterior",84,0.470338299260548,9196
"Differential object marking","Ungrammatical","midline","midline posterior",NA,"posterior",86,0.471180295780774,9196
"Differential object marking","Ungrammatical","midline","midline posterior",NA,"posterior",88,0.467188016528926,9196
"Differential object marking","Ungrammatical","midline","midline posterior",NA,"posterior",90,0.456784145280557,9196
"Differential object marking","Ungrammatical","midline","midline posterior",NA,"posterior",92,0.438354501957373,9196
"Differential object marking","Ungrammatical","midline","midline posterior",NA,"posterior",94,0.411180187037843,9196
"Differential object marking","Ungrammatical","midline","midline posterior",NA,"posterior",96,0.37557253153545,9196
"Differential object marking","Ungrammatical","midline","midline posterior",NA,"posterior",98,0.331970313179643,9196
"Differential object marking","Ungrammatical","midline","midline posterior",NA,"posterior",100,0.279989778164419,9196
"Differential object marking","Ungrammatical","midline","midline posterior",NA,"posterior",102,0.218458351457155,9196
"Differential object marking","Ungrammatical","midline","midline posterior",NA,"posterior",104,0.146421378860374,9196
"Differential object marking","Ungrammatical","midline","midline posterior",NA,"posterior",106,0.0638590691605046,9196
"Differential object marking","Ungrammatical","midline","midline posterior",NA,"posterior",108,-0.0286490865593736,9196
"Differential object marking","Ungrammatical","midline","midline posterior",NA,"posterior",110,-0.129649304045237,9196
"Differential object marking","Ungrammatical","midline","midline posterior",NA,"posterior",112,-0.235809591126577,9196
"Differential object marking","Ungrammatical","midline","midline posterior",NA,"posterior",114,-0.342343953892997,9196
"Differential object marking","Ungrammatical","midline","midline posterior",NA,"posterior",116,-0.44478882122662,9196
"Differential object marking","Ungrammatical","midline","midline posterior",NA,"posterior",118,-0.540309264897782,9196
"Differential object marking","Ungrammatical","midline","midline posterior",NA,"posterior",120,-0.627800565463245,9196
"Differential object marking","Ungrammatical","midline","midline posterior",NA,"posterior",122,-0.707595041322314,9196
"Differential object marking","Ungrammatical","midline","midline posterior",NA,"posterior",124,-0.780654523705959,9196
"Differential object marking","Ungrammatical","midline","midline posterior",NA,"posterior",126,-0.847570574162679,9196
"Differential object marking","Ungrammatical","midline","midline posterior",NA,"posterior",128,-0.907825250108743,9196
"Differential object marking","Ungrammatical","midline","midline posterior",NA,"posterior",130,-0.959266746411483,9196
"Differential object marking","Ungrammatical","midline","midline posterior",NA,"posterior",132,-0.998344280121792,9196
"Differential object marking","Ungrammatical","midline","midline posterior",NA,"posterior",134,-1.02154512831666,9196
"Differential object marking","Ungrammatical","midline","midline posterior",NA,"posterior",136,-1.02727522836016,9196
"Differential object marking","Ungrammatical","midline","midline posterior",NA,"posterior",138,-1.01651391909526,9196
"Differential object marking","Ungrammatical","midline","midline posterior",NA,"posterior",140,-0.991683884297521,9196
"Differential object marking","Ungrammatical","midline","midline posterior",NA,"posterior",142,-0.955168007829491,9196
"Differential object marking","Ungrammatical","midline","midline posterior",NA,"posterior",144,-0.908636581122227,9196
"Differential object marking","Ungrammatical","midline","midline posterior",NA,"posterior",146,-0.853156916050457,9196
"Differential object marking","Ungrammatical","midline","midline posterior",NA,"posterior",148,-0.78961961722488,9196
"Differential object marking","Ungrammatical","midline","midline posterior",NA,"posterior",150,-0.718896259243149,9196
"Differential object marking","Ungrammatical","midline","midline posterior",NA,"posterior",152,-0.641325250108743,9196
"Differential object marking","Ungrammatical","midline","midline posterior",NA,"posterior",154,-0.556735863418878,9196
"Differential object marking","Ungrammatical","midline","midline posterior",NA,"posterior",156,-0.465332209656372,9196
"Differential object marking","Ungrammatical","midline","midline posterior",NA,"posterior",158,-0.367759678120922,9196
"Differential object marking","Ungrammatical","midline","midline posterior",NA,"posterior",160,-0.263899739016964,9196
"Differential object marking","Ungrammatical","midline","midline posterior",NA,"posterior",162,-0.152132666376686,9196
"Differential object marking","Ungrammatical","midline","midline posterior",NA,"posterior",164,-0.0298759243149195,9196
"Differential object marking","Ungrammatical","midline","midline posterior",NA,"posterior",166,0.105898977816442,9196
"Differential object marking","Ungrammatical","midline","midline posterior",NA,"posterior",168,0.257568834275772,9196
"Differential object marking","Ungrammatical","midline","midline posterior",NA,"posterior",170,0.425368421052632,9196
"Differential object marking","Ungrammatical","midline","midline posterior",NA,"posterior",172,0.607112331448456,9196
"Differential object marking","Ungrammatical","midline","midline posterior",NA,"posterior",174,0.799248260113093,9196
"Differential object marking","Ungrammatical","midline","midline posterior",NA,"posterior",176,0.997420291431057,9196
"Differential object marking","Ungrammatical","midline","midline posterior",NA,"posterior",178,1.19606426707264,9196
"Differential object marking","Ungrammatical","midline","midline posterior",NA,"posterior",180,1.38866779034363,9196
"Differential object marking","Ungrammatical","midline","midline posterior",NA,"posterior",182,1.56967714223575,9196
"Differential object marking","Ungrammatical","midline","midline posterior",NA,"posterior",184,1.73652250978686,9196
"Differential object marking","Ungrammatical","midline","midline posterior",NA,"posterior",186,1.88965060896042,9196
"Differential object marking","Ungrammatical","midline","midline posterior",NA,"posterior",188,2.03050804697695,9196
"Differential object marking","Ungrammatical","midline","midline posterior",NA,"posterior",190,2.15994606350587,9196
"Differential object marking","Ungrammatical","midline","midline posterior",NA,"posterior",192,2.27833144845585,9196
"Differential object marking","Ungrammatical","midline","midline posterior",NA,"posterior",194,2.38677544584602,9196
"Differential object marking","Ungrammatical","midline","midline posterior",NA,"posterior",196,2.48786983471074,9196
"Differential object marking","Ungrammatical","midline","midline posterior",NA,"posterior",198,2.58517398869074,9196
"Differential object marking","Ungrammatical","midline","midline posterior",NA,"posterior",200,2.68199412788169,9196
"Differential object marking","Ungrammatical","midline","midline posterior",NA,"posterior",202,2.78027000869943,9196
"Differential object marking","Ungrammatical","midline","midline posterior",NA,"posterior",204,2.88034797738147,9196
"Differential object marking","Ungrammatical","midline","midline posterior",NA,"posterior",206,2.98197031317964,9196
"Differential object marking","Ungrammatical","midline","midline posterior",NA,"posterior",208,3.08535754675946,9196
"Differential object marking","Ungrammatical","midline","midline posterior",NA,"posterior",210,3.19071868203567,9196
"Differential object marking","Ungrammatical","midline","midline posterior",NA,"posterior",212,3.29733721183123,9196
"Differential object marking","Ungrammatical","midline","midline posterior",NA,"posterior",214,3.40384830361027,9196
"Differential object marking","Ungrammatical","midline","midline posterior",NA,"posterior",216,3.50929077859939,9196
"Differential object marking","Ungrammatical","midline","midline posterior",NA,"posterior",218,3.61311700739452,9196
"Differential object marking","Ungrammatical","midline","midline posterior",NA,"posterior",220,3.71415311004785,9196
"Differential object marking","Ungrammatical","midline","midline posterior",NA,"posterior",222,3.8104441061331,9196
"Differential object marking","Ungrammatical","midline","midline posterior",NA,"posterior",224,3.90068801652893,9196
"Differential object marking","Ungrammatical","midline","midline posterior",NA,"posterior",226,3.98532883862549,9196
"Differential object marking","Ungrammatical","midline","midline posterior",NA,"posterior",228,4.06598314484559,9196
"Differential object marking","Ungrammatical","midline","midline posterior",NA,"posterior",230,4.14348064375816,9196
"Differential object marking","Ungrammatical","midline","midline posterior",NA,"posterior",232,4.21581818181818,9196
"Differential object marking","Ungrammatical","midline","midline posterior",NA,"posterior",234,4.27801979121357,9196
"Differential object marking","Ungrammatical","midline","midline posterior",NA,"posterior",236,4.32440506742062,9196
"Differential object marking","Ungrammatical","midline","midline posterior",NA,"posterior",238,4.35160069595476,9196
"Differential object marking","Ungrammatical","midline","midline posterior",NA,"posterior",240,4.36001533275337,9196
"Differential object marking","Ungrammatical","midline","midline posterior",NA,"posterior",242,4.35327664201827,9196
"Differential object marking","Ungrammatical","midline","midline posterior",NA,"posterior",244,4.33647053066551,9196
"Differential object marking","Ungrammatical","midline","midline posterior",NA,"posterior",246,4.31457720748151,9196
"Differential object marking","Ungrammatical","midline","midline posterior",NA,"posterior",248,4.29170976511527,9196
"Differential object marking","Ungrammatical","midline","midline posterior",NA,"posterior",250,4.27059993475424,9196
"Differential object marking","Ungrammatical","midline","midline posterior",NA,"posterior",252,4.25195454545455,9196
"Differential object marking","Ungrammatical","midline","midline posterior",NA,"posterior",254,4.23422303175294,9196
"Differential object marking","Ungrammatical","midline","midline posterior",NA,"posterior",256,4.21436548499348,9196
"Differential object marking","Ungrammatical","midline","midline posterior",NA,"posterior",258,4.18923510221836,9196
"Differential object marking","Ungrammatical","midline","midline posterior",NA,"posterior",260,4.15714615050022,9196
"Differential object marking","Ungrammatical","midline","midline posterior",NA,"posterior",262,4.11849543279687,9196
"Differential object marking","Ungrammatical","midline","midline posterior",NA,"posterior",264,4.0749934754241,9196
"Differential object marking","Ungrammatical","midline","midline posterior",NA,"posterior",266,4.02822140060896,9196
"Differential object marking","Ungrammatical","midline","midline posterior",NA,"posterior",268,3.97879121357112,9196
"Differential object marking","Ungrammatical","midline","midline posterior",NA,"posterior",270,3.92632274902131,9196
"Differential object marking","Ungrammatical","midline","midline posterior",NA,"posterior",272,3.87017768595041,9196
"Differential object marking","Ungrammatical","midline","midline posterior",NA,"posterior",274,3.81015082644628,9196
"Differential object marking","Ungrammatical","midline","midline posterior",NA,"posterior",276,3.74656165724228,9196
"Differential object marking","Ungrammatical","midline","midline posterior",NA,"posterior",278,3.68014114832536,9196
"Differential object marking","Ungrammatical","midline","midline posterior",NA,"posterior",280,3.61194573727708,9196
"Differential object marking","Ungrammatical","midline","midline posterior",NA,"posterior",282,3.54306622444541,9196
"Differential object marking","Ungrammatical","midline","midline posterior",NA,"posterior",284,3.47463668986516,9196
"Differential object marking","Ungrammatical","midline","midline posterior",NA,"posterior",286,3.4078261200522,9196
"Differential object marking","Ungrammatical","midline","midline posterior",NA,"posterior",288,3.3433882122662,9196
"Differential object marking","Ungrammatical","midline","midline posterior",NA,"posterior",290,3.28121063505872,9196
"Differential object marking","Ungrammatical","midline","midline posterior",NA,"posterior",292,3.22048390604611,9196
"Differential object marking","Ungrammatical","midline","midline posterior",NA,"posterior",294,3.15990517616355,9196
"Differential object marking","Ungrammatical","midline","midline posterior",NA,"posterior",296,3.09768649412788,9196
"Differential object marking","Ungrammatical","midline","midline posterior",NA,"posterior",298,3.03219269247499,9196
"Differential object marking","Ungrammatical","midline","midline posterior",NA,"posterior",300,2.96330730752501,9196
"Differential object marking","Ungrammatical","midline","midline posterior",NA,"posterior",302,2.89302392344498,9196
"Differential object marking","Ungrammatical","midline","midline posterior",NA,"posterior",304,2.8238082862114,9196
"Differential object marking","Ungrammatical","midline","midline posterior",NA,"posterior",306,2.75629991300565,9196
"Differential object marking","Ungrammatical","midline","midline posterior",NA,"posterior",308,2.68868421052632,9196
"Differential object marking","Ungrammatical","midline","midline posterior",NA,"posterior",310,2.61831796433232,9196
"Differential object marking","Ungrammatical","midline","midline posterior",NA,"posterior",312,2.5440781861679,9196
"Differential object marking","Ungrammatical","midline","midline posterior",NA,"posterior",314,2.46746900826446,9196
"Differential object marking","Ungrammatical","midline","midline posterior",NA,"posterior",316,2.39141387559809,9196
"Differential object marking","Ungrammatical","midline","midline posterior",NA,"posterior",318,2.31820160939539,9196
"Differential object marking","Ungrammatical","midline","midline posterior",NA,"posterior",320,2.24838429752066,9196
"Differential object marking","Ungrammatical","midline","midline posterior",NA,"posterior",322,2.18106872553284,9196
"Differential object marking","Ungrammatical","midline","midline posterior",NA,"posterior",324,2.11496313614615,9196
"Differential object marking","Ungrammatical","midline","midline posterior",NA,"posterior",326,2.04984025663332,9196
"Differential object marking","Ungrammatical","midline","midline posterior",NA,"posterior",328,1.98728838625489,9196
"Differential object marking","Ungrammatical","midline","midline posterior",NA,"posterior",330,1.92940332753371,9196
"Differential object marking","Ungrammatical","midline","midline posterior",NA,"posterior",332,1.87683601565898,9196
"Differential object marking","Ungrammatical","midline","midline posterior",NA,"posterior",334,1.82845856894302,9196
"Differential object marking","Ungrammatical","midline","midline posterior",NA,"posterior",336,1.78290767725098,9196
"Differential object marking","Ungrammatical","midline","midline posterior",NA,"posterior",338,1.73947923010004,9196
"Differential object marking","Ungrammatical","midline","midline posterior",NA,"posterior",340,1.69784580252284,9196
"Differential object marking","Ungrammatical","midline","midline posterior",NA,"posterior",342,1.65813864723793,9196
"Differential object marking","Ungrammatical","midline","midline posterior",NA,"posterior",344,1.62173096998695,9196
"Differential object marking","Ungrammatical","midline","midline posterior",NA,"posterior",346,1.59074140930839,9196
"Differential object marking","Ungrammatical","midline","midline posterior",NA,"posterior",348,1.56647727272727,9196
"Differential object marking","Ungrammatical","midline","midline posterior",NA,"posterior",350,1.54829317094389,9196
"Differential object marking","Ungrammatical","midline","midline posterior",NA,"posterior",352,1.53379610700304,9196
"Differential object marking","Ungrammatical","midline","midline posterior",NA,"posterior",354,1.51949945628534,9196
"Differential object marking","Ungrammatical","midline","midline posterior",NA,"posterior",356,1.50195291431057,9196
"Differential object marking","Ungrammatical","midline","midline posterior",NA,"posterior",358,1.47955480643758,9196
"Differential object marking","Ungrammatical","midline","midline posterior",NA,"posterior",360,1.45390952588082,9196
"Differential object marking","Ungrammatical","midline","midline posterior",NA,"posterior",362,1.42892344497608,9196
"Differential object marking","Ungrammatical","midline","midline posterior",NA,"posterior",364,1.40853903871248,9196
"Differential object marking","Ungrammatical","midline","midline posterior",NA,"posterior",366,1.39462625054371,9196
"Differential object marking","Ungrammatical","midline","midline posterior",NA,"posterior",368,1.38647727272727,9196
"Differential object marking","Ungrammatical","midline","midline posterior",NA,"posterior",370,1.38151011309265,9196
"Differential object marking","Ungrammatical","midline","midline posterior",NA,"posterior",372,1.37657525010874,9196
"Differential object marking","Ungrammatical","midline","midline posterior",NA,"posterior",374,1.3691275554589,9196
"Differential object marking","Ungrammatical","midline","midline posterior",NA,"posterior",376,1.35789277946933,9196
"Differential object marking","Ungrammatical","midline","midline posterior",NA,"posterior",378,1.34247281426707,9196
"Differential object marking","Ungrammatical","midline","midline posterior",NA,"posterior",380,1.32281285341453,9196
"Differential object marking","Ungrammatical","midline","midline posterior",NA,"posterior",382,1.2993950630709,9196
"Differential object marking","Ungrammatical","midline","midline posterior",NA,"posterior",384,1.27316376685515,9196
"Differential object marking","Ungrammatical","midline","midline posterior",NA,"posterior",386,1.24436461505002,9196
"Differential object marking","Ungrammatical","midline","midline posterior",NA,"posterior",388,1.21196215745977,9196
"Differential object marking","Ungrammatical","midline","midline posterior",NA,"posterior",390,1.17460221835581,9196
"Differential object marking","Ungrammatical","midline","midline posterior",NA,"posterior",392,1.13233634188778,9196
"Differential object marking","Ungrammatical","midline","midline posterior",NA,"posterior",394,1.08710852544585,9196
"Differential object marking","Ungrammatical","midline","midline posterior",NA,"posterior",396,1.04164767290126,9196
"Differential object marking","Ungrammatical","midline","midline posterior",NA,"posterior",398,0.998314593301435,9196
"Differential object marking","Ungrammatical","midline","midline posterior",NA,"posterior",400,0.958622988255763,9196
"Differential object marking","Ungrammatical","midline","midline posterior",NA,"posterior",402,0.922738147020444,9196
"Differential object marking","Ungrammatical","midline","midline posterior",NA,"posterior",404,0.889298716833406,9196
"Differential object marking","Ungrammatical","midline","midline posterior",NA,"posterior",406,0.856589930404524,9196
"Differential object marking","Ungrammatical","midline","midline posterior",NA,"posterior",408,0.824014462809917,9196
"Differential object marking","Ungrammatical","midline","midline posterior",NA,"posterior",410,0.792682035667682,9196
"Differential object marking","Ungrammatical","midline","midline posterior",NA,"posterior",412,0.764629404088734,9196
"Differential object marking","Ungrammatical","midline","midline posterior",NA,"posterior",414,0.741472270552414,9196
"Differential object marking","Ungrammatical","midline","midline posterior",NA,"posterior",416,0.723595911265768,9196
"Differential object marking","Ungrammatical","midline","midline posterior",NA,"posterior",418,0.709979773814702,9196
"Differential object marking","Ungrammatical","midline","midline posterior",NA,"posterior",420,0.698362657677251,9196
"Differential object marking","Ungrammatical","midline","midline posterior",NA,"posterior",422,0.686221291866029,9196
"Differential object marking","Ungrammatical","midline","midline posterior",NA,"posterior",424,0.671945737277077,9196
"Differential object marking","Ungrammatical","midline","midline posterior",NA,"posterior",426,0.655147999130057,9196
"Differential object marking","Ungrammatical","midline","midline posterior",NA,"posterior",428,0.636511309264898,9196
"Differential object marking","Ungrammatical","midline","midline posterior",NA,"posterior",430,0.617197803392779,9196
"Differential object marking","Ungrammatical","midline","midline posterior",NA,"posterior",432,0.598048173118747,9196
"Differential object marking","Ungrammatical","midline","midline posterior",NA,"posterior",434,0.579444106133101,9196
"Differential object marking","Ungrammatical","midline","midline posterior",NA,"posterior",436,0.561878425402349,9196
"Differential object marking","Ungrammatical","midline","midline posterior",NA,"posterior",438,0.546341670291431,9196
"Differential object marking","Ungrammatical","midline","midline posterior",NA,"posterior",440,0.534053936494128,9196
"Differential object marking","Ungrammatical","midline","midline posterior",NA,"posterior",442,0.526140278381905,9196
"Differential object marking","Ungrammatical","midline","midline posterior",NA,"posterior",444,0.523096781209221,9196
"Differential object marking","Ungrammatical","midline","midline posterior",NA,"posterior",446,0.524378969117007,9196
"Differential object marking","Ungrammatical","midline","midline posterior",NA,"posterior",448,0.528431818181818,9196
"Differential object marking","Ungrammatical","midline","midline posterior",NA,"posterior",450,0.533131361461505,9196
"Differential object marking","Ungrammatical","midline","midline posterior",NA,"posterior",452,0.536881470204437,9196
"Differential object marking","Ungrammatical","midline","midline posterior",NA,"posterior",454,0.539526533275337,9196
"Differential object marking","Ungrammatical","midline","midline posterior",NA,"posterior",456,0.542123749456285,9196
"Differential object marking","Ungrammatical","midline","midline posterior",NA,"posterior",458,0.54554708568943,9196
"Differential object marking","Ungrammatical","midline","midline posterior",NA,"posterior",460,0.549575467594606,9196
"Differential object marking","Ungrammatical","midline","midline posterior",NA,"posterior",462,0.553108742931709,9196
"Differential object marking","Ungrammatical","midline","midline posterior",NA,"posterior",464,0.554790452370596,9196
"Differential object marking","Ungrammatical","midline","midline posterior",NA,"posterior",466,0.553968790778599,9196
"Differential object marking","Ungrammatical","midline","midline posterior",NA,"posterior",468,0.551466398434102,9196
"Differential object marking","Ungrammatical","midline","midline posterior",NA,"posterior",470,0.549023270987386,9196
"Differential object marking","Ungrammatical","midline","midline posterior",NA,"posterior",472,0.547902892561983,9196
"Differential object marking","Ungrammatical","midline","midline posterior",NA,"posterior",474,0.548394193127447,9196
"Differential object marking","Ungrammatical","midline","midline posterior",NA,"posterior",476,0.549835580687255,9196
"Differential object marking","Ungrammatical","midline","midline posterior",NA,"posterior",478,0.550188995215311,9196
"Differential object marking","Ungrammatical","midline","midline posterior",NA,"posterior",480,0.546746085254458,9196
"Differential object marking","Ungrammatical","midline","midline posterior",NA,"posterior",482,0.538006089604176,9196
"Differential object marking","Ungrammatical","midline","midline posterior",NA,"posterior",484,0.524659090909091,9196
"Differential object marking","Ungrammatical","midline","midline posterior",NA,"posterior",486,0.508764680295781,9196
"Differential object marking","Ungrammatical","midline","midline posterior",NA,"posterior",488,0.492408329708569,9196
"Differential object marking","Ungrammatical","midline","midline posterior",NA,"posterior",490,0.477468464549804,9196
"Differential object marking","Ungrammatical","midline","midline posterior",NA,"posterior",492,0.465846128751631,9196
"Differential object marking","Ungrammatical","midline","midline posterior",NA,"posterior",494,0.459229882557634,9196
"Differential object marking","Ungrammatical","midline","midline posterior",NA,"posterior",496,0.458858307959983,9196
"Differential object marking","Ungrammatical","midline","midline posterior",NA,"posterior",498,0.465345911265768,9196
"Differential object marking","Ungrammatical","midline","midline posterior",NA,"posterior",500,0.478719660722053,9196
"Differential object marking","Ungrammatical","midline","midline posterior",NA,"posterior",502,0.497883318834276,9196
"Differential object marking","Ungrammatical","midline","midline posterior",NA,"posterior",504,0.520427142235755,9196
"Differential object marking","Ungrammatical","midline","midline posterior",NA,"posterior",506,0.543633536320139,9196
"Differential object marking","Ungrammatical","midline","midline posterior",NA,"posterior",508,0.566382775119617,9196
"Differential object marking","Ungrammatical","midline","midline posterior",NA,"posterior",510,0.589881252718573,9196
"Differential object marking","Ungrammatical","midline","midline posterior",NA,"posterior",512,0.616745324053937,9196
"Differential object marking","Ungrammatical","midline","midline posterior",NA,"posterior",514,0.649218573292736,9196
"Differential object marking","Ungrammatical","midline","midline posterior",NA,"posterior",516,0.68801141800783,9196
"Differential object marking","Ungrammatical","midline","midline posterior",NA,"posterior",518,0.732460852544585,9196
"Differential object marking","Ungrammatical","midline","midline posterior",NA,"posterior",520,0.781258481948673,9196
"Differential object marking","Ungrammatical","midline","midline posterior",NA,"posterior",522,0.832107220530666,9196
"Differential object marking","Ungrammatical","midline","midline posterior",NA,"posterior",524,0.881036102653328,9196
"Differential object marking","Ungrammatical","midline","midline posterior",NA,"posterior",526,0.923275554588952,9196
"Differential object marking","Ungrammatical","midline","midline posterior",NA,"posterior",528,0.955263157894737,9196
"Differential object marking","Ungrammatical","midline","midline posterior",NA,"posterior",530,0.976322640278382,9196
"Differential object marking","Ungrammatical","midline","midline posterior",NA,"posterior",532,0.989050130491518,9196
"Differential object marking","Ungrammatical","midline","midline posterior",NA,"posterior",534,0.998281317964332,9196
"Differential object marking","Ungrammatical","midline","midline posterior",NA,"posterior",536,1.00867561983471,9196
"Differential object marking","Ungrammatical","midline","midline posterior",NA,"posterior",538,1.02259003914746,9196
"Differential object marking","Ungrammatical","midline","midline posterior",NA,"posterior",540,1.03968823401479,9196
"Differential object marking","Ungrammatical","midline","midline posterior",NA,"posterior",542,1.05746030882993,9196
"Differential object marking","Ungrammatical","midline","midline posterior",NA,"posterior",544,1.0721186385385,9196
"Differential object marking","Ungrammatical","midline","midline posterior",NA,"posterior",546,1.07995008699435,9196
"Differential object marking","Ungrammatical","midline","midline posterior",NA,"posterior",548,1.0791179860809,9196
"Differential object marking","Ungrammatical","midline","midline posterior",NA,"posterior",550,1.07042648977816,9196
"Differential object marking","Ungrammatical","midline","midline posterior",NA,"posterior",552,1.05673618964767,9196
"Differential object marking","Ungrammatical","midline","midline posterior",NA,"posterior",554,1.0418546107003,9196
"Differential object marking","Ungrammatical","midline","midline posterior",NA,"posterior",556,1.02920530665507,9196
"Differential object marking","Ungrammatical","midline","midline posterior",NA,"posterior",558,1.02087494562853,9196
"Differential object marking","Ungrammatical","midline","midline posterior",NA,"posterior",560,1.01748205741627,9196
"Differential object marking","Ungrammatical","midline","midline posterior",NA,"posterior",562,1.01874565028273,9196
"Differential object marking","Ungrammatical","midline","midline posterior",NA,"posterior",564,1.0245113092649,9196
"Differential object marking","Ungrammatical","midline","midline posterior",NA,"posterior",566,1.03514212701174,9196
"Differential object marking","Ungrammatical","midline","midline posterior",NA,"posterior",568,1.05006709438886,9196
"Differential object marking","Ungrammatical","midline","midline posterior",NA,"posterior",570,1.06623586341888,9196
"Differential object marking","Ungrammatical","midline","midline posterior",NA,"posterior",572,1.07964016963897,9196
"Differential object marking","Ungrammatical","midline","midline posterior",NA,"posterior",574,1.08846911700739,9196
"Differential object marking","Ungrammatical","midline","midline posterior",NA,"posterior",576,1.09396585471944,9196
"Differential object marking","Ungrammatical","midline","midline posterior",NA,"posterior",578,1.09819693344933,9196
"Differential object marking","Ungrammatical","midline","midline posterior",NA,"posterior",580,1.10194084384515,9196
"Differential object marking","Ungrammatical","midline","midline posterior",NA,"posterior",582,1.10482753371031,9196
"Differential object marking","Ungrammatical","midline","midline posterior",NA,"posterior",584,1.10651685515441,9196
"Differential object marking","Ungrammatical","midline","midline posterior",NA,"posterior",586,1.10715104393214,9196
"Differential object marking","Ungrammatical","midline","midline posterior",NA,"posterior",588,1.10714245324054,9196
"Differential object marking","Ungrammatical","midline","midline posterior",NA,"posterior",590,1.10725554588952,9196
"Differential object marking","Ungrammatical","midline","midline posterior",NA,"posterior",592,1.10876870378425,9196
"Differential object marking","Ungrammatical","midline","midline posterior",NA,"posterior",594,1.11308579817312,9196
"Differential object marking","Ungrammatical","midline","midline posterior",NA,"posterior",596,1.12115865593736,9196
"Differential object marking","Ungrammatical","midline","midline posterior",NA,"posterior",598,1.1331563723358,9196
"Differential object marking","Ungrammatical","midline","midline posterior",NA,"posterior",600,1.1483172031318,9196
"Differential object marking","Ungrammatical","midline","midline posterior",NA,"posterior",602,1.16585156589822,9196
"Differential object marking","Ungrammatical","midline","midline posterior",NA,"posterior",604,1.18655882992605,9196
"Differential object marking","Ungrammatical","midline","midline posterior",NA,"posterior",606,1.21279056111353,9196
"Differential object marking","Ungrammatical","midline","midline posterior",NA,"posterior",608,1.24664767290126,9196
"Differential object marking","Ungrammatical","midline","midline posterior",NA,"posterior",610,1.28861537625054,9196
"Differential object marking","Ungrammatical","midline","midline posterior",NA,"posterior",612,1.33695019573728,9196
"Differential object marking","Ungrammatical","midline","midline posterior",NA,"posterior",614,1.38750315354502,9196
"Differential object marking","Ungrammatical","midline","midline posterior",NA,"posterior",616,1.43485624184428,9196
"Differential object marking","Ungrammatical","midline","midline posterior",NA,"posterior",618,1.47435428447151,9196
"Differential object marking","Ungrammatical","midline","midline posterior",NA,"posterior",620,1.50347314049587,9196
"Differential object marking","Ungrammatical","midline","midline posterior",NA,"posterior",622,1.5217009569378,9196
"Differential object marking","Ungrammatical","midline","midline posterior",NA,"posterior",624,1.52951381035233,9196
"Differential object marking","Ungrammatical","midline","midline posterior",NA,"posterior",626,1.52721259243149,9196
"Differential object marking","Ungrammatical","midline","midline posterior",NA,"posterior",628,1.51433971291866,9196
"Differential object marking","Ungrammatical","midline","midline posterior",NA,"posterior",630,1.49055502392345,9196
"Differential object marking","Ungrammatical","midline","midline posterior",NA,"posterior",632,1.45733601565898,9196
"Differential object marking","Ungrammatical","midline","midline posterior",NA,"posterior",634,1.41851272292301,9196
"Differential object marking","Ungrammatical","midline","midline posterior",NA,"posterior",636,1.37902631578947,9196
"Differential object marking","Ungrammatical","midline","midline posterior",NA,"posterior",638,1.34276968247064,9196
"Differential object marking","Ungrammatical","midline","midline posterior",NA,"posterior",640,1.31130132666377,9196
"Differential object marking","Ungrammatical","midline","midline posterior",NA,"posterior",642,1.28434438886472,9196
"Differential object marking","Ungrammatical","midline","midline posterior",NA,"posterior",644,1.26165648107873,9196
"Differential object marking","Ungrammatical","midline","midline posterior",NA,"posterior",646,1.24438288386255,9196
"Differential object marking","Ungrammatical","midline","midline posterior",NA,"posterior",648,1.23421748586342,9196
"Differential object marking","Ungrammatical","midline","midline posterior",NA,"posterior",650,1.23142714223575,9196
"Differential object marking","Ungrammatical","midline","midline posterior",NA,"posterior",652,1.2340092431492,9196
"Differential object marking","Ungrammatical","midline","midline posterior",NA,"posterior",654,1.23890039147455,9196
"Differential object marking","Ungrammatical","midline","midline posterior",NA,"posterior",656,1.24401968247064,9196
"Differential object marking","Ungrammatical","midline","midline posterior",NA,"posterior",658,1.24916246193997,9196
"Differential object marking","Ungrammatical","midline","midline posterior",NA,"posterior",660,1.25517703349282,9196
"Differential object marking","Ungrammatical","midline","midline posterior",NA,"posterior",662,1.26301424532405,9196
"Differential object marking","Ungrammatical","midline","midline posterior",NA,"posterior",664,1.2738525445846,9196
"Differential object marking","Ungrammatical","midline","midline posterior",NA,"posterior",666,1.2891135276207,9196
"Differential object marking","Ungrammatical","midline","midline posterior",NA,"posterior",668,1.30937614180078,9196
"Differential object marking","Ungrammatical","midline","midline posterior",NA,"posterior",670,1.33342692474989,9196
"Differential object marking","Ungrammatical","midline","midline posterior",NA,"posterior",672,1.3586519138756,9196
"Differential object marking","Ungrammatical","midline","midline posterior",NA,"posterior",674,1.38221422357547,9196
"Differential object marking","Ungrammatical","midline","midline posterior",NA,"posterior",676,1.40178795128317,9196
"Differential object marking","Ungrammatical","midline","midline posterior",NA,"posterior",678,1.41604001739887,9196
"Differential object marking","Ungrammatical","midline","midline posterior",NA,"posterior",680,1.42426304915181,9196
"Differential object marking","Ungrammatical","midline","midline posterior",NA,"posterior",682,1.42548553719008,9196
"Differential object marking","Ungrammatical","midline","midline posterior",NA,"posterior",684,1.41869182253154,9196
"Differential object marking","Ungrammatical","midline","midline posterior",NA,"posterior",686,1.40392790343628,9196
"Differential object marking","Ungrammatical","midline","midline posterior",NA,"posterior",688,1.38327566333188,9196
"Differential object marking","Ungrammatical","midline","midline posterior",NA,"posterior",690,1.3603323183993,9196
"Differential object marking","Ungrammatical","midline","midline posterior",NA,"posterior",692,1.33816931274467,9196
"Differential object marking","Ungrammatical","midline","midline posterior",NA,"posterior",694,1.31742855589387,9196
"Differential object marking","Ungrammatical","midline","midline posterior",NA,"posterior",696,1.29701109177903,9196
"Differential object marking","Ungrammatical","midline","midline posterior",NA,"posterior",698,1.27634591126577,9196
"Differential object marking","Ungrammatical","midline","midline posterior",NA,"posterior",700,1.2567877337973,9196
"Differential object marking","Ungrammatical","midline","midline posterior",NA,"posterior",702,1.24128947368421,9196
"Differential object marking","Ungrammatical","midline","midline posterior",NA,"posterior",704,1.23286961722488,9196
"Differential object marking","Ungrammatical","midline","midline posterior",NA,"posterior",706,1.23293290561114,9196
"Differential object marking","Ungrammatical","midline","midline posterior",NA,"posterior",708,1.24048260113093,9196
"Differential object marking","Ungrammatical","midline","midline posterior",NA,"posterior",710,1.25250391474554,9196
"Differential object marking","Ungrammatical","midline","midline posterior",NA,"posterior",712,1.26509080034798,9196
"Differential object marking","Ungrammatical","midline","midline posterior",NA,"posterior",714,1.27518366681166,9196
"Differential object marking","Ungrammatical","midline","midline posterior",NA,"posterior",716,1.28177153110048,9196
"Differential object marking","Ungrammatical","midline","midline posterior",NA,"posterior",718,1.28510123966942,9196
"Differential object marking","Ungrammatical","midline","midline posterior",NA,"posterior",720,1.28501446280992,9196
"Differential object marking","Ungrammatical","midline","midline posterior",NA,"posterior",722,1.28072444541105,9196
"Differential object marking","Ungrammatical","midline","midline posterior",NA,"posterior",724,1.27260776424532,9196
"Differential object marking","Ungrammatical","midline","midline posterior",NA,"posterior",726,1.26316996520226,9196
"Differential object marking","Ungrammatical","midline","midline posterior",NA,"posterior",728,1.25570791648543,9196
"Differential object marking","Ungrammatical","midline","midline posterior",NA,"posterior",730,1.25266920400174,9196
"Differential object marking","Ungrammatical","midline","midline posterior",NA,"posterior",732,1.25481557198782,9196
"Differential object marking","Ungrammatical","midline","midline posterior",NA,"posterior",734,1.26079175728578,9196
"Differential object marking","Ungrammatical","midline","midline posterior",NA,"posterior",736,1.26700543714659,9196
"Differential object marking","Ungrammatical","midline","midline posterior",NA,"posterior",738,1.26860993910396,9196
"Differential object marking","Ungrammatical","midline","midline posterior",NA,"posterior",740,1.26141789908656,9196
"Differential object marking","Ungrammatical","midline","midline posterior",NA,"posterior",742,1.24396563723358,9196
"Differential object marking","Ungrammatical","midline","midline posterior",NA,"posterior",744,1.21798031752936,9196
"Differential object marking","Ungrammatical","midline","midline posterior",NA,"posterior",746,1.18671183123097,9196
"Differential object marking","Ungrammatical","midline","midline posterior",NA,"posterior",748,1.15271650717703,9196
"Differential object marking","Ungrammatical","midline","midline posterior",NA,"posterior",750,1.11767899086559,9196
"Differential object marking","Ungrammatical","midline","midline posterior",NA,"posterior",752,1.08353251413658,9196
"Differential object marking","Ungrammatical","midline","midline posterior",NA,"posterior",754,1.05264103958243,9196
"Differential object marking","Ungrammatical","midline","midline posterior",NA,"posterior",756,1.026660830796,9196
"Differential object marking","Ungrammatical","midline","midline posterior",NA,"posterior",758,1.00536646367986,9196
"Differential object marking","Ungrammatical","midline","midline posterior",NA,"posterior",760,0.986650173988691,9196
"Differential object marking","Ungrammatical","midline","midline posterior",NA,"posterior",762,0.968164854284472,9196
"Differential object marking","Ungrammatical","midline","midline posterior",NA,"posterior",764,0.94929578077425,9196
"Differential object marking","Ungrammatical","midline","midline posterior",NA,"posterior",766,0.931257938234015,9196
"Differential object marking","Ungrammatical","midline","midline posterior",NA,"posterior",768,0.915873314484559,9196
"Differential object marking","Ungrammatical","midline","midline posterior",NA,"posterior",770,0.904375815571988,9196
"Differential object marking","Ungrammatical","midline","midline posterior",NA,"posterior",772,0.897030882992605,9196
"Differential object marking","Ungrammatical","midline","midline posterior",NA,"posterior",774,0.893377555458895,9196
"Differential object marking","Ungrammatical","midline","midline posterior",NA,"posterior",776,0.893154523705959,9196
"Differential object marking","Ungrammatical","midline","midline posterior",NA,"posterior",778,0.89643127446716,9196
"Differential object marking","Ungrammatical","midline","midline posterior",NA,"posterior",780,0.902963027403219,9196
"Differential object marking","Ungrammatical","midline","midline posterior",NA,"posterior",782,0.91178882122662,9196
"Differential object marking","Ungrammatical","midline","midline posterior",NA,"posterior",784,0.921924749891257,9196
"Differential object marking","Ungrammatical","midline","midline posterior",NA,"posterior",786,0.932416376685515,9196
"Differential object marking","Ungrammatical","midline","midline posterior",NA,"posterior",788,0.941248803827751,9196
"Differential object marking","Ungrammatical","midline","midline posterior",NA,"posterior",790,0.945361461505002,9196
"Differential object marking","Ungrammatical","midline","midline posterior",NA,"posterior",792,0.942822640278382,9196
"Differential object marking","Ungrammatical","midline","midline posterior",NA,"posterior",794,0.934347868638538,9196
"Differential object marking","Ungrammatical","midline","midline posterior",NA,"posterior",796,0.922376903001305,9196
"Differential object marking","Ungrammatical","midline","midline posterior",NA,"posterior",798,0.909159090909091,9196
"Differential object marking","Ungrammatical","midline","midline posterior",NA,"posterior",800,0.895778816876903,9196
"Differential object marking","Ungrammatical","midline","midline posterior",NA,"posterior",802,0.881922031317964,9196
"Differential object marking","Ungrammatical","midline","midline posterior",NA,"posterior",804,0.866082427142236,9196
"Differential object marking","Ungrammatical","midline","midline posterior",NA,"posterior",806,0.846509351892127,9196
"Differential object marking","Ungrammatical","midline","midline posterior",NA,"posterior",808,0.822750434971727,9196
"Differential object marking","Ungrammatical","midline","midline posterior",NA,"posterior",810,0.796630817746846,9196
"Differential object marking","Ungrammatical","midline","midline posterior",NA,"posterior",812,0.771905393649413,9196
"Differential object marking","Ungrammatical","midline","midline posterior",NA,"posterior",814,0.752712266202697,9196
"Differential object marking","Ungrammatical","midline","midline posterior",NA,"posterior",816,0.741387124836886,9196
"Differential object marking","Ungrammatical","midline","midline posterior",NA,"posterior",818,0.736865919965202,9196
"Differential object marking","Ungrammatical","midline","midline posterior",NA,"posterior",820,0.735086233144846,9196
"Differential object marking","Ungrammatical","midline","midline posterior",NA,"posterior",822,0.731201500652458,9196
"Differential object marking","Ungrammatical","midline","midline posterior",NA,"posterior",824,0.721947803392779,9196
"Differential object marking","Ungrammatical","midline","midline posterior",NA,"posterior",826,0.706791431056981,9196
"Differential object marking","Ungrammatical","midline","midline posterior",NA,"posterior",828,0.687379295345803,9196
"Differential object marking","Ungrammatical","midline","midline posterior",NA,"posterior",830,0.666066985645933,9196
"Differential object marking","Ungrammatical","midline","midline posterior",NA,"posterior",832,0.644367768595041,9196
"Differential object marking","Ungrammatical","midline","midline posterior",NA,"posterior",834,0.621782731622445,9196
"Differential object marking","Ungrammatical","midline","midline posterior",NA,"posterior",836,0.595862005219661,9196
"Differential object marking","Ungrammatical","midline","midline posterior",NA,"posterior",838,0.563619399739017,9196
"Differential object marking","Ungrammatical","midline","midline posterior",NA,"posterior",840,0.523332100913441,9196
"Differential object marking","Ungrammatical","midline","midline posterior",NA,"posterior",842,0.475395171813832,9196
"Differential object marking","Ungrammatical","midline","midline posterior",NA,"posterior",844,0.42155469769465,9196
"Differential object marking","Ungrammatical","midline","midline posterior",NA,"posterior",846,0.363074271422358,9196
"Differential object marking","Ungrammatical","midline","midline posterior",NA,"posterior",848,0.299976294040887,9196
"Differential object marking","Ungrammatical","midline","midline posterior",NA,"posterior",850,0.232106459330144,9196
"Differential object marking","Ungrammatical","midline","midline posterior",NA,"posterior",852,0.160346998695085,9196
"Differential object marking","Ungrammatical","midline","midline posterior",NA,"posterior",854,0.0859080034797738,9196
"Differential object marking","Ungrammatical","midline","midline posterior",NA,"posterior",856,0.00929534580252283,9196
"Differential object marking","Ungrammatical","midline","midline posterior",NA,"posterior",858,-0.0689780339277947,9196
"Differential object marking","Ungrammatical","midline","midline posterior",NA,"posterior",860,-0.147053175293606,9196
"Differential object marking","Ungrammatical","midline","midline posterior",NA,"posterior",862,-0.221821444106133,9196
"Differential object marking","Ungrammatical","midline","midline posterior",NA,"posterior",864,-0.290263157894737,9196
"Differential object marking","Ungrammatical","midline","midline posterior",NA,"posterior",866,-0.350378425402349,9196
"Differential object marking","Ungrammatical","midline","midline posterior",NA,"posterior",868,-0.401297303175294,9196
"Differential object marking","Ungrammatical","midline","midline posterior",NA,"posterior",870,-0.443167029143106,9196
"Differential object marking","Ungrammatical","midline","midline posterior",NA,"posterior",872,-0.476912244454111,9196
"Differential object marking","Ungrammatical","midline","midline posterior",NA,"posterior",874,-0.503776642018269,9196
"Differential object marking","Ungrammatical","midline","midline posterior",NA,"posterior",876,-0.524038277511962,9196
"Differential object marking","Ungrammatical","midline","midline posterior",NA,"posterior",878,-0.535928555893867,9196
"Differential object marking","Ungrammatical","midline","midline posterior",NA,"posterior",880,-0.536464332318399,9196
"Differential object marking","Ungrammatical","midline","midline posterior",NA,"posterior",882,-0.52368573292736,9196
"Differential object marking","Ungrammatical","midline","midline posterior",NA,"posterior",884,-0.498401696389735,9196
"Differential object marking","Ungrammatical","midline","midline posterior",NA,"posterior",886,-0.464297846889952,9196
"Differential object marking","Ungrammatical","midline","midline posterior",NA,"posterior",888,-0.426203784254023,9196
"Differential object marking","Ungrammatical","midline","midline posterior",NA,"posterior",890,-0.386882448890822,9196
"Differential object marking","Ungrammatical","midline","midline posterior",NA,"posterior",892,-0.345211287516311,9196
"Differential object marking","Ungrammatical","midline","midline posterior",NA,"posterior",894,-0.297184101783384,9196
"Differential object marking","Ungrammatical","midline","midline posterior",NA,"posterior",896,-0.238406807307525,9196
"Differential object marking","Ungrammatical","midline","midline posterior",NA,"posterior",898,-0.165331665941714,9196
"Differential object marking","Ungrammatical","midline","midline posterior",NA,"posterior",900,-0.0758378642888212,9196
"Differential object marking","Ungrammatical","midline","midline posterior",NA,"posterior",902,0.0299269247498913,9196
"Differential object marking","Ungrammatical","midline","midline posterior",NA,"posterior",904,0.149596889952153,9196
"Differential object marking","Ungrammatical","midline","midline posterior",NA,"posterior",906,0.280286537625054,9196
"Differential object marking","Ungrammatical","midline","midline posterior",NA,"posterior",908,0.420374728142671,9196
"Differential object marking","Ungrammatical","midline","midline posterior",NA,"posterior",910,0.569591887777295,9196
"Differential object marking","Ungrammatical","midline","midline posterior",NA,"posterior",912,0.727642996955198,9196
"Differential object marking","Ungrammatical","midline","midline posterior",NA,"posterior",914,0.892986189647673,9196
"Differential object marking","Ungrammatical","midline","midline posterior",NA,"posterior",916,1.06237113962592,9196
"Differential object marking","Ungrammatical","midline","midline posterior",NA,"posterior",918,1.23087298825576,9196
"Differential object marking","Ungrammatical","midline","midline posterior",NA,"posterior",920,1.39273086124402,9196
"Differential object marking","Ungrammatical","midline","midline posterior",NA,"posterior",922,1.54287179208351,9196
"Differential object marking","Ungrammatical","midline","midline posterior",NA,"posterior",924,1.67789571552849,9196
"Differential object marking","Ungrammatical","midline","midline posterior",NA,"posterior",926,1.7958820139191,9196
"Differential object marking","Ungrammatical","midline","midline posterior",NA,"posterior",928,1.89610102218356,9196
"Differential object marking","Ungrammatical","midline","midline posterior",NA,"posterior",930,1.97955698129622,9196
"Differential object marking","Ungrammatical","midline","midline posterior",NA,"posterior",932,2.04889136581122,9196
"Differential object marking","Ungrammatical","midline","midline posterior",NA,"posterior",934,2.1072592431492,9196
"Differential object marking","Ungrammatical","midline","midline posterior",NA,"posterior",936,2.15735243584167,9196
"Differential object marking","Ungrammatical","midline","midline posterior",NA,"posterior",938,2.20137744671596,9196
"Differential object marking","Ungrammatical","midline","midline posterior",NA,"posterior",940,2.24068953892997,9196
"Differential object marking","Ungrammatical","midline","midline posterior",NA,"posterior",942,2.27514821661592,9196
"Differential object marking","Ungrammatical","midline","midline posterior",NA,"posterior",944,2.3031207046542,9196
"Differential object marking","Ungrammatical","midline","midline posterior",NA,"posterior",946,2.32263321009134,9196
"Differential object marking","Ungrammatical","midline","midline posterior",NA,"posterior",948,2.33280872118312,9196
"Differential object marking","Ungrammatical","midline","midline posterior",NA,"posterior",950,2.33512320574163,9196
"Differential object marking","Ungrammatical","midline","midline posterior",NA,"posterior",952,2.33370693779904,9196
"Differential object marking","Ungrammatical","midline","midline posterior",NA,"posterior",954,2.33401924749891,9196
"Differential object marking","Ungrammatical","midline","midline posterior",NA,"posterior",956,2.34079817311875,9196
"Differential object marking","Ungrammatical","midline","midline posterior",NA,"posterior",958,2.35679317094389,9196
"Differential object marking","Ungrammatical","midline","midline posterior",NA,"posterior",960,2.38249325793823,9196
"Differential object marking","Ungrammatical","midline","midline posterior",NA,"posterior",962,2.41641822531535,9196
"Differential object marking","Ungrammatical","midline","midline posterior",NA,"posterior",964,2.45567040017399,9196
"Differential object marking","Ungrammatical","midline","midline posterior",NA,"posterior",966,2.49680926489778,9196
"Differential object marking","Ungrammatical","midline","midline posterior",NA,"posterior",968,2.53695291431057,9196
"Differential object marking","Ungrammatical","midline","midline posterior",NA,"posterior",970,2.57483210091344,9196
"Differential object marking","Ungrammatical","midline","midline posterior",NA,"posterior",972,2.61114528055676,9196
"Differential object marking","Ungrammatical","midline","midline posterior",NA,"posterior",974,2.64794345367551,9196
"Differential object marking","Ungrammatical","midline","midline posterior",NA,"posterior",976,2.6873546107003,9196
"Differential object marking","Ungrammatical","midline","midline posterior",NA,"posterior",978,2.73025043497173,9196
"Differential object marking","Ungrammatical","midline","midline posterior",NA,"posterior",980,2.77535819921705,9196
"Differential object marking","Ungrammatical","midline","midline posterior",NA,"posterior",982,2.8193011091779,9196
"Differential object marking","Ungrammatical","midline","midline posterior",NA,"posterior",984,2.85770117442366,9196
"Differential object marking","Ungrammatical","midline","midline posterior",NA,"posterior",986,2.88651903001305,9196
"Differential object marking","Ungrammatical","midline","midline posterior",NA,"posterior",988,2.90278675511092,9196
"Differential object marking","Ungrammatical","midline","midline posterior",NA,"posterior",990,2.9049818399304,9196
"Differential object marking","Ungrammatical","midline","midline posterior",NA,"posterior",992,2.89337200956938,9196
"Differential object marking","Ungrammatical","midline","midline posterior",NA,"posterior",994,2.869995215311,9196
"Differential object marking","Ungrammatical","midline","midline posterior",NA,"posterior",996,2.83773651587647,9196
"Differential object marking","Ungrammatical","midline","midline posterior",NA,"posterior",998,2.7988683123097,9196
"Differential object marking","Ungrammatical","midline","midline posterior",NA,"posterior",1000,2.75454534580252,9196
"Differential object marking","Ungrammatical","midline","midline posterior",NA,"posterior",1002,2.70564169204002,9196
"Differential object marking","Ungrammatical","midline","midline posterior",NA,"posterior",1004,2.65332698999565,9196
"Differential object marking","Ungrammatical","midline","midline posterior",NA,"posterior",1006,2.59865365376251,9196
"Differential object marking","Ungrammatical","midline","midline posterior",NA,"posterior",1008,2.54237081339713,9196
"Differential object marking","Ungrammatical","midline","midline posterior",NA,"posterior",1010,2.48515289256198,9196
"Differential object marking","Ungrammatical","midline","midline posterior",NA,"posterior",1012,2.42727066115702,9196
"Differential object marking","Ungrammatical","midline","midline posterior",NA,"posterior",1014,2.36737026968247,9196
"Differential object marking","Ungrammatical","midline","midline posterior",NA,"posterior",1016,2.30239604175729,9196
"Differential object marking","Ungrammatical","midline","midline posterior",NA,"posterior",1018,2.22894421487603,9196
"Differential object marking","Ungrammatical","midline","midline posterior",NA,"posterior",1020,2.14504001739887,9196
"Differential object marking","Ungrammatical","midline","midline posterior",NA,"posterior",1022,2.05085384949978,9196
"Differential object marking","Ungrammatical","midline","midline posterior",NA,"posterior",1024,1.94855730752501,9196
"Differential object marking","Ungrammatical","midline","midline posterior",NA,"posterior",1026,1.84114223575468,9196
"Differential object marking","Ungrammatical","midline","midline posterior",NA,"posterior",1028,1.73077609830361,9196
"Differential object marking","Ungrammatical","midline","midline posterior",NA,"posterior",1030,1.61827305350152,9196
"Differential object marking","Ungrammatical","midline","midline posterior",NA,"posterior",1032,1.50355056546324,9196
"Differential object marking","Ungrammatical","midline","midline posterior",NA,"posterior",1034,1.38596454980426,9196
"Differential object marking","Ungrammatical","midline","midline posterior",NA,"posterior",1036,1.26463234014789,9196
"Differential object marking","Ungrammatical","midline","midline posterior",NA,"posterior",1038,1.13918192692475,9196
"Differential object marking","Ungrammatical","midline","midline posterior",NA,"posterior",1040,1.01017507612005,9196
"Differential object marking","Ungrammatical","midline","midline posterior",NA,"posterior",1042,0.879015550239234,9196
"Differential object marking","Ungrammatical","midline","midline posterior",NA,"posterior",1044,0.748120922140061,9196
"Differential object marking","Ungrammatical","midline","midline posterior",NA,"posterior",1046,0.621164419312745,9196
"Differential object marking","Ungrammatical","midline","midline posterior",NA,"posterior",1048,0.502275989560679,9196
"Differential object marking","Ungrammatical","midline","midline posterior",NA,"posterior",1050,0.394167464114833,9196
"Differential object marking","Ungrammatical","midline","midline posterior",NA,"posterior",1052,0.296985210961288,9196
"Differential object marking","Ungrammatical","midline","midline posterior",NA,"posterior",1054,0.209193127446716,9196
"Differential object marking","Ungrammatical","midline","midline posterior",NA,"posterior",1056,0.128967812092214,9196
"Differential object marking","Ungrammatical","midline","midline posterior",NA,"posterior",1058,0.0542153110047847,9196
"Differential object marking","Ungrammatical","midline","midline posterior",NA,"posterior",1060,-0.017531426707264,9196
"Differential object marking","Ungrammatical","midline","midline posterior",NA,"posterior",1062,-0.088396694214876,9196
"Differential object marking","Ungrammatical","midline","midline posterior",NA,"posterior",1064,-0.159719660722053,9196
"Differential object marking","Ungrammatical","midline","midline posterior",NA,"posterior",1066,-0.232453675511092,9196
"Differential object marking","Ungrammatical","midline","midline posterior",NA,"posterior",1068,-0.306992605480644,9196
"Differential object marking","Ungrammatical","midline","midline posterior",NA,"posterior",1070,-0.381544910830796,9196
"Differential object marking","Ungrammatical","midline","midline posterior",NA,"posterior",1072,-0.451277620704654,9196
"Differential object marking","Ungrammatical","midline","midline posterior",NA,"posterior",1074,-0.510124619399739,9196
"Differential object marking","Ungrammatical","midline","midline posterior",NA,"posterior",1076,-0.553917355371901,9196
"Differential object marking","Ungrammatical","midline","midline posterior",NA,"posterior",1078,-0.581258808177468,9196
"Differential object marking","Ungrammatical","midline","midline posterior",NA,"posterior",1080,-0.592210961287516,9196
"Differential object marking","Ungrammatical","midline","midline posterior",NA,"posterior",1082,-0.587831230969987,9196
"Differential object marking","Ungrammatical","midline","midline posterior",NA,"posterior",1084,-0.571162135711179,9196
"Differential object marking","Ungrammatical","midline","midline posterior",NA,"posterior",1086,-0.547454871683341,9196
"Differential object marking","Ungrammatical","midline","midline posterior",NA,"posterior",1088,-0.523274902131361,9196
"Differential object marking","Ungrammatical","midline","midline posterior",NA,"posterior",1090,-0.50456361461505,9196
"Differential object marking","Ungrammatical","midline","midline posterior",NA,"posterior",1092,-0.494197694649848,9196
"Differential object marking","Ungrammatical","midline","midline posterior",NA,"posterior",1094,-0.490840582862114,9196
"Differential object marking","Ungrammatical","midline","midline posterior",NA,"posterior",1096,-0.490955524140931,9196
"Differential object marking","Ungrammatical","midline","midline posterior",NA,"posterior",1098,-0.492073510221836,9196
