"parameter","median","ci_low","ci_high","pd","model"
"Intercept",2.04742345,1.498738235,2.583939605,1,"accuracy_differential_object_marking"
"z_recoded_grammaticality",0.86785251,0.4570516605,1.2852183075,0.99990625,"accuracy_differential_object_marking"
"z_recoded_session",-1.20253335,-1.57505246,-0.813627577750001,1,"accuracy_differential_object_marking"
"z_recoded_mini_language",-0.23994701,-0.769419484,0.30109055125,0.8164375,"accuracy_differential_object_marking"
"z_recoded_grammaticality:z_recoded_session",-0.24698686,-0.32705689175,-0.166682077,1,"accuracy_differential_object_marking"
"z_recoded_grammaticality:z_recoded_mini_language",0.121020545,-0.29051231775,0.53722519625,0.71896875,"accuracy_differential_object_marking"
"z_recoded_session:z_recoded_mini_language",0.27113619,-0.12657196675,0.66264937875,0.91,"accuracy_differential_object_marking"
"z_recoded_grammaticality:z_recoded_session:z_recoded_mini_language",0.071512038,-0.00886495368499999,0.15350304225,0.95878125,"accuracy_differential_object_marking"
"Intercept",2.17706145,1.609920045,2.7388409825,1,"accuracy_differential_object_marking_weakprior"
"z_recoded_grammaticality",0.91665263,0.4869551525,1.33858819,0.99996875,"accuracy_differential_object_marking_weakprior"
"z_recoded_session",-1.42274765,-1.8330890325,-1.0208279875,1,"accuracy_differential_object_marking_weakprior"
"z_recoded_mini_language",-0.25125749,-0.81130217825,0.311292881,0.8144375,"accuracy_differential_object_marking_weakprior"
"z_recoded_grammaticality:z_recoded_session",-0.24973603,-0.33084606025,-0.16869170375,1,"accuracy_differential_object_marking_weakprior"
"z_recoded_grammaticality:z_recoded_mini_language",0.12404667,-0.29708175175,0.553058611249999,0.7195625,"accuracy_differential_object_marking_weakprior"
"z_recoded_session:z_recoded_mini_language",0.268349025,-0.14252571225,0.6756580035,0.90515625,"accuracy_differential_object_marking_weakprior"
"z_recoded_grammaticality:z_recoded_session:z_recoded_mini_language",0.0723535135,-0.00794191135499997,0.154924459,0.96259375,"accuracy_differential_object_marking_weakprior"
"Intercept",2.8656345,2.4515569325,3.2898574225,1,"accuracy_gender_agreement"
"z_recoded_grammaticality",0.113430275,-0.18194493175,0.40211355425,0.77709375,"accuracy_gender_agreement"
"z_recoded_session",-0.5300829,-0.71848387775,-0.3380549725,1,"accuracy_gender_agreement"
"z_recoded_mini_language",-0.28047453,-0.712639177,0.14539165475,0.89803125,"accuracy_gender_agreement"
"z_recoded_grammaticality:z_recoded_session",0.20729591,0.134555372,0.28080456775,1,"accuracy_gender_agreement"
"z_recoded_grammaticality:z_recoded_mini_language",0.378244155,0.0960159684250001,0.671031427749999,0.99403125,"accuracy_gender_agreement"
"z_recoded_session:z_recoded_mini_language",-0.10547472,-0.2943489965,0.084160264275,0.8649375,"accuracy_gender_agreement"
"z_recoded_grammaticality:z_recoded_session:z_recoded_mini_language",0.164259325,0.092062101025,0.23595075225,1,"accuracy_gender_agreement"
"Intercept",2.8731398,2.4362861525,3.3105785225,1,"accuracy_gender_agreement_weakprior"
"z_recoded_grammaticality",0.11694081,-0.185386933,0.4087160565,0.7819375,"accuracy_gender_agreement_weakprior"
"z_recoded_session",-0.55910216,-0.7530213745,-0.36238715175,1,"accuracy_gender_agreement_weakprior"
"z_recoded_mini_language",-0.29380258,-0.73629796925,0.13389398225,0.91328125,"accuracy_gender_agreement_weakprior"
"z_recoded_grammaticality:z_recoded_session",0.208080165,0.136475262,0.281439746,1,"accuracy_gender_agreement_weakprior"
"z_recoded_grammaticality:z_recoded_mini_language",0.38456589,0.0961606348750001,0.676078287,0.995125,"accuracy_gender_agreement_weakprior"
"z_recoded_session:z_recoded_mini_language",-0.104775135,-0.29815128475,0.081942137625,0.864,"accuracy_gender_agreement_weakprior"
"z_recoded_grammaticality:z_recoded_session:z_recoded_mini_language",0.163427055,0.09206648995,0.2358891025,1,"accuracy_gender_agreement_weakprior"
"Intercept",1.3520191,0.94476604825,1.756038175,1,"accuracy_verb_object_number_agreement"
"z_recoded_grammaticality",0.801185005,0.45000193625,1.1467861075,1,"accuracy_verb_object_number_agreement"
"z_recoded_session",-0.651948325,-0.98122503975,-0.31644837825,0.99984375,"accuracy_verb_object_number_agreement"
"z_recoded_mini_language",0.0862270545,-0.3245038065,0.50663324075,0.6610625,"accuracy_verb_object_number_agreement"
"z_recoded_grammaticality:z_recoded_session",-0.0519807835,-0.13254726725,0.0298201364249999,0.8934375,"accuracy_verb_object_number_agreement"
"z_recoded_grammaticality:z_recoded_mini_language",0.0190030065,-0.326365285,0.360519823249999,0.5443125,"accuracy_verb_object_number_agreement"
"z_recoded_session:z_recoded_mini_language",-0.199432425,-0.54957660525,0.13959651625,0.87628125,"accuracy_verb_object_number_agreement"
"z_recoded_grammaticality:z_recoded_session:z_recoded_mini_language",0.044738017,-0.03728352495,0.1250984015,0.857125,"accuracy_verb_object_number_agreement"
"Intercept",1.42197625,1.0050699775,1.853509195,1,"accuracy_verb_object_number_agreement_weakprior"
"z_recoded_grammaticality",0.845712605,0.49823553475,1.2082185675,1,"accuracy_verb_object_number_agreement_weakprior"
"z_recoded_session",-0.751322865,-1.1166059825,-0.399681362,1,"accuracy_verb_object_number_agreement_weakprior"
"z_recoded_mini_language",0.098430509,-0.32160325025,0.52993927775,0.67821875,"accuracy_verb_object_number_agreement_weakprior"
"z_recoded_grammaticality:z_recoded_session",-0.05287984,-0.133505294,0.02779773455,0.89715625,"accuracy_verb_object_number_agreement_weakprior"
"z_recoded_grammaticality:z_recoded_mini_language",0.0280184885,-0.3331241915,0.37102817275,0.56040625,"accuracy_verb_object_number_agreement_weakprior"
"z_recoded_session:z_recoded_mini_language",-0.213432095,-0.56977615725,0.134597803,0.88528125,"accuracy_verb_object_number_agreement_weakprior"
"z_recoded_grammaticality:z_recoded_session:z_recoded_mini_language",0.044971469,-0.0354124064,0.125368927,0.86003125,"accuracy_verb_object_number_agreement_weakprior"
"Intercept",0.0072880833,-0.01168710815,0.0257574743749999,0.77496875,"erp_differential_object_marking_200_500_lateral_itemslope_retfree"
"z_baseline_predictor",0.5117126,0.50443249875,0.519033607,1,"erp_differential_object_marking_200_500_lateral_itemslope_retfree"
"z_recoded_grammaticality",0.0178710955,-0.0098512944025,0.0456415023,0.896875,"erp_differential_object_marking_200_500_lateral_itemslope_retfree"
"z_recoded_session",-0.036119009,-0.06573922205,-0.006348370205,0.9908125,"erp_differential_object_marking_200_500_lateral_itemslope_retfree"
"z_recoded_mini_language",-0.018030108,-0.03748755775,0.000741341882249982,0.97015625,"erp_differential_object_marking_200_500_lateral_itemslope_retfree"
"z_retention",0.0200089125,-0.013535453125,0.0532507599,0.88078125,"erp_differential_object_marking_200_500_lateral_itemslope_retfree"
"z_recoded_hemisphere",0.024223429,0.0170826789,0.031350698025,1,"erp_differential_object_marking_200_500_lateral_itemslope_retfree"
"z_recoded_caudality",-0.0285197865,-0.03562437255,-0.02145971845,1,"erp_differential_object_marking_200_500_lateral_itemslope_retfree"
"z_multilingual_language_diversity",-0.00207202325,-0.012091561375,0.007593627805,0.66584375,"erp_differential_object_marking_200_500_lateral_itemslope_retfree"
"z_recoded_grammaticality:z_recoded_session",0.00431291055,-0.0087084648375,0.017502902175,0.73953125,"erp_differential_object_marking_200_500_lateral_itemslope_retfree"
"z_recoded_grammaticality:z_recoded_mini_language",0.00393627185,-0.023993523075,0.031972404125,0.608625,"erp_differential_object_marking_200_500_lateral_itemslope_retfree"
"z_recoded_session:z_recoded_mini_language",0.025035715,-0.0048808386175,0.0548882999,0.95315625,"erp_differential_object_marking_200_500_lateral_itemslope_retfree"
"z_recoded_grammaticality:z_retention",-0.0202541125,-0.050821211525,0.010363831425,0.90146875,"erp_differential_object_marking_200_500_lateral_itemslope_retfree"
"z_recoded_mini_language:z_retention",-0.059818111,-0.09421762285,-0.026452877625,0.99978125,"erp_differential_object_marking_200_500_lateral_itemslope_retfree"
"z_recoded_grammaticality:z_recoded_hemisphere",0.018891866,0.0118981876,0.025825805425,1,"erp_differential_object_marking_200_500_lateral_itemslope_retfree"
"z_recoded_grammaticality:z_recoded_caudality",0.0016732409,-0.0055547944125,0.0088550048925,0.680125,"erp_differential_object_marking_200_500_lateral_itemslope_retfree"
"z_recoded_grammaticality:z_recoded_session:z_recoded_mini_language",0.0073982939,-0.005658716955,0.0206120889,0.867375,"erp_differential_object_marking_200_500_lateral_itemslope_retfree"
"z_recoded_grammaticality:z_recoded_mini_language:z_retention",-0.044815214,-0.075567298325,-0.0138638131,0.9979375,"erp_differential_object_marking_200_500_lateral_itemslope_retfree"
"Intercept",0.00201182495,-0.0138470899,0.0173407159,0.59784375,"erp_differential_object_marking_200_500_lateral_itemslope"
"z_baseline_predictor",0.51150067,0.504208083,0.5188432345,1,"erp_differential_object_marking_200_500_lateral_itemslope"
"z_recoded_grammaticality",0.0239553325,-0.00271834611249999,0.05034114575,0.96115625,"erp_differential_object_marking_200_500_lateral_itemslope"
"z_recoded_session",-0.029392254,-0.0571856227,-0.00191172559500003,0.98165625,"erp_differential_object_marking_200_500_lateral_itemslope"
"z_recoded_mini_language",0.00031019674,-0.0156255374,0.0161055554,0.51484375,"erp_differential_object_marking_200_500_lateral_itemslope"
"z_recoded_hemisphere",0.0242033865,0.0171461066,0.0313167534,1,"erp_differential_object_marking_200_500_lateral_itemslope"
"z_recoded_caudality",-0.028492286,-0.035552697,-0.021377600775,1,"erp_differential_object_marking_200_500_lateral_itemslope"
"z_multilingual_language_diversity",-0.00359521835,-0.013294801975,0.0057693593375,0.77928125,"erp_differential_object_marking_200_500_lateral_itemslope"
"z_recoded_grammaticality:z_recoded_session",-0.00253015585,-0.0102847791,0.0052172779375,0.7405625,"erp_differential_object_marking_200_500_lateral_itemslope"
"z_recoded_grammaticality:z_recoded_mini_language",0.016087278,-0.010958580375,0.042571973775,0.88103125,"erp_differential_object_marking_200_500_lateral_itemslope"
"z_recoded_session:z_recoded_mini_language",0.00697397205,-0.02045477385,0.034318214125,0.6926875,"erp_differential_object_marking_200_500_lateral_itemslope"
"z_recoded_grammaticality:z_recoded_hemisphere",0.018903402,0.0117397782,0.0260042316,1,"erp_differential_object_marking_200_500_lateral_itemslope"
"z_recoded_grammaticality:z_recoded_caudality",0.0016450509,-0.00534972121,0.0087334069925,0.6768125,"erp_differential_object_marking_200_500_lateral_itemslope"
"z_recoded_grammaticality:z_recoded_session:z_recoded_mini_language",-0.007623701,-0.01530267255,8.21857329749964e-05,0.97365625,"erp_differential_object_marking_200_500_lateral_itemslope"
"Intercept",0.0074204339,-0.01107816975,0.02556146155,0.782125,"erp_differential_object_marking_200_500_lateral_retfree"
"z_baseline_predictor",0.51301888,0.505638407,0.52039276475,1,"erp_differential_object_marking_200_500_lateral_retfree"
"z_recoded_grammaticality",0.0178379005,-0.0071966385825,0.043157447775,0.918625,"erp_differential_object_marking_200_500_lateral_retfree"
"z_recoded_session",-0.034953823,-0.064296822025,-0.00589907951250002,0.99028125,"erp_differential_object_marking_200_500_lateral_retfree"
"z_recoded_mini_language",-0.0154191975,-0.03446294755,0.00308884540249999,0.951,"erp_differential_object_marking_200_500_lateral_retfree"
"z_retention",0.0194238465,-0.0137152936,0.0525621700499999,0.87778125,"erp_differential_object_marking_200_500_lateral_retfree"
"z_recoded_hemisphere",0.024249369,0.017186262775,0.03146603,1,"erp_differential_object_marking_200_500_lateral_retfree"
"z_recoded_caudality",-0.028538158,-0.03574532145,-0.021347441575,1,"erp_differential_object_marking_200_500_lateral_retfree"
"z_multilingual_language_diversity",-0.00427178335,-0.01369564775,0.0047107482375,0.827375,"erp_differential_object_marking_200_500_lateral_retfree"
"z_recoded_grammaticality:z_recoded_session",0.00552844405,-0.00760138455,0.018507956175,0.79428125,"erp_differential_object_marking_200_500_lateral_retfree"
"z_recoded_grammaticality:z_recoded_mini_language",0.0043200894,-0.021170490475,0.0291563828,0.6309375,"erp_differential_object_marking_200_500_lateral_retfree"
"z_recoded_session:z_recoded_mini_language",0.0237080935,-0.0059436266775,0.053488746275,0.94453125,"erp_differential_object_marking_200_500_lateral_retfree"
"z_recoded_grammaticality:z_retention",-0.0215994625,-0.05258818775,0.00871640122249998,0.9156875,"erp_differential_object_marking_200_500_lateral_retfree"
"z_recoded_mini_language:z_retention",-0.055709053,-0.089281030675,-0.02234970835,0.99971875,"erp_differential_object_marking_200_500_lateral_retfree"
"z_recoded_grammaticality:z_recoded_hemisphere",0.018899745,0.01181033155,0.02614243565,1,"erp_differential_object_marking_200_500_lateral_retfree"
"z_recoded_grammaticality:z_recoded_caudality",0.0016812461,-0.005445903745,0.00884732905249999,0.680375,"erp_differential_object_marking_200_500_lateral_retfree"
"z_recoded_grammaticality:z_recoded_session:z_recoded_mini_language",0.0084689326,-0.004610942025,0.0216185661,0.89878125,"erp_differential_object_marking_200_500_lateral_retfree"
"z_recoded_grammaticality:z_recoded_mini_language:z_retention",-0.0444853935,-0.0755381453,-0.0135468741,0.99778125,"erp_differential_object_marking_200_500_lateral_retfree"
"Intercept",0.0024106957,-0.0129291316,0.01767557225,0.62421875,"erp_differential_object_marking_200_500_lateral"
"z_baseline_predictor",0.51283862,0.5056235695,0.520036755,1,"erp_differential_object_marking_200_500_lateral"
"z_recoded_grammaticality",0.0241644345,0.000544629697500004,0.047963415875,0.97721875,"erp_differential_object_marking_200_500_lateral"
"z_recoded_session",-0.0283786265,-0.056138866575,-0.000995527028500026,0.9785625,"erp_differential_object_marking_200_500_lateral"
"z_recoded_mini_language",0.0015229497,-0.013953606075,0.017117550325,0.577,"erp_differential_object_marking_200_500_lateral"
"z_recoded_hemisphere",0.024228662,0.0171151855,0.0313708875,1,"erp_differential_object_marking_200_500_lateral"
"z_recoded_caudality",-0.0285297365,-0.035514351675,-0.02145307405,1,"erp_differential_object_marking_200_500_lateral"
"z_multilingual_language_diversity",-0.00566458355,-0.01527936915,0.0034335080425,0.890375,"erp_differential_object_marking_200_500_lateral"
"z_recoded_grammaticality:z_recoded_session",-0.0018483217,-0.0097379675925,0.0060236976325,0.67728125,"erp_differential_object_marking_200_500_lateral"
"z_recoded_grammaticality:z_recoded_mini_language",0.0163608615,-0.00738185383999999,0.040088074325,0.9130625,"erp_differential_object_marking_200_500_lateral"
"z_recoded_session:z_recoded_mini_language",0.00623515405,-0.021147831025,0.03436371355,0.6795625,"erp_differential_object_marking_200_500_lateral"
"z_recoded_grammaticality:z_recoded_hemisphere",0.0189033895,0.01175544665,0.026090387425,1,"erp_differential_object_marking_200_500_lateral"
"z_recoded_grammaticality:z_recoded_caudality",0.00167559195,-0.00536035078,0.00880559916499999,0.67659375,"erp_differential_object_marking_200_500_lateral"
"z_recoded_grammaticality:z_recoded_session:z_recoded_mini_language",-0.0065498239,-0.014323007425,0.001328723995,0.94853125,"erp_differential_object_marking_200_500_lateral"
"Intercept",0.001946986,-0.01402451615,0.0175801954,0.59603125,"erp_differential_object_marking_200_500_lateral_weakprior_itemslope"
"z_baseline_predictor",0.51152821,0.50423336375,0.51883678825,1,"erp_differential_object_marking_200_500_lateral_weakprior_itemslope"
"z_recoded_grammaticality",0.0239453625,-0.0024702994575,0.050608233975,0.96271875,"erp_differential_object_marking_200_500_lateral_weakprior_itemslope"
"z_recoded_session",-0.029399802,-0.05733000615,-0.00176222888000001,0.98075,"erp_differential_object_marking_200_500_lateral_weakprior_itemslope"
"z_recoded_mini_language",0.00025881015,-0.015546500425,0.01617372975,0.51340625,"erp_differential_object_marking_200_500_lateral_weakprior_itemslope"
"z_recoded_hemisphere",0.024185915,0.017010157975,0.031273333725,1,"erp_differential_object_marking_200_500_lateral_weakprior_itemslope"
"z_recoded_caudality",-0.028496878,-0.0353926589,-0.02157115965,1,"erp_differential_object_marking_200_500_lateral_weakprior_itemslope"
"z_multilingual_language_diversity",-0.0035252517,-0.0133888896,0.0057801928675,0.77959375,"erp_differential_object_marking_200_500_lateral_weakprior_itemslope"
"z_recoded_grammaticality:z_recoded_session",-0.00253630855,-0.010311312975,0.0052944957875,0.74146875,"erp_differential_object_marking_200_500_lateral_weakprior_itemslope"
"z_recoded_grammaticality:z_recoded_mini_language",0.0160865855,-0.010858566525,0.04209397165,0.88609375,"erp_differential_object_marking_200_500_lateral_weakprior_itemslope"
"z_recoded_session:z_recoded_mini_language",0.00694764455,-0.02119735725,0.034542470575,0.69,"erp_differential_object_marking_200_500_lateral_weakprior_itemslope"
"z_recoded_grammaticality:z_recoded_hemisphere",0.018882964,0.011822704925,0.025952682975,1,"erp_differential_object_marking_200_500_lateral_weakprior_itemslope"
"z_recoded_grammaticality:z_recoded_caudality",0.0016865387,-0.0054476279725,0.008824581805,0.67846875,"erp_differential_object_marking_200_500_lateral_weakprior_itemslope"
"z_recoded_grammaticality:z_recoded_session:z_recoded_mini_language",-0.00767178155,-0.0152891388,-3.19127477250019e-05,0.9754375,"erp_differential_object_marking_200_500_lateral_weakprior_itemslope"
"Intercept",0.0023436779,-0.013110127075,0.017591359575,0.616,"erp_differential_object_marking_200_500_lateral_weakprior"
"z_baseline_predictor",0.512850335,0.50568297225,0.5200646905,1,"erp_differential_object_marking_200_500_lateral_weakprior"
"z_recoded_grammaticality",0.024098369,0.000202283053750003,0.04793942605,0.97615625,"erp_differential_object_marking_200_500_lateral_weakprior"
"z_recoded_session",-0.028689834,-0.056581106675,-0.000920604719000018,0.97871875,"erp_differential_object_marking_200_500_lateral_weakprior"
"z_recoded_mini_language",0.00140587015,-0.0141462209,0.0169757656,0.56890625,"erp_differential_object_marking_200_500_lateral_weakprior"
"z_recoded_hemisphere",0.024276336,0.0171256898,0.031372429825,1,"erp_differential_object_marking_200_500_lateral_weakprior"
"z_recoded_caudality",-0.028507698,-0.035545042975,-0.021451037275,1,"erp_differential_object_marking_200_500_lateral_weakprior"
"z_multilingual_language_diversity",-0.00563066865,-0.015286456875,0.00326836081999999,0.893625,"erp_differential_object_marking_200_500_lateral_weakprior"
"z_recoded_grammaticality:z_recoded_session",-0.00176789705,-0.009585636135,0.0059836489025,0.672875,"erp_differential_object_marking_200_500_lateral_weakprior"
"z_recoded_grammaticality:z_recoded_mini_language",0.0162772745,-0.007610746375,0.040238862825,0.912,"erp_differential_object_marking_200_500_lateral_weakprior"
"z_recoded_session:z_recoded_mini_language",0.0066873315,-0.02139234595,0.0338604009,0.685375,"erp_differential_object_marking_200_500_lateral_weakprior"
"z_recoded_grammaticality:z_recoded_hemisphere",0.0189198065,0.011879979525,0.0260304432,1,"erp_differential_object_marking_200_500_lateral_weakprior"
"z_recoded_grammaticality:z_recoded_caudality",0.0017107885,-0.005347908945,0.008782514645,0.67821875,"erp_differential_object_marking_200_500_lateral_weakprior"
"z_recoded_grammaticality:z_recoded_session:z_recoded_mini_language",-0.0065371179,-0.0142435639,0.0012252558225,0.94996875,"erp_differential_object_marking_200_500_lateral_weakprior"
"Intercept",0.0126676905,-0.00931536835,0.0349448483,0.8696875,"erp_differential_object_marking_200_500_midline_itemslope_retfree"
"z_baseline_predictor",0.489814885,0.4793063565,0.50041404025,1,"erp_differential_object_marking_200_500_midline_itemslope_retfree"
"z_recoded_grammaticality",0.01915411,-0.013842964025,0.051830007025,0.87403125,"erp_differential_object_marking_200_500_midline_itemslope_retfree"
"z_recoded_session",-0.0422016555,-0.077655453325,-0.00686777207500001,0.989625,"erp_differential_object_marking_200_500_midline_itemslope_retfree"
"z_recoded_mini_language",-0.013181894,-0.03628838365,0.00953107408999999,0.86875,"erp_differential_object_marking_200_500_midline_itemslope_retfree"
"z_retention",0.0335599685,-0.0123598243,0.08091839965,0.9255625,"erp_differential_object_marking_200_500_midline_itemslope_retfree"
"z_recoded_caudality",-0.0164282935,-0.026478774775,-0.00627625807,0.9993125,"erp_differential_object_marking_200_500_midline_itemslope_retfree"
"z_multilingual_language_diversity",-0.00703220585,-0.01937457865,0.00521708956999999,0.87171875,"erp_differential_object_marking_200_500_midline_itemslope_retfree"
"z_recoded_grammaticality:z_recoded_session",0.0035618906,-0.0150238279,0.0224167699,0.6486875,"erp_differential_object_marking_200_500_midline_itemslope_retfree"
"z_recoded_grammaticality:z_recoded_mini_language",-0.0156652385,-0.04861639355,0.01690208665,0.8316875,"erp_differential_object_marking_200_500_midline_itemslope_retfree"
"z_recoded_session:z_recoded_mini_language",0.011170614,-0.024018663625,0.04621861535,0.7338125,"erp_differential_object_marking_200_500_midline_itemslope_retfree"
"z_recoded_grammaticality:z_retention",-0.040663023,-0.083909172025,0.00363611706499997,0.96415625,"erp_differential_object_marking_200_500_midline_itemslope_retfree"
"z_recoded_mini_language:z_retention",-0.039630482,-0.086241318925,0.0073076067375,0.9510625,"erp_differential_object_marking_200_500_midline_itemslope_retfree"
"z_recoded_grammaticality:z_recoded_caudality",-0.0014049971,-0.011453304325,0.00857680628,0.6109375,"erp_differential_object_marking_200_500_midline_itemslope_retfree"
"z_recoded_grammaticality:z_recoded_session:z_recoded_mini_language",0.0289826565,0.010105601275,0.047362390425,0.99878125,"erp_differential_object_marking_200_500_midline_itemslope_retfree"
"z_recoded_grammaticality:z_recoded_mini_language:z_retention",-0.095738478,-0.13928087,-0.0518737424000001,0.99996875,"erp_differential_object_marking_200_500_midline_itemslope_retfree"
"Intercept",0.00335755795,-0.01437599345,0.020733638425,0.6461875,"erp_differential_object_marking_200_500_midline_itemslope"
"z_baseline_predictor",0.48939625,0.47877531375,0.50005028425,1,"erp_differential_object_marking_200_500_midline_itemslope"
"z_recoded_grammaticality",0.0310855455,0.000162427201250004,0.062127531125,0.9755625,"erp_differential_object_marking_200_500_midline_itemslope"
"z_recoded_session",-0.03100071,-0.062445063175,0.00138336900999999,0.970125,"erp_differential_object_marking_200_500_midline_itemslope"
"z_recoded_mini_language",-0.0015830017,-0.01948891145,0.0163068821,0.56978125,"erp_differential_object_marking_200_500_midline_itemslope"
"z_recoded_caudality",-0.0163515465,-0.026563079625,-0.00622757799,0.99890625,"erp_differential_object_marking_200_500_midline_itemslope"
"z_multilingual_language_diversity",-0.00787533695,-0.019831697625,0.0041037188575,0.904875,"erp_differential_object_marking_200_500_midline_itemslope"
"z_recoded_grammaticality:z_recoded_session",-0.010017581,-0.020987934725,0.00093439190675,0.963125,"erp_differential_object_marking_200_500_midline_itemslope"
"z_recoded_grammaticality:z_recoded_mini_language",0.0099964137,-0.0205071551,0.0410828679499999,0.73875,"erp_differential_object_marking_200_500_midline_itemslope"
"z_recoded_session:z_recoded_mini_language",-0.00106345685,-0.0331518239,0.0308489722,0.5253125,"erp_differential_object_marking_200_500_midline_itemslope"
"z_recoded_grammaticality:z_recoded_caudality",-0.0014057608,-0.011648347675,0.008828670255,0.60846875,"erp_differential_object_marking_200_500_midline_itemslope"
"z_recoded_grammaticality:z_recoded_session:z_recoded_mini_language",-0.0036828723,-0.01480106485,0.0072507569925,0.74240625,"erp_differential_object_marking_200_500_midline_itemslope"
"Intercept",0.0123702495,-0.00988411103,0.034519759225,0.86021875,"erp_differential_object_marking_200_500_midline_retfree"
"z_baseline_predictor",0.490231545,0.47983291575,0.50078371525,1,"erp_differential_object_marking_200_500_midline_retfree"
"z_recoded_grammaticality",0.020409215,-0.01022939575,0.050997429425,0.9039375,"erp_differential_object_marking_200_500_midline_retfree"
"z_recoded_session",-0.0417187285,-0.07704812455,-0.00578310814000004,0.98928125,"erp_differential_object_marking_200_500_midline_retfree"
"z_recoded_mini_language",-0.0113278135,-0.034191226,0.011039792875,0.83790625,"erp_differential_object_marking_200_500_midline_retfree"
"z_retention",0.032973135,-0.0127856151,0.0791151360499999,0.922875,"erp_differential_object_marking_200_500_midline_retfree"
"z_recoded_caudality",-0.0163921145,-0.026414615975,-0.00631998456,0.999,"erp_differential_object_marking_200_500_midline_retfree"
"z_multilingual_language_diversity",-0.00807276245,-0.02030521825,0.00380905194499999,0.9075,"erp_differential_object_marking_200_500_midline_retfree"
"z_recoded_grammaticality:z_recoded_session",0.00382640895,-0.0146078044,0.0225797515,0.6595625,"erp_differential_object_marking_200_500_midline_retfree"
"z_recoded_grammaticality:z_recoded_mini_language",-0.0154128945,-0.0461248079,0.015244291625,0.83990625,"erp_differential_object_marking_200_500_midline_retfree"
"z_recoded_session:z_recoded_mini_language",0.009696528,-0.0256642412,0.04535453475,0.7051875,"erp_differential_object_marking_200_500_midline_retfree"
"z_recoded_grammaticality:z_retention",-0.038288531,-0.08199691065,0.00536685624749998,0.956875,"erp_differential_object_marking_200_500_midline_retfree"
"z_recoded_mini_language:z_retention",-0.0355172225,-0.0826739675,0.010684207425,0.93496875,"erp_differential_object_marking_200_500_midline_retfree"
"z_recoded_grammaticality:z_recoded_caudality",-0.00139256235,-0.011546061725,0.00886214997249999,0.6026875,"erp_differential_object_marking_200_500_midline_retfree"
"z_recoded_grammaticality:z_recoded_session:z_recoded_mini_language",0.029261025,0.010465418175,0.04819452005,0.99865625,"erp_differential_object_marking_200_500_midline_retfree"
"z_recoded_grammaticality:z_recoded_mini_language:z_retention",-0.0945835525,-0.1391775395,-0.05113103125,1,"erp_differential_object_marking_200_500_midline_retfree"
"Intercept",0.00324620995,-0.0144929509,0.020903820475,0.64040625,"erp_differential_object_marking_200_500_midline"
"z_baseline_predictor",0.489889905,0.47951330575,0.500306546,1,"erp_differential_object_marking_200_500_midline"
"z_recoded_grammaticality",0.031910045,0.003451671915,0.059674842975,0.98575,"erp_differential_object_marking_200_500_midline"
"z_recoded_session",-0.0303856235,-0.06246623525,0.00160727360499999,0.96953125,"erp_differential_object_marking_200_500_midline"
"z_recoded_mini_language",-0.00090643167,-0.01865990395,0.0170396029,0.5396875,"erp_differential_object_marking_200_500_midline"
"z_recoded_caudality",-0.016370892,-0.0264203573,-0.00623037756750001,0.999375,"erp_differential_object_marking_200_500_midline"
"z_multilingual_language_diversity",-0.00895290705,-0.021272200875,0.00297494914,0.93196875,"erp_differential_object_marking_200_500_midline"
"z_recoded_grammaticality:z_recoded_session",-0.0090246634,-0.020076139025,0.0020021671225,0.94534375,"erp_differential_object_marking_200_500_midline"
"z_recoded_grammaticality:z_recoded_mini_language",0.0096558971,-0.0190358205,0.03834343825,0.74946875,"erp_differential_object_marking_200_500_midline"
"z_recoded_session:z_recoded_mini_language",-0.0014029831,-0.033353629025,0.0305644856749999,0.53365625,"erp_differential_object_marking_200_500_midline"
"z_recoded_grammaticality:z_recoded_caudality",-0.0014521682,-0.01169661235,0.00884049430249999,0.60753125,"erp_differential_object_marking_200_500_midline"
"z_recoded_grammaticality:z_recoded_session:z_recoded_mini_language",-0.00284291705,-0.01387375245,0.0080355604,0.693875,"erp_differential_object_marking_200_500_midline"
"Intercept",0.00321413935,-0.01436325975,0.02098131545,0.640625,"erp_differential_object_marking_200_500_midline_weakprior_itemslope"
"z_baseline_predictor",0.48942443,0.478728483,0.5001281435,1,"erp_differential_object_marking_200_500_midline_weakprior_itemslope"
"z_recoded_grammaticality",0.0313422295,0.000519971220750003,0.06210969035,0.976875,"erp_differential_object_marking_200_500_midline_weakprior_itemslope"
"z_recoded_session",-0.0312536545,-0.062784692825,0.000971568798999983,0.972,"erp_differential_object_marking_200_500_midline_weakprior_itemslope"
"z_recoded_mini_language",-0.00162861375,-0.019710115375,0.016350589625,0.57096875,"erp_differential_object_marking_200_500_midline_weakprior_itemslope"
"z_recoded_caudality",-0.016413742,-0.02639110055,-0.00638350765,0.99934375,"erp_differential_object_marking_200_500_midline_weakprior_itemslope"
"z_multilingual_language_diversity",-0.00787495155,-0.019907574425,0.00400618732499999,0.90240625,"erp_differential_object_marking_200_500_midline_weakprior_itemslope"
"z_recoded_grammaticality:z_recoded_session",-0.0101033025,-0.02104490975,0.0010064873025,0.963125,"erp_differential_object_marking_200_500_midline_weakprior_itemslope"
"z_recoded_grammaticality:z_recoded_mini_language",0.0101692,-0.020830284875,0.040854768475,0.74128125,"erp_differential_object_marking_200_500_midline_weakprior_itemslope"
"z_recoded_session:z_recoded_mini_language",-0.00090159509,-0.032850826,0.03052669805,0.5229375,"erp_differential_object_marking_200_500_midline_weakprior_itemslope"
"z_recoded_grammaticality:z_recoded_caudality",-0.00145424635,-0.011508057675,0.0086473121675,0.612625,"erp_differential_object_marking_200_500_midline_weakprior_itemslope"
"z_recoded_grammaticality:z_recoded_session:z_recoded_mini_language",-0.0036273352,-0.0145862494,0.00733537875,0.74225,"erp_differential_object_marking_200_500_midline_weakprior_itemslope"
"Intercept",0.00324936605,-0.014616124625,0.0207987219,0.63809375,"erp_differential_object_marking_200_500_midline_weakprior"
"z_baseline_predictor",0.489946395,0.47928442325,0.5006885705,1,"erp_differential_object_marking_200_500_midline_weakprior"
"z_recoded_grammaticality",0.031911479,0.00358899706,0.06061944775,0.9866875,"erp_differential_object_marking_200_500_midline_weakprior"
"z_recoded_session",-0.030682052,-0.0626902504,0.00165588772499998,0.96896875,"erp_differential_object_marking_200_500_midline_weakprior"
"z_recoded_mini_language",-0.00101663865,-0.01884931095,0.016480483475,0.54515625,"erp_differential_object_marking_200_500_midline_weakprior"
"z_recoded_caudality",-0.0164095635,-0.0264461374,-0.0062960793975,0.9990625,"erp_differential_object_marking_200_500_midline_weakprior"
"z_multilingual_language_diversity",-0.0089339317,-0.02108515075,0.00290940013999999,0.92878125,"erp_differential_object_marking_200_500_midline_weakprior"
"z_recoded_grammaticality:z_recoded_session",-0.00897757215,-0.020100321525,0.0020969062875,0.943,"erp_differential_object_marking_200_500_midline_weakprior"
"z_recoded_grammaticality:z_recoded_mini_language",0.0099971358,-0.0188819853,0.037955774825,0.75525,"erp_differential_object_marking_200_500_midline_weakprior"
"z_recoded_session:z_recoded_mini_language",-0.00148430495,-0.03353482835,0.0305938385,0.53665625,"erp_differential_object_marking_200_500_midline_weakprior"
"z_recoded_grammaticality:z_recoded_caudality",-0.0013658227,-0.011638885625,0.0087521887625,0.60453125,"erp_differential_object_marking_200_500_midline_weakprior"
"z_recoded_grammaticality:z_recoded_session:z_recoded_mini_language",-0.00287589765,-0.013822201475,0.00798576395999999,0.69453125,"erp_differential_object_marking_200_500_midline_weakprior"
"Intercept",0.0138671105,-0.00518436292499999,0.032660897375,0.9253125,"erp_differential_object_marking_300_600_lateral_itemslope_retfree"
"z_baseline_predictor",0.46412972,0.4565627635,0.47170123225,1,"erp_differential_object_marking_300_600_lateral_itemslope_retfree"
"z_recoded_grammaticality",0.0054954168,-0.021882013975,0.033426922325,0.650625,"erp_differential_object_marking_300_600_lateral_itemslope_retfree"
"z_recoded_session",-0.045265103,-0.07364851055,-0.016814230175,0.99896875,"erp_differential_object_marking_300_600_lateral_itemslope_retfree"
"z_recoded_mini_language",-0.00976661645,-0.029061459175,0.00912244693499999,0.8440625,"erp_differential_object_marking_300_600_lateral_itemslope_retfree"
"z_retention",0.045678734,0.012387055225,0.079150288775,0.996125,"erp_differential_object_marking_300_600_lateral_itemslope_retfree"
"z_recoded_hemisphere",0.013976047,0.0066864338075,0.021276176325,1,"erp_differential_object_marking_300_600_lateral_itemslope_retfree"
"z_recoded_caudality",-0.0341671095,-0.041376053325,-0.02693965,1,"erp_differential_object_marking_300_600_lateral_itemslope_retfree"
"z_multilingual_language_diversity",0.00217219105,-0.0064185459775,0.01096370385,0.689,"erp_differential_object_marking_300_600_lateral_itemslope_retfree"
"z_recoded_grammaticality:z_recoded_session",0.010135522,-0.00332293989,0.0234965571,0.92890625,"erp_differential_object_marking_300_600_lateral_itemslope_retfree"
"z_recoded_grammaticality:z_recoded_mini_language",0.00534062725,-0.022681180525,0.032669540975,0.65028125,"erp_differential_object_marking_300_600_lateral_itemslope_retfree"
"z_recoded_session:z_recoded_mini_language",0.01773025,-0.010609518925,0.04650469495,0.8910625,"erp_differential_object_marking_300_600_lateral_itemslope_retfree"
"z_recoded_grammaticality:z_retention",-0.0200308065,-0.05180037485,0.01184324605,0.89215625,"erp_differential_object_marking_300_600_lateral_itemslope_retfree"
"z_recoded_mini_language:z_retention",-0.0255858505,-0.0592749539,0.00771175747499996,0.9363125,"erp_differential_object_marking_300_600_lateral_itemslope_retfree"
"z_recoded_grammaticality:z_recoded_hemisphere",0.0211369615,0.013705899075,0.02834527965,1,"erp_differential_object_marking_300_600_lateral_itemslope_retfree"
"z_recoded_grammaticality:z_recoded_caudality",0.0023022758,-0.0050351667375,0.009667973315,0.73046875,"erp_differential_object_marking_300_600_lateral_itemslope_retfree"
"z_recoded_grammaticality:z_recoded_session:z_recoded_mini_language",0.00250631695,-0.011139252175,0.015966194425,0.64090625,"erp_differential_object_marking_300_600_lateral_itemslope_retfree"
"z_recoded_grammaticality:z_recoded_mini_language:z_retention",-0.033925884,-0.06542058325,-0.00194646799750004,0.98096875,"erp_differential_object_marking_300_600_lateral_itemslope_retfree"
"Intercept",0.000740140995,-0.01545469235,0.016797900275,0.535,"erp_differential_object_marking_300_600_lateral_itemslope"
"z_baseline_predictor",0.463847785,0.45632421,0.4715295145,1,"erp_differential_object_marking_300_600_lateral_itemslope"
"z_recoded_grammaticality",0.0112612255,-0.015139529775,0.03778339125,0.79784375,"erp_differential_object_marking_300_600_lateral_itemslope"
"z_recoded_session",-0.030848472,-0.05757456155,-0.00425943676250001,0.98821875,"erp_differential_object_marking_300_600_lateral_itemslope"
"z_recoded_mini_language",-0.0028121441,-0.01921022495,0.01344949615,0.632625,"erp_differential_object_marking_300_600_lateral_itemslope"
"z_recoded_hemisphere",0.014007611,0.00672456863,0.021325338725,1,"erp_differential_object_marking_300_600_lateral_itemslope"
"z_recoded_caudality",-0.034173003,-0.041477140925,-0.02684830255,1,"erp_differential_object_marking_300_600_lateral_itemslope"
"z_multilingual_language_diversity",0.00210798235,-0.006558087215,0.010990681725,0.68284375,"erp_differential_object_marking_300_600_lateral_itemslope"
"z_recoded_grammaticality:z_recoded_session",0.003259431,-0.0048033609775,0.011410573425,0.78890625,"erp_differential_object_marking_300_600_lateral_itemslope"
"z_recoded_grammaticality:z_recoded_mini_language",0.0144928155,-0.011953842425,0.04075542975,0.8621875,"erp_differential_object_marking_300_600_lateral_itemslope"
"z_recoded_session:z_recoded_mini_language",0.0095838448,-0.016797418775,0.035771453025,0.763,"erp_differential_object_marking_300_600_lateral_itemslope"
"z_recoded_grammaticality:z_recoded_hemisphere",0.021096952,0.0137435999,0.02842876475,1,"erp_differential_object_marking_300_600_lateral_itemslope"
"z_recoded_grammaticality:z_recoded_caudality",0.00225347315,-0.0050509291725,0.0095486473625,0.7274375,"erp_differential_object_marking_300_600_lateral_itemslope"
"z_recoded_grammaticality:z_recoded_session:z_recoded_mini_language",-0.0089561658,-0.0169213445,-0.001015388985,0.98625,"erp_differential_object_marking_300_600_lateral_itemslope"
"Intercept",0.0135497315,-0.0051800987875,0.032316766975,0.922125,"erp_differential_object_marking_300_600_lateral_retfree"
"z_baseline_predictor",0.46581929,0.45830976775,0.4733252465,1,"erp_differential_object_marking_300_600_lateral_retfree"
"z_recoded_grammaticality",0.00577702175,-0.019250087675,0.03073379,0.67609375,"erp_differential_object_marking_300_600_lateral_retfree"
"z_recoded_session",-0.0443158115,-0.072589053375,-0.016070091525,0.999,"erp_differential_object_marking_300_600_lateral_retfree"
"z_recoded_mini_language",-0.0076477794,-0.02657659465,0.011151572275,0.78865625,"erp_differential_object_marking_300_600_lateral_retfree"
"z_retention",0.044673272,0.011544855675,0.078455783775,0.99546875,"erp_differential_object_marking_300_600_lateral_retfree"
"z_recoded_hemisphere",0.014089792,0.006665224045,0.021475342125,0.9996875,"erp_differential_object_marking_300_600_lateral_retfree"
"z_recoded_caudality",-0.0342578245,-0.041674311725,-0.026705439975,1,"erp_differential_object_marking_300_600_lateral_retfree"
"z_multilingual_language_diversity",0.000590352375,-0.00808474044499999,0.009292016795,0.556,"erp_differential_object_marking_300_600_lateral_retfree"
"z_recoded_grammaticality:z_recoded_session",0.0106884205,-0.0027980919875,0.024149254125,0.9394375,"erp_differential_object_marking_300_600_lateral_retfree"
"z_recoded_grammaticality:z_recoded_mini_language",0.00548424285,-0.019346208675,0.0302412009,0.66834375,"erp_differential_object_marking_300_600_lateral_retfree"
"z_recoded_session:z_recoded_mini_language",0.0175816135,-0.010727486875,0.045866975325,0.89209375,"erp_differential_object_marking_300_600_lateral_retfree"
"z_recoded_grammaticality:z_retention",-0.021017317,-0.05268192695,0.0107605657,0.90365625,"erp_differential_object_marking_300_600_lateral_retfree"
"z_recoded_mini_language:z_retention",-0.023997567,-0.05770978895,0.00947022626999999,0.92034375,"erp_differential_object_marking_300_600_lateral_retfree"
"z_recoded_grammaticality:z_recoded_hemisphere",0.0210827095,0.01357744795,0.0284612183,1,"erp_differential_object_marking_300_600_lateral_retfree"
"z_recoded_grammaticality:z_recoded_caudality",0.0023232201,-0.0050032890025,0.0095229274075,0.733625,"erp_differential_object_marking_300_600_lateral_retfree"
"z_recoded_grammaticality:z_recoded_session:z_recoded_mini_language",0.0034696032,-0.010158938375,0.0169932369,0.69215625,"erp_differential_object_marking_300_600_lateral_retfree"
"z_recoded_grammaticality:z_recoded_mini_language:z_retention",-0.033311075,-0.06515423485,-0.0015269338525,0.98021875,"erp_differential_object_marking_300_600_lateral_retfree"
"Intercept",0.00067779182,-0.0149098416,0.016504511975,0.53221875,"erp_differential_object_marking_300_600_lateral"
"z_baseline_predictor",0.46556916,0.45799236425,0.47315970875,1,"erp_differential_object_marking_300_600_lateral"
"z_recoded_grammaticality",0.0120053355,-0.011446593025,0.035618342425,0.8459375,"erp_differential_object_marking_300_600_lateral"
"z_recoded_session",-0.0297620775,-0.055960992925,-0.00342484683250001,0.98615625,"erp_differential_object_marking_300_600_lateral"
"z_recoded_mini_language",-0.00112535405,-0.0170870438,0.0148969613,0.55371875,"erp_differential_object_marking_300_600_lateral"
"z_recoded_hemisphere",0.0140817665,0.006756592375,0.0214352355,0.999875,"erp_differential_object_marking_300_600_lateral"
"z_recoded_caudality",-0.0342155135,-0.041524355025,-0.02694519615,1,"erp_differential_object_marking_300_600_lateral"
"z_multilingual_language_diversity",0.00051462496,-0.0080390371,0.0093756659,0.54796875,"erp_differential_object_marking_300_600_lateral"
"z_recoded_grammaticality:z_recoded_session",0.003407425,-0.004552228915,0.0114500755,0.79828125,"erp_differential_object_marking_300_600_lateral"
"z_recoded_grammaticality:z_recoded_mini_language",0.014700884,-0.00939294812,0.0381605541,0.8854375,"erp_differential_object_marking_300_600_lateral"
"z_recoded_session:z_recoded_mini_language",0.0098463924,-0.016457659925,0.035489925325,0.772375,"erp_differential_object_marking_300_600_lateral"
"z_recoded_grammaticality:z_recoded_hemisphere",0.0210981725,0.01387635275,0.02846508355,1,"erp_differential_object_marking_300_600_lateral"
"z_recoded_grammaticality:z_recoded_caudality",0.00232078695,-0.004972402275,0.00964969512249998,0.72934375,"erp_differential_object_marking_300_600_lateral"
"z_recoded_grammaticality:z_recoded_session:z_recoded_mini_language",-0.00777005815,-0.01572141455,0.000302492028749992,0.970375,"erp_differential_object_marking_300_600_lateral"
"Intercept",0.000756414445,-0.01534227585,0.0169889371,0.539125,"erp_differential_object_marking_300_600_lateral_weakprior_itemslope"
"z_baseline_predictor",0.463888485,0.45630272575,0.47147315,1,"erp_differential_object_marking_300_600_lateral_weakprior_itemslope"
"z_recoded_grammaticality",0.011182252,-0.014961645025,0.037846645775,0.80015625,"erp_differential_object_marking_300_600_lateral_weakprior_itemslope"
"z_recoded_session",-0.0308282155,-0.05730330415,-0.00414041364250001,0.988625,"erp_differential_object_marking_300_600_lateral_weakprior_itemslope"
"z_recoded_mini_language",-0.0027457396,-0.01926008455,0.0134251966,0.62959375,"erp_differential_object_marking_300_600_lateral_weakprior_itemslope"
"z_recoded_hemisphere",0.014013399,0.0068003651225,0.021395135775,0.999875,"erp_differential_object_marking_300_600_lateral_weakprior_itemslope"
"z_recoded_caudality",-0.0341922415,-0.04142799015,-0.026865160825,1,"erp_differential_object_marking_300_600_lateral_weakprior_itemslope"
"z_multilingual_language_diversity",0.0021432156,-0.0065873405675,0.01095776445,0.68303125,"erp_differential_object_marking_300_600_lateral_weakprior_itemslope"
"z_recoded_grammaticality:z_recoded_session",0.0032351188,-0.00469841431,0.01125166085,0.78928125,"erp_differential_object_marking_300_600_lateral_weakprior_itemslope"
"z_recoded_grammaticality:z_recoded_mini_language",0.014567752,-0.0115913851,0.0408041185,0.86053125,"erp_differential_object_marking_300_600_lateral_weakprior_itemslope"
"z_recoded_session:z_recoded_mini_language",0.00983060025,-0.01656766945,0.035678892725,0.766375,"erp_differential_object_marking_300_600_lateral_weakprior_itemslope"
"z_recoded_grammaticality:z_recoded_hemisphere",0.02103527,0.013787317075,0.028290229375,1,"erp_differential_object_marking_300_600_lateral_weakprior_itemslope"
"z_recoded_grammaticality:z_recoded_caudality",0.0023029978,-0.005005553545,0.009588105515,0.73153125,"erp_differential_object_marking_300_600_lateral_weakprior_itemslope"
"z_recoded_grammaticality:z_recoded_session:z_recoded_mini_language",-0.0089830497,-0.016987350375,-0.00102416025000001,0.9865,"erp_differential_object_marking_300_600_lateral_weakprior_itemslope"
"Intercept",0.0007417098,-0.015215904275,0.016653278125,0.533625,"erp_differential_object_marking_300_600_lateral_weakprior"
"z_baseline_predictor",0.465587335,0.45803880725,0.473181407,1,"erp_differential_object_marking_300_600_lateral_weakprior"
"z_recoded_grammaticality",0.0117730395,-0.012237905125,0.0355655082,0.8370625,"erp_differential_object_marking_300_600_lateral_weakprior"
"z_recoded_session",-0.029583126,-0.055529991825,-0.00366950087750002,0.9873125,"erp_differential_object_marking_300_600_lateral_weakprior"
"z_recoded_mini_language",-0.0012657441,-0.0174186115,0.01451542695,0.56259375,"erp_differential_object_marking_300_600_lateral_weakprior"
"z_recoded_hemisphere",0.0140758345,0.006637444825,0.021437587075,0.99996875,"erp_differential_object_marking_300_600_lateral_weakprior"
"z_recoded_caudality",-0.0342744305,-0.04155572895,-0.02695822925,1,"erp_differential_object_marking_300_600_lateral_weakprior"
"z_multilingual_language_diversity",0.000514215645,-0.0080859575425,0.00928374412499999,0.54634375,"erp_differential_object_marking_300_600_lateral_weakprior"
"z_recoded_grammaticality:z_recoded_session",0.00339632705,-0.004599859135,0.0114391638,0.795875,"erp_differential_object_marking_300_600_lateral_weakprior"
"z_recoded_grammaticality:z_recoded_mini_language",0.014682634,-0.008978517565,0.03882395935,0.892125,"erp_differential_object_marking_300_600_lateral_weakprior"
"z_recoded_session:z_recoded_mini_language",0.00992159895,-0.0156040669,0.035469057075,0.77846875,"erp_differential_object_marking_300_600_lateral_weakprior"
"z_recoded_grammaticality:z_recoded_hemisphere",0.021087746,0.013677540575,0.028489700875,1,"erp_differential_object_marking_300_600_lateral_weakprior"
"z_recoded_grammaticality:z_recoded_caudality",0.0022955464,-0.0050120502225,0.00960684045499999,0.735125,"erp_differential_object_marking_300_600_lateral_weakprior"
"z_recoded_grammaticality:z_recoded_session:z_recoded_mini_language",-0.00782577645,-0.015848408375,0.0001567600995,0.97253125,"erp_differential_object_marking_300_600_lateral_weakprior"
"Intercept",0.016245796,-0.00657949659499999,0.0391386008,0.920125,"erp_differential_object_marking_300_600_midline_itemslope_retfree"
"z_baseline_predictor",0.433640075,0.4228622865,0.44451119525,1,"erp_differential_object_marking_300_600_midline_itemslope_retfree"
"z_recoded_grammaticality",0.00434591015,-0.027821157875,0.03622317425,0.60740625,"erp_differential_object_marking_300_600_midline_itemslope_retfree"
"z_recoded_session",-0.0463787915,-0.08000155815,-0.0128535242,0.996,"erp_differential_object_marking_300_600_midline_itemslope_retfree"
"z_recoded_mini_language",-0.005138538,-0.028241936325,0.017899770375,0.6686875,"erp_differential_object_marking_300_600_midline_itemslope_retfree"
"z_retention",0.0466885235,-0.00138512548499999,0.0945123362,0.97121875,"erp_differential_object_marking_300_600_midline_itemslope_retfree"
"z_recoded_caudality",-0.026299104,-0.036572492375,-0.01585976275,1,"erp_differential_object_marking_300_600_midline_itemslope_retfree"
"z_multilingual_language_diversity",-0.0011396907,-0.0132562365,0.011182146075,0.57025,"erp_differential_object_marking_300_600_midline_itemslope_retfree"
"z_recoded_grammaticality:z_recoded_session",0.013222089,-0.0063274664925,0.032489238875,0.90775,"erp_differential_object_marking_300_600_midline_itemslope_retfree"
"z_recoded_grammaticality:z_recoded_mini_language",-0.0084008847,-0.040470371325,0.0238003743999999,0.70025,"erp_differential_object_marking_300_600_midline_itemslope_retfree"
"z_recoded_session:z_recoded_mini_language",0.00609053335,-0.028346845225,0.0402532572999999,0.63625,"erp_differential_object_marking_300_600_midline_itemslope_retfree"
"z_recoded_grammaticality:z_retention",-0.0422845155,-0.087679998775,0.00374299605999995,0.96453125,"erp_differential_object_marking_300_600_midline_itemslope_retfree"
"z_recoded_mini_language:z_retention",-0.00799406625,-0.0555698445,0.0394974062249999,0.62871875,"erp_differential_object_marking_300_600_midline_itemslope_retfree"
"z_recoded_grammaticality:z_recoded_caudality",-0.0039933004,-0.014427540325,0.00653340064249999,0.771,"erp_differential_object_marking_300_600_midline_itemslope_retfree"
"z_recoded_grammaticality:z_recoded_session:z_recoded_mini_language",0.0270768,0.00788234076,0.0459787508,0.99725,"erp_differential_object_marking_300_600_midline_itemslope_retfree"
"z_recoded_grammaticality:z_recoded_mini_language:z_retention",-0.090881934,-0.13557387775,-0.04607363865,1,"erp_differential_object_marking_300_600_midline_itemslope_retfree"
"Intercept",0.00268462465,-0.01551690505,0.0207677014,0.61475,"erp_differential_object_marking_300_600_midline_itemslope"
"z_baseline_predictor",0.43320584,0.422285131,0.4441491015,1,"erp_differential_object_marking_300_600_midline_itemslope"
"z_recoded_grammaticality",0.016506513,-0.013573651925,0.04669188725,0.86209375,"erp_differential_object_marking_300_600_midline_itemslope"
"z_recoded_session",-0.0310069665,-0.0613207544,-0.00119194518500001,0.9790625,"erp_differential_object_marking_300_600_midline_itemslope"
"z_recoded_mini_language",-0.00337339315,-0.02169566875,0.015077954625,0.63875,"erp_differential_object_marking_300_600_midline_itemslope"
"z_recoded_caudality",-0.026283198,-0.036943058575,-0.015666737925,1,"erp_differential_object_marking_300_600_midline_itemslope"
"z_multilingual_language_diversity",-0.000982734055,-0.013047983525,0.011086882575,0.56159375,"erp_differential_object_marking_300_600_midline_itemslope"
"z_recoded_grammaticality:z_recoded_session",-0.00119695015,-0.012511269175,0.010033182075,0.583875,"erp_differential_object_marking_300_600_midline_itemslope"
"z_recoded_grammaticality:z_recoded_mini_language",0.016096026,-0.0148006358,0.046183308875,0.8528125,"erp_differential_object_marking_300_600_midline_itemslope"
"z_recoded_session:z_recoded_mini_language",0.0036660617,-0.02653003465,0.033787486425,0.5961875,"erp_differential_object_marking_300_600_midline_itemslope"
"z_recoded_grammaticality:z_recoded_caudality",-0.00397146065,-0.0144187128,0.0065183981625,0.77090625,"erp_differential_object_marking_300_600_midline_itemslope"
"z_recoded_grammaticality:z_recoded_session:z_recoded_mini_language",-0.003993351,-0.015311264825,0.007293125165,0.75296875,"erp_differential_object_marking_300_600_midline_itemslope"
"Intercept",0.015424248,-0.007228733725,0.038174691825,0.90528125,"erp_differential_object_marking_300_600_midline_retfree"
"z_baseline_predictor",0.43496299,0.42405036425,0.44577967575,1,"erp_differential_object_marking_300_600_midline_retfree"
"z_recoded_grammaticality",0.00588960185,-0.0237006165,0.035149273,0.65334375,"erp_differential_object_marking_300_600_midline_retfree"
"z_recoded_session",-0.04490042,-0.078440696175,-0.011528876525,0.9959375,"erp_differential_object_marking_300_600_midline_retfree"
"z_recoded_mini_language",-0.00346791245,-0.026448707925,0.01965686435,0.61421875,"erp_differential_object_marking_300_600_midline_retfree"
"z_retention",0.0449470025,-0.00299305424249998,0.092250401625,0.96678125,"erp_differential_object_marking_300_600_midline_retfree"
"z_recoded_caudality",-0.026378925,-0.0369370565,-0.0158026511,1,"erp_differential_object_marking_300_600_midline_retfree"
"z_multilingual_language_diversity",-0.0020835084,-0.0139582465,0.00980254869749998,0.6318125,"erp_differential_object_marking_300_600_midline_retfree"
"z_recoded_grammaticality:z_recoded_session",0.012921409,-0.006457383885,0.032416829975,0.90321875,"erp_differential_object_marking_300_600_midline_retfree"
"z_recoded_grammaticality:z_recoded_mini_language",-0.0084857008,-0.038035064225,0.021678051525,0.71159375,"erp_differential_object_marking_300_600_midline_retfree"
"z_recoded_session:z_recoded_mini_language",0.00548639775,-0.02819038065,0.0391266017749999,0.6245,"erp_differential_object_marking_300_600_midline_retfree"
"z_recoded_grammaticality:z_retention",-0.040478374,-0.085628982925,0.00533835336499997,0.9586875,"erp_differential_object_marking_300_600_midline_retfree"
"z_recoded_mini_language:z_retention",-0.0053960719,-0.05253893865,0.041455398325,0.58878125,"erp_differential_object_marking_300_600_midline_retfree"
"z_recoded_grammaticality:z_recoded_caudality",-0.0039583787,-0.0145011859,0.006541941495,0.76925,"erp_differential_object_marking_300_600_midline_retfree"
"z_recoded_grammaticality:z_recoded_session:z_recoded_mini_language",0.027813742,0.0086410306525,0.047077669525,0.99778125,"erp_differential_object_marking_300_600_midline_retfree"
"z_recoded_grammaticality:z_recoded_mini_language:z_retention",-0.089838776,-0.135192706,-0.0443968674250001,0.999875,"erp_differential_object_marking_300_600_midline_retfree"
"Intercept",0.0025131513,-0.01560964095,0.02035477725,0.60553125,"erp_differential_object_marking_300_600_midline"
"z_baseline_predictor",0.434539515,0.42362241125,0.4454271095,1,"erp_differential_object_marking_300_600_midline"
"z_recoded_grammaticality",0.0178034775,-0.00877141374749999,0.0451783975,0.90196875,"erp_differential_object_marking_300_600_midline"
"z_recoded_session",-0.0301898725,-0.060155911325,-0.000538606820500002,0.976875,"erp_differential_object_marking_300_600_midline"
"z_recoded_mini_language",-0.00241656735,-0.0205856432,0.016054968825,0.59890625,"erp_differential_object_marking_300_600_midline"
"z_recoded_caudality",-0.026323895,-0.036669376475,-0.015878863,1,"erp_differential_object_marking_300_600_midline"
"z_multilingual_language_diversity",-0.0020035609,-0.014007875575,0.00975949872499999,0.62709375,"erp_differential_object_marking_300_600_midline"
"z_recoded_grammaticality:z_recoded_session",-0.000692596115,-0.01219541205,0.01084372375,0.545875,"erp_differential_object_marking_300_600_midline"
"z_recoded_grammaticality:z_recoded_mini_language",0.0159876115,-0.01149456395,0.043295446375,0.87403125,"erp_differential_object_marking_300_600_midline"
"z_recoded_session:z_recoded_mini_language",0.00380768245,-0.026217345375,0.033463914125,0.60046875,"erp_differential_object_marking_300_600_midline"
"z_recoded_grammaticality:z_recoded_caudality",-0.00396556065,-0.0146214503,0.00661496037749999,0.7714375,"erp_differential_object_marking_300_600_midline"
"z_recoded_grammaticality:z_recoded_session:z_recoded_mini_language",-0.0029322624,-0.01434791805,0.008483609235,0.6983125,"erp_differential_object_marking_300_600_midline"
"Intercept",0.0027324905,-0.015648312325,0.020779832775,0.6135,"erp_differential_object_marking_300_600_midline_weakprior_itemslope"
"z_baseline_predictor",0.43327007,0.42246011775,0.44419603225,1,"erp_differential_object_marking_300_600_midline_weakprior_itemslope"
"z_recoded_grammaticality",0.0166635495,-0.013628385275,0.0465030604,0.8644375,"erp_differential_object_marking_300_600_midline_weakprior_itemslope"
"z_recoded_session",-0.031030052,-0.06148046375,-0.00122875063500001,0.97871875,"erp_differential_object_marking_300_600_midline_weakprior_itemslope"
"z_recoded_mini_language",-0.00334114875,-0.021876682025,0.015052297525,0.64,"erp_differential_object_marking_300_600_midline_weakprior_itemslope"
"z_recoded_caudality",-0.026313459,-0.0366859731,-0.015896974,1,"erp_differential_object_marking_300_600_midline_weakprior_itemslope"
"z_multilingual_language_diversity",-0.000999264035,-0.013048716725,0.010967171375,0.56540625,"erp_differential_object_marking_300_600_midline_weakprior_itemslope"
"z_recoded_grammaticality:z_recoded_session",-0.0011940139,-0.0126150991,0.010072606775,0.58378125,"erp_differential_object_marking_300_600_midline_weakprior_itemslope"
"z_recoded_grammaticality:z_recoded_mini_language",0.016118246,-0.0139715825,0.04589788835,0.8554375,"erp_differential_object_marking_300_600_midline_weakprior_itemslope"
"z_recoded_session:z_recoded_mini_language",0.00372229445,-0.026171025925,0.033869730725,0.59921875,"erp_differential_object_marking_300_600_midline_weakprior_itemslope"
"z_recoded_grammaticality:z_recoded_caudality",-0.00394249065,-0.01433072285,0.006558899415,0.76903125,"erp_differential_object_marking_300_600_midline_weakprior_itemslope"
"z_recoded_grammaticality:z_recoded_session:z_recoded_mini_language",-0.00392664355,-0.015256332775,0.00742078841499997,0.7541875,"erp_differential_object_marking_300_600_midline_weakprior_itemslope"
"Intercept",0.00243532885,-0.015414081875,0.020585861375,0.60759375,"erp_differential_object_marking_300_600_midline_weakprior"
"z_baseline_predictor",0.434627135,0.4236851775,0.44551037725,1,"erp_differential_object_marking_300_600_midline_weakprior"
"z_recoded_grammaticality",0.017691744,-0.0094935386725,0.04509243745,0.89834375,"erp_differential_object_marking_300_600_midline_weakprior"
"z_recoded_session",-0.0301086135,-0.060214209775,0.000320987128249999,0.974,"erp_differential_object_marking_300_600_midline_weakprior"
"z_recoded_mini_language",-0.00251147715,-0.020739624425,0.015994854375,0.60740625,"erp_differential_object_marking_300_600_midline_weakprior"
"z_recoded_caudality",-0.026292028,-0.036779013875,-0.01586532515,1,"erp_differential_object_marking_300_600_midline_weakprior"
"z_multilingual_language_diversity",-0.0019272024,-0.01382565705,0.0100078787,0.624375,"erp_differential_object_marking_300_600_midline_weakprior"
"z_recoded_grammaticality:z_recoded_session",-0.00064547611,-0.012083721125,0.01069707155,0.5448125,"erp_differential_object_marking_300_600_midline_weakprior"
"z_recoded_grammaticality:z_recoded_mini_language",0.0156141525,-0.01185939055,0.0430632324749999,0.87075,"erp_differential_object_marking_300_600_midline_weakprior"
"z_recoded_session:z_recoded_mini_language",0.00370030105,-0.02605738445,0.033463408625,0.59621875,"erp_differential_object_marking_300_600_midline_weakprior"
"z_recoded_grammaticality:z_recoded_caudality",-0.00395902655,-0.0145349179,0.00644024951,0.77259375,"erp_differential_object_marking_300_600_midline_weakprior"
"z_recoded_grammaticality:z_recoded_session:z_recoded_mini_language",-0.0029656764,-0.01434368685,0.00851381955499994,0.69421875,"erp_differential_object_marking_300_600_midline_weakprior"
"Intercept",-0.019178515,-0.042568127125,0.0034501250775,0.9526875,"erp_differential_object_marking_400_900_lateral_itemslope_retfree"
"z_baseline_predictor",0.40249544,0.3947673725,0.41039571225,1,"erp_differential_object_marking_400_900_lateral_itemslope_retfree"
"z_recoded_grammaticality",-0.013153906,-0.041728458275,0.015589992825,0.816,"erp_differential_object_marking_400_900_lateral_itemslope_retfree"
"z_recoded_session",-0.00085937656,-0.03690857045,0.035506565775,0.5185,"erp_differential_object_marking_400_900_lateral_itemslope_retfree"
"z_recoded_mini_language",-0.027774015,-0.0510002833,-0.00488845628250002,0.991875,"erp_differential_object_marking_400_900_lateral_itemslope_retfree"
"z_retention",-0.0650826985,-0.10220954525,-0.027994225025,0.99971875,"erp_differential_object_marking_400_900_lateral_itemslope_retfree"
"z_recoded_hemisphere",-0.00501600655,-0.012516966775,0.00249979144,0.903375,"erp_differential_object_marking_400_900_lateral_itemslope_retfree"
"z_recoded_caudality",0.0485038025,0.040902827475,0.056048066725,1,"erp_differential_object_marking_400_900_lateral_itemslope_retfree"
"z_multilingual_language_diversity",0.010177344,-0.001059620025,0.02162514005,0.962125,"erp_differential_object_marking_400_900_lateral_itemslope_retfree"
"z_recoded_grammaticality:z_recoded_session",-0.000198956775,-0.0143648453,0.013649203375,0.5121875,"erp_differential_object_marking_400_900_lateral_itemslope_retfree"
"z_recoded_grammaticality:z_recoded_mini_language",0.0097802146,-0.019074240225,0.039158992875,0.745,"erp_differential_object_marking_400_900_lateral_itemslope_retfree"
"z_recoded_session:z_recoded_mini_language",0.01663514,-0.019635832,0.0529555467,0.817375,"erp_differential_object_marking_400_900_lateral_itemslope_retfree"
"z_recoded_grammaticality:z_retention",0.014769159,-0.0178130891,0.047814928475,0.813,"erp_differential_object_marking_400_900_lateral_itemslope_retfree"
"z_recoded_mini_language:z_retention",-0.062860059,-0.100290904,-0.025788269375,0.99946875,"erp_differential_object_marking_400_900_lateral_itemslope_retfree"
"z_recoded_grammaticality:z_recoded_hemisphere",0.0193240625,0.011833454475,0.026801727475,1,"erp_differential_object_marking_400_900_lateral_itemslope_retfree"
"z_recoded_grammaticality:z_recoded_caudality",0.00428902065,-0.0032006353175,0.011749576075,0.8685,"erp_differential_object_marking_400_900_lateral_itemslope_retfree"
"z_recoded_grammaticality:z_recoded_session:z_recoded_mini_language",-0.00381591705,-0.0179373301,0.00992895218999999,0.70528125,"erp_differential_object_marking_400_900_lateral_itemslope_retfree"
"z_recoded_grammaticality:z_recoded_mini_language:z_retention",-0.0223034115,-0.05469271935,0.0108723098,0.90840625,"erp_differential_object_marking_400_900_lateral_itemslope_retfree"
"Intercept",0.00238644525,-0.016231043625,0.02105607375,0.59796875,"erp_differential_object_marking_400_900_lateral_itemslope"
"z_baseline_predictor",0.402751075,0.39496291075,0.41055584325,1,"erp_differential_object_marking_400_900_lateral_itemslope"
"z_recoded_grammaticality",-0.0168396725,-0.044690899525,0.011342853075,0.88228125,"erp_differential_object_marking_400_900_lateral_itemslope"
"z_recoded_session",-0.019084526,-0.052808181975,0.014268828375,0.8689375,"erp_differential_object_marking_400_900_lateral_itemslope"
"z_recoded_mini_language",-0.0064267618,-0.025351652625,0.01262315185,0.74734375,"erp_differential_object_marking_400_900_lateral_itemslope"
"z_recoded_hemisphere",-0.00500777185,-0.012465270725,0.0025684122775,0.90171875,"erp_differential_object_marking_400_900_lateral_itemslope"
"z_recoded_caudality",0.048513109,0.040975093125,0.0558865606,1,"erp_differential_object_marking_400_900_lateral_itemslope"
"z_multilingual_language_diversity",0.00802048415,-0.003039137785,0.018826740625,0.92525,"erp_differential_object_marking_400_900_lateral_itemslope"
"z_recoded_grammaticality:z_recoded_session",0.0049166636,-0.0032383887525,0.0132632619,0.87878125,"erp_differential_object_marking_400_900_lateral_itemslope"
"z_recoded_grammaticality:z_recoded_mini_language",0.0149472785,-0.01254968175,0.042851409775,0.85925,"erp_differential_object_marking_400_900_lateral_itemslope"
"z_recoded_session:z_recoded_mini_language",-0.0010202851,-0.03435701695,0.032793036975,0.524,"erp_differential_object_marking_400_900_lateral_itemslope"
"z_recoded_grammaticality:z_recoded_hemisphere",0.0193666785,0.011886360925,0.02685874665,1,"erp_differential_object_marking_400_900_lateral_itemslope"
"z_recoded_grammaticality:z_recoded_caudality",0.0042866482,-0.00315531093,0.0117812766,0.86825,"erp_differential_object_marking_400_900_lateral_itemslope"
"z_recoded_grammaticality:z_recoded_session:z_recoded_mini_language",-0.0114292685,-0.019611679,-0.00315019444,0.99678125,"erp_differential_object_marking_400_900_lateral_itemslope"
"Intercept",-0.0192983375,-0.042276109675,0.00336484940999999,0.95309375,"erp_differential_object_marking_400_900_lateral_retfree"
"z_baseline_predictor",0.403981885,0.39616146825,0.41176329875,1,"erp_differential_object_marking_400_900_lateral_retfree"
"z_recoded_grammaticality",-0.0137170815,-0.04038459215,0.013112996775,0.84740625,"erp_differential_object_marking_400_900_lateral_retfree"
"z_recoded_session",-0.000694433615,-0.036038059725,0.034960295425,0.51675,"erp_differential_object_marking_400_900_lateral_retfree"
"z_recoded_mini_language",-0.0257426885,-0.04913556465,-0.002954559705,0.98659375,"erp_differential_object_marking_400_900_lateral_retfree"
"z_retention",-0.0651891055,-0.102161005,-0.0284448889,0.99959375,"erp_differential_object_marking_400_900_lateral_retfree"
"z_recoded_hemisphere",-0.0049808047,-0.01249094005,0.00262299766249999,0.89915625,"erp_differential_object_marking_400_900_lateral_retfree"
"z_recoded_caudality",0.0484361785,0.0410060661,0.055868371825,1,"erp_differential_object_marking_400_900_lateral_retfree"
"z_multilingual_language_diversity",0.00907715055,-0.0024578062825,0.020612969525,0.939875,"erp_differential_object_marking_400_900_lateral_retfree"
"z_recoded_grammaticality:z_recoded_session",-0.000618668035,-0.01464309145,0.013314463925,0.53325,"erp_differential_object_marking_400_900_lateral_retfree"
"z_recoded_grammaticality:z_recoded_mini_language",0.00966697555,-0.016572864825,0.03637614065,0.7685625,"erp_differential_object_marking_400_900_lateral_retfree"
"z_recoded_session:z_recoded_mini_language",0.0166928955,-0.01874189705,0.052611549125,0.82346875,"erp_differential_object_marking_400_900_lateral_retfree"
"z_recoded_grammaticality:z_retention",0.0150513985,-0.0177231461,0.047876040425,0.817,"erp_differential_object_marking_400_900_lateral_retfree"
"z_recoded_mini_language:z_retention",-0.061523324,-0.0984681546,-0.024459947425,0.99940625,"erp_differential_object_marking_400_900_lateral_retfree"
"z_recoded_grammaticality:z_recoded_hemisphere",0.019375011,0.0118388007,0.0269042322,1,"erp_differential_object_marking_400_900_lateral_retfree"
"z_recoded_grammaticality:z_recoded_caudality",0.0042876935,-0.0032886459,0.011895181325,0.865375,"erp_differential_object_marking_400_900_lateral_retfree"
"z_recoded_grammaticality:z_recoded_session:z_recoded_mini_language",-0.0029508566,-0.017036273025,0.011042682825,0.663625,"erp_differential_object_marking_400_900_lateral_retfree"
"z_recoded_grammaticality:z_recoded_mini_language:z_retention",-0.0226033535,-0.055398939575,0.0102475385749999,0.91078125,"erp_differential_object_marking_400_900_lateral_retfree"
"Intercept",0.0021120791,-0.016508945725,0.020784821725,0.58709375,"erp_differential_object_marking_400_900_lateral"
"z_baseline_predictor",0.40421451,0.39624911275,0.41203841275,1,"erp_differential_object_marking_400_900_lateral"
"z_recoded_grammaticality",-0.0177393765,-0.0428060728,0.00743632041749999,0.9190625,"erp_differential_object_marking_400_900_lateral"
"z_recoded_session",-0.018700301,-0.0519361699,0.013759639475,0.87125,"erp_differential_object_marking_400_900_lateral"
"z_recoded_mini_language",-0.0045905989,-0.023593884925,0.013903640575,0.6840625,"erp_differential_object_marking_400_900_lateral"
"z_recoded_hemisphere",-0.0049422189,-0.0123985087,0.002570275825,0.89915625,"erp_differential_object_marking_400_900_lateral"
"z_recoded_caudality",0.0484448445,0.04098808005,0.056013293,1,"erp_differential_object_marking_400_900_lateral"
"z_multilingual_language_diversity",0.0068338626,-0.00440078239249999,0.018121696925,0.88484375,"erp_differential_object_marking_400_900_lateral"
"z_recoded_grammaticality:z_recoded_session",0.00461566745,-0.003649679795,0.012907451075,0.86296875,"erp_differential_object_marking_400_900_lateral"
"z_recoded_grammaticality:z_recoded_mini_language",0.0153451015,-0.00923478448499998,0.04036543405,0.89215625,"erp_differential_object_marking_400_900_lateral"
"z_recoded_session:z_recoded_mini_language",-0.00027264396,-0.033106562775,0.03277376905,0.5065625,"erp_differential_object_marking_400_900_lateral"
"z_recoded_grammaticality:z_recoded_hemisphere",0.0193324065,0.0117397037,0.0269580156,1,"erp_differential_object_marking_400_900_lateral"
"z_recoded_grammaticality:z_recoded_caudality",0.00430121795,-0.0033729771575,0.0119268904,0.865375,"erp_differential_object_marking_400_900_lateral"
"z_recoded_grammaticality:z_recoded_session:z_recoded_mini_language",-0.010673904,-0.01905966495,-0.002227279245,0.99321875,"erp_differential_object_marking_400_900_lateral"
"Intercept",0.00234948285,-0.016486842,0.02125165965,0.598,"erp_differential_object_marking_400_900_lateral_weakprior_itemslope"
"z_baseline_predictor",0.40276034,0.394990547,0.41057842975,1,"erp_differential_object_marking_400_900_lateral_weakprior_itemslope"
"z_recoded_grammaticality",-0.016580001,-0.044237581025,0.011132271075,0.88196875,"erp_differential_object_marking_400_900_lateral_weakprior_itemslope"
"z_recoded_session",-0.0192541155,-0.05216511875,0.014442125975,0.87053125,"erp_differential_object_marking_400_900_lateral_weakprior_itemslope"
"z_recoded_mini_language",-0.00621832475,-0.0255945663,0.01270218135,0.74340625,"erp_differential_object_marking_400_900_lateral_weakprior_itemslope"
"z_recoded_hemisphere",-0.00499410685,-0.01250371335,0.0025077635875,0.90315625,"erp_differential_object_marking_400_900_lateral_weakprior_itemslope"
"z_recoded_caudality",0.048513735,0.040915115825,0.056032479,1,"erp_differential_object_marking_400_900_lateral_weakprior_itemslope"
"z_multilingual_language_diversity",0.0079478429,-0.00290620895999999,0.018739566475,0.92365625,"erp_differential_object_marking_400_900_lateral_weakprior_itemslope"
"z_recoded_grammaticality:z_recoded_session",0.0049751068,-0.0033169201225,0.0131594098,0.8816875,"erp_differential_object_marking_400_900_lateral_weakprior_itemslope"
"z_recoded_grammaticality:z_recoded_mini_language",0.015090154,-0.012754834425,0.04243286535,0.85778125,"erp_differential_object_marking_400_900_lateral_weakprior_itemslope"
"z_recoded_session:z_recoded_mini_language",-0.000952539125,-0.03443647025,0.032781091025,0.523375,"erp_differential_object_marking_400_900_lateral_weakprior_itemslope"
"z_recoded_grammaticality:z_recoded_hemisphere",0.019315525,0.011832870425,0.026966640075,1,"erp_differential_object_marking_400_900_lateral_weakprior_itemslope"
"z_recoded_grammaticality:z_recoded_caudality",0.00423214105,-0.0032769168025,0.011806559025,0.8633125,"erp_differential_object_marking_400_900_lateral_weakprior_itemslope"
"z_recoded_grammaticality:z_recoded_session:z_recoded_mini_language",-0.0114076655,-0.019701904625,-0.00317764361000001,0.9965,"erp_differential_object_marking_400_900_lateral_weakprior_itemslope"
"Intercept",0.00217522465,-0.0166368908,0.020873751225,0.58915625,"erp_differential_object_marking_400_900_lateral_weakprior"
"z_baseline_predictor",0.40418818,0.3962801175,0.41200768575,1,"erp_differential_object_marking_400_900_lateral_weakprior"
"z_recoded_grammaticality",-0.0173472115,-0.04204848085,0.00749351799249999,0.91615625,"erp_differential_object_marking_400_900_lateral_weakprior"
"z_recoded_session",-0.0185602955,-0.051632028675,0.013524516375,0.871625,"erp_differential_object_marking_400_900_lateral_weakprior"
"z_recoded_mini_language",-0.0048080431,-0.02370206945,0.014162213575,0.69103125,"erp_differential_object_marking_400_900_lateral_weakprior"
"z_recoded_hemisphere",-0.0049757997,-0.01253794055,0.0026351752475,0.8958125,"erp_differential_object_marking_400_900_lateral_weakprior"
"z_recoded_caudality",0.0484642475,0.0407658835,0.056128171025,1,"erp_differential_object_marking_400_900_lateral_weakprior"
"z_multilingual_language_diversity",0.0068436243,-0.0042832261375,0.018011785975,0.88975,"erp_differential_object_marking_400_900_lateral_weakprior"
"z_recoded_grammaticality:z_recoded_session",0.00463404425,-0.00355273448,0.01293770705,0.86553125,"erp_differential_object_marking_400_900_lateral_weakprior"
"z_recoded_grammaticality:z_recoded_mini_language",0.0151869115,-0.00955792035499998,0.03988550905,0.88790625,"erp_differential_object_marking_400_900_lateral_weakprior"
"z_recoded_session:z_recoded_mini_language",-0.00041928726,-0.033150869475,0.0324677841249999,0.51059375,"erp_differential_object_marking_400_900_lateral_weakprior"
"z_recoded_grammaticality:z_recoded_hemisphere",0.0193895195,0.011892711625,0.026878725425,1,"erp_differential_object_marking_400_900_lateral_weakprior"
"z_recoded_grammaticality:z_recoded_caudality",0.0042952131,-0.00324781707,0.011830020125,0.86721875,"erp_differential_object_marking_400_900_lateral_weakprior"
"z_recoded_grammaticality:z_recoded_session:z_recoded_mini_language",-0.0106377885,-0.018760766275,-0.002501686215,0.9951875,"erp_differential_object_marking_400_900_lateral_weakprior"
"Intercept",-0.0204700165,-0.046530110675,0.00458475246499999,0.94465625,"erp_differential_object_marking_400_900_midline_itemslope_retfree"
"z_baseline_predictor",0.364673855,0.3536689215,0.3755808925,1,"erp_differential_object_marking_400_900_midline_itemslope_retfree"
"z_recoded_grammaticality",-0.020649265,-0.054330818475,0.01230729605,0.89075,"erp_differential_object_marking_400_900_midline_itemslope_retfree"
"z_recoded_session",0.011694204,-0.0278179019,0.051447239625,0.7218125,"erp_differential_object_marking_400_900_midline_itemslope_retfree"
"z_recoded_mini_language",-0.019499152,-0.045995996475,0.0062287603275,0.93065625,"erp_differential_object_marking_400_900_midline_itemslope_retfree"
"z_retention",-0.0836274915,-0.13432511625,-0.03337510955,0.9994375,"erp_differential_object_marking_400_900_midline_itemslope_retfree"
"z_recoded_caudality",0.028789649,0.018018119625,0.039505131425,1,"erp_differential_object_marking_400_900_midline_itemslope_retfree"
"z_multilingual_language_diversity",0.00787056775,-0.005795010555,0.0219953775,0.87121875,"erp_differential_object_marking_400_900_midline_itemslope_retfree"
"z_recoded_grammaticality:z_recoded_session",-0.0027282829,-0.022479255625,0.016715500425,0.609625,"erp_differential_object_marking_400_900_midline_itemslope_retfree"
"z_recoded_grammaticality:z_recoded_mini_language",0.0016483109,-0.031271018875,0.035041551075,0.5401875,"erp_differential_object_marking_400_900_midline_itemslope_retfree"
"z_recoded_session:z_recoded_mini_language",0.0011737835,-0.038149602725,0.04051145515,0.5226875,"erp_differential_object_marking_400_900_midline_itemslope_retfree"
"z_recoded_grammaticality:z_retention",0.00243157385,-0.043553684975,0.0486868752,0.540625,"erp_differential_object_marking_400_900_midline_itemslope_retfree"
"z_recoded_mini_language:z_retention",-0.038617804,-0.09026946165,0.011633957625,0.93309375,"erp_differential_object_marking_400_900_midline_itemslope_retfree"
"z_recoded_grammaticality:z_recoded_caudality",-0.0061004076,-0.016820709475,0.00477130833999999,0.86540625,"erp_differential_object_marking_400_900_midline_itemslope_retfree"
"z_recoded_grammaticality:z_recoded_session:z_recoded_mini_language",0.0203633975,0.000526005269500015,0.04036619335,0.977875,"erp_differential_object_marking_400_900_midline_itemslope_retfree"
"z_recoded_grammaticality:z_recoded_mini_language:z_retention",-0.078563563,-0.12533184475,-0.0316434848,0.99946875,"erp_differential_object_marking_400_900_midline_itemslope_retfree"
"Intercept",0.0052424932,-0.01445344795,0.024875033925,0.69825,"erp_differential_object_marking_400_900_midline_itemslope"
"z_baseline_predictor",0.365070195,0.35367328,0.37627365625,1,"erp_differential_object_marking_400_900_midline_itemslope"
"z_recoded_grammaticality",-0.020591171,-0.0509506452,0.01050339945,0.9063125,"erp_differential_object_marking_400_900_midline_itemslope"
"z_recoded_session",-0.013147418,-0.0485967785,0.022738887725,0.7670625,"erp_differential_object_marking_400_900_midline_itemslope"
"z_recoded_mini_language",-0.0058407254,-0.0257087635,0.013737841575,0.71659375,"erp_differential_object_marking_400_900_midline_itemslope"
"z_recoded_caudality",0.028789437,0.0180729267,0.0395415673,1,"erp_differential_object_marking_400_900_midline_itemslope"
"z_multilingual_language_diversity",0.00506729745,-0.00805828521749999,0.0186277027,0.77384375,"erp_differential_object_marking_400_900_midline_itemslope"
"z_recoded_grammaticality:z_recoded_session",-0.0016973237,-0.0133180667,0.00996187249999999,0.610625,"erp_differential_object_marking_400_900_midline_itemslope"
"z_recoded_grammaticality:z_recoded_mini_language",0.022216878,-0.0087813134475,0.05296943555,0.921375,"erp_differential_object_marking_400_900_midline_itemslope"
"z_recoded_session:z_recoded_mini_language",-0.0095223756,-0.045040139525,0.0265574198,0.69859375,"erp_differential_object_marking_400_900_midline_itemslope"
"z_recoded_grammaticality:z_recoded_caudality",-0.00603096745,-0.016822338025,0.00484283529,0.86690625,"erp_differential_object_marking_400_900_midline_itemslope"
"z_recoded_grammaticality:z_recoded_session:z_recoded_mini_language",-0.0065446277,-0.017989196175,0.0050110305225,0.862875,"erp_differential_object_marking_400_900_midline_itemslope"
"Intercept",-0.020559079,-0.046261662025,0.00432274078249999,0.9478125,"erp_differential_object_marking_400_900_midline_retfree"
"z_baseline_predictor",0.36639393,0.35524336025,0.37750135975,1,"erp_differential_object_marking_400_900_midline_retfree"
"z_recoded_grammaticality",-0.020670486,-0.05063511645,0.0099146930075,0.91184375,"erp_differential_object_marking_400_900_midline_retfree"
"z_recoded_session",0.0117876275,-0.027137973175,0.050835453925,0.72821875,"erp_differential_object_marking_400_900_midline_retfree"
"z_recoded_mini_language",-0.016686476,-0.0431910838,0.00872255346249999,0.89753125,"erp_differential_object_marking_400_900_midline_retfree"
"z_retention",-0.082961832,-0.13380383325,-0.0329366789750001,0.9993125,"erp_differential_object_marking_400_900_midline_retfree"
"z_recoded_caudality",0.0288115605,0.017875025575,0.03963705055,1,"erp_differential_object_marking_400_900_midline_retfree"
"z_multilingual_language_diversity",0.0063547742,-0.00713529887,0.020246750675,0.82390625,"erp_differential_object_marking_400_900_midline_retfree"
"z_recoded_grammaticality:z_recoded_session",-0.00325263505,-0.022792663275,0.01630222295,0.6244375,"erp_differential_object_marking_400_900_midline_retfree"
"z_recoded_grammaticality:z_recoded_mini_language",0.000892040645,-0.028866084925,0.0308784576,0.52340625,"erp_differential_object_marking_400_900_midline_retfree"
"z_recoded_session:z_recoded_mini_language",0.000668487545,-0.03851343845,0.04046704265,0.51325,"erp_differential_object_marking_400_900_midline_retfree"
"z_recoded_grammaticality:z_retention",0.00373439305,-0.04180566005,0.05044712565,0.5634375,"erp_differential_object_marking_400_900_midline_retfree"
"z_recoded_mini_language:z_retention",-0.034696224,-0.0865567995,0.0167991677,0.90678125,"erp_differential_object_marking_400_900_midline_retfree"
"z_recoded_grammaticality:z_recoded_caudality",-0.0059912583,-0.01685775305,0.00483585233249999,0.8641875,"erp_differential_object_marking_400_900_midline_retfree"
"z_recoded_grammaticality:z_recoded_session:z_recoded_mini_language",0.021576483,0.00183205316250002,0.041399405475,0.98409375,"erp_differential_object_marking_400_900_midline_retfree"
"z_recoded_grammaticality:z_recoded_mini_language:z_retention",-0.0805513895,-0.1272558605,-0.03455778505,0.999625,"erp_differential_object_marking_400_900_midline_retfree"
"Intercept",0.0046820479,-0.0148263132,0.024304844025,0.68209375,"erp_differential_object_marking_400_900_midline"
"z_baseline_predictor",0.366788485,0.355705569,0.3777765325,1,"erp_differential_object_marking_400_900_midline"
"z_recoded_grammaticality",-0.020718934,-0.048090697075,0.0069536880175,0.92996875,"erp_differential_object_marking_400_900_midline"
"z_recoded_session",-0.013354185,-0.04796203845,0.021394162025,0.77259375,"erp_differential_object_marking_400_900_midline"
"z_recoded_mini_language",-0.00420495395,-0.023840681675,0.015317130625,0.660375,"erp_differential_object_marking_400_900_midline"
"z_recoded_caudality",0.028800416,0.01789302385,0.0397547825,1,"erp_differential_object_marking_400_900_midline"
"z_multilingual_language_diversity",0.003818556,-0.0090891224275,0.017043261525,0.7165625,"erp_differential_object_marking_400_900_midline"
"z_recoded_grammaticality:z_recoded_session",-0.00158020995,-0.01336029725,0.0102798195,0.60603125,"erp_differential_object_marking_400_900_midline"
"z_recoded_grammaticality:z_recoded_mini_language",0.022061891,-0.00563187214499999,0.049333003225,0.9415625,"erp_differential_object_marking_400_900_midline"
"z_recoded_session:z_recoded_mini_language",-0.0092250281,-0.044017381425,0.025700533225,0.6956875,"erp_differential_object_marking_400_900_midline"
"z_recoded_grammaticality:z_recoded_caudality",-0.0060151369,-0.016924369775,0.00492081565749998,0.86071875,"erp_differential_object_marking_400_900_midline"
"z_recoded_grammaticality:z_recoded_session:z_recoded_mini_language",-0.0061276995,-0.01796165295,0.00570066971749999,0.84534375,"erp_differential_object_marking_400_900_midline"
"Intercept",0.00522496055,-0.0141793325,0.0247420308,0.70128125,"erp_differential_object_marking_400_900_midline_weakprior_itemslope"
"z_baseline_predictor",0.36512497,0.35379760775,0.37647769875,1,"erp_differential_object_marking_400_900_midline_weakprior_itemslope"
"z_recoded_grammaticality",-0.020170494,-0.050975753025,0.01049162665,0.904375,"erp_differential_object_marking_400_900_midline_weakprior_itemslope"
"z_recoded_session",-0.0134775365,-0.049630293875,0.0223503062999999,0.7726875,"erp_differential_object_marking_400_900_midline_weakprior_itemslope"
"z_recoded_mini_language",-0.00573192185,-0.025970611,0.014226206375,0.71296875,"erp_differential_object_marking_400_900_midline_weakprior_itemslope"
"z_recoded_caudality",0.028825887,0.017959887275,0.039644854625,1,"erp_differential_object_marking_400_900_midline_weakprior_itemslope"
"z_multilingual_language_diversity",0.00511044555,-0.007935732585,0.01847705875,0.77921875,"erp_differential_object_marking_400_900_midline_weakprior_itemslope"
"z_recoded_grammaticality:z_recoded_session",-0.00164965255,-0.013235064725,0.00997265839,0.61115625,"erp_differential_object_marking_400_900_midline_weakprior_itemslope"
"z_recoded_grammaticality:z_recoded_mini_language",0.022254621,-0.00845191885749998,0.05311587325,0.92540625,"erp_differential_object_marking_400_900_midline_weakprior_itemslope"
"z_recoded_session:z_recoded_mini_language",-0.00945909905,-0.045691857775,0.026592695275,0.7020625,"erp_differential_object_marking_400_900_midline_weakprior_itemslope"
"z_recoded_grammaticality:z_recoded_caudality",-0.0061011731,-0.0169638248,0.004768344085,0.86740625,"erp_differential_object_marking_400_900_midline_weakprior_itemslope"
"z_recoded_grammaticality:z_recoded_session:z_recoded_mini_language",-0.0064245032,-0.018162507525,0.0052198647925,0.86290625,"erp_differential_object_marking_400_900_midline_weakprior_itemslope"
"Intercept",0.00475195805,-0.0148554502,0.024560344575,0.68228125,"erp_differential_object_marking_400_900_midline_weakprior"
"z_baseline_predictor",0.36687694,0.35562867475,0.3781587405,1,"erp_differential_object_marking_400_900_midline_weakprior"
"z_recoded_grammaticality",-0.0205500445,-0.047978653825,0.0074343785525,0.928875,"erp_differential_object_marking_400_900_midline_weakprior"
"z_recoded_session",-0.0133940105,-0.047990204675,0.02136733705,0.77803125,"erp_differential_object_marking_400_900_midline_weakprior"
"z_recoded_mini_language",-0.00442875445,-0.024360669775,0.015602466175,0.67384375,"erp_differential_object_marking_400_900_midline_weakprior"
"z_recoded_caudality",0.028762642,0.017979272525,0.039674405875,1,"erp_differential_object_marking_400_900_midline_weakprior"
"z_multilingual_language_diversity",0.003996987,-0.009273825485,0.0172664769,0.72265625,"erp_differential_object_marking_400_900_midline_weakprior"
"z_recoded_grammaticality:z_recoded_session",-0.00154507015,-0.01320679855,0.010211650925,0.6028125,"erp_differential_object_marking_400_900_midline_weakprior"
"z_recoded_grammaticality:z_recoded_mini_language",0.02194611,-0.005616800335,0.04958257525,0.94246875,"erp_differential_object_marking_400_900_midline_weakprior"
"z_recoded_session:z_recoded_mini_language",-0.00924765705,-0.044517821425,0.0255955253,0.7008125,"erp_differential_object_marking_400_900_midline_weakprior"
"z_recoded_grammaticality:z_recoded_caudality",-0.0060514718,-0.016859661575,0.00470514263249997,0.864375,"erp_differential_object_marking_400_900_midline_weakprior"
"z_recoded_grammaticality:z_recoded_session:z_recoded_mini_language",-0.0061037822,-0.017881074525,0.00548649268,0.8464375,"erp_differential_object_marking_400_900_midline_weakprior"
"Intercept",0.0118760535,-0.00645495524499999,0.030281979525,0.90015625,"erp_gender_agreement_200_500_lateral_itemslope_retfree"
"z_baseline_predictor",0.52528695,0.5191486785,0.531337013,1,"erp_gender_agreement_200_500_lateral_itemslope_retfree"
"z_recoded_grammaticality",0.0136522435,-0.00477614384749999,0.03215031475,0.9275,"erp_gender_agreement_200_500_lateral_itemslope_retfree"
"z_recoded_session",0.0366260795,-0.000686978565249995,0.0731148196999999,0.9728125,"erp_gender_agreement_200_500_lateral_itemslope_retfree"
"z_recoded_mini_language",0.011114363,-0.00739728027749999,0.02939987235,0.88696875,"erp_gender_agreement_200_500_lateral_itemslope_retfree"
"z_retention",0.0211721275,-0.005882958645,0.04829135525,0.937875,"erp_gender_agreement_200_500_lateral_itemslope_retfree"
"z_recoded_hemisphere",0.0521602965,0.0462187138,0.058107476475,1,"erp_gender_agreement_200_500_lateral_itemslope_retfree"
"z_recoded_caudality",-0.0439247975,-0.049843828475,-0.038038279575,1,"erp_gender_agreement_200_500_lateral_itemslope_retfree"
"z_multilingual_language_diversity",-0.0045549137,-0.01649834385,0.007100513855,0.7815,"erp_gender_agreement_200_500_lateral_itemslope_retfree"
"z_recoded_grammaticality:z_recoded_session",0.011569468,0.0028508805125,0.02012430895,0.9949375,"erp_gender_agreement_200_500_lateral_itemslope_retfree"
"z_recoded_grammaticality:z_recoded_mini_language",0.00561933935,-0.01309477595,0.023733290025,0.72221875,"erp_gender_agreement_200_500_lateral_itemslope_retfree"
"z_recoded_session:z_recoded_mini_language",-0.0383124025,-0.074950496025,-0.00141342558250011,0.97915625,"erp_gender_agreement_200_500_lateral_itemslope_retfree"
"z_recoded_grammaticality:z_retention",0.00331192915,-0.020010416425,0.02677384885,0.60865625,"erp_gender_agreement_200_500_lateral_itemslope_retfree"
"z_recoded_mini_language:z_retention",0.029859499,0.00345352448250001,0.0560511622,0.98640625,"erp_gender_agreement_200_500_lateral_itemslope_retfree"
"z_recoded_grammaticality:z_recoded_hemisphere",0.0036609093,-0.00221107187,0.0095220846325,0.886125,"erp_gender_agreement_200_500_lateral_itemslope_retfree"
"z_recoded_grammaticality:z_recoded_caudality",-0.0044787425,-0.010441647875,0.00142198348,0.9305625,"erp_gender_agreement_200_500_lateral_itemslope_retfree"
"z_recoded_grammaticality:z_recoded_session:z_recoded_mini_language",-0.0071093507,-0.0157698017,0.00164594926999999,0.94390625,"erp_gender_agreement_200_500_lateral_itemslope_retfree"
"z_recoded_grammaticality:z_recoded_mini_language:z_retention",0.0239224445,0.000442168351500003,0.047421949375,0.9770625,"erp_gender_agreement_200_500_lateral_itemslope_retfree"
"Intercept",0.00383305075,-0.0110813899,0.01903576355,0.68903125,"erp_gender_agreement_200_500_lateral_itemslope"
"z_baseline_predictor",0.525283755,0.51931203525,0.53127733875,1,"erp_gender_agreement_200_500_lateral_itemslope"
"z_recoded_grammaticality",0.012226275,-0.00426689477,0.02898633355,0.9289375,"erp_gender_agreement_200_500_lateral_itemslope"
"z_recoded_session",0.0408324925,0.00497962222500002,0.077082030975,0.98671875,"erp_gender_agreement_200_500_lateral_itemslope"
"z_recoded_mini_language",-0.000276388605,-0.01548953235,0.0149975548,0.51446875,"erp_gender_agreement_200_500_lateral_itemslope"
"z_recoded_hemisphere",0.0521574105,0.04613937515,0.0580649619,1,"erp_gender_agreement_200_500_lateral_itemslope"
"z_recoded_caudality",-0.043930914,-0.0498300056,-0.038011513875,1,"erp_gender_agreement_200_500_lateral_itemslope"
"z_multilingual_language_diversity",-0.0044765078,-0.01630546035,0.0074707809125,0.774625,"erp_gender_agreement_200_500_lateral_itemslope"
"z_recoded_grammaticality:z_recoded_session",0.012284028,0.0060036386675,0.0185631578,0.9999375,"erp_gender_agreement_200_500_lateral_itemslope"
"z_recoded_grammaticality:z_recoded_mini_language",-0.0025096175,-0.019356493675,0.01404932895,0.617,"erp_gender_agreement_200_500_lateral_itemslope"
"z_recoded_session:z_recoded_mini_language",-0.0323633455,-0.0693912313,0.00369247871249999,0.96084375,"erp_gender_agreement_200_500_lateral_itemslope"
"z_recoded_grammaticality:z_recoded_hemisphere",0.00369445395,-0.002267553525,0.00959375370249999,0.88571875,"erp_gender_agreement_200_500_lateral_itemslope"
"z_recoded_grammaticality:z_recoded_caudality",-0.00450410585,-0.0104395495,0.00137678614,0.933875,"erp_gender_agreement_200_500_lateral_itemslope"
"z_recoded_grammaticality:z_recoded_session:z_recoded_mini_language",-0.00095917984,-0.00727947286,0.005266718735,0.619875,"erp_gender_agreement_200_500_lateral_itemslope"
"Intercept",0.011255237,-0.0062320000975,0.0289867585,0.89671875,"erp_gender_agreement_200_500_lateral_retfree"
"z_baseline_predictor",0.525435455,0.51935586,0.531516711,1,"erp_gender_agreement_200_500_lateral_retfree"
"z_recoded_grammaticality",0.0131284365,-0.0031336535175,0.02935878655,0.9461875,"erp_gender_agreement_200_500_lateral_retfree"
"z_recoded_session",0.0363321065,-0.000319594341499996,0.072772472475,0.97409375,"erp_gender_agreement_200_500_lateral_retfree"
"z_recoded_mini_language",0.0110507905,-0.00687767548999998,0.028949762275,0.88703125,"erp_gender_agreement_200_500_lateral_retfree"
"z_retention",0.0193174075,-0.00707414024499999,0.04549896865,0.9205625,"erp_gender_agreement_200_500_lateral_retfree"
"z_recoded_hemisphere",0.0521702455,0.046220649225,0.058087745675,1,"erp_gender_agreement_200_500_lateral_retfree"
"z_recoded_caudality",-0.0439027965,-0.04992789775,-0.037883563375,1,"erp_gender_agreement_200_500_lateral_retfree"
"z_multilingual_language_diversity",-0.00452330005,-0.015733021525,0.00666704578249999,0.79096875,"erp_gender_agreement_200_500_lateral_retfree"
"z_recoded_grammaticality:z_recoded_session",0.0121670425,0.00336201263750001,0.020938607275,0.99640625,"erp_gender_agreement_200_500_lateral_retfree"
"z_recoded_grammaticality:z_recoded_mini_language",0.00536485215,-0.01104289565,0.02156934975,0.74665625,"erp_gender_agreement_200_500_lateral_retfree"
"z_recoded_session:z_recoded_mini_language",-0.0388763485,-0.075637466625,-0.00164910829250007,0.97953125,"erp_gender_agreement_200_500_lateral_retfree"
"z_recoded_grammaticality:z_retention",0.0020461927,-0.021980051425,0.02548720865,0.56515625,"erp_gender_agreement_200_500_lateral_retfree"
"z_recoded_mini_language:z_retention",0.0306006935,0.004015025375,0.05737915115,0.9874375,"erp_gender_agreement_200_500_lateral_retfree"
"z_recoded_grammaticality:z_recoded_hemisphere",0.0036631922,-0.00232639768,0.0096655632275,0.8838125,"erp_gender_agreement_200_500_lateral_retfree"
"z_recoded_grammaticality:z_recoded_caudality",-0.0044983676,-0.010465420825,0.0014137830625,0.93134375,"erp_gender_agreement_200_500_lateral_retfree"
"z_recoded_grammaticality:z_recoded_session:z_recoded_mini_language",-0.0062639759,-0.01500922505,0.0024471934825,0.92203125,"erp_gender_agreement_200_500_lateral_retfree"
"z_recoded_grammaticality:z_recoded_mini_language:z_retention",0.0237355725,0.000401826516000006,0.047499851175,0.9766875,"erp_gender_agreement_200_500_lateral_retfree"
"Intercept",0.00387842525,-0.01078933955,0.0185359028,0.7001875,"erp_gender_agreement_200_500_lateral"
"z_baseline_predictor",0.5254429,0.51944489975,0.53152914675,1,"erp_gender_agreement_200_500_lateral"
"z_recoded_grammaticality",0.0122735915,-0.0017195171325,0.026585774825,0.95771875,"erp_gender_agreement_200_500_lateral"
"z_recoded_session",0.040168504,0.00320012145000003,0.07595723495,0.98265625,"erp_gender_agreement_200_500_lateral"
"z_recoded_mini_language",-0.00063064702,-0.01538403195,0.0142239148,0.53209375,"erp_gender_agreement_200_500_lateral"
"z_recoded_hemisphere",0.052165181,0.04624733935,0.05805330935,1,"erp_gender_agreement_200_500_lateral"
"z_recoded_caudality",-0.0439666305,-0.04990165005,-0.038015578225,1,"erp_gender_agreement_200_500_lateral"
"z_multilingual_language_diversity",-0.00432235675,-0.015585013625,0.00677873156249999,0.77846875,"erp_gender_agreement_200_500_lateral"
"z_recoded_grammaticality:z_recoded_session",0.0125266795,0.0062909074475,0.01870518295,0.99990625,"erp_gender_agreement_200_500_lateral"
"z_recoded_grammaticality:z_recoded_mini_language",-0.00250100205,-0.01660138795,0.011536658725,0.6393125,"erp_gender_agreement_200_500_lateral"
"z_recoded_session:z_recoded_mini_language",-0.0330039,-0.06882104575,0.00266278184249997,0.9658125,"erp_gender_agreement_200_500_lateral"
"z_recoded_grammaticality:z_recoded_hemisphere",0.00367285585,-0.00228728437,0.0096456217475,0.8864375,"erp_gender_agreement_200_500_lateral"
"z_recoded_grammaticality:z_recoded_caudality",-0.00449461245,-0.01037139505,0.0013786291525,0.9341875,"erp_gender_agreement_200_500_lateral"
"z_recoded_grammaticality:z_recoded_session:z_recoded_mini_language",-0.00021292765,-0.00651887164,0.00604821778999999,0.52690625,"erp_gender_agreement_200_500_lateral"
"Intercept",0.00364693105,-0.011391629625,0.018809995875,0.68575,"erp_gender_agreement_200_500_lateral_weakprior_itemslope"
"z_baseline_predictor",0.52528893,0.5193286185,0.53135516525,1,"erp_gender_agreement_200_500_lateral_weakprior_itemslope"
"z_recoded_grammaticality",0.012310017,-0.004433397,0.029016529725,0.92803125,"erp_gender_agreement_200_500_lateral_weakprior_itemslope"
"z_recoded_session",0.040975279,0.004660926295,0.077328495775,0.9866875,"erp_gender_agreement_200_500_lateral_weakprior_itemslope"
"z_recoded_mini_language",-0.000170527195,-0.015497463925,0.01484076105,0.509375,"erp_gender_agreement_200_500_lateral_weakprior_itemslope"
"z_recoded_hemisphere",0.052159795,0.046189000275,0.0580911464,1,"erp_gender_agreement_200_500_lateral_weakprior_itemslope"
"z_recoded_caudality",-0.043930276,-0.04978338835,-0.038077526375,1,"erp_gender_agreement_200_500_lateral_weakprior_itemslope"
"z_multilingual_language_diversity",-0.0043963467,-0.01631770405,0.0075121932575,0.771,"erp_gender_agreement_200_500_lateral_weakprior_itemslope"
"z_recoded_grammaticality:z_recoded_session",0.012287786,0.0060248735025,0.01858562135,0.99996875,"erp_gender_agreement_200_500_lateral_weakprior_itemslope"
"z_recoded_grammaticality:z_recoded_mini_language",-0.0025470879,-0.018867681225,0.014024839425,0.619125,"erp_gender_agreement_200_500_lateral_weakprior_itemslope"
"z_recoded_session:z_recoded_mini_language",-0.0324282505,-0.06905303215,0.003415321895,0.9615625,"erp_gender_agreement_200_500_lateral_weakprior_itemslope"
"z_recoded_grammaticality:z_recoded_hemisphere",0.00363917395,-0.00230159587,0.0096040223675,0.8884375,"erp_gender_agreement_200_500_lateral_weakprior_itemslope"
"z_recoded_grammaticality:z_recoded_caudality",-0.0044677298,-0.010386641575,0.00146445099,0.9303125,"erp_gender_agreement_200_500_lateral_weakprior_itemslope"
"z_recoded_grammaticality:z_recoded_session:z_recoded_mini_language",-0.00104002275,-0.0073529098175,0.0054064707825,0.6261875,"erp_gender_agreement_200_500_lateral_weakprior_itemslope"
"Intercept",0.00406006015,-0.010584440675,0.018567888275,0.7089375,"erp_gender_agreement_200_500_lateral_weakprior"
"z_baseline_predictor",0.52547151,0.51942093925,0.53142812775,1,"erp_gender_agreement_200_500_lateral_weakprior"
"z_recoded_grammaticality",0.0121833355,-0.00182941548,0.026684531275,0.95565625,"erp_gender_agreement_200_500_lateral_weakprior"
"z_recoded_session",0.040224985,0.00420637879250001,0.0764081162,0.98565625,"erp_gender_agreement_200_500_lateral_weakprior"
"z_recoded_mini_language",-0.00048287458,-0.01546678565,0.0142226516,0.5264375,"erp_gender_agreement_200_500_lateral_weakprior"
"z_recoded_hemisphere",0.0521918745,0.046174898025,0.05817128195,1,"erp_gender_agreement_200_500_lateral_weakprior"
"z_recoded_caudality",-0.043933684,-0.049960086725,-0.0378783166,1,"erp_gender_agreement_200_500_lateral_weakprior"
"z_multilingual_language_diversity",-0.00439025375,-0.0155667746,0.00675362459999999,0.78865625,"erp_gender_agreement_200_500_lateral_weakprior"
"z_recoded_grammaticality:z_recoded_session",0.012527618,0.0062019329525,0.01882531655,1,"erp_gender_agreement_200_500_lateral_weakprior"
"z_recoded_grammaticality:z_recoded_mini_language",-0.00244061565,-0.016713372625,0.0118013157,0.63246875,"erp_gender_agreement_200_500_lateral_weakprior"
"z_recoded_session:z_recoded_mini_language",-0.03254622,-0.069639364975,0.00330624622499999,0.96340625,"erp_gender_agreement_200_500_lateral_weakprior"
"z_recoded_grammaticality:z_recoded_hemisphere",0.0036484999,-0.00234510892,0.009734262525,0.886,"erp_gender_agreement_200_500_lateral_weakprior"
"z_recoded_grammaticality:z_recoded_caudality",-0.0044816743,-0.01042425835,0.00149015394,0.9329375,"erp_gender_agreement_200_500_lateral_weakprior"
"z_recoded_grammaticality:z_recoded_session:z_recoded_mini_language",-0.00020342646,-0.006462335285,0.0061135670675,0.52496875,"erp_gender_agreement_200_500_lateral_weakprior"
"Intercept",0.018505163,-0.00141960080499999,0.038327469025,0.96590625,"erp_gender_agreement_200_500_midline_itemslope_retfree"
"z_baseline_predictor",0.48700607,0.4782715615,0.4958063895,1,"erp_gender_agreement_200_500_midline_itemslope_retfree"
"z_recoded_grammaticality",0.0285633455,0.00576925549,0.051207878075,0.9921875,"erp_gender_agreement_200_500_midline_itemslope_retfree"
"z_recoded_session",0.00494181525,-0.0308858102,0.0401631121749999,0.60784375,"erp_gender_agreement_200_500_midline_itemslope_retfree"
"z_recoded_mini_language",0.00823779335,-0.01178182905,0.028275051625,0.792375,"erp_gender_agreement_200_500_midline_itemslope_retfree"
"z_retention",0.048365575,0.011384232625,0.084765463925,0.99515625,"erp_gender_agreement_200_500_midline_itemslope_retfree"
"z_recoded_caudality",-0.020832694,-0.029424253475,-0.01218110985,1,"erp_gender_agreement_200_500_midline_itemslope_retfree"
"z_multilingual_language_diversity",-0.00238454055,-0.01301905125,0.00842523273,0.66928125,"erp_gender_agreement_200_500_midline_itemslope_retfree"
"z_recoded_grammaticality:z_recoded_session",0.00521196415,-0.007441761195,0.01783469305,0.791875,"erp_gender_agreement_200_500_midline_itemslope_retfree"
"z_recoded_grammaticality:z_recoded_mini_language",0.0107862725,-0.01196601915,0.03382133885,0.82078125,"erp_gender_agreement_200_500_midline_itemslope_retfree"
"z_recoded_session:z_recoded_mini_language",-0.025865155,-0.06113954455,0.00934998616749999,0.92521875,"erp_gender_agreement_200_500_midline_itemslope_retfree"
"z_recoded_grammaticality:z_retention",0.010638496,-0.023443448125,0.0447197845,0.7303125,"erp_gender_agreement_200_500_midline_itemslope_retfree"
"z_recoded_mini_language:z_retention",0.020445741,-0.0172684436,0.057724109925,0.85946875,"erp_gender_agreement_200_500_midline_itemslope_retfree"
"z_recoded_grammaticality:z_recoded_caudality",0.00441571295,-0.0042404972925,0.01295793375,0.8429375,"erp_gender_agreement_200_500_midline_itemslope_retfree"
"z_recoded_grammaticality:z_recoded_session:z_recoded_mini_language",-0.0033201646,-0.015966296225,0.00931544425249999,0.69703125,"erp_gender_agreement_200_500_midline_itemslope_retfree"
"z_recoded_grammaticality:z_recoded_mini_language:z_retention",0.0400407815,0.00561086497000002,0.074382916025,0.98803125,"erp_gender_agreement_200_500_midline_itemslope_retfree"
"Intercept",0.00054367697,-0.013529290425,0.01473388525,0.53028125,"erp_gender_agreement_200_500_midline_itemslope"
"z_baseline_predictor",0.486894365,0.47810072575,0.49553602075,1,"erp_gender_agreement_200_500_midline_itemslope"
"z_recoded_grammaticality",0.0244608555,0.0046561851975,0.04419576965,0.99184375,"erp_gender_agreement_200_500_midline_itemslope"
"z_recoded_session",0.014947115,-0.019545797575,0.048918952925,0.806875,"erp_gender_agreement_200_500_midline_itemslope"
"z_recoded_mini_language",0.0001276859,-0.01424136735,0.0143754871,0.50734375,"erp_gender_agreement_200_500_midline_itemslope"
"z_recoded_caudality",-0.0207960525,-0.0293795344,-0.01222071405,1,"erp_gender_agreement_200_500_midline_itemslope"
"z_multilingual_language_diversity",-0.0021951593,-0.012685797125,0.0084113284075,0.6628125,"erp_gender_agreement_200_500_midline_itemslope"
"z_recoded_grammaticality:z_recoded_session",0.0075223293,-0.0015459018725,0.016498889625,0.94875,"erp_gender_agreement_200_500_midline_itemslope"
"z_recoded_grammaticality:z_recoded_mini_language",-0.00276277815,-0.022730100725,0.016890884,0.6078125,"erp_gender_agreement_200_500_midline_itemslope"
"z_recoded_session:z_recoded_mini_language",-0.0215325335,-0.056367608525,0.013510630675,0.88921875,"erp_gender_agreement_200_500_midline_itemslope"
"z_recoded_grammaticality:z_recoded_caudality",0.00435566545,-0.00428871086,0.013080425275,0.843125,"erp_gender_agreement_200_500_midline_itemslope"
"z_recoded_grammaticality:z_recoded_session:z_recoded_mini_language",0.0068913282,-0.002152743935,0.016046347075,0.9328125,"erp_gender_agreement_200_500_midline_itemslope"
"Intercept",0.017820358,-0.00201375912749999,0.0375552778,0.960375,"erp_gender_agreement_200_500_midline_retfree"
"z_baseline_predictor",0.48656723,0.47765192725,0.4953052495,1,"erp_gender_agreement_200_500_midline_retfree"
"z_recoded_grammaticality",0.0285641205,0.00777545956500001,0.04948861185,0.997125,"erp_gender_agreement_200_500_midline_retfree"
"z_recoded_session",0.00432807925,-0.0313415788,0.04009481925,0.59546875,"erp_gender_agreement_200_500_midline_retfree"
"z_recoded_mini_language",0.0071313678,-0.012930115775,0.026754029675,0.75878125,"erp_gender_agreement_200_500_midline_retfree"
"z_retention",0.0467309715,0.00962042988250002,0.0838609443,0.9921875,"erp_gender_agreement_200_500_midline_retfree"
"z_recoded_caudality",-0.0207777845,-0.029473935525,-0.012182908,1,"erp_gender_agreement_200_500_midline_retfree"
"z_multilingual_language_diversity",-0.0020590066,-0.01254049585,0.00849067186,0.65025,"erp_gender_agreement_200_500_midline_retfree"
"z_recoded_grammaticality:z_recoded_session",0.0057267996,-0.00671505553499999,0.018198058125,0.8164375,"erp_gender_agreement_200_500_midline_retfree"
"z_recoded_grammaticality:z_recoded_mini_language",0.0105647485,-0.0099211354925,0.031823422225,0.8414375,"erp_gender_agreement_200_500_midline_retfree"
"z_recoded_session:z_recoded_mini_language",-0.0257763765,-0.061176975175,0.01052284085,0.92196875,"erp_gender_agreement_200_500_midline_retfree"
"z_recoded_grammaticality:z_retention",0.0097184201,-0.023933817575,0.043932137375,0.7163125,"erp_gender_agreement_200_500_midline_retfree"
"z_recoded_mini_language:z_retention",0.0192974155,-0.018097011375,0.056319598075,0.843375,"erp_gender_agreement_200_500_midline_retfree"
"z_recoded_grammaticality:z_recoded_caudality",0.00438504875,-0.00418880397,0.013024899875,0.83659375,"erp_gender_agreement_200_500_midline_retfree"
"z_recoded_grammaticality:z_recoded_session:z_recoded_mini_language",-0.0024307926,-0.01485293575,0.01012288835,0.64784375,"erp_gender_agreement_200_500_midline_retfree"
"z_recoded_grammaticality:z_recoded_mini_language:z_retention",0.0394932835,0.0057607194675,0.072973466825,0.98884375,"erp_gender_agreement_200_500_midline_retfree"
"Intercept",0.000522147665,-0.01347496765,0.014654268125,0.53015625,"erp_gender_agreement_200_500_midline"
"z_baseline_predictor",0.486423025,0.4777087145,0.49515346875,1,"erp_gender_agreement_200_500_midline"
"z_recoded_grammaticality",0.024608826,0.0073598693475,0.042371450425,0.99715625,"erp_gender_agreement_200_500_midline"
"z_recoded_session",0.01413391,-0.020931416925,0.04888641545,0.7885,"erp_gender_agreement_200_500_midline"
"z_recoded_mini_language",-0.00030045637,-0.014264596025,0.01379467185,0.51584375,"erp_gender_agreement_200_500_midline"
"z_recoded_caudality",-0.020755437,-0.029377279825,-0.01224080435,1,"erp_gender_agreement_200_500_midline"
"z_multilingual_language_diversity",-0.00190964505,-0.012226759025,0.00858270528,0.6385,"erp_gender_agreement_200_500_midline"
"z_recoded_grammaticality:z_recoded_session",0.00790044315,-0.0011242783425,0.016864698775,0.95746875,"erp_gender_agreement_200_500_midline"
"z_recoded_grammaticality:z_recoded_mini_language",-0.00242571565,-0.0201026834,0.014934093125,0.611125,"erp_gender_agreement_200_500_midline"
"z_recoded_session:z_recoded_mini_language",-0.021721499,-0.0566741829,0.0133380643,0.89271875,"erp_gender_agreement_200_500_midline"
"z_recoded_grammaticality:z_recoded_caudality",0.004452646,-0.00414646919,0.0130589958,0.844625,"erp_gender_agreement_200_500_midline"
"z_recoded_grammaticality:z_recoded_session:z_recoded_mini_language",0.00765157465,-0.0014459235875,0.01669863475,0.94925,"erp_gender_agreement_200_500_midline"
"Intercept",0.00054568963,-0.013378683375,0.01477469205,0.53084375,"erp_gender_agreement_200_500_midline_weakprior_itemslope"
"z_baseline_predictor",0.4869042,0.47800422725,0.4958022505,1,"erp_gender_agreement_200_500_midline_weakprior_itemslope"
"z_recoded_grammaticality",0.0246408555,0.004401209645,0.0443200646,0.99128125,"erp_gender_agreement_200_500_midline_weakprior_itemslope"
"z_recoded_session",0.015030635,-0.01927965685,0.0501600002,0.80696875,"erp_gender_agreement_200_500_midline_weakprior_itemslope"
"z_recoded_mini_language",0.00031142083,-0.013998557975,0.0145918709,0.5165625,"erp_gender_agreement_200_500_midline_weakprior_itemslope"
"z_recoded_caudality",-0.0208150305,-0.029345402175,-0.012237112125,1,"erp_gender_agreement_200_500_midline_weakprior_itemslope"
"z_multilingual_language_diversity",-0.00223528305,-0.012895581925,0.008582683995,0.6601875,"erp_gender_agreement_200_500_midline_weakprior_itemslope"
"z_recoded_grammaticality:z_recoded_session",0.00758770265,-0.001516835365,0.0165739115,0.95084375,"erp_gender_agreement_200_500_midline_weakprior_itemslope"
"z_recoded_grammaticality:z_recoded_mini_language",-0.00281186025,-0.0225486159,0.0174980502,0.6098125,"erp_gender_agreement_200_500_midline_weakprior_itemslope"
"z_recoded_session:z_recoded_mini_language",-0.021457942,-0.0562233802,0.013081538,0.89321875,"erp_gender_agreement_200_500_midline_weakprior_itemslope"
"z_recoded_grammaticality:z_recoded_caudality",0.00440712015,-0.0042904235275,0.013094456425,0.84078125,"erp_gender_agreement_200_500_midline_weakprior_itemslope"
"z_recoded_grammaticality:z_recoded_session:z_recoded_mini_language",0.0069050808,-0.002213073425,0.0160585126,0.9318125,"erp_gender_agreement_200_500_midline_weakprior_itemslope"
"Intercept",0.0004684581,-0.013646298825,0.014504791125,0.52575,"erp_gender_agreement_200_500_midline_weakprior"
"z_baseline_predictor",0.486507145,0.4777389855,0.495279134,1,"erp_gender_agreement_200_500_midline_weakprior"
"z_recoded_grammaticality",0.02471202,0.00710646936750001,0.042005448725,0.99640625,"erp_gender_agreement_200_500_midline_weakprior"
"z_recoded_session",0.014194957,-0.020710218375,0.0487489233,0.79203125,"erp_gender_agreement_200_500_midline_weakprior"
"z_recoded_mini_language",-0.00037876856,-0.014564260875,0.0138377426,0.52115625,"erp_gender_agreement_200_500_midline_weakprior"
"z_recoded_caudality",-0.0208156955,-0.02949197385,-0.0120983993,1,"erp_gender_agreement_200_500_midline_weakprior"
"z_multilingual_language_diversity",-0.0019185926,-0.0124389849,0.00871051043,0.63959375,"erp_gender_agreement_200_500_midline_weakprior"
"z_recoded_grammaticality:z_recoded_session",0.00794250985,-0.0011719625525,0.0169904689,0.955375,"erp_gender_agreement_200_500_midline_weakprior"
"z_recoded_grammaticality:z_recoded_mini_language",-0.00251026435,-0.02005639555,0.0150085076,0.6095,"erp_gender_agreement_200_500_midline_weakprior"
"z_recoded_session:z_recoded_mini_language",-0.0218229405,-0.056344561025,0.01292498915,0.893375,"erp_gender_agreement_200_500_midline_weakprior"
"z_recoded_grammaticality:z_recoded_caudality",0.00440829255,-0.00421879191,0.0130702942,0.83859375,"erp_gender_agreement_200_500_midline_weakprior"
"z_recoded_grammaticality:z_recoded_session:z_recoded_mini_language",0.00757649055,-0.001236184495,0.016555404125,0.95240625,"erp_gender_agreement_200_500_midline_weakprior"
"Intercept",0.0334769695,0.0158795338,0.051549190925,0.99990625,"erp_gender_agreement_300_600_lateral_itemslope_retfree"
"z_baseline_predictor",0.46453226,0.45825587525,0.47084481775,1,"erp_gender_agreement_300_600_lateral_itemslope_retfree"
"z_recoded_grammaticality",0.0176674295,-0.000957194446749998,0.036423938175,0.968375,"erp_gender_agreement_300_600_lateral_itemslope_retfree"
"z_recoded_session",-0.0121128165,-0.04912272855,0.0247451612,0.73915625,"erp_gender_agreement_300_600_lateral_itemslope_retfree"
"z_recoded_mini_language",0.0160888305,-0.00177080054,0.03403426095,0.9615625,"erp_gender_agreement_300_600_lateral_itemslope_retfree"
"z_retention",0.08715494,0.059393989775,0.114437256,1,"erp_gender_agreement_300_600_lateral_itemslope_retfree"
"z_recoded_hemisphere",0.044115534,0.038016408325,0.050314580025,1,"erp_gender_agreement_300_600_lateral_itemslope_retfree"
"z_recoded_caudality",-0.10293341,-0.10921063175,-0.096742225375,1,"erp_gender_agreement_300_600_lateral_itemslope_retfree"
"z_multilingual_language_diversity",-0.0029602918,-0.014559743725,0.00864419756749999,0.6955,"erp_gender_agreement_300_600_lateral_itemslope_retfree"
"z_recoded_grammaticality:z_recoded_session",0.013273251,0.0042417134425,0.0222266414,0.9981875,"erp_gender_agreement_300_600_lateral_itemslope_retfree"
"z_recoded_grammaticality:z_recoded_mini_language",0.00313968055,-0.015799302275,0.022154624475,0.63021875,"erp_gender_agreement_300_600_lateral_itemslope_retfree"
"z_recoded_session:z_recoded_mini_language",-0.0484717015,-0.0858280435,-0.01137580565,0.99425,"erp_gender_agreement_300_600_lateral_itemslope_retfree"
"z_recoded_grammaticality:z_retention",0.00149133485,-0.023036230575,0.02551103085,0.54825,"erp_gender_agreement_300_600_lateral_itemslope_retfree"
"z_recoded_mini_language:z_retention",0.048296043,0.02047015955,0.076021690225,0.99978125,"erp_gender_agreement_300_600_lateral_itemslope_retfree"
"z_recoded_grammaticality:z_recoded_hemisphere",0.0037143339,-0.002405538425,0.009866309135,0.88525,"erp_gender_agreement_300_600_lateral_itemslope_retfree"
"z_recoded_grammaticality:z_recoded_caudality",-0.00490931575,-0.01095495425,0.0012278372,0.94084375,"erp_gender_agreement_300_600_lateral_itemslope_retfree"
"z_recoded_grammaticality:z_recoded_session:z_recoded_mini_language",-0.0099634337,-0.019019292575,-0.0010063538175,0.98521875,"erp_gender_agreement_300_600_lateral_itemslope_retfree"
"z_recoded_grammaticality:z_recoded_mini_language:z_retention",0.028333259,0.0041362503675,0.05280624605,0.9888125,"erp_gender_agreement_300_600_lateral_itemslope_retfree"
"Intercept",0.000509157865,-0.0140516993,0.01527082955,0.52834375,"erp_gender_agreement_300_600_lateral_itemslope"
"z_baseline_predictor",0.464555105,0.458239755,0.47089641625,1,"erp_gender_agreement_300_600_lateral_itemslope"
"z_recoded_grammaticality",0.0167693305,-6.24041666999984e-05,0.03375736605,0.97459375,"erp_gender_agreement_300_600_lateral_itemslope"
"z_recoded_session",0.0050217876,-0.031983062325,0.0414983538999999,0.60675,"erp_gender_agreement_300_600_lateral_itemslope"
"z_recoded_mini_language",-0.0026377989,-0.017471870625,0.01226057725,0.6389375,"erp_gender_agreement_300_600_lateral_itemslope"
"z_recoded_hemisphere",0.0441544995,0.03800679645,0.050272688075,1,"erp_gender_agreement_300_600_lateral_itemslope"
"z_recoded_caudality",-0.102951565,-0.109107789,-0.0968083808,1,"erp_gender_agreement_300_600_lateral_itemslope"
"z_multilingual_language_diversity",-0.0025177914,-0.013985402,0.00887148262,0.6674375,"erp_gender_agreement_300_600_lateral_itemslope"
"z_recoded_grammaticality:z_recoded_session",0.013445757,0.006964255705,0.01998312795,1,"erp_gender_agreement_300_600_lateral_itemslope"
"z_recoded_grammaticality:z_recoded_mini_language",-0.00633952965,-0.0234284263,0.0108677135,0.7679375,"erp_gender_agreement_300_600_lateral_itemslope"
"z_recoded_session:z_recoded_mini_language",-0.0393649495,-0.075832561825,-0.00243633605750003,0.98071875,"erp_gender_agreement_300_600_lateral_itemslope"
"z_recoded_grammaticality:z_recoded_hemisphere",0.00375052305,-0.0025205063375,0.00991346107,0.8795,"erp_gender_agreement_300_600_lateral_itemslope"
"z_recoded_grammaticality:z_recoded_caudality",-0.00490836445,-0.011069515075,0.00128338134,0.93934375,"erp_gender_agreement_300_600_lateral_itemslope"
"z_recoded_grammaticality:z_recoded_session:z_recoded_mini_language",-0.0026051408,-0.0090739373,0.00401786836499999,0.78340625,"erp_gender_agreement_300_600_lateral_itemslope"
"Intercept",0.033562148,0.015755465225,0.05101473625,0.99990625,"erp_gender_agreement_300_600_lateral_retfree"
"z_baseline_predictor",0.46480553,0.4584921945,0.47109913725,1,"erp_gender_agreement_300_600_lateral_retfree"
"z_recoded_grammaticality",0.017158016,0.000551159061750001,0.03380651035,0.97890625,"erp_gender_agreement_300_600_lateral_retfree"
"z_recoded_session",-0.0123633525,-0.049504870575,0.023964211925,0.7495,"erp_gender_agreement_300_600_lateral_retfree"
"z_recoded_mini_language",0.0162717915,-0.001048374405,0.033728423775,0.96740625,"erp_gender_agreement_300_600_lateral_retfree"
"z_retention",0.086031817,0.0582791084,0.11356184175,1,"erp_gender_agreement_300_600_lateral_retfree"
"z_recoded_hemisphere",0.044134684,0.037940901975,0.050329538525,1,"erp_gender_agreement_300_600_lateral_retfree"
"z_recoded_caudality",-0.10296565,-0.1092076295,-0.096747115125,1,"erp_gender_agreement_300_600_lateral_retfree"
"z_multilingual_language_diversity",-0.0025456613,-0.01311590665,0.00808170585749999,0.68521875,"erp_gender_agreement_300_600_lateral_retfree"
"z_recoded_grammaticality:z_recoded_session",0.0137854015,0.0047524055175,0.022799685525,0.99875,"erp_gender_agreement_300_600_lateral_retfree"
"z_recoded_grammaticality:z_recoded_mini_language",0.002778503,-0.0136191178,0.0191612265,0.63175,"erp_gender_agreement_300_600_lateral_retfree"
"z_recoded_session:z_recoded_mini_language",-0.0486008925,-0.085117277725,-0.011354988425,0.9940625,"erp_gender_agreement_300_600_lateral_retfree"
"z_recoded_grammaticality:z_retention",0.00062475345,-0.023903158425,0.0249288455,0.51809375,"erp_gender_agreement_300_600_lateral_retfree"
"z_recoded_mini_language:z_retention",0.048989813,0.021733594425,0.076500427425,0.99971875,"erp_gender_agreement_300_600_lateral_retfree"
"z_recoded_grammaticality:z_recoded_hemisphere",0.00370280075,-0.0024098508275,0.0098956879075,0.8773125,"erp_gender_agreement_300_600_lateral_retfree"
"z_recoded_grammaticality:z_recoded_caudality",-0.00487563265,-0.011163267725,0.0013478267025,0.9369375,"erp_gender_agreement_300_600_lateral_retfree"
"z_recoded_grammaticality:z_recoded_session:z_recoded_mini_language",-0.00945567895,-0.018497940775,-0.000547688263000015,0.98134375,"erp_gender_agreement_300_600_lateral_retfree"
"z_recoded_grammaticality:z_recoded_mini_language:z_retention",0.028176945,0.00386752731000001,0.0525773066,0.98859375,"erp_gender_agreement_300_600_lateral_retfree"
"Intercept",0.000949400475,-0.013095519,0.01515423935,0.55296875,"erp_gender_agreement_300_600_lateral"
"z_baseline_predictor",0.464770975,0.45844258575,0.471055354,1,"erp_gender_agreement_300_600_lateral"
"z_recoded_grammaticality",0.016559579,0.0023628101175,0.030818579625,0.9888125,"erp_gender_agreement_300_600_lateral"
"z_recoded_session",0.0049267464,-0.031086651625,0.0411544696999999,0.60840625,"erp_gender_agreement_300_600_lateral"
"z_recoded_mini_language",-0.0028379917,-0.016998923425,0.011244335725,0.65453125,"erp_gender_agreement_300_600_lateral"
"z_recoded_hemisphere",0.044108558,0.037937911925,0.050336464925,1,"erp_gender_agreement_300_600_lateral"
"z_recoded_caudality",-0.102944885,-0.109234272,-0.0967302592,1,"erp_gender_agreement_300_600_lateral"
"z_multilingual_language_diversity",-0.00194103885,-0.012606291425,0.00849004412499999,0.6420625,"erp_gender_agreement_300_600_lateral"
"z_recoded_grammaticality:z_recoded_session",0.0136831195,0.0070524963675,0.020229193,1,"erp_gender_agreement_300_600_lateral"
"z_recoded_grammaticality:z_recoded_mini_language",-0.00654276385,-0.020646036025,0.00766353895499999,0.81621875,"erp_gender_agreement_300_600_lateral"
"z_recoded_session:z_recoded_mini_language",-0.0392769215,-0.076209909375,-0.00302671570250003,0.9826875,"erp_gender_agreement_300_600_lateral"
"z_recoded_grammaticality:z_recoded_hemisphere",0.00373583945,-0.0024066232175,0.00994424087,0.8821875,"erp_gender_agreement_300_600_lateral"
"z_recoded_grammaticality:z_recoded_caudality",-0.00487574755,-0.011034590925,0.001313081005,0.94040625,"erp_gender_agreement_300_600_lateral"
"z_recoded_grammaticality:z_recoded_session:z_recoded_mini_language",-0.0021614845,-0.0088000753025,0.00439323865,0.7426875,"erp_gender_agreement_300_600_lateral"
"Intercept",0.0005390236,-0.01415612305,0.0150494017,0.5285,"erp_gender_agreement_300_600_lateral_weakprior_itemslope"
"z_baseline_predictor",0.464570395,0.4582505965,0.47085625425,1,"erp_gender_agreement_300_600_lateral_weakprior_itemslope"
"z_recoded_grammaticality",0.0169589865,-0.000358815972749997,0.03423373095,0.972375,"erp_gender_agreement_300_600_lateral_weakprior_itemslope"
"z_recoded_session",0.0053773924,-0.0316040521,0.042319401875,0.61578125,"erp_gender_agreement_300_600_lateral_weakprior_itemslope"
"z_recoded_mini_language",-0.00279093395,-0.017558987825,0.01209421845,0.64425,"erp_gender_agreement_300_600_lateral_weakprior_itemslope"
"z_recoded_hemisphere",0.044125567,0.03797524805,0.0502417861,1,"erp_gender_agreement_300_600_lateral_weakprior_itemslope"
"z_recoded_caudality",-0.10296376,-0.109155353,-0.096770567625,1,"erp_gender_agreement_300_600_lateral_weakprior_itemslope"
"z_multilingual_language_diversity",-0.0024608019,-0.014034638075,0.00908592851999998,0.66753125,"erp_gender_agreement_300_600_lateral_weakprior_itemslope"
"z_recoded_grammaticality:z_recoded_session",0.013440925,0.0069172815,0.01989793335,1,"erp_gender_agreement_300_600_lateral_weakprior_itemslope"
"z_recoded_grammaticality:z_recoded_mini_language",-0.0064349854,-0.0235601358,0.01058492005,0.7730625,"erp_gender_agreement_300_600_lateral_weakprior_itemslope"
"z_recoded_session:z_recoded_mini_language",-0.0395382125,-0.076937779425,-0.00231411576750002,0.98128125,"erp_gender_agreement_300_600_lateral_weakprior_itemslope"
"z_recoded_grammaticality:z_recoded_hemisphere",0.00374601575,-0.00246411117,0.00991247851,0.8856875,"erp_gender_agreement_300_600_lateral_weakprior_itemslope"
"z_recoded_grammaticality:z_recoded_caudality",-0.00490809715,-0.0111158695,0.00125697365999999,0.94175,"erp_gender_agreement_300_600_lateral_weakprior_itemslope"
"z_recoded_grammaticality:z_recoded_session:z_recoded_mini_language",-0.00260270855,-0.009129686,0.00388627634999999,0.779875,"erp_gender_agreement_300_600_lateral_weakprior_itemslope"
"Intercept",0.00094745931,-0.01301379325,0.014975621,0.55509375,"erp_gender_agreement_300_600_lateral_weakprior"
"z_baseline_predictor",0.46479091,0.45845311675,0.471156143,1,"erp_gender_agreement_300_600_lateral_weakprior"
"z_recoded_grammaticality",0.0167192895,0.00270521835500001,0.030930272275,0.9903125,"erp_gender_agreement_300_600_lateral_weakprior"
"z_recoded_session",0.00481187745,-0.032001256675,0.04166705395,0.60315625,"erp_gender_agreement_300_600_lateral_weakprior"
"z_recoded_mini_language",-0.00276626855,-0.0170214704,0.0113303465,0.64728125,"erp_gender_agreement_300_600_lateral_weakprior"
"z_recoded_hemisphere",0.0441500095,0.037882657725,0.05034344425,1,"erp_gender_agreement_300_600_lateral_weakprior"
"z_recoded_caudality",-0.102967865,-0.1091861235,-0.096722917325,1,"erp_gender_agreement_300_600_lateral_weakprior"
"z_multilingual_language_diversity",-0.0019297118,-0.0125693981,0.00861761164499999,0.64078125,"erp_gender_agreement_300_600_lateral_weakprior"
"z_recoded_grammaticality:z_recoded_session",0.0136872555,0.0071337874775,0.020240112975,0.99996875,"erp_gender_agreement_300_600_lateral_weakprior"
"z_recoded_grammaticality:z_recoded_mini_language",-0.00657942155,-0.0207918752,0.00751355515,0.81940625,"erp_gender_agreement_300_600_lateral_weakprior"
"z_recoded_session:z_recoded_mini_language",-0.0390956005,-0.076118719125,-0.00194987563750001,0.981,"erp_gender_agreement_300_600_lateral_weakprior"
"z_recoded_grammaticality:z_recoded_hemisphere",0.00373470685,-0.002507106995,0.009923763575,0.87840625,"erp_gender_agreement_300_600_lateral_weakprior"
"z_recoded_grammaticality:z_recoded_caudality",-0.0048965749,-0.01098625195,0.0011941117125,0.939,"erp_gender_agreement_300_600_lateral_weakprior"
"z_recoded_grammaticality:z_recoded_session:z_recoded_mini_language",-0.0021429146,-0.0086111482025,0.0043700623225,0.7415625,"erp_gender_agreement_300_600_lateral_weakprior"
"Intercept",0.0414525395,0.0208814946,0.0618196528,0.9999375,"erp_gender_agreement_300_600_midline_itemslope_retfree"
"z_baseline_predictor",0.419609355,0.410459134,0.42886173525,1,"erp_gender_agreement_300_600_midline_itemslope_retfree"
"z_recoded_grammaticality",0.0323814825,0.0080857036525,0.056499903375,0.99603125,"erp_gender_agreement_300_600_midline_itemslope_retfree"
"z_recoded_session",-0.046728247,-0.08471865355,-0.00763186102250001,0.99028125,"erp_gender_agreement_300_600_midline_itemslope_retfree"
"z_recoded_mini_language",0.0070377354,-0.013500971775,0.027644040925,0.7455,"erp_gender_agreement_300_600_midline_itemslope_retfree"
"z_retention",0.11657972,0.077943917525,0.15468934875,1,"erp_gender_agreement_300_600_midline_itemslope_retfree"
"z_recoded_caudality",-0.068791801,-0.077630121075,-0.0598146425,1,"erp_gender_agreement_300_600_midline_itemslope_retfree"
"z_multilingual_language_diversity",-0.00177728615,-0.012860505975,0.0093738486,0.62446875,"erp_gender_agreement_300_600_midline_itemslope_retfree"
"z_recoded_grammaticality:z_recoded_session",0.00984282185,-0.0029299992725,0.0227002817,0.93140625,"erp_gender_agreement_300_600_midline_itemslope_retfree"
"z_recoded_grammaticality:z_recoded_mini_language",0.0081298603,-0.015863239925,0.032477800075,0.744375,"erp_gender_agreement_300_600_midline_itemslope_retfree"
"z_recoded_session:z_recoded_mini_language",-0.0312578235,-0.069839456175,0.00788303105749994,0.9395625,"erp_gender_agreement_300_600_midline_itemslope_retfree"
"z_recoded_grammaticality:z_retention",0.00640505385,-0.028296849225,0.0412766747,0.6428125,"erp_gender_agreement_300_600_midline_itemslope_retfree"
"z_recoded_mini_language:z_retention",0.020742662,-0.01786224405,0.059230508325,0.853625,"erp_gender_agreement_300_600_midline_itemslope_retfree"
"z_recoded_grammaticality:z_recoded_caudality",0.00339295525,-0.0054882061975,0.012325875975,0.77359375,"erp_gender_agreement_300_600_midline_itemslope_retfree"
"z_recoded_grammaticality:z_recoded_session:z_recoded_mini_language",-0.0088869037,-0.021836700275,0.00410222012,0.91090625,"erp_gender_agreement_300_600_midline_itemslope_retfree"
"z_recoded_grammaticality:z_recoded_mini_language:z_retention",0.0510095775,0.015388062975,0.086529173575,0.9975,"erp_gender_agreement_300_600_midline_itemslope_retfree"
"Intercept",-0.00158961835,-0.0165722346,0.01320541285,0.58515625,"erp_gender_agreement_300_600_midline_itemslope"
"z_baseline_predictor",0.419368575,0.41022903575,0.42848170875,1,"erp_gender_agreement_300_600_midline_itemslope"
"z_recoded_grammaticality",0.0295681205,0.00869133154250002,0.050253140725,0.9968125,"erp_gender_agreement_300_600_midline_itemslope"
"z_recoded_session",-0.0218291685,-0.060172270875,0.0156500145999999,0.8725625,"erp_gender_agreement_300_600_midline_itemslope"
"z_recoded_mini_language",-0.00165650905,-0.0171034878,0.01326266815,0.58521875,"erp_gender_agreement_300_600_midline_itemslope"
"z_recoded_caudality",-0.0687045295,-0.07779548855,-0.05978070515,1,"erp_gender_agreement_300_600_midline_itemslope"
"z_multilingual_language_diversity",-0.0013425202,-0.012532027625,0.00991380294999999,0.59265625,"erp_gender_agreement_300_600_midline_itemslope"
"z_recoded_grammaticality:z_recoded_session",0.0109183585,0.001633551535,0.02033381125,0.98890625,"erp_gender_agreement_300_600_midline_itemslope"
"z_recoded_grammaticality:z_recoded_mini_language",-0.00887577855,-0.0298176608,0.012308763125,0.79540625,"erp_gender_agreement_300_600_midline_itemslope"
"z_recoded_session:z_recoded_mini_language",-0.027091501,-0.06608770625,0.01160055,0.92078125,"erp_gender_agreement_300_600_midline_itemslope"
"z_recoded_grammaticality:z_recoded_caudality",0.0034149099,-0.0054781689575,0.012301008075,0.77784375,"erp_gender_agreement_300_600_midline_itemslope"
"z_recoded_grammaticality:z_recoded_session:z_recoded_mini_language",0.00440514995,-0.0049109909725,0.013635541325,0.82165625,"erp_gender_agreement_300_600_midline_itemslope"
"Intercept",0.04092953,0.0204924557,0.06151506615,0.99996875,"erp_gender_agreement_300_600_midline_retfree"
"z_baseline_predictor",0.419193475,0.41007366275,0.42841559525,1,"erp_gender_agreement_300_600_midline_retfree"
"z_recoded_grammaticality",0.0320588765,0.0099372079375,0.05436770515,0.9976875,"erp_gender_agreement_300_600_midline_retfree"
"z_recoded_session",-0.046712126,-0.0861364122249999,-0.008656211355,0.992375,"erp_gender_agreement_300_600_midline_retfree"
"z_recoded_mini_language",0.0058686349,-0.0150099076,0.026669221475,0.71696875,"erp_gender_agreement_300_600_midline_retfree"
"z_retention",0.11549979,0.076932382125,0.15398859,1,"erp_gender_agreement_300_600_midline_retfree"
"z_recoded_caudality",-0.0687275655,-0.077787054525,-0.05970789805,1,"erp_gender_agreement_300_600_midline_retfree"
"z_multilingual_language_diversity",-0.00109205595,-0.0121456896,0.00997184902,0.58015625,"erp_gender_agreement_300_600_midline_retfree"
"z_recoded_grammaticality:z_recoded_session",0.010424496,-0.0024310774475,0.023179478275,0.9420625,"erp_gender_agreement_300_600_midline_retfree"
"z_recoded_grammaticality:z_recoded_mini_language",0.0080967355,-0.014086231725,0.030727144575,0.76446875,"erp_gender_agreement_300_600_midline_retfree"
"z_recoded_session:z_recoded_mini_language",-0.0304039945,-0.069629180025,0.008621058345,0.9393125,"erp_gender_agreement_300_600_midline_retfree"
"z_recoded_grammaticality:z_retention",0.00571115185,-0.0289789709,0.040849897775,0.62796875,"erp_gender_agreement_300_600_midline_retfree"
"z_recoded_mini_language:z_retention",0.0191825885,-0.0195321726,0.0578813521,0.83509375,"erp_gender_agreement_300_600_midline_retfree"
"z_recoded_grammaticality:z_recoded_caudality",0.0034352939,-0.0056340293725,0.0124343818,0.77190625,"erp_gender_agreement_300_600_midline_retfree"
"z_recoded_grammaticality:z_recoded_session:z_recoded_mini_language",-0.00838439715,-0.02136995565,0.00473843767499999,0.89253125,"erp_gender_agreement_300_600_midline_retfree"
"z_recoded_grammaticality:z_recoded_mini_language:z_retention",0.0512658805,0.015501872275,0.08666798795,0.99775,"erp_gender_agreement_300_600_midline_retfree"
"Intercept",-0.00176052505,-0.016848117875,0.01294547175,0.59175,"erp_gender_agreement_300_600_midline"
"z_baseline_predictor",0.4189278,0.40974022425,0.42802252075,1,"erp_gender_agreement_300_600_midline"
"z_recoded_grammaticality",0.029424917,0.01088167775,0.04814284725,0.9990625,"erp_gender_agreement_300_600_midline"
"z_recoded_session",-0.022639611,-0.060628063225,0.015003286125,0.8800625,"erp_gender_agreement_300_600_midline"
"z_recoded_mini_language",-0.00212574905,-0.0172350112,0.013060138875,0.60821875,"erp_gender_agreement_300_600_midline"
"z_recoded_caudality",-0.0687328225,-0.077634640375,-0.05977228475,1,"erp_gender_agreement_300_600_midline"
"z_multilingual_language_diversity",-0.00075698524,-0.011970477275,0.010605974975,0.5531875,"erp_gender_agreement_300_600_midline"
"z_recoded_grammaticality:z_recoded_session",0.0112616905,0.001633812905,0.0206823862,0.989375,"erp_gender_agreement_300_600_midline"
"z_recoded_grammaticality:z_recoded_mini_language",-0.00893128085,-0.027290304,0.00957238256749999,0.83,"erp_gender_agreement_300_600_midline"
"z_recoded_session:z_recoded_mini_language",-0.0272297795,-0.0656176981,0.0102909377,0.9220625,"erp_gender_agreement_300_600_midline"
"z_recoded_grammaticality:z_recoded_caudality",0.0034216162,-0.0054600192475,0.0122638028,0.77459375,"erp_gender_agreement_300_600_midline"
"z_recoded_grammaticality:z_recoded_session:z_recoded_mini_language",0.0049389241,-0.004526204985,0.0143762463,0.8474375,"erp_gender_agreement_300_600_midline"
"Intercept",-0.0015652381,-0.016525467875,0.0134586326,0.581,"erp_gender_agreement_300_600_midline_weakprior_itemslope"
"z_baseline_predictor",0.419365645,0.41019972075,0.428551458,1,"erp_gender_agreement_300_600_midline_weakprior_itemslope"
"z_recoded_grammaticality",0.0294841135,0.00845483191000002,0.050833781025,0.99725,"erp_gender_agreement_300_600_midline_weakprior_itemslope"
"z_recoded_session",-0.022285705,-0.060949871575,0.016407543125,0.87246875,"erp_gender_agreement_300_600_midline_weakprior_itemslope"
"z_recoded_mini_language",-0.00163055855,-0.0166029033,0.01327520785,0.5845625,"erp_gender_agreement_300_600_midline_weakprior_itemslope"
"z_recoded_caudality",-0.0687732685,-0.07776478585,-0.0597805296,1,"erp_gender_agreement_300_600_midline_weakprior_itemslope"
"z_multilingual_language_diversity",-0.0014367203,-0.012649988625,0.0101308348,0.59684375,"erp_gender_agreement_300_600_midline_weakprior_itemslope"
"z_recoded_grammaticality:z_recoded_session",0.01090817,0.001582026005,0.020338262,0.9883125,"erp_gender_agreement_300_600_midline_weakprior_itemslope"
"z_recoded_grammaticality:z_recoded_mini_language",-0.0088449915,-0.030135874475,0.01219699265,0.79653125,"erp_gender_agreement_300_600_midline_weakprior_itemslope"
"z_recoded_session:z_recoded_mini_language",-0.027129683,-0.065325115675,0.011195367775,0.91790625,"erp_gender_agreement_300_600_midline_weakprior_itemslope"
"z_recoded_grammaticality:z_recoded_caudality",0.0033965758,-0.00542331611499999,0.012229439475,0.77053125,"erp_gender_agreement_300_600_midline_weakprior_itemslope"
"z_recoded_grammaticality:z_recoded_session:z_recoded_mini_language",0.00439646795,-0.00496659780499999,0.013846957275,0.81515625,"erp_gender_agreement_300_600_midline_weakprior_itemslope"
"Intercept",-0.0018071448,-0.01694467905,0.013337163325,0.591375,"erp_gender_agreement_300_600_midline_weakprior"
"z_baseline_predictor",0.418887165,0.40976261025,0.428204908,1,"erp_gender_agreement_300_600_midline_weakprior"
"z_recoded_grammaticality",0.029549516,0.0110881509,0.048183502975,0.99903125,"erp_gender_agreement_300_600_midline_weakprior"
"z_recoded_session",-0.022529268,-0.0613632828,0.0154201925,0.8760625,"erp_gender_agreement_300_600_midline_weakprior"
"z_recoded_mini_language",-0.00222529765,-0.017396276925,0.01277832425,0.6165625,"erp_gender_agreement_300_600_midline_weakprior"
"z_recoded_caudality",-0.068738686,-0.07771146965,-0.059671125025,1,"erp_gender_agreement_300_600_midline_weakprior"
"z_multilingual_language_diversity",-0.000818164525,-0.0120341679,0.010572295725,0.556875,"erp_gender_agreement_300_600_midline_weakprior"
"z_recoded_grammaticality:z_recoded_session",0.0111766125,0.001757164495,0.020636597375,0.989625,"erp_gender_agreement_300_600_midline_weakprior"
"z_recoded_grammaticality:z_recoded_mini_language",-0.0088687089,-0.02772411085,0.009932798265,0.82528125,"erp_gender_agreement_300_600_midline_weakprior"
"z_recoded_session:z_recoded_mini_language",-0.027050705,-0.0654297158,0.01046405065,0.92084375,"erp_gender_agreement_300_600_midline_weakprior"
"z_recoded_grammaticality:z_recoded_caudality",0.0033903905,-0.0054468943675,0.01238366655,0.7711875,"erp_gender_agreement_300_600_midline_weakprior"
"z_recoded_grammaticality:z_recoded_session:z_recoded_mini_language",0.0049271102,-0.00435236248,0.014235280925,0.85221875,"erp_gender_agreement_300_600_midline_weakprior"
"Intercept",-0.00116398835,-0.017692036675,0.015567062425,0.55684375,"erp_gender_agreement_400_900_lateral_itemslope_retfree"
"z_baseline_predictor",0.40401816,0.39738597275,0.41055800175,1,"erp_gender_agreement_400_900_lateral_itemslope_retfree"
"z_recoded_grammaticality",0.017277969,-0.002263135195,0.036693933775,0.9579375,"erp_gender_agreement_400_900_lateral_itemslope_retfree"
"z_recoded_session",0.01228835,-0.019055236325,0.0433148537,0.781625,"erp_gender_agreement_400_900_lateral_itemslope_retfree"
"z_recoded_mini_language",0.0042943066,-0.0124523592,0.021319990175,0.69240625,"erp_gender_agreement_400_900_lateral_itemslope_retfree"
"z_retention",-0.0041888311,-0.031975365725,0.0234928814,0.61371875,"erp_gender_agreement_400_900_lateral_itemslope_retfree"
"z_recoded_hemisphere",0.040069916,0.033571211825,0.046654893225,1,"erp_gender_agreement_400_900_lateral_itemslope_retfree"
"z_recoded_caudality",-0.0777474525,-0.084219703175,-0.0712756158,1,"erp_gender_agreement_400_900_lateral_itemslope_retfree"
"z_multilingual_language_diversity",-0.0014911,-0.010520937175,0.00760455952999999,0.62684375,"erp_gender_agreement_400_900_lateral_itemslope_retfree"
"z_recoded_grammaticality:z_recoded_session",0.0166061185,0.00725674079,0.02611119905,0.99971875,"erp_gender_agreement_400_900_lateral_itemslope_retfree"
"z_recoded_grammaticality:z_recoded_mini_language",0.0017464621,-0.0176757396,0.0214966753,0.57353125,"erp_gender_agreement_400_900_lateral_itemslope_retfree"
"z_recoded_session:z_recoded_mini_language",-0.0300014255,-0.062079113425,0.00155450849499999,0.9690625,"erp_gender_agreement_400_900_lateral_itemslope_retfree"
"z_recoded_grammaticality:z_retention",0.000629931885,-0.024990505275,0.025930424875,0.51878125,"erp_gender_agreement_400_900_lateral_itemslope_retfree"
"z_recoded_mini_language:z_retention",0.017431114,-0.01050818665,0.045362378725,0.8893125,"erp_gender_agreement_400_900_lateral_itemslope_retfree"
"z_recoded_grammaticality:z_recoded_hemisphere",0.002989362,-0.003294848405,0.0092885937625,0.8251875,"erp_gender_agreement_400_900_lateral_itemslope_retfree"
"z_recoded_grammaticality:z_recoded_caudality",-0.0031515857,-0.009518292515,0.00323159141,0.83309375,"erp_gender_agreement_400_900_lateral_itemslope_retfree"
"z_recoded_grammaticality:z_recoded_session:z_recoded_mini_language",-0.0096562884,-0.018967657925,-0.000290534052000012,0.97790625,"erp_gender_agreement_400_900_lateral_itemslope_retfree"
"z_recoded_grammaticality:z_recoded_mini_language:z_retention",0.0233128455,-0.00225449142499999,0.048502270175,0.96359375,"erp_gender_agreement_400_900_lateral_itemslope_retfree"
"Intercept",0.00013168513,-0.0130818548,0.013185425125,0.50771875,"erp_gender_agreement_400_900_lateral_itemslope"
"z_baseline_predictor",0.404005555,0.397409341,0.4105485585,1,"erp_gender_agreement_400_900_lateral_itemslope"
"z_recoded_grammaticality",0.01662212,-0.000870736546749999,0.034098712975,0.9691875,"erp_gender_agreement_400_900_lateral_itemslope"
"z_recoded_session",0.0115295545,-0.01942530285,0.042357194125,0.7669375,"erp_gender_agreement_400_900_lateral_itemslope"
"z_recoded_mini_language",-0.00222828425,-0.01559407585,0.0110882722,0.6321875,"erp_gender_agreement_400_900_lateral_itemslope"
"z_recoded_hemisphere",0.040072832,0.033639046975,0.0464412266,1,"erp_gender_agreement_400_900_lateral_itemslope"
"z_recoded_caudality",-0.077725367,-0.084196665275,-0.071270848775,1,"erp_gender_agreement_400_900_lateral_itemslope"
"z_multilingual_language_diversity",-0.0013833855,-0.0108366547,0.0078323119875,0.6164375,"erp_gender_agreement_400_900_lateral_itemslope"
"z_recoded_grammaticality:z_recoded_session",0.0166501275,0.0099076946975,0.023366158975,1,"erp_gender_agreement_400_900_lateral_itemslope"
"z_recoded_grammaticality:z_recoded_mini_language",-0.00583110765,-0.02354323955,0.01178489385,0.7433125,"erp_gender_agreement_400_900_lateral_itemslope"
"z_recoded_session:z_recoded_mini_language",-0.0267407285,-0.057596573,0.00405132111249998,0.956375,"erp_gender_agreement_400_900_lateral_itemslope"
"z_recoded_grammaticality:z_recoded_hemisphere",0.00299952215,-0.0034278117775,0.00938468011749999,0.81728125,"erp_gender_agreement_400_900_lateral_itemslope"
"z_recoded_grammaticality:z_recoded_caudality",-0.0031642703,-0.0094873399075,0.0032779763275,0.83228125,"erp_gender_agreement_400_900_lateral_itemslope"
"z_recoded_grammaticality:z_recoded_session:z_recoded_mini_language",-0.0038476815,-0.010682476425,0.00293066027999999,0.86671875,"erp_gender_agreement_400_900_lateral_itemslope"
"Intercept",-0.000592520315,-0.01653880905,0.015756909675,0.52771875,"erp_gender_agreement_400_900_lateral_retfree"
"z_baseline_predictor",0.404468695,0.39788653925,0.41097523675,1,"erp_gender_agreement_400_900_lateral_retfree"
"z_recoded_grammaticality",0.0167681125,-0.000265142819749997,0.03372044165,0.97253125,"erp_gender_agreement_400_900_lateral_retfree"
"z_recoded_session",0.011814354,-0.01855905815,0.04289592675,0.779,"erp_gender_agreement_400_900_lateral_retfree"
"z_recoded_mini_language",0.00502508945,-0.01140968915,0.021422739275,0.7275625,"erp_gender_agreement_400_900_lateral_retfree"
"z_retention",-0.00358212265,-0.031512246175,0.024193357825,0.60109375,"erp_gender_agreement_400_900_lateral_retfree"
"z_recoded_hemisphere",0.0401175935,0.033711564625,0.04643159895,1,"erp_gender_agreement_400_900_lateral_retfree"
"z_recoded_caudality",-0.077774366,-0.084286130225,-0.07126475095,1,"erp_gender_agreement_400_900_lateral_retfree"
"z_multilingual_language_diversity",-0.00103492665,-0.009267751645,0.007165513275,0.59725,"erp_gender_agreement_400_900_lateral_retfree"
"z_recoded_grammaticality:z_recoded_session",0.016907557,0.00757470805,0.026193337575,0.99984375,"erp_gender_agreement_400_900_lateral_retfree"
"z_recoded_grammaticality:z_recoded_mini_language",0.0015307681,-0.015436336375,0.0189076844,0.57196875,"erp_gender_agreement_400_900_lateral_retfree"
"z_recoded_session:z_recoded_mini_language",-0.0299742045,-0.0611193911,0.00121552159999999,0.9698125,"erp_gender_agreement_400_900_lateral_retfree"
"z_recoded_grammaticality:z_retention",0.000135294395,-0.025261610175,0.025260483525,0.50478125,"erp_gender_agreement_400_900_lateral_retfree"
"z_recoded_mini_language:z_retention",0.018377217,-0.00920295797999999,0.04621305705,0.904625,"erp_gender_agreement_400_900_lateral_retfree"
"z_recoded_grammaticality:z_recoded_hemisphere",0.0030076366,-0.0034740936975,0.0094498849975,0.82109375,"erp_gender_agreement_400_900_lateral_retfree"
"z_recoded_grammaticality:z_recoded_caudality",-0.00316604985,-0.00958004425,0.0032314865675,0.8346875,"erp_gender_agreement_400_900_lateral_retfree"
"z_recoded_grammaticality:z_recoded_session:z_recoded_mini_language",-0.00943936745,-0.0186231374,-0.000216041078000007,0.977625,"erp_gender_agreement_400_900_lateral_retfree"
"z_recoded_grammaticality:z_recoded_mini_language:z_retention",0.0235852645,-0.00132276918249999,0.0486082954,0.968375,"erp_gender_agreement_400_900_lateral_retfree"
"Intercept",0.000750625205,-0.0120046261,0.01305882085,0.547875,"erp_gender_agreement_400_900_lateral"
"z_baseline_predictor",0.40442942,0.3979082385,0.4110117285,1,"erp_gender_agreement_400_900_lateral"
"z_recoded_grammaticality",0.0165484985,0.001847168,0.0316696351,0.98625,"erp_gender_agreement_400_900_lateral"
"z_recoded_session",0.011027298,-0.0193948292,0.042083918475,0.7613125,"erp_gender_agreement_400_900_lateral"
"z_recoded_mini_language",-0.0018601223,-0.014384339725,0.01095731525,0.61371875,"erp_gender_agreement_400_900_lateral"
"z_recoded_hemisphere",0.040103317,0.033728776525,0.046501216625,1,"erp_gender_agreement_400_900_lateral"
"z_recoded_caudality",-0.077779632,-0.0842782195,-0.071308294725,1,"erp_gender_agreement_400_900_lateral"
"z_multilingual_language_diversity",-0.00098286706,-0.00933601924,0.0074500681675,0.59346875,"erp_gender_agreement_400_900_lateral"
"z_recoded_grammaticality:z_recoded_session",0.016756335,0.010057989075,0.02345911815,1,"erp_gender_agreement_400_900_lateral"
"z_recoded_grammaticality:z_recoded_mini_language",-0.00615839185,-0.020997118275,0.00844496842249999,0.79609375,"erp_gender_agreement_400_900_lateral"
"z_recoded_session:z_recoded_mini_language",-0.0261668615,-0.056368169375,0.00479294085499999,0.95384375,"erp_gender_agreement_400_900_lateral"
"z_recoded_grammaticality:z_recoded_hemisphere",0.00298042655,-0.0033987509025,0.00939248643,0.817875,"erp_gender_agreement_400_900_lateral"
"z_recoded_grammaticality:z_recoded_caudality",-0.00315788145,-0.009433757135,0.00324391834,0.83440625,"erp_gender_agreement_400_900_lateral"
"z_recoded_grammaticality:z_recoded_session:z_recoded_mini_language",-0.0035289139,-0.0102567528,0.00319465007499999,0.8448125,"erp_gender_agreement_400_900_lateral"
"Intercept",0.000150177355,-0.0127466111,0.0132703572,0.508375,"erp_gender_agreement_400_900_lateral_weakprior_itemslope"
"z_baseline_predictor",0.403998735,0.3975526255,0.4103795805,1,"erp_gender_agreement_400_900_lateral_weakprior_itemslope"
"z_recoded_grammaticality",0.017024199,-0.000651314498999998,0.0346282749,0.97028125,"erp_gender_agreement_400_900_lateral_weakprior_itemslope"
"z_recoded_session",0.011331138,-0.019637782325,0.04247462445,0.76253125,"erp_gender_agreement_400_900_lateral_weakprior_itemslope"
"z_recoded_mini_language",-0.0022231075,-0.015378258225,0.01132521655,0.6314375,"erp_gender_agreement_400_900_lateral_weakprior_itemslope"
"z_recoded_hemisphere",0.040051127,0.033725448075,0.04648557135,1,"erp_gender_agreement_400_900_lateral_weakprior_itemslope"
"z_recoded_caudality",-0.0777149215,-0.084133033675,-0.071290148575,1,"erp_gender_agreement_400_900_lateral_weakprior_itemslope"
"z_multilingual_language_diversity",-0.00138627875,-0.010568298425,0.00783348023,0.620125,"erp_gender_agreement_400_900_lateral_weakprior_itemslope"
"z_recoded_grammaticality:z_recoded_session",0.0166585515,0.0099358388275,0.02342221245,1,"erp_gender_agreement_400_900_lateral_weakprior_itemslope"
"z_recoded_grammaticality:z_recoded_mini_language",-0.00579575185,-0.023468709325,0.011740338075,0.74075,"erp_gender_agreement_400_900_lateral_weakprior_itemslope"
"z_recoded_session:z_recoded_mini_language",-0.026722944,-0.05778091035,0.00409873928249998,0.95665625,"erp_gender_agreement_400_900_lateral_weakprior_itemslope"
"z_recoded_grammaticality:z_recoded_hemisphere",0.00299201335,-0.0033426723775,0.0093786896425,0.8209375,"erp_gender_agreement_400_900_lateral_weakprior_itemslope"
"z_recoded_grammaticality:z_recoded_caudality",-0.00318551955,-0.0095820100525,0.00325636384,0.8325625,"erp_gender_agreement_400_900_lateral_weakprior_itemslope"
"z_recoded_grammaticality:z_recoded_session:z_recoded_mini_language",-0.0038333351,-0.010600758975,0.0030115250825,0.86528125,"erp_gender_agreement_400_900_lateral_weakprior_itemslope"
"Intercept",0.00065303129,-0.0119614952,0.0132549435,0.53965625,"erp_gender_agreement_400_900_lateral_weakprior"
"z_baseline_predictor",0.40450711,0.39784040125,0.41110246075,1,"erp_gender_agreement_400_900_lateral_weakprior"
"z_recoded_grammaticality",0.0165962375,0.00182174563750001,0.031421344275,0.985375,"erp_gender_agreement_400_900_lateral_weakprior"
"z_recoded_session",0.0110290215,-0.0197553398,0.041595239275,0.76159375,"erp_gender_agreement_400_900_lateral_weakprior"
"z_recoded_mini_language",-0.00172355565,-0.01464898165,0.010914910725,0.60603125,"erp_gender_agreement_400_900_lateral_weakprior"
"z_recoded_hemisphere",0.0401188885,0.033659585475,0.04650499995,1,"erp_gender_agreement_400_900_lateral_weakprior"
"z_recoded_caudality",-0.0777956845,-0.08420961875,-0.07132498255,1,"erp_gender_agreement_400_900_lateral_weakprior"
"z_multilingual_language_diversity",-0.000973169205,-0.0093260902475,0.007399441305,0.591,"erp_gender_agreement_400_900_lateral_weakprior"
"z_recoded_grammaticality:z_recoded_session",0.016729403,0.01002687185,0.0235541263,1,"erp_gender_agreement_400_900_lateral_weakprior"
"z_recoded_grammaticality:z_recoded_mini_language",-0.0061423333,-0.02098259205,0.0085898436875,0.79696875,"erp_gender_agreement_400_900_lateral_weakprior"
"z_recoded_session:z_recoded_mini_language",-0.0261546865,-0.057235107625,0.00409936522499997,0.95521875,"erp_gender_agreement_400_900_lateral_weakprior"
"z_recoded_grammaticality:z_recoded_hemisphere",0.0029619149,-0.00341354415,0.0093086020575,0.81803125,"erp_gender_agreement_400_900_lateral_weakprior"
"z_recoded_grammaticality:z_recoded_caudality",-0.0031868393,-0.00947599039,0.0032341560325,0.83615625,"erp_gender_agreement_400_900_lateral_weakprior"
"z_recoded_grammaticality:z_recoded_session:z_recoded_mini_language",-0.0035236815,-0.010372799,0.0032244858625,0.845625,"erp_gender_agreement_400_900_lateral_weakprior"
"Intercept",0.00883584575,-0.01133924955,0.0292564548,0.807875,"erp_gender_agreement_400_900_midline_itemslope_retfree"
"z_baseline_predictor",0.356349455,0.347004393,0.36575278875,1,"erp_gender_agreement_400_900_midline_itemslope_retfree"
"z_recoded_grammaticality",0.016992196,-0.0074209443625,0.04153946095,0.91475,"erp_gender_agreement_400_900_midline_itemslope_retfree"
"z_recoded_session",-0.022305336,-0.05521150695,0.010504521725,0.9108125,"erp_gender_agreement_400_900_midline_itemslope_retfree"
"z_recoded_mini_language",-0.00528353515,-0.0257237291,0.014949971925,0.6955625,"erp_gender_agreement_400_900_midline_itemslope_retfree"
"z_retention",0.0276628135,-0.0108919323,0.066424945025,0.91890625,"erp_gender_agreement_400_900_midline_itemslope_retfree"
"z_recoded_caudality",-0.0740194985,-0.083176242325,-0.06476920865,1,"erp_gender_agreement_400_900_midline_itemslope_retfree"
"z_multilingual_language_diversity",-0.000611410075,-0.011102234475,0.00992312055249999,0.5460625,"erp_gender_agreement_400_900_midline_itemslope_retfree"
"z_recoded_grammaticality:z_recoded_session",0.0239182195,0.010598674525,0.0374487658,0.99975,"erp_gender_agreement_400_900_midline_itemslope_retfree"
"z_recoded_grammaticality:z_recoded_mini_language",0.00212803055,-0.0226236328,0.0268138681,0.56746875,"erp_gender_agreement_400_900_midline_itemslope_retfree"
"z_recoded_session:z_recoded_mini_language",-0.016439127,-0.050229032025,0.0164444127,0.8384375,"erp_gender_agreement_400_900_midline_itemslope_retfree"
"z_recoded_grammaticality:z_retention",-0.011710786,-0.04823189305,0.02418732215,0.7355,"erp_gender_agreement_400_900_midline_itemslope_retfree"
"z_recoded_mini_language:z_retention",-0.013414199,-0.0525536572,0.025628890875,0.74753125,"erp_gender_agreement_400_900_midline_itemslope_retfree"
"z_recoded_grammaticality:z_recoded_caudality",-0.000249873825,-0.009428848955,0.0088370795825,0.52228125,"erp_gender_agreement_400_900_midline_itemslope_retfree"
"z_recoded_grammaticality:z_recoded_session:z_recoded_mini_language",-0.0114245755,-0.0247367155,0.0020912824525,0.95140625,"erp_gender_agreement_400_900_midline_itemslope_retfree"
"z_recoded_grammaticality:z_recoded_mini_language:z_retention",0.04401117,0.0071149573725,0.080414417225,0.99046875,"erp_gender_agreement_400_900_midline_itemslope_retfree"
"Intercept",-0.00110392,-0.015214090325,0.013045588875,0.56065625,"erp_gender_agreement_400_900_midline_itemslope"
"z_baseline_predictor",0.35620107,0.3468169505,0.36549920475,1,"erp_gender_agreement_400_900_midline_itemslope"
"z_recoded_grammaticality",0.020348467,-0.00092493285925,0.0413658375,0.9703125,"erp_gender_agreement_400_900_midline_itemslope"
"z_recoded_session",-0.016311064,-0.04818792365,0.0159027776,0.84015625,"erp_gender_agreement_400_900_midline_itemslope"
"z_recoded_mini_language",-0.000638578255,-0.01496808075,0.01350166085,0.53478125,"erp_gender_agreement_400_900_midline_itemslope"
"z_recoded_caudality",-0.0740164095,-0.0832282698,-0.064890541025,1,"erp_gender_agreement_400_900_midline_itemslope"
"z_multilingual_language_diversity",-0.00071306322,-0.011374506225,0.0098733982525,0.55296875,"erp_gender_agreement_400_900_midline_itemslope"
"z_recoded_grammaticality:z_recoded_session",0.0205011235,0.01089552905,0.03011485355,1,"erp_gender_agreement_400_900_midline_itemslope"
"z_recoded_grammaticality:z_recoded_mini_language",-0.011993476,-0.033413489975,0.00919251750249999,0.870125,"erp_gender_agreement_400_900_midline_itemslope"
"z_recoded_session:z_recoded_mini_language",-0.0198166245,-0.05168222025,0.012239735225,0.88909375,"erp_gender_agreement_400_900_midline_itemslope"
"z_recoded_grammaticality:z_recoded_caudality",-0.000223736385,-0.009442205245,0.008958467265,0.5193125,"erp_gender_agreement_400_900_midline_itemslope"
"z_recoded_grammaticality:z_recoded_session:z_recoded_mini_language",-0.0001272436,-0.009920423275,0.00965104758499999,0.5106875,"erp_gender_agreement_400_900_midline_itemslope"
"Intercept",0.00892883655,-0.01136619455,0.029153748775,0.80846875,"erp_gender_agreement_400_900_midline_retfree"
"z_baseline_predictor",0.356400015,0.34690740375,0.3658606825,1,"erp_gender_agreement_400_900_midline_retfree"
"z_recoded_grammaticality",0.016924674,-0.005346969465,0.0397607241999999,0.93140625,"erp_gender_agreement_400_900_midline_retfree"
"z_recoded_session",-0.0227287765,-0.0555182152,0.0105902424,0.9129375,"erp_gender_agreement_400_900_midline_retfree"
"z_recoded_mini_language",-0.0059123372,-0.0264060945,0.01435623325,0.71675,"erp_gender_agreement_400_900_midline_retfree"
"z_retention",0.0275063385,-0.012011353775,0.066505218775,0.91371875,"erp_gender_agreement_400_900_midline_retfree"
"z_recoded_caudality",-0.0740051615,-0.0832454016,-0.06473924165,1,"erp_gender_agreement_400_900_midline_retfree"
"z_multilingual_language_diversity",-0.00052442125,-0.0111507005,0.010192888725,0.5374375,"erp_gender_agreement_400_900_midline_retfree"
"z_recoded_grammaticality:z_recoded_session",0.0241100695,0.010598770225,0.037653032975,0.9998125,"erp_gender_agreement_400_900_midline_retfree"
"z_recoded_grammaticality:z_recoded_mini_language",0.0020855423,-0.02031689195,0.02504316105,0.57378125,"erp_gender_agreement_400_900_midline_retfree"
"z_recoded_session:z_recoded_mini_language",-0.016378528,-0.048978055475,0.016226427275,0.83796875,"erp_gender_agreement_400_900_midline_retfree"
"z_recoded_grammaticality:z_retention",-0.011775285,-0.048243823125,0.024608721375,0.73753125,"erp_gender_agreement_400_900_midline_retfree"
"z_recoded_mini_language:z_retention",-0.01490991,-0.0540235518,0.024356076175,0.76859375,"erp_gender_agreement_400_900_midline_retfree"
"z_recoded_grammaticality:z_recoded_caudality",-0.000256976435,-0.009366701165,0.0089279476725,0.52140625,"erp_gender_agreement_400_900_midline_retfree"
"z_recoded_grammaticality:z_recoded_session:z_recoded_mini_language",-0.011315631,-0.0246674307,0.00199868479999999,0.9514375,"erp_gender_agreement_400_900_midline_retfree"
"z_recoded_grammaticality:z_recoded_mini_language:z_retention",0.044718812,0.00870607126750001,0.08146144675,0.992625,"erp_gender_agreement_400_900_midline_retfree"
"Intercept",-0.000878690755,-0.0150403806,0.0133256973,0.5491875,"erp_gender_agreement_400_900_midline"
"z_baseline_predictor",0.356217105,0.346878209,0.3656750115,1,"erp_gender_agreement_400_900_midline"
"z_recoded_grammaticality",0.020133555,0.000946221000750003,0.038994375825,0.98015625,"erp_gender_agreement_400_900_midline"
"z_recoded_session",-0.0166952455,-0.0485873135,0.016128743475,0.84446875,"erp_gender_agreement_400_900_midline"
"z_recoded_mini_language",-0.000910622765,-0.015080864675,0.01362033285,0.54990625,"erp_gender_agreement_400_900_midline"
"z_recoded_caudality",-0.073987296,-0.083385036325,-0.0646826932,1,"erp_gender_agreement_400_900_midline"
"z_multilingual_language_diversity",-0.00062662371,-0.011161501525,0.0101219243,0.546,"erp_gender_agreement_400_900_midline"
"z_recoded_grammaticality:z_recoded_session",0.0207071905,0.0110507329,0.030353196825,1,"erp_gender_agreement_400_900_midline"
"z_recoded_grammaticality:z_recoded_mini_language",-0.012372893,-0.031277382425,0.00661839538499999,0.90121875,"erp_gender_agreement_400_900_midline"
"z_recoded_session:z_recoded_mini_language",-0.0200225355,-0.052016568075,0.011821002,0.89353125,"erp_gender_agreement_400_900_midline"
"z_recoded_grammaticality:z_recoded_caudality",-0.000247715975,-0.0095035369725,0.00887766384249999,0.5206875,"erp_gender_agreement_400_900_midline"
"z_recoded_grammaticality:z_recoded_session:z_recoded_mini_language",0.00022890969,-0.00931212445,0.01004889095,0.51909375,"erp_gender_agreement_400_900_midline"
"Intercept",-0.00106614915,-0.015300779325,0.013250931675,0.55884375,"erp_gender_agreement_400_900_midline_weakprior_itemslope"
"z_baseline_predictor",0.356219725,0.3468184895,0.36562483625,1,"erp_gender_agreement_400_900_midline_weakprior_itemslope"
"z_recoded_grammaticality",0.0205240355,-0.00059541455224999,0.04194586185,0.97125,"erp_gender_agreement_400_900_midline_weakprior_itemslope"
"z_recoded_session",-0.0161672365,-0.048157193,0.015738020675,0.84140625,"erp_gender_agreement_400_900_midline_weakprior_itemslope"
"z_recoded_mini_language",-0.00061403556,-0.015056512575,0.013784783275,0.534125,"erp_gender_agreement_400_900_midline_weakprior_itemslope"
"z_recoded_caudality",-0.0740562305,-0.083294007675,-0.0649269341,1,"erp_gender_agreement_400_900_midline_weakprior_itemslope"
"z_multilingual_language_diversity",-0.00069330667,-0.011419235175,0.0098592767175,0.54978125,"erp_gender_agreement_400_900_midline_weakprior_itemslope"
"z_recoded_grammaticality:z_recoded_session",0.0205470995,0.0106644349,0.030175305525,0.9999375,"erp_gender_agreement_400_900_midline_weakprior_itemslope"
"z_recoded_grammaticality:z_recoded_mini_language",-0.012183083,-0.033265311725,0.0089001701425,0.87271875,"erp_gender_agreement_400_900_midline_weakprior_itemslope"
"z_recoded_session:z_recoded_mini_language",-0.0195199315,-0.051975077525,0.012319740875,0.8866875,"erp_gender_agreement_400_900_midline_weakprior_itemslope"
"z_recoded_grammaticality:z_recoded_caudality",-0.00031701428,-0.00958228352,0.00906955844749999,0.52521875,"erp_gender_agreement_400_900_midline_weakprior_itemslope"
"z_recoded_grammaticality:z_recoded_session:z_recoded_mini_language",-5.7920618e-05,-0.0097718012525,0.0096890363025,0.50390625,"erp_gender_agreement_400_900_midline_weakprior_itemslope"
"Intercept",-0.0009953379,-0.0153069763,0.013273742825,0.55446875,"erp_gender_agreement_400_900_midline_weakprior"
"z_baseline_predictor",0.356248275,0.3468215885,0.3657457825,1,"erp_gender_agreement_400_900_midline_weakprior"
"z_recoded_grammaticality",0.0203628165,0.0011386460425,0.0393498261,0.98165625,"erp_gender_agreement_400_900_midline_weakprior"
"z_recoded_session",-0.0163880195,-0.04801703565,0.014622284825,0.85025,"erp_gender_agreement_400_900_midline_weakprior"
"z_recoded_mini_language",-0.00087942345,-0.0154632061,0.01350989235,0.5480625,"erp_gender_agreement_400_900_midline_weakprior"
"z_recoded_caudality",-0.074005593,-0.083447265,-0.064714217525,1,"erp_gender_agreement_400_900_midline_weakprior"
"z_multilingual_language_diversity",-0.00059187156,-0.01121315395,0.010172347125,0.5425,"erp_gender_agreement_400_900_midline_weakprior"
"z_recoded_grammaticality:z_recoded_session",0.0206788855,0.0110393834,0.0304111025,1,"erp_gender_agreement_400_900_midline_weakprior"
"z_recoded_grammaticality:z_recoded_mini_language",-0.0123281585,-0.03126771985,0.00677165708,0.90121875,"erp_gender_agreement_400_900_midline_weakprior"
"z_recoded_session:z_recoded_mini_language",-0.020088061,-0.052578840725,0.011897055375,0.89540625,"erp_gender_agreement_400_900_midline_weakprior"
"z_recoded_grammaticality:z_recoded_caudality",-0.00029372272,-0.0096511924825,0.0090057993,0.5235,"erp_gender_agreement_400_900_midline_weakprior"
"z_recoded_grammaticality:z_recoded_session:z_recoded_mini_language",0.000297192395,-0.0093787690375,0.00989837947499999,0.5221875,"erp_gender_agreement_400_900_midline_weakprior"
"Intercept",-0.0023972356,-0.02005566465,0.015674393025,0.60675,"erp_verb_object_number_agreement_200_500_lateral_itemslope"
"z_baseline_predictor",0.534140715,0.52500143125,0.54321792175,1,"erp_verb_object_number_agreement_200_500_lateral_itemslope"
"z_recoded_grammaticality",0.016924679,-0.0059069250925,0.039660754075,0.92853125,"erp_verb_object_number_agreement_200_500_lateral_itemslope"
"z_recoded_session",-0.00870256225,-0.0374604511,0.020181545425,0.72575,"erp_verb_object_number_agreement_200_500_lateral_itemslope"
"z_recoded_mini_language",0.0024925061,-0.015548208675,0.020515344325,0.60853125,"erp_verb_object_number_agreement_200_500_lateral_itemslope"
"z_recoded_hemisphere",0.0398757405,0.031100962075,0.048722665675,1,"erp_verb_object_number_agreement_200_500_lateral_itemslope"
"z_recoded_caudality",0.000220510125,-0.0084295284525,0.0088860077325,0.5201875,"erp_verb_object_number_agreement_200_500_lateral_itemslope"
"z_multilingual_language_diversity",-0.0083875737,-0.019546525875,0.00309678452499999,0.92403125,"erp_verb_object_number_agreement_200_500_lateral_itemslope"
"z_recoded_grammaticality:z_recoded_session",0.0052792598,-0.00470116624,0.015164569275,0.84775,"erp_verb_object_number_agreement_200_500_lateral_itemslope"
"z_recoded_grammaticality:z_recoded_mini_language",0.0105180195,-0.012141956425,0.03353949565,0.82090625,"erp_verb_object_number_agreement_200_500_lateral_itemslope"
"z_recoded_session:z_recoded_mini_language",0.0057810705,-0.022936248425,0.0343124639,0.65571875,"erp_verb_object_number_agreement_200_500_lateral_itemslope"
"z_recoded_grammaticality:z_recoded_hemisphere",0.00203167905,-0.006506972795,0.01053382075,0.67875,"erp_verb_object_number_agreement_200_500_lateral_itemslope"
"z_recoded_grammaticality:z_recoded_caudality",0.00133126975,-0.0073796974175,0.010071904625,0.6170625,"erp_verb_object_number_agreement_200_500_lateral_itemslope"
"z_recoded_grammaticality:z_recoded_session:z_recoded_mini_language",0.00400255205,-0.0059624063125,0.014044130875,0.78709375,"erp_verb_object_number_agreement_200_500_lateral_itemslope"
"Intercept",-0.00300394825,-0.02079205695,0.014683153825,0.63353125,"erp_verb_object_number_agreement_200_500_lateral"
"z_baseline_predictor",0.535139955,0.52610197875,0.544208948,1,"erp_verb_object_number_agreement_200_500_lateral"
"z_recoded_grammaticality",0.016245488,-0.00267377949,0.0355358122,0.9541875,"erp_verb_object_number_agreement_200_500_lateral"
"z_recoded_session",-0.00936432735,-0.038181947225,0.0193038912,0.74140625,"erp_verb_object_number_agreement_200_500_lateral"
"z_recoded_mini_language",0.0026786062,-0.015170414475,0.02045931055,0.61584375,"erp_verb_object_number_agreement_200_500_lateral"
"z_recoded_hemisphere",0.039961513,0.031219683625,0.048742317325,1,"erp_verb_object_number_agreement_200_500_lateral"
"z_recoded_caudality",0.00023016978,-0.00844549397749999,0.00893674021499999,0.52084375,"erp_verb_object_number_agreement_200_500_lateral"
"z_multilingual_language_diversity",-0.00855336595,-0.0195955438,0.00308513263499999,0.92659375,"erp_verb_object_number_agreement_200_500_lateral"
"z_recoded_grammaticality:z_recoded_session",0.0051077653,-0.00483203072,0.015143316875,0.8418125,"erp_verb_object_number_agreement_200_500_lateral"
"z_recoded_grammaticality:z_recoded_mini_language",0.00988455785,-0.008866931225,0.029005684,0.8529375,"erp_verb_object_number_agreement_200_500_lateral"
"z_recoded_session:z_recoded_mini_language",0.00627363425,-0.02240805355,0.0345366036,0.66490625,"erp_verb_object_number_agreement_200_500_lateral"
"z_recoded_grammaticality:z_recoded_hemisphere",0.00202778525,-0.00689416202,0.0109359398,0.6764375,"erp_verb_object_number_agreement_200_500_lateral"
"z_recoded_grammaticality:z_recoded_caudality",0.00134071145,-0.00740863824999999,0.01024608915,0.61353125,"erp_verb_object_number_agreement_200_500_lateral"
"z_recoded_grammaticality:z_recoded_session:z_recoded_mini_language",0.00470612925,-0.00524770179,0.014644579475,0.82071875,"erp_verb_object_number_agreement_200_500_lateral"
"Intercept",-0.0025208355,-0.020111048125,0.01536778205,0.61065625,"erp_verb_object_number_agreement_200_500_lateral_weakprior_itemslope"
"z_baseline_predictor",0.53410012,0.52503267575,0.543234974,1,"erp_verb_object_number_agreement_200_500_lateral_weakprior_itemslope"
"z_recoded_grammaticality",0.0167427985,-0.00581626579749999,0.039613688675,0.928375,"erp_verb_object_number_agreement_200_500_lateral_weakprior_itemslope"
"z_recoded_session",-0.008878078,-0.037783684375,0.019677272375,0.7308125,"erp_verb_object_number_agreement_200_500_lateral_weakprior_itemslope"
"z_recoded_mini_language",0.0024989522,-0.0154182438,0.0206148831,0.60625,"erp_verb_object_number_agreement_200_500_lateral_weakprior_itemslope"
"z_recoded_hemisphere",0.0399535315,0.0311946036,0.048614720375,1,"erp_verb_object_number_agreement_200_500_lateral_weakprior_itemslope"
"z_recoded_caudality",0.000237481255,-0.0083559866075,0.00885647538,0.5218125,"erp_verb_object_number_agreement_200_500_lateral_weakprior_itemslope"
"z_multilingual_language_diversity",-0.00838334075,-0.0195617359,0.0031202477875,0.925875,"erp_verb_object_number_agreement_200_500_lateral_weakprior_itemslope"
"z_recoded_grammaticality:z_recoded_session",0.0052193011,-0.0048201802275,0.0151127359,0.849875,"erp_verb_object_number_agreement_200_500_lateral_weakprior_itemslope"
"z_recoded_grammaticality:z_recoded_mini_language",0.0103531635,-0.0120634474,0.033145774975,0.8181875,"erp_verb_object_number_agreement_200_500_lateral_weakprior_itemslope"
"z_recoded_session:z_recoded_mini_language",0.0056201292,-0.02329240005,0.0341021095,0.649375,"erp_verb_object_number_agreement_200_500_lateral_weakprior_itemslope"
"z_recoded_grammaticality:z_recoded_hemisphere",0.0020289448,-0.0066834534225,0.01071372675,0.67525,"erp_verb_object_number_agreement_200_500_lateral_weakprior_itemslope"
"z_recoded_grammaticality:z_recoded_caudality",0.00131274475,-0.00731561258,0.010019213825,0.619,"erp_verb_object_number_agreement_200_500_lateral_weakprior_itemslope"
"z_recoded_grammaticality:z_recoded_session:z_recoded_mini_language",0.00398344975,-0.0060328086725,0.013867512525,0.78428125,"erp_verb_object_number_agreement_200_500_lateral_weakprior_itemslope"
"Intercept",-0.00317067355,-0.02105811095,0.0145668122,0.639625,"erp_verb_object_number_agreement_200_500_lateral_weakprior"
"z_baseline_predictor",0.53517449,0.526131586,0.5442983025,1,"erp_verb_object_number_agreement_200_500_lateral_weakprior"
"z_recoded_grammaticality",0.01628921,-0.00241984816999999,0.035187686525,0.95484375,"erp_verb_object_number_agreement_200_500_lateral_weakprior"
"z_recoded_session",-0.0095286953,-0.03815460445,0.019022687825,0.7445,"erp_verb_object_number_agreement_200_500_lateral_weakprior"
"z_recoded_mini_language",0.00268018245,-0.015421866425,0.02088703985,0.61828125,"erp_verb_object_number_agreement_200_500_lateral_weakprior"
"z_recoded_hemisphere",0.0399824365,0.031216090375,0.04868255015,1,"erp_verb_object_number_agreement_200_500_lateral_weakprior"
"z_recoded_caudality",0.000232906525,-0.0084793657625,0.0089833026325,0.522,"erp_verb_object_number_agreement_200_500_lateral_weakprior"
"z_multilingual_language_diversity",-0.00861435915,-0.01960229045,0.00277576905749999,0.9338125,"erp_verb_object_number_agreement_200_500_lateral_weakprior"
"z_recoded_grammaticality:z_recoded_session",0.00509077615,-0.00481753781,0.01500159555,0.842,"erp_verb_object_number_agreement_200_500_lateral_weakprior"
"z_recoded_grammaticality:z_recoded_mini_language",0.0098482491,-0.00899860818,0.0286417451249999,0.85421875,"erp_verb_object_number_agreement_200_500_lateral_weakprior"
"z_recoded_session:z_recoded_mini_language",0.00612676455,-0.0221272414,0.034914338575,0.66446875,"erp_verb_object_number_agreement_200_500_lateral_weakprior"
"z_recoded_grammaticality:z_recoded_hemisphere",0.00208164725,-0.00666733988749999,0.010800195275,0.6793125,"erp_verb_object_number_agreement_200_500_lateral_weakprior"
"z_recoded_grammaticality:z_recoded_caudality",0.0013110963,-0.0075485102525,0.0100560078,0.61459375,"erp_verb_object_number_agreement_200_500_lateral_weakprior"
"z_recoded_grammaticality:z_recoded_session:z_recoded_mini_language",0.00471618415,-0.005217156895,0.01473938795,0.82296875,"erp_verb_object_number_agreement_200_500_lateral_weakprior"
"Intercept",-0.00367343985,-0.025178527525,0.017474863425,0.63165625,"erp_verb_object_number_agreement_200_500_midline_itemslope"
"z_baseline_predictor",0.50611896,0.492935401,0.51938903425,1,"erp_verb_object_number_agreement_200_500_midline_itemslope"
"z_recoded_grammaticality",0.00955939565,-0.017609489075,0.036761017825,0.75734375,"erp_verb_object_number_agreement_200_500_midline_itemslope"
"z_recoded_session",0.00109899995,-0.032316936375,0.0346582765499999,0.52778125,"erp_verb_object_number_agreement_200_500_midline_itemslope"
"z_recoded_mini_language",0.0022178875,-0.01956372075,0.0236333627,0.5795625,"erp_verb_object_number_agreement_200_500_midline_itemslope"
"z_recoded_caudality",0.012431531,7.62245320500068e-05,0.0249633531,0.97584375,"erp_verb_object_number_agreement_200_500_midline_itemslope"
"z_multilingual_language_diversity",-0.00544466155,-0.02068752065,0.010005901675,0.75584375,"erp_verb_object_number_agreement_200_500_midline_itemslope"
"z_recoded_grammaticality:z_recoded_session",-0.000766171305,-0.0148063694,0.013347603625,0.53996875,"erp_verb_object_number_agreement_200_500_midline_itemslope"
"z_recoded_grammaticality:z_recoded_mini_language",0.0086859907,-0.01810825365,0.03568407255,0.73665625,"erp_verb_object_number_agreement_200_500_midline_itemslope"
"z_recoded_session:z_recoded_mini_language",0.00813291475,-0.02485934155,0.04106605275,0.68584375,"erp_verb_object_number_agreement_200_500_midline_itemslope"
"z_recoded_grammaticality:z_recoded_caudality",0.0055094007,-0.00698042955749999,0.01814351235,0.80934375,"erp_verb_object_number_agreement_200_500_midline_itemslope"
"z_recoded_grammaticality:z_recoded_session:z_recoded_mini_language",0.0031064856,-0.0109729432,0.01722553385,0.66784375,"erp_verb_object_number_agreement_200_500_midline_itemslope"
"Intercept",-0.0041073346,-0.02557667885,0.016845472975,0.646,"erp_verb_object_number_agreement_200_500_midline"
"z_baseline_predictor",0.50725943,0.49436576675,0.5202120945,1,"erp_verb_object_number_agreement_200_500_midline"
"z_recoded_grammaticality",0.008692155,-0.01403981015,0.032211867275,0.77325,"erp_verb_object_number_agreement_200_500_midline"
"z_recoded_session",0.00078481973,-0.0331221805,0.0337673189249999,0.51840625,"erp_verb_object_number_agreement_200_500_midline"
"z_recoded_mini_language",0.00248746795,-0.018780125075,0.023909664375,0.590625,"erp_verb_object_number_agreement_200_500_midline"
"z_recoded_caudality",0.012558447,9.23847831750002e-05,0.024999299325,0.97578125,"erp_verb_object_number_agreement_200_500_midline"
"z_multilingual_language_diversity",-0.005952428,-0.02099117575,0.00923889476999998,0.7809375,"erp_verb_object_number_agreement_200_500_midline"
"z_recoded_grammaticality:z_recoded_session",-0.00043428332,-0.01439860635,0.0137396894,0.52359375,"erp_verb_object_number_agreement_200_500_midline"
"z_recoded_grammaticality:z_recoded_mini_language",0.00785100125,-0.015393268025,0.03157835505,0.74875,"erp_verb_object_number_agreement_200_500_midline"
"z_recoded_session:z_recoded_mini_language",0.00912811745,-0.02435663155,0.041933821525,0.7050625,"erp_verb_object_number_agreement_200_500_midline"
"z_recoded_grammaticality:z_recoded_caudality",0.00557375645,-0.007052172535,0.018231620725,0.80409375,"erp_verb_object_number_agreement_200_500_midline"
"z_recoded_grammaticality:z_recoded_session:z_recoded_mini_language",0.00425415955,-0.0096077592475,0.018285041975,0.723,"erp_verb_object_number_agreement_200_500_midline"
"Intercept",-0.0036416103,-0.02495184045,0.01753877895,0.6333125,"erp_verb_object_number_agreement_200_500_midline_weakprior_itemslope"
"z_baseline_predictor",0.50622614,0.4930089525,0.51962647725,1,"erp_verb_object_number_agreement_200_500_midline_weakprior_itemslope"
"z_recoded_grammaticality",0.00953068695,-0.01762620185,0.036734091475,0.7580625,"erp_verb_object_number_agreement_200_500_midline_weakprior_itemslope"
"z_recoded_session",0.00123204995,-0.031628855525,0.034174154475,0.528875,"erp_verb_object_number_agreement_200_500_midline_weakprior_itemslope"
"z_recoded_mini_language",0.0022674406,-0.019232408525,0.023830289975,0.58015625,"erp_verb_object_number_agreement_200_500_midline_weakprior_itemslope"
"z_recoded_caudality",0.012460761,-0.000217816297999998,0.02508834165,0.9729375,"erp_verb_object_number_agreement_200_500_midline_weakprior_itemslope"
"z_multilingual_language_diversity",-0.00541161425,-0.020684552625,0.010114017875,0.75675,"erp_verb_object_number_agreement_200_500_midline_weakprior_itemslope"
"z_recoded_grammaticality:z_recoded_session",-0.00067112695,-0.01456949465,0.0131063614,0.53721875,"erp_verb_object_number_agreement_200_500_midline_weakprior_itemslope"
"z_recoded_grammaticality:z_recoded_mini_language",0.00864862995,-0.018008044425,0.03573997685,0.73971875,"erp_verb_object_number_agreement_200_500_midline_weakprior_itemslope"
"z_recoded_session:z_recoded_mini_language",0.00813395565,-0.025025104275,0.0418931516,0.68853125,"erp_verb_object_number_agreement_200_500_midline_weakprior_itemslope"
"z_recoded_grammaticality:z_recoded_caudality",0.00553528515,-0.006714028415,0.017932588075,0.81015625,"erp_verb_object_number_agreement_200_500_midline_weakprior_itemslope"
"z_recoded_grammaticality:z_recoded_session:z_recoded_mini_language",0.003164638,-0.01082276435,0.017022529825,0.6675,"erp_verb_object_number_agreement_200_500_midline_weakprior_itemslope"
"Intercept",-0.0043086311,-0.025324543675,0.017036194175,0.65546875,"erp_verb_object_number_agreement_200_500_midline_weakprior"
"z_baseline_predictor",0.507311145,0.494023418,0.5204152945,1,"erp_verb_object_number_agreement_200_500_midline_weakprior"
"z_recoded_grammaticality",0.00861646685,-0.014556317225,0.03213533285,0.76746875,"erp_verb_object_number_agreement_200_500_midline_weakprior"
"z_recoded_session",0.00112096555,-0.03193093725,0.034230522875,0.52675,"erp_verb_object_number_agreement_200_500_midline_weakprior"
"z_recoded_mini_language",0.00243508975,-0.01885748915,0.02387547545,0.5901875,"erp_verb_object_number_agreement_200_500_midline_weakprior"
"z_recoded_caudality",0.0125430435,-0.000302064195249999,0.0251836012,0.9725,"erp_verb_object_number_agreement_200_500_midline_weakprior"
"z_multilingual_language_diversity",-0.0060910204,-0.02084390605,0.00926924077,0.78425,"erp_verb_object_number_agreement_200_500_midline_weakprior"
"z_recoded_grammaticality:z_recoded_session",-0.000471456805,-0.014474199275,0.013589773825,0.52553125,"erp_verb_object_number_agreement_200_500_midline_weakprior"
"z_recoded_grammaticality:z_recoded_mini_language",0.00773731775,-0.0153230715,0.031332643775,0.75009375,"erp_verb_object_number_agreement_200_500_midline_weakprior"
"z_recoded_session:z_recoded_mini_language",0.009136647,-0.023920854675,0.0422470374,0.70653125,"erp_verb_object_number_agreement_200_500_midline_weakprior"
"z_recoded_grammaticality:z_recoded_caudality",0.00548741615,-0.007357200745,0.0181860397,0.80325,"erp_verb_object_number_agreement_200_500_midline_weakprior"
"z_recoded_grammaticality:z_recoded_session:z_recoded_mini_language",0.00424139445,-0.0097791672475,0.018166095425,0.72484375,"erp_verb_object_number_agreement_200_500_midline_weakprior"
"Intercept",-0.00436771555,-0.02263316735,0.013959070625,0.67475,"erp_verb_object_number_agreement_300_600_lateral_itemslope"
"z_baseline_predictor",0.481442485,0.47207032875,0.4908668575,1,"erp_verb_object_number_agreement_300_600_lateral_itemslope"
"z_recoded_grammaticality",0.011815623,-0.011601337125,0.0359728852499999,0.83765625,"erp_verb_object_number_agreement_300_600_lateral_itemslope"
"z_recoded_session",-0.00472658075,-0.033678222125,0.0245195312,0.62728125,"erp_verb_object_number_agreement_300_600_lateral_itemslope"
"z_recoded_mini_language",-0.000417290075,-0.0192426615,0.018042822375,0.51765625,"erp_verb_object_number_agreement_300_600_lateral_itemslope"
"z_recoded_hemisphere",0.0381570465,0.029056871525,0.047210098625,1,"erp_verb_object_number_agreement_300_600_lateral_itemslope"
"z_recoded_caudality",-0.0033383924,-0.012235940775,0.0056701816425,0.7686875,"erp_verb_object_number_agreement_300_600_lateral_itemslope"
"z_multilingual_language_diversity",-0.00897481145,-0.0205770306,0.00317883149,0.930625,"erp_verb_object_number_agreement_300_600_lateral_itemslope"
"z_recoded_grammaticality:z_recoded_session",0.00663919935,-0.003649334735,0.017026013575,0.895875,"erp_verb_object_number_agreement_300_600_lateral_itemslope"
"z_recoded_grammaticality:z_recoded_mini_language",0.0195573075,-0.00421862459,0.043365381375,0.9468125,"erp_verb_object_number_agreement_300_600_lateral_itemslope"
"z_recoded_session:z_recoded_mini_language",0.0074655236,-0.0217271253,0.03661625105,0.6923125,"erp_verb_object_number_agreement_300_600_lateral_itemslope"
"z_recoded_grammaticality:z_recoded_hemisphere",0.00242132995,-0.006537098905,0.011478222025,0.7018125,"erp_verb_object_number_agreement_300_600_lateral_itemslope"
"z_recoded_grammaticality:z_recoded_caudality",-0.00098067201,-0.0099797712175,0.0079536841875,0.58365625,"erp_verb_object_number_agreement_300_600_lateral_itemslope"
"z_recoded_grammaticality:z_recoded_session:z_recoded_mini_language",0.0027426027,-0.0073989483675,0.0131748239,0.699125,"erp_verb_object_number_agreement_300_600_lateral_itemslope"
"Intercept",-0.0053451543,-0.02338731575,0.013255511525,0.7195625,"erp_verb_object_number_agreement_300_600_lateral"
"z_baseline_predictor",0.48267863,0.473263568,0.49215420275,1,"erp_verb_object_number_agreement_300_600_lateral"
"z_recoded_grammaticality",0.0117345045,-0.00797345318,0.0321061453,0.87975,"erp_verb_object_number_agreement_300_600_lateral"
"z_recoded_session",-0.0056383385,-0.034877068725,0.023352308775,0.65015625,"erp_verb_object_number_agreement_300_600_lateral"
"z_recoded_mini_language",-0.000358560255,-0.01878323715,0.017964639275,0.51534375,"erp_verb_object_number_agreement_300_600_lateral"
"z_recoded_hemisphere",0.038210984,0.02907137065,0.04731201455,1,"erp_verb_object_number_agreement_300_600_lateral"
"z_recoded_caudality",-0.0033032638,-0.012351370775,0.00573355752499998,0.7623125,"erp_verb_object_number_agreement_300_600_lateral"
"z_multilingual_language_diversity",-0.00963919245,-0.020961249325,0.002313692615,0.94478125,"erp_verb_object_number_agreement_300_600_lateral"
"z_recoded_grammaticality:z_recoded_session",0.0069410174,-0.0033246377825,0.01742464055,0.90340625,"erp_verb_object_number_agreement_300_600_lateral"
"z_recoded_grammaticality:z_recoded_mini_language",0.0193075575,-0.000325162414499992,0.039542622575,0.9726875,"erp_verb_object_number_agreement_300_600_lateral"
"z_recoded_session:z_recoded_mini_language",0.00782479275,-0.0211119766,0.036756434775,0.70678125,"erp_verb_object_number_agreement_300_600_lateral"
"z_recoded_grammaticality:z_recoded_hemisphere",0.0024226578,-0.0067498961,0.0115706494,0.69584375,"erp_verb_object_number_agreement_300_600_lateral"
"z_recoded_grammaticality:z_recoded_caudality",-0.000988951225,-0.010121847475,0.00816988218,0.58378125,"erp_verb_object_number_agreement_300_600_lateral"
"z_recoded_grammaticality:z_recoded_session:z_recoded_mini_language",0.00386477005,-0.0063794804675,0.0141667285,0.76846875,"erp_verb_object_number_agreement_300_600_lateral"
"Intercept",-0.0043594224,-0.022709483425,0.0141853254,0.6799375,"erp_verb_object_number_agreement_300_600_lateral_weakprior_itemslope"
"z_baseline_predictor",0.481486335,0.4719476875,0.49094031375,1,"erp_verb_object_number_agreement_300_600_lateral_weakprior_itemslope"
"z_recoded_grammaticality",0.011859133,-0.011558366325,0.036221795875,0.83878125,"erp_verb_object_number_agreement_300_600_lateral_weakprior_itemslope"
"z_recoded_session",-0.0046186346,-0.033812481875,0.02445331535,0.62359375,"erp_verb_object_number_agreement_300_600_lateral_weakprior_itemslope"
"z_recoded_mini_language",-0.000453925305,-0.018948212175,0.0180320784,0.518375,"erp_verb_object_number_agreement_300_600_lateral_weakprior_itemslope"
"z_recoded_hemisphere",0.0381491445,0.02890134425,0.047336950825,1,"erp_verb_object_number_agreement_300_600_lateral_weakprior_itemslope"
"z_recoded_caudality",-0.00337666975,-0.012419297775,0.00564393658249998,0.7675625,"erp_verb_object_number_agreement_300_600_lateral_weakprior_itemslope"
"z_multilingual_language_diversity",-0.00887964895,-0.020451040475,0.00338907953749999,0.9265625,"erp_verb_object_number_agreement_300_600_lateral_weakprior_itemslope"
"z_recoded_grammaticality:z_recoded_session",0.00661633345,-0.003546533215,0.016978653075,0.8965625,"erp_verb_object_number_agreement_300_600_lateral_weakprior_itemslope"
"z_recoded_grammaticality:z_recoded_mini_language",0.019504204,-0.004587046455,0.043589947275,0.94425,"erp_verb_object_number_agreement_300_600_lateral_weakprior_itemslope"
"z_recoded_session:z_recoded_mini_language",0.0075145555,-0.02164291615,0.036553126375,0.69478125,"erp_verb_object_number_agreement_300_600_lateral_weakprior_itemslope"
"z_recoded_grammaticality:z_recoded_hemisphere",0.00240463765,-0.00651854067749999,0.011288646625,0.7010625,"erp_verb_object_number_agreement_300_600_lateral_weakprior_itemslope"
"z_recoded_grammaticality:z_recoded_caudality",-0.00103326005,-0.0099735164325,0.007924568815,0.5843125,"erp_verb_object_number_agreement_300_600_lateral_weakprior_itemslope"
"z_recoded_grammaticality:z_recoded_session:z_recoded_mini_language",0.0027916676,-0.0075270770575,0.01330236975,0.6990625,"erp_verb_object_number_agreement_300_600_lateral_weakprior_itemslope"
"Intercept",-0.00538248585,-0.02352442305,0.013031514375,0.71528125,"erp_verb_object_number_agreement_300_600_lateral_weakprior"
"z_baseline_predictor",0.482754515,0.47321926,0.492289355,1,"erp_verb_object_number_agreement_300_600_lateral_weakprior"
"z_recoded_grammaticality",0.011812003,-0.0081547385375,0.0319215199249999,0.87753125,"erp_verb_object_number_agreement_300_600_lateral_weakprior"
"z_recoded_session",-0.0055939245,-0.034440515225,0.02298716905,0.64928125,"erp_verb_object_number_agreement_300_600_lateral_weakprior"
"z_recoded_mini_language",-0.0001692134,-0.018852400075,0.018400243925,0.50725,"erp_verb_object_number_agreement_300_600_lateral_weakprior"
"z_recoded_hemisphere",0.038159028,0.029079592025,0.0472810868,1,"erp_verb_object_number_agreement_300_600_lateral_weakprior"
"z_recoded_caudality",-0.0033170353,-0.01262372195,0.0059023656275,0.75925,"erp_verb_object_number_agreement_300_600_lateral_weakprior"
"z_multilingual_language_diversity",-0.00954391425,-0.021034651175,0.002257401535,0.945125,"erp_verb_object_number_agreement_300_600_lateral_weakprior"
"z_recoded_grammaticality:z_recoded_session",0.0069571468,-0.00332712523,0.01726840485,0.90578125,"erp_verb_object_number_agreement_300_600_lateral_weakprior"
"z_recoded_grammaticality:z_recoded_mini_language",0.0192806675,-0.000557623439249999,0.0397040543,0.97121875,"erp_verb_object_number_agreement_300_600_lateral_weakprior"
"z_recoded_session:z_recoded_mini_language",0.00801959125,-0.020884886,0.036788373675,0.70584375,"erp_verb_object_number_agreement_300_600_lateral_weakprior"
"z_recoded_grammaticality:z_recoded_hemisphere",0.0023781408,-0.00663304154,0.01151889245,0.6978125,"erp_verb_object_number_agreement_300_600_lateral_weakprior"
"z_recoded_grammaticality:z_recoded_caudality",-0.001026817,-0.0102362863,0.00830031575499999,0.58721875,"erp_verb_object_number_agreement_300_600_lateral_weakprior"
"z_recoded_grammaticality:z_recoded_session:z_recoded_mini_language",0.00386006145,-0.006475696395,0.014220965625,0.7666875,"erp_verb_object_number_agreement_300_600_lateral_weakprior"
"Intercept",-0.00495599065,-0.02697111765,0.0166677617,0.6733125,"erp_verb_object_number_agreement_300_600_midline_itemslope"
"z_baseline_predictor",0.44530887,0.43185088575,0.45892483075,1,"erp_verb_object_number_agreement_300_600_midline_itemslope"
"z_recoded_grammaticality",0.0027577844,-0.02493177255,0.0306357397,0.57675,"erp_verb_object_number_agreement_300_600_midline_itemslope"
"z_recoded_session",0.00199028705,-0.0328142114,0.0357660714,0.54565625,"erp_verb_object_number_agreement_300_600_midline_itemslope"
"z_recoded_mini_language",0.00048988506,-0.02163112075,0.022520215475,0.51803125,"erp_verb_object_number_agreement_300_600_midline_itemslope"
"z_recoded_caudality",-0.00133355295,-0.014482423925,0.0116697193,0.57921875,"erp_verb_object_number_agreement_300_600_midline_itemslope"
"z_multilingual_language_diversity",-0.00546926195,-0.0212570363,0.010501125825,0.75121875,"erp_verb_object_number_agreement_300_600_midline_itemslope"
"z_recoded_grammaticality:z_recoded_session",0.003615857,-0.010872174925,0.017864760325,0.68378125,"erp_verb_object_number_agreement_300_600_midline_itemslope"
"z_recoded_grammaticality:z_recoded_mini_language",0.017326131,-0.011100490825,0.04486661465,0.8885,"erp_verb_object_number_agreement_300_600_midline_itemslope"
"z_recoded_session:z_recoded_mini_language",0.00527492665,-0.029264043425,0.039901297975,0.61975,"erp_verb_object_number_agreement_300_600_midline_itemslope"
"z_recoded_grammaticality:z_recoded_caudality",0.004614446,-0.00845578277,0.017644683325,0.7554375,"erp_verb_object_number_agreement_300_600_midline_itemslope"
"z_recoded_grammaticality:z_recoded_session:z_recoded_mini_language",0.00329407715,-0.011234132025,0.01786320195,0.66634375,"erp_verb_object_number_agreement_300_600_midline_itemslope"
"Intercept",-0.00596322345,-0.02781756825,0.01602584455,0.70340625,"erp_verb_object_number_agreement_300_600_midline"
"z_baseline_predictor",0.44695569,0.4334070695,0.4605919865,1,"erp_verb_object_number_agreement_300_600_midline"
"z_recoded_grammaticality",0.00230594115,-0.021900676,0.026417177275,0.57821875,"erp_verb_object_number_agreement_300_600_midline"
"z_recoded_session",0.001271714,-0.033677515225,0.03539160975,0.5299375,"erp_verb_object_number_agreement_300_600_midline"
"z_recoded_mini_language",0.00071007657,-0.02171184045,0.022771599325,0.5250625,"erp_verb_object_number_agreement_300_600_midline"
"z_recoded_caudality",-0.00125570715,-0.014300258475,0.011913365375,0.57496875,"erp_verb_object_number_agreement_300_600_midline"
"z_multilingual_language_diversity",-0.0062856747,-0.0218654136,0.0095014569725,0.7871875,"erp_verb_object_number_agreement_300_600_midline"
"z_recoded_grammaticality:z_recoded_session",0.0041586786,-0.01046576765,0.018745410575,0.7051875,"erp_verb_object_number_agreement_300_600_midline"
"z_recoded_grammaticality:z_recoded_mini_language",0.016709246,-0.00739435756999999,0.041155475825,0.91534375,"erp_verb_object_number_agreement_300_600_midline"
"z_recoded_session:z_recoded_mini_language",0.0061923981,-0.02849483355,0.040524733125,0.6414375,"erp_verb_object_number_agreement_300_600_midline"
"z_recoded_grammaticality:z_recoded_caudality",0.0045992189,-0.0086823910425,0.01790877285,0.7535625,"erp_verb_object_number_agreement_300_600_midline"
"z_recoded_grammaticality:z_recoded_session:z_recoded_mini_language",0.00474161525,-0.009850919335,0.019239509475,0.7371875,"erp_verb_object_number_agreement_300_600_midline"
"Intercept",-0.00517812915,-0.02695176915,0.0168947956,0.68053125,"erp_verb_object_number_agreement_300_600_midline_weakprior_itemslope"
"z_baseline_predictor",0.4453999,0.431692904,0.45895907375,1,"erp_verb_object_number_agreement_300_600_midline_weakprior_itemslope"
"z_recoded_grammaticality",0.0029670798,-0.025087007175,0.0311565390999999,0.58203125,"erp_verb_object_number_agreement_300_600_midline_weakprior_itemslope"
"z_recoded_session",0.00196080855,-0.032565045475,0.0359062867,0.5451875,"erp_verb_object_number_agreement_300_600_midline_weakprior_itemslope"
"z_recoded_mini_language",0.000343409305,-0.0217208578,0.022402776375,0.511875,"erp_verb_object_number_agreement_300_600_midline_weakprior_itemslope"
"z_recoded_caudality",-0.0013445088,-0.014522412,0.011690247675,0.57940625,"erp_verb_object_number_agreement_300_600_midline_weakprior_itemslope"
"z_multilingual_language_diversity",-0.0055761577,-0.02122594725,0.010507532575,0.75690625,"erp_verb_object_number_agreement_300_600_midline_weakprior_itemslope"
"z_recoded_grammaticality:z_recoded_session",0.00346679725,-0.011037115275,0.018118498775,0.6794375,"erp_verb_object_number_agreement_300_600_midline_weakprior_itemslope"
"z_recoded_grammaticality:z_recoded_mini_language",0.01743341,-0.00989876288749998,0.0451924153,0.892375,"erp_verb_object_number_agreement_300_600_midline_weakprior_itemslope"
"z_recoded_session:z_recoded_mini_language",0.0053628491,-0.029418768825,0.03967026715,0.61896875,"erp_verb_object_number_agreement_300_600_midline_weakprior_itemslope"
"z_recoded_grammaticality:z_recoded_caudality",0.0045916534,-0.0086071501425,0.017553047325,0.75403125,"erp_verb_object_number_agreement_300_600_midline_weakprior_itemslope"
"z_recoded_grammaticality:z_recoded_session:z_recoded_mini_language",0.00333580635,-0.01123613485,0.01791210515,0.67171875,"erp_verb_object_number_agreement_300_600_midline_weakprior_itemslope"
"Intercept",-0.0058307106,-0.02744411765,0.015963727375,0.69834375,"erp_verb_object_number_agreement_300_600_midline_weakprior"
"z_baseline_predictor",0.44699033,0.43347318025,0.46070342525,1,"erp_verb_object_number_agreement_300_600_midline_weakprior"
"z_recoded_grammaticality",0.0026803276,-0.0212834443,0.026728593675,0.58815625,"erp_verb_object_number_agreement_300_600_midline_weakprior"
"z_recoded_session",0.0013339279,-0.03300597925,0.035757256425,0.53009375,"erp_verb_object_number_agreement_300_600_midline_weakprior"
"z_recoded_mini_language",0.000686371525,-0.02141099965,0.023073639775,0.525625,"erp_verb_object_number_agreement_300_600_midline_weakprior"
"z_recoded_caudality",-0.0012355985,-0.01442545735,0.0117303737,0.57390625,"erp_verb_object_number_agreement_300_600_midline_weakprior"
"z_multilingual_language_diversity",-0.0063962415,-0.022150580725,0.00931210616999998,0.7858125,"erp_verb_object_number_agreement_300_600_midline_weakprior"
"z_recoded_grammaticality:z_recoded_session",0.00409291895,-0.010622719875,0.01868323075,0.70571875,"erp_verb_object_number_agreement_300_600_midline_weakprior"
"z_recoded_grammaticality:z_recoded_mini_language",0.0169534065,-0.0071385202725,0.041203701225,0.91840625,"erp_verb_object_number_agreement_300_600_midline_weakprior"
"z_recoded_session:z_recoded_mini_language",0.0064411979,-0.02741312445,0.0404336857,0.6458125,"erp_verb_object_number_agreement_300_600_midline_weakprior"
"z_recoded_grammaticality:z_recoded_caudality",0.00463027145,-0.00868347827,0.01775442745,0.75328125,"erp_verb_object_number_agreement_300_600_midline_weakprior"
"z_recoded_grammaticality:z_recoded_session:z_recoded_mini_language",0.0047662881,-0.00986195053,0.019388269975,0.7391875,"erp_verb_object_number_agreement_300_600_midline_weakprior"
"Intercept",-0.00604942295,-0.024479103825,0.012589252075,0.740125,"erp_verb_object_number_agreement_400_900_lateral_itemslope"
"z_baseline_predictor",0.416989,0.4072497715,0.42663053125,1,"erp_verb_object_number_agreement_400_900_lateral_itemslope"
"z_recoded_grammaticality",-0.00968616085,-0.0393660066,0.019863005975,0.73946875,"erp_verb_object_number_agreement_400_900_lateral_itemslope"
"z_recoded_session",-0.013503213,-0.046063700075,0.01882519435,0.79425,"erp_verb_object_number_agreement_400_900_lateral_itemslope"
"z_recoded_mini_language",-0.0018929745,-0.0207037812,0.017100747575,0.57815625,"erp_verb_object_number_agreement_400_900_lateral_itemslope"
"z_recoded_hemisphere",0.024972321,0.015571357875,0.034366187875,1,"erp_verb_object_number_agreement_400_900_lateral_itemslope"
"z_recoded_caudality",0.07816172,0.0688348436,0.087494415025,1,"erp_verb_object_number_agreement_400_900_lateral_itemslope"
"z_multilingual_language_diversity",-0.00426274575,-0.016315567325,0.0083153519075,0.7526875,"erp_verb_object_number_agreement_400_900_lateral_itemslope"
"z_recoded_grammaticality:z_recoded_session",0.014923744,0.0040945975325,0.025716979475,0.9966875,"erp_verb_object_number_agreement_400_900_lateral_itemslope"
"z_recoded_grammaticality:z_recoded_mini_language",0.0182892345,-0.011711291675,0.047538060875,0.8845625,"erp_verb_object_number_agreement_400_900_lateral_itemslope"
"z_recoded_session:z_recoded_mini_language",-0.00228022255,-0.0348492247,0.03041291345,0.55409375,"erp_verb_object_number_agreement_400_900_lateral_itemslope"
"z_recoded_grammaticality:z_recoded_hemisphere",-0.00075995614,-0.0098972312975,0.00840005602749999,0.56709375,"erp_verb_object_number_agreement_400_900_lateral_itemslope"
"z_recoded_grammaticality:z_recoded_caudality",-0.00532980215,-0.01473223425,0.0039334150525,0.86984375,"erp_verb_object_number_agreement_400_900_lateral_itemslope"
"z_recoded_grammaticality:z_recoded_session:z_recoded_mini_language",0.0124119505,0.001609358695,0.02333058545,0.988,"erp_verb_object_number_agreement_400_900_lateral_itemslope"
"Intercept",-0.00687837195,-0.025450458575,0.01131828445,0.767875,"erp_verb_object_number_agreement_400_900_lateral"
"z_baseline_predictor",0.418698895,0.40912166975,0.428295565,1,"erp_verb_object_number_agreement_400_900_lateral"
"z_recoded_grammaticality",-0.0094277514,-0.0352499728,0.016827660225,0.764375,"erp_verb_object_number_agreement_400_900_lateral"
"z_recoded_session",-0.015152411,-0.04748133185,0.0166477651,0.823375,"erp_verb_object_number_agreement_400_900_lateral"
"z_recoded_mini_language",-0.00190006295,-0.020690179475,0.016987701225,0.57825,"erp_verb_object_number_agreement_400_900_lateral"
"z_recoded_hemisphere",0.025076272,0.01567440345,0.03443019905,1,"erp_verb_object_number_agreement_400_900_lateral"
"z_recoded_caudality",0.0781533305,0.068638847025,0.087532646325,1,"erp_verb_object_number_agreement_400_900_lateral"
"z_multilingual_language_diversity",-0.0033730399,-0.01497477405,0.008947844165,0.70959375,"erp_verb_object_number_agreement_400_900_lateral"
"z_recoded_grammaticality:z_recoded_session",0.015239635,0.00440753929,0.0260932817,0.99734375,"erp_verb_object_number_agreement_400_900_lateral"
"z_recoded_grammaticality:z_recoded_mini_language",0.0175440805,-0.00867477981,0.044146898125,0.90928125,"erp_verb_object_number_agreement_400_900_lateral"
"z_recoded_session:z_recoded_mini_language",-0.00184969055,-0.034021612675,0.031098137475,0.5435625,"erp_verb_object_number_agreement_400_900_lateral"
"z_recoded_grammaticality:z_recoded_hemisphere",-0.000723815175,-0.010125740475,0.008582175115,0.561,"erp_verb_object_number_agreement_400_900_lateral"
"z_recoded_grammaticality:z_recoded_caudality",-0.0053372626,-0.014713763175,0.004070222675,0.865,"erp_verb_object_number_agreement_400_900_lateral"
"z_recoded_grammaticality:z_recoded_session:z_recoded_mini_language",0.0138130505,0.0030002146475,0.024579049,0.99428125,"erp_verb_object_number_agreement_400_900_lateral"
"Intercept",-0.0063695265,-0.02472049175,0.012133771,0.7515,"erp_verb_object_number_agreement_400_900_lateral_weakprior_itemslope"
"z_baseline_predictor",0.416952465,0.407318281,0.426667535,1,"erp_verb_object_number_agreement_400_900_lateral_weakprior_itemslope"
"z_recoded_grammaticality",-0.00926437485,-0.0391755581,0.020833235925,0.72878125,"erp_verb_object_number_agreement_400_900_lateral_weakprior_itemslope"
"z_recoded_session",-0.013769336,-0.046281602975,0.018975432375,0.800875,"erp_verb_object_number_agreement_400_900_lateral_weakprior_itemslope"
"z_recoded_mini_language",-0.0016931492,-0.020510207375,0.0172383851,0.5706875,"erp_verb_object_number_agreement_400_900_lateral_weakprior_itemslope"
"z_recoded_hemisphere",0.024986776,0.015656645025,0.0342946099,1,"erp_verb_object_number_agreement_400_900_lateral_weakprior_itemslope"
"z_recoded_caudality",0.078167401,0.068760673675,0.087441442375,1,"erp_verb_object_number_agreement_400_900_lateral_weakprior_itemslope"
"z_multilingual_language_diversity",-0.00424707785,-0.016318926725,0.0081599495125,0.75134375,"erp_verb_object_number_agreement_400_900_lateral_weakprior_itemslope"
"z_recoded_grammaticality:z_recoded_session",0.014918839,0.004030895615,0.025917235275,0.99671875,"erp_verb_object_number_agreement_400_900_lateral_weakprior_itemslope"
"z_recoded_grammaticality:z_recoded_mini_language",0.0183547275,-0.011335509275,0.048573740125,0.88765625,"erp_verb_object_number_agreement_400_900_lateral_weakprior_itemslope"
"z_recoded_session:z_recoded_mini_language",-0.00235546035,-0.03503647995,0.03019378865,0.556875,"erp_verb_object_number_agreement_400_900_lateral_weakprior_itemslope"
"z_recoded_grammaticality:z_recoded_hemisphere",-0.00076458487,-0.010083814575,0.0085114452475,0.56421875,"erp_verb_object_number_agreement_400_900_lateral_weakprior_itemslope"
"z_recoded_grammaticality:z_recoded_caudality",-0.0053635966,-0.014678656325,0.00402898954499998,0.8714375,"erp_verb_object_number_agreement_400_900_lateral_weakprior_itemslope"
"z_recoded_grammaticality:z_recoded_session:z_recoded_mini_language",0.0124943025,0.0017801356775,0.0232923086,0.988375,"erp_verb_object_number_agreement_400_900_lateral_weakprior_itemslope"
"Intercept",-0.00683813085,-0.025412761125,0.0117456554,0.76821875,"erp_verb_object_number_agreement_400_900_lateral_weakprior"
"z_baseline_predictor",0.41874264,0.40914621225,0.4283350615,1,"erp_verb_object_number_agreement_400_900_lateral_weakprior"
"z_recoded_grammaticality",-0.00880550705,-0.035176650275,0.01787245335,0.74959375,"erp_verb_object_number_agreement_400_900_lateral_weakprior"
"z_recoded_session",-0.015273753,-0.04791118655,0.0169857611999999,0.82409375,"erp_verb_object_number_agreement_400_900_lateral_weakprior"
"z_recoded_mini_language",-0.00180356555,-0.020518316625,0.0171782356,0.57678125,"erp_verb_object_number_agreement_400_900_lateral_weakprior"
"z_recoded_hemisphere",0.0250734875,0.015712765725,0.0344735475,1,"erp_verb_object_number_agreement_400_900_lateral_weakprior"
"z_recoded_caudality",0.078114357,0.0687800393,0.087625238975,1,"erp_verb_object_number_agreement_400_900_lateral_weakprior"
"z_multilingual_language_diversity",-0.00332932995,-0.0152066399,0.0086880035025,0.71059375,"erp_verb_object_number_agreement_400_900_lateral_weakprior"
"z_recoded_grammaticality:z_recoded_session",0.0152042895,0.00426368806250001,0.026174012475,0.99690625,"erp_verb_object_number_agreement_400_900_lateral_weakprior"
"z_recoded_grammaticality:z_recoded_mini_language",0.017671202,-0.008371983075,0.043710980475,0.90996875,"erp_verb_object_number_agreement_400_900_lateral_weakprior"
"z_recoded_session:z_recoded_mini_language",-0.0019112932,-0.035211321075,0.030547058325,0.54696875,"erp_verb_object_number_agreement_400_900_lateral_weakprior"
"z_recoded_grammaticality:z_recoded_hemisphere",-0.00072763432,-0.01001142765,0.0085981460025,0.56025,"erp_verb_object_number_agreement_400_900_lateral_weakprior"
"z_recoded_grammaticality:z_recoded_caudality",-0.0053552288,-0.014576641075,0.00395436560249999,0.86915625,"erp_verb_object_number_agreement_400_900_lateral_weakprior"
"z_recoded_grammaticality:z_recoded_session:z_recoded_mini_language",0.013777484,0.00312811694,0.02438481485,0.9943125,"erp_verb_object_number_agreement_400_900_lateral_weakprior"
"Intercept",-0.00665585615,-0.0291601082,0.015500301025,0.72196875,"erp_verb_object_number_agreement_400_900_midline_itemslope"
"z_baseline_predictor",0.37143481,0.35731762625,0.385495334,1,"erp_verb_object_number_agreement_400_900_midline_itemslope"
"z_recoded_grammaticality",-0.01848576,-0.05265341175,0.01635684875,0.85340625,"erp_verb_object_number_agreement_400_900_midline_itemslope"
"z_recoded_session",-0.0120616935,-0.05160549195,0.027574895725,0.73240625,"erp_verb_object_number_agreement_400_900_midline_itemslope"
"z_recoded_mini_language",-0.000688363135,-0.02351019485,0.0219016749,0.52378125,"erp_verb_object_number_agreement_400_900_midline_itemslope"
"z_recoded_caudality",0.0443286415,0.0308030596,0.0580072657,1,"erp_verb_object_number_agreement_400_900_midline_itemslope"
"z_multilingual_language_diversity",-0.000477661165,-0.016877085675,0.016079597975,0.5219375,"erp_verb_object_number_agreement_400_900_midline_itemslope"
"z_recoded_grammaticality:z_recoded_session",0.0146835805,-0.000815646484749998,0.02993081415,0.9685625,"erp_verb_object_number_agreement_400_900_midline_itemslope"
"z_recoded_grammaticality:z_recoded_mini_language",0.016172875,-0.019095841725,0.050886844325,0.82353125,"erp_verb_object_number_agreement_400_900_midline_itemslope"
"z_recoded_session:z_recoded_mini_language",-0.0111743665,-0.050467849325,0.0282021949,0.710875,"erp_verb_object_number_agreement_400_900_midline_itemslope"
"z_recoded_grammaticality:z_recoded_caudality",0.00151355975,-0.01192180895,0.01494084635,0.5866875,"erp_verb_object_number_agreement_400_900_midline_itemslope"
"z_recoded_grammaticality:z_recoded_session:z_recoded_mini_language",0.0124378905,-0.00268575019,0.0278057459,0.94640625,"erp_verb_object_number_agreement_400_900_midline_itemslope"
"Intercept",-0.00746016165,-0.029995016375,0.015158762675,0.744375,"erp_verb_object_number_agreement_400_900_midline"
"z_baseline_predictor",0.37383821,0.359796273,0.387953359,1,"erp_verb_object_number_agreement_400_900_midline"
"z_recoded_grammaticality",-0.017948367,-0.049013913075,0.013184877675,0.87578125,"erp_verb_object_number_agreement_400_900_midline"
"z_recoded_session",-0.013257805,-0.052577986675,0.026296119225,0.74678125,"erp_verb_object_number_agreement_400_900_midline"
"z_recoded_mini_language",-0.00078881487,-0.02352577875,0.02196339135,0.52784375,"erp_verb_object_number_agreement_400_900_midline"
"z_recoded_caudality",0.044401807,0.031022678075,0.05793139075,1,"erp_verb_object_number_agreement_400_900_midline"
"z_multilingual_language_diversity",5.71775925e-05,-0.016277469725,0.01650099715,0.5031875,"erp_verb_object_number_agreement_400_900_midline"
"z_recoded_grammaticality:z_recoded_session",0.015093593,-0.000366466677249999,0.03056396855,0.97234375,"erp_verb_object_number_agreement_400_900_midline"
"z_recoded_grammaticality:z_recoded_mini_language",0.0153858055,-0.01547692675,0.046587801725,0.83790625,"erp_verb_object_number_agreement_400_900_midline"
"z_recoded_session:z_recoded_mini_language",-0.010017538,-0.04874549605,0.0286985031749999,0.6943125,"erp_verb_object_number_agreement_400_900_midline"
"z_recoded_grammaticality:z_recoded_caudality",0.00149826285,-0.011838188975,0.0149318947,0.58509375,"erp_verb_object_number_agreement_400_900_midline"
"z_recoded_grammaticality:z_recoded_session:z_recoded_mini_language",0.014193343,-0.000863055213999994,0.02962920705,0.96690625,"erp_verb_object_number_agreement_400_900_midline"
"Intercept",-0.006780263,-0.029011004725,0.015568346075,0.72325,"erp_verb_object_number_agreement_400_900_midline_weakprior_itemslope"
"z_baseline_predictor",0.37151419,0.35748248775,0.385617457,1,"erp_verb_object_number_agreement_400_900_midline_weakprior_itemslope"
"z_recoded_grammaticality",-0.0177003905,-0.052237937725,0.016763582225,0.8456875,"erp_verb_object_number_agreement_400_900_midline_weakprior_itemslope"
"z_recoded_session",-0.011885868,-0.051221859025,0.0271666178499999,0.726625,"erp_verb_object_number_agreement_400_900_midline_weakprior_itemslope"
"z_recoded_mini_language",-0.000826948535,-0.0237202605,0.02161233595,0.52809375,"erp_verb_object_number_agreement_400_900_midline_weakprior_itemslope"
"z_recoded_caudality",0.0443063855,0.03077284045,0.057956060675,1,"erp_verb_object_number_agreement_400_900_midline_weakprior_itemslope"
"z_multilingual_language_diversity",-0.000585426835,-0.016969545125,0.0159836598,0.5261875,"erp_verb_object_number_agreement_400_900_midline_weakprior_itemslope"
"z_recoded_grammaticality:z_recoded_session",0.0145863965,-0.000727016752499993,0.029939512,0.9686875,"erp_verb_object_number_agreement_400_900_midline_weakprior_itemslope"
"z_recoded_grammaticality:z_recoded_mini_language",0.0160426265,-0.018430635425,0.049774292725,0.82196875,"erp_verb_object_number_agreement_400_900_midline_weakprior_itemslope"
"z_recoded_session:z_recoded_mini_language",-0.011274046,-0.051143881875,0.028656412575,0.71628125,"erp_verb_object_number_agreement_400_900_midline_weakprior_itemslope"
"z_recoded_grammaticality:z_recoded_caudality",0.00142175915,-0.012294229,0.01491448965,0.58309375,"erp_verb_object_number_agreement_400_900_midline_weakprior_itemslope"
"z_recoded_grammaticality:z_recoded_session:z_recoded_mini_language",0.0124567885,-0.0026408907975,0.027728313525,0.94759375,"erp_verb_object_number_agreement_400_900_midline_weakprior_itemslope"
"Intercept",-0.0074544225,-0.02987682395,0.0149382397,0.74084375,"erp_verb_object_number_agreement_400_900_midline_weakprior"
"z_baseline_predictor",0.37388599,0.359655902,0.3880445435,1,"erp_verb_object_number_agreement_400_900_midline_weakprior"
"z_recoded_grammaticality",-0.0175005175,-0.0484615322,0.01427418445,0.86859375,"erp_verb_object_number_agreement_400_900_midline_weakprior"
"z_recoded_session",-0.01331488,-0.0527796176,0.02616636235,0.74596875,"erp_verb_object_number_agreement_400_900_midline_weakprior"
"z_recoded_mini_language",-0.000857599455,-0.023433994275,0.0221297085,0.5301875,"erp_verb_object_number_agreement_400_900_midline_weakprior"
"z_recoded_caudality",0.0444423065,0.0306803513,0.0580531113,1,"erp_verb_object_number_agreement_400_900_midline_weakprior"
"z_multilingual_language_diversity",3.56651185e-05,-0.016192842825,0.016312560475,0.5016875,"erp_verb_object_number_agreement_400_900_midline_weakprior"
"z_recoded_grammaticality:z_recoded_session",0.0150612795,-0.000202160735249998,0.0304467148,0.97371875,"erp_verb_object_number_agreement_400_900_midline_weakprior"
"z_recoded_grammaticality:z_recoded_mini_language",0.015601609,-0.015924910325,0.046810118475,0.838625,"erp_verb_object_number_agreement_400_900_midline_weakprior"
"z_recoded_session:z_recoded_mini_language",-0.010195565,-0.0492078872,0.0286452554999999,0.6995,"erp_verb_object_number_agreement_400_900_midline_weakprior"
"z_recoded_grammaticality:z_recoded_caudality",0.00138195345,-0.012190337075,0.015040520725,0.58015625,"erp_verb_object_number_agreement_400_900_midline_weakprior"
"z_recoded_grammaticality:z_recoded_session:z_recoded_mini_language",0.0141450675,-0.001062725755,0.02941078845,0.9651875,"erp_verb_object_number_agreement_400_900_midline_weakprior"
