"parameter","median_inf","ci_low_inf","ci_high_inf","pd_inf","median_weak","ci_low_weak","ci_high_weak","pd_weak","median_shift","ci_width_inf","ci_width_weak","model","structure"
"z_recoded_session:z_recoded_mini_language",0.00623515405,-0.021147831025,0.03436371355,0.6795625,0.0066873315,-0.02139234595,0.0338604009,0.685375,-0.00045217745,0.055511544575,0.05525274685,"erp_differential_object_marking_200_500_lateral","base"
"z_recoded_session",-0.0283786265,-0.056138866575,-0.000995527028500026,0.9785625,-0.028689834,-0.056581106675,-0.000920604719000018,0.97871875,0.000311207499999997,0.0551433395465,0.055660501956,"erp_differential_object_marking_200_500_lateral","base"
"z_recoded_mini_language",0.0015229497,-0.013953606075,0.017117550325,0.577,0.00140587015,-0.0141462209,0.0169757656,0.56890625,0.00011707955,0.0310711564,0.0311219865,"erp_differential_object_marking_200_500_lateral","base"
"z_recoded_grammaticality:z_recoded_mini_language",0.0163608615,-0.00738185383999999,0.040088074325,0.9130625,0.0162772745,-0.007610746375,0.040238862825,0.912,8.35869999999996e-05,0.047469928165,0.0478496092,"erp_differential_object_marking_200_500_lateral","base"
"z_recoded_grammaticality:z_recoded_session",-0.0018483217,-0.0097379675925,0.0060236976325,0.67728125,-0.00176789705,-0.009585636135,0.0059836489025,0.672875,-8.042465e-05,0.015761665225,0.0155692850375,"erp_differential_object_marking_200_500_lateral","base"
"Intercept",0.0024106957,-0.0129291316,0.01767557225,0.62421875,0.0023436779,-0.013110127075,0.017591359575,0.616,6.70177999999998e-05,0.03060470385,0.03070148665,"erp_differential_object_marking_200_500_lateral","base"
"z_recoded_grammaticality",0.0241644345,0.000544629697500004,0.047963415875,0.97721875,0.024098369,0.000202283053750003,0.04793942605,0.97615625,6.60654999999968e-05,0.0474187861775,0.04773714299625,"erp_differential_object_marking_200_500_lateral","base"
"z_recoded_hemisphere",0.024228662,0.0171151855,0.0313708875,1,0.024276336,0.0171256898,0.031372429825,1,-4.76740000000045e-05,0.014255702,0.014246740025,"erp_differential_object_marking_200_500_lateral","base"
"z_recoded_grammaticality:z_recoded_caudality",0.00167559195,-0.00536035078,0.00880559916499999,0.67659375,0.0017107885,-0.005347908945,0.008782514645,0.67821875,-3.51965500000001e-05,0.014165949945,0.01413042359,"erp_differential_object_marking_200_500_lateral","base"
"z_multilingual_language_diversity",-0.00566458355,-0.01527936915,0.0034335080425,0.890375,-0.00563066865,-0.015286456875,0.00326836081999999,0.893625,-3.39148999999993e-05,0.0187128771925,0.018554817695,"erp_differential_object_marking_200_500_lateral","base"
"z_recoded_caudality",-0.0285297365,-0.035514351675,-0.02145307405,1,-0.028507698,-0.035545042975,-0.021451037275,1,-2.20385000000017e-05,0.014061277625,0.0140940057,"erp_differential_object_marking_200_500_lateral","base"
"z_recoded_grammaticality:z_recoded_hemisphere",0.0189033895,0.01175544665,0.026090387425,1,0.0189198065,0.011879979525,0.0260304432,1,-1.64170000000012e-05,0.014334940775,0.014150463675,"erp_differential_object_marking_200_500_lateral","base"
"z_recoded_grammaticality:z_recoded_session:z_recoded_mini_language",-0.0065498239,-0.014323007425,0.001328723995,0.94853125,-0.0065371179,-0.0142435639,0.0012252558225,0.94996875,-1.27059999999995e-05,0.01565173142,0.0154688197225,"erp_differential_object_marking_200_500_lateral","base"
"z_baseline_predictor",0.51283862,0.5056235695,0.520036755,1,0.512850335,0.50568297225,0.5200646905,1,-1.17150000000787e-05,0.0144131855,0.01438171825,"erp_differential_object_marking_200_500_lateral","base"
"z_recoded_grammaticality:z_recoded_mini_language",0.0096558971,-0.0190358205,0.03834343825,0.74946875,0.0099971358,-0.0188819853,0.037955774825,0.75525,-0.000341238700000001,0.05737925875,0.056837760125,"erp_differential_object_marking_200_500_midline","base"
"z_recoded_session",-0.0303856235,-0.06246623525,0.00160727360499999,0.96953125,-0.030682052,-0.0626902504,0.00165588772499998,0.96896875,0.000296428500000001,0.064073508855,0.064346138125,"erp_differential_object_marking_200_500_midline","base"
"z_recoded_mini_language",-0.00090643167,-0.01865990395,0.0170396029,0.5396875,-0.00101663865,-0.01884931095,0.016480483475,0.54515625,0.00011020698,0.03569950685,0.035329794425,"erp_differential_object_marking_200_500_midline","base"
"z_recoded_grammaticality:z_recoded_caudality",-0.0014521682,-0.01169661235,0.00884049430249999,0.60753125,-0.0013658227,-0.011638885625,0.0087521887625,0.60453125,-8.63454999999998e-05,0.0205371066525,0.0203910743875,"erp_differential_object_marking_200_500_midline","base"
"z_recoded_session:z_recoded_mini_language",-0.0014029831,-0.033353629025,0.0305644856749999,0.53365625,-0.00148430495,-0.03353482835,0.0305938385,0.53665625,8.13218499999999e-05,0.0639181146999999,0.06412866685,"erp_differential_object_marking_200_500_midline","base"
"z_baseline_predictor",0.489889905,0.47951330575,0.500306546,1,0.489946395,0.47928442325,0.5006885705,1,-5.64900000000756e-05,0.02079324025,0.0214041472499999,"erp_differential_object_marking_200_500_midline","base"
"z_recoded_grammaticality:z_recoded_session",-0.0090246634,-0.020076139025,0.0020021671225,0.94534375,-0.00897757215,-0.020100321525,0.0020969062875,0.943,-4.70912500000007e-05,0.0220783061475,0.0221972278125,"erp_differential_object_marking_200_500_midline","base"
"z_recoded_caudality",-0.016370892,-0.0264203573,-0.00623037756750001,0.999375,-0.0164095635,-0.0264461374,-0.0062960793975,0.9990625,3.86715000000003e-05,0.0201899797325,0.0201500580025,"erp_differential_object_marking_200_500_midline","base"
"z_recoded_grammaticality:z_recoded_session:z_recoded_mini_language",-0.00284291705,-0.01387375245,0.0080355604,0.693875,-0.00287589765,-0.013822201475,0.00798576395999999,0.69453125,3.29805999999999e-05,0.02190931285,0.021807965435,"erp_differential_object_marking_200_500_midline","base"
"z_multilingual_language_diversity",-0.00895290705,-0.021272200875,0.00297494914,0.93196875,-0.0089339317,-0.02108515075,0.00290940013999999,0.92878125,-1.89753500000004e-05,0.024247150015,0.02399455089,"erp_differential_object_marking_200_500_midline","base"
"Intercept",0.00324620995,-0.0144929509,0.020903820475,0.64040625,0.00324936605,-0.014616124625,0.0207987219,0.63809375,-3.15609999999985e-06,0.035396771375,0.035414846525,"erp_differential_object_marking_200_500_midline","base"
"z_recoded_grammaticality",0.031910045,0.003451671915,0.059674842975,0.98575,0.031911479,0.00358899706,0.06061944775,0.9866875,-1.43400000000155e-06,0.05622317106,0.05703045069,"erp_differential_object_marking_200_500_midline","base"
"z_recoded_grammaticality",0.0120053355,-0.011446593025,0.035618342425,0.8459375,0.0117730395,-0.012237905125,0.0355655082,0.8370625,0.000232296,0.04706493545,0.047803413325,"erp_differential_object_marking_300_600_lateral","base"
"z_recoded_session",-0.0297620775,-0.055960992925,-0.00342484683250001,0.98615625,-0.029583126,-0.055529991825,-0.00366950087750002,0.9873125,-0.0001789515,0.0525361460925,0.0518604909475,"erp_differential_object_marking_300_600_lateral","base"
"z_recoded_mini_language",-0.00112535405,-0.0170870438,0.0148969613,0.55371875,-0.0012657441,-0.0174186115,0.01451542695,0.56259375,0.00014039005,0.0319840051,0.03193403845,"erp_differential_object_marking_300_600_lateral","base"
"z_recoded_session:z_recoded_mini_language",0.0098463924,-0.016457659925,0.035489925325,0.772375,0.00992159895,-0.0156040669,0.035469057075,0.77846875,-7.52065499999982e-05,0.05194758525,0.051073123975,"erp_differential_object_marking_300_600_lateral","base"
"Intercept",0.00067779182,-0.0149098416,0.016504511975,0.53221875,0.0007417098,-0.015215904275,0.016653278125,0.533625,-6.39179799999999e-05,0.031414353575,0.0318691824,"erp_differential_object_marking_300_600_lateral","base"
"z_recoded_caudality",-0.0342155135,-0.041524355025,-0.02694519615,1,-0.0342744305,-0.04155572895,-0.02695822925,1,5.89169999999986e-05,0.014579158875,0.0145974997,"erp_differential_object_marking_300_600_lateral","base"
"z_recoded_grammaticality:z_recoded_session:z_recoded_mini_language",-0.00777005815,-0.01572141455,0.000302492028749992,0.970375,-0.00782577645,-0.015848408375,0.0001567600995,0.97253125,5.57183000000003e-05,0.01602390657875,0.0160051684745,"erp_differential_object_marking_300_600_lateral","base"
"z_recoded_grammaticality:z_recoded_caudality",0.00232078695,-0.004972402275,0.00964969512249998,0.72934375,0.0022955464,-0.0050120502225,0.00960684045499999,0.735125,2.52405499999997e-05,0.0146220973975,0.0146188906775,"erp_differential_object_marking_300_600_lateral","base"
"z_recoded_grammaticality:z_recoded_mini_language",0.014700884,-0.00939294812,0.0381605541,0.8854375,0.014682634,-0.008978517565,0.03882395935,0.892125,1.82500000000009e-05,0.04755350222,0.047802476915,"erp_differential_object_marking_300_600_lateral","base"
"z_baseline_predictor",0.46556916,0.45799236425,0.47315970875,1,0.465587335,0.45803880725,0.473181407,1,-1.81749999999536e-05,0.0151673445,0.01514259975,"erp_differential_object_marking_300_600_lateral","base"
"z_recoded_grammaticality:z_recoded_session",0.003407425,-0.004552228915,0.0114500755,0.79828125,0.00339632705,-0.004599859135,0.0114391638,0.795875,1.109795e-05,0.016002304415,0.016039022935,"erp_differential_object_marking_300_600_lateral","base"
"z_recoded_grammaticality:z_recoded_hemisphere",0.0210981725,0.01387635275,0.02846508355,1,0.021087746,0.013677540575,0.028489700875,1,1.04264999999971e-05,0.0145887308,0.0148121603,"erp_differential_object_marking_300_600_lateral","base"
"z_recoded_hemisphere",0.0140817665,0.006756592375,0.0214352355,0.999875,0.0140758345,0.006637444825,0.021437587075,0.99996875,5.93199999999842e-06,0.014678643125,0.01480014225,"erp_differential_object_marking_300_600_lateral","base"
"z_multilingual_language_diversity",0.00051462496,-0.0080390371,0.0093756659,0.54796875,0.000514215645,-0.0080859575425,0.00928374412499999,0.54634375,4.09315000000085e-07,0.017414703,0.0173697016675,"erp_differential_object_marking_300_600_lateral","base"
"z_recoded_grammaticality:z_recoded_mini_language",0.0159876115,-0.01149456395,0.043295446375,0.87403125,0.0156141525,-0.01185939055,0.0430632324749999,0.87075,0.000373458999999998,0.054790010325,0.054922623025,"erp_differential_object_marking_300_600_midline","base"
"z_recoded_grammaticality",0.0178034775,-0.00877141374749999,0.0451783975,0.90196875,0.017691744,-0.0094935386725,0.04509243745,0.89834375,0.000111733499999996,0.0539498112475,0.0545859761225,"erp_differential_object_marking_300_600_midline","base"
"z_recoded_session:z_recoded_mini_language",0.00380768245,-0.026217345375,0.033463914125,0.60046875,0.00370030105,-0.02605738445,0.033463408625,0.59621875,0.000107381399999999,0.0596812595,0.059520793075,"erp_differential_object_marking_300_600_midline","base"
"z_recoded_mini_language",-0.00241656735,-0.0205856432,0.016054968825,0.59890625,-0.00251147715,-0.020739624425,0.015994854375,0.60740625,9.49098000000001e-05,0.036640612025,0.0367344788,"erp_differential_object_marking_300_600_midline","base"
"z_baseline_predictor",0.434539515,0.42362241125,0.4454271095,1,0.434627135,0.4236851775,0.44551037725,1,-8.76200000000105e-05,0.02180469825,0.02182519975,"erp_differential_object_marking_300_600_midline","base"
"z_recoded_session",-0.0301898725,-0.060155911325,-0.000538606820500002,0.976875,-0.0301086135,-0.060214209775,0.000320987128249999,0.974,-8.12590000000002e-05,0.0596173045045,0.06053519690325,"erp_differential_object_marking_300_600_midline","base"
"Intercept",0.0025131513,-0.01560964095,0.02035477725,0.60553125,0.00243532885,-0.015414081875,0.020585861375,0.60759375,7.78224499999999e-05,0.0359644182,0.03599994325,"erp_differential_object_marking_300_600_midline","base"
"z_multilingual_language_diversity",-0.0020035609,-0.014007875575,0.00975949872499999,0.62709375,-0.0019272024,-0.01382565705,0.0100078787,0.624375,-7.63585000000001e-05,0.0237673743,0.02383353575,"erp_differential_object_marking_300_600_midline","base"
"z_recoded_grammaticality:z_recoded_session",-0.000692596115,-0.01219541205,0.01084372375,0.545875,-0.00064547611,-0.012083721125,0.01069707155,0.5448125,-4.71200049999999e-05,0.0230391358,0.022780792675,"erp_differential_object_marking_300_600_midline","base"
"z_recoded_grammaticality:z_recoded_session:z_recoded_mini_language",-0.0029322624,-0.01434791805,0.008483609235,0.6983125,-0.0029656764,-0.01434368685,0.00851381955499994,0.69421875,3.34139999999998e-05,0.022831527285,0.0228575064049999,"erp_differential_object_marking_300_600_midline","base"
"z_recoded_caudality",-0.026323895,-0.036669376475,-0.015878863,1,-0.026292028,-0.036779013875,-0.01586532515,1,-3.18669999999979e-05,0.020790513475,0.020913688725,"erp_differential_object_marking_300_600_midline","base"
"z_recoded_grammaticality:z_recoded_caudality",-0.00396556065,-0.0146214503,0.00661496037749999,0.7714375,-0.00395902655,-0.0145349179,0.00644024951,0.77259375,-6.53410000000035e-06,0.0212364106775,0.02097516741,"erp_differential_object_marking_300_600_midline","base"
"z_recoded_grammaticality",-0.0177393765,-0.0428060728,0.00743632041749999,0.9190625,-0.0173472115,-0.04204848085,0.00749351799249999,0.91615625,-0.000392165,0.0502423932175,0.0495419988425,"erp_differential_object_marking_400_900_lateral","base"
"z_recoded_mini_language",-0.0045905989,-0.023593884925,0.013903640575,0.6840625,-0.0048080431,-0.02370206945,0.014162213575,0.69103125,0.000217444199999999,0.0374975255,0.037864283025,"erp_differential_object_marking_400_900_lateral","base"
"z_recoded_grammaticality:z_recoded_mini_language",0.0153451015,-0.00923478448499998,0.04036543405,0.89215625,0.0151869115,-0.00955792035499998,0.03988550905,0.88790625,0.000158189999999999,0.049600218535,0.049443429405,"erp_differential_object_marking_400_900_lateral","base"
"z_recoded_session:z_recoded_mini_language",-0.00027264396,-0.033106562775,0.03277376905,0.5065625,-0.00041928726,-0.033150869475,0.0324677841249999,0.51059375,0.0001466433,0.0658803318249999,0.0656186535999999,"erp_differential_object_marking_400_900_lateral","base"
"z_recoded_session",-0.018700301,-0.0519361699,0.013759639475,0.87125,-0.0185602955,-0.051632028675,0.013524516375,0.871625,-0.000140005500000002,0.065695809375,0.06515654505,"erp_differential_object_marking_400_900_lateral","base"
"Intercept",0.0021120791,-0.016508945725,0.020784821725,0.58709375,0.00217522465,-0.0166368908,0.020873751225,0.58915625,-6.31455500000001e-05,0.03729376745,0.037510642025,"erp_differential_object_marking_400_900_lateral","base"
"z_recoded_grammaticality:z_recoded_hemisphere",0.0193324065,0.0117397037,0.0269580156,1,0.0193895195,0.011892711625,0.026878725425,1,-5.7113000000001e-05,0.0152183119,0.0149860138,"erp_differential_object_marking_400_900_lateral","base"
"z_recoded_grammaticality:z_recoded_session:z_recoded_mini_language",-0.010673904,-0.01905966495,-0.002227279245,0.99321875,-0.0106377885,-0.018760766275,-0.002501686215,0.9951875,-3.61155000000012e-05,0.016832385705,0.01625908006,"erp_differential_object_marking_400_900_lateral","base"
"z_recoded_hemisphere",-0.0049422189,-0.0123985087,0.002570275825,0.89915625,-0.0049757997,-0.01253794055,0.0026351752475,0.8958125,3.35808000000003e-05,0.014968784525,0.0151731157975,"erp_differential_object_marking_400_900_lateral","base"
"z_baseline_predictor",0.40421451,0.39624911275,0.41203841275,1,0.40418818,0.3962801175,0.41200768575,1,2.63299999999633e-05,0.0157893,0.01572756825,"erp_differential_object_marking_400_900_lateral","base"
"z_recoded_caudality",0.0484448445,0.04098808005,0.056013293,1,0.0484642475,0.0407658835,0.056128171025,1,-1.94030000000012e-05,0.01502521295,0.015362287525,"erp_differential_object_marking_400_900_lateral","base"
"z_recoded_grammaticality:z_recoded_session",0.00461566745,-0.003649679795,0.012907451075,0.86296875,0.00463404425,-0.00355273448,0.01293770705,0.86553125,-1.83767999999999e-05,0.01655713087,0.01649044153,"erp_differential_object_marking_400_900_lateral","base"
"z_multilingual_language_diversity",0.0068338626,-0.00440078239249999,0.018121696925,0.88484375,0.0068436243,-0.0042832261375,0.018011785975,0.88975,-9.7617000000003e-06,0.0225224793175,0.0222950121125,"erp_differential_object_marking_400_900_lateral","base"
"z_recoded_grammaticality:z_recoded_caudality",0.00430121795,-0.0033729771575,0.0119268904,0.865375,0.0042952131,-0.00324781707,0.011830020125,0.86721875,6.00484999999963e-06,0.0152998675575,0.015077837195,"erp_differential_object_marking_400_900_lateral","base"
"z_recoded_mini_language",-0.00420495395,-0.023840681675,0.015317130625,0.660375,-0.00442875445,-0.024360669775,0.015602466175,0.67384375,0.0002238005,0.0391578123,0.03996313595,"erp_differential_object_marking_400_900_midline","base"
"z_multilingual_language_diversity",0.003818556,-0.0090891224275,0.017043261525,0.7165625,0.003996987,-0.009273825485,0.0172664769,0.72265625,-0.000178431000000001,0.0261323839525,0.026540302385,"erp_differential_object_marking_400_900_midline","base"
"z_recoded_grammaticality",-0.020718934,-0.048090697075,0.0069536880175,0.92996875,-0.0205500445,-0.047978653825,0.0074343785525,0.928875,-0.000168889500000002,0.0550443850925,0.0554130323775,"erp_differential_object_marking_400_900_midline","base"
"z_recoded_grammaticality:z_recoded_mini_language",0.022061891,-0.00563187214499999,0.049333003225,0.9415625,0.02194611,-0.005616800335,0.04958257525,0.94246875,0.000115781000000002,0.05496487537,0.055199375585,"erp_differential_object_marking_400_900_midline","base"
"z_baseline_predictor",0.366788485,0.355705569,0.3777765325,1,0.36687694,0.35562867475,0.3781587405,1,-8.84550000000428e-05,0.0220709635,0.0225300657499999,"erp_differential_object_marking_400_900_midline","base"
"Intercept",0.0046820479,-0.0148263132,0.024304844025,0.68209375,0.00475195805,-0.0148554502,0.024560344575,0.68228125,-6.99101500000006e-05,0.039131157225,0.039415794775,"erp_differential_object_marking_400_900_midline","base"
"z_recoded_session",-0.013354185,-0.04796203845,0.021394162025,0.77259375,-0.0133940105,-0.047990204675,0.02136733705,0.77803125,3.98255e-05,0.069356200475,0.069357541725,"erp_differential_object_marking_400_900_midline","base"
"z_recoded_caudality",0.028800416,0.01789302385,0.0397547825,1,0.028762642,0.017979272525,0.039674405875,1,3.77740000000008e-05,0.02186175865,0.02169513335,"erp_differential_object_marking_400_900_midline","base"
"z_recoded_grammaticality:z_recoded_caudality",-0.0060151369,-0.016924369775,0.00492081565749998,0.86071875,-0.0060514718,-0.016859661575,0.00470514263249997,0.864375,3.63349000000006e-05,0.0218451854325,0.0215648042075,"erp_differential_object_marking_400_900_midline","base"
"z_recoded_grammaticality:z_recoded_session",-0.00158020995,-0.01336029725,0.0102798195,0.60603125,-0.00154507015,-0.01320679855,0.010211650925,0.6028125,-3.51398000000001e-05,0.02364011675,0.023418449475,"erp_differential_object_marking_400_900_midline","base"
"z_recoded_grammaticality:z_recoded_session:z_recoded_mini_language",-0.0061276995,-0.01796165295,0.00570066971749999,0.84534375,-0.0061037822,-0.017881074525,0.00548649268,0.8464375,-2.39173000000006e-05,0.0236623226675,0.023367567205,"erp_differential_object_marking_400_900_midline","base"
"z_recoded_session:z_recoded_mini_language",-0.0092250281,-0.044017381425,0.025700533225,0.6956875,-0.00924765705,-0.044517821425,0.0255955253,0.7008125,2.2628949999999e-05,0.06971791465,0.070113346725,"erp_differential_object_marking_400_900_midline","base"
"z_recoded_session:z_recoded_mini_language",-0.0330039,-0.06882104575,0.00266278184249997,0.9658125,-0.03254622,-0.069639364975,0.00330624622499999,0.96340625,-0.000457680000000002,0.0714838275925,0.0729456112,"erp_gender_agreement_200_500_lateral","base"
"Intercept",0.00387842525,-0.01078933955,0.0185359028,0.7001875,0.00406006015,-0.010584440675,0.018567888275,0.7089375,-0.0001816349,0.02932524235,0.02915232895,"erp_gender_agreement_200_500_lateral","base"
"z_recoded_mini_language",-0.00063064702,-0.01538403195,0.0142239148,0.53209375,-0.00048287458,-0.01546678565,0.0142226516,0.5264375,-0.00014777244,0.02960794675,0.02968943725,"erp_gender_agreement_200_500_lateral","base"
"z_recoded_grammaticality",0.0122735915,-0.0017195171325,0.026585774825,0.95771875,0.0121833355,-0.00182941548,0.026684531275,0.95565625,9.02560000000004e-05,0.0283052919575,0.028513946755,"erp_gender_agreement_200_500_lateral","base"
"z_multilingual_language_diversity",-0.00432235675,-0.015585013625,0.00677873156249999,0.77846875,-0.00439025375,-0.0155667746,0.00675362459999999,0.78865625,6.78969999999991e-05,0.0223637451875,0.0223203992,"erp_gender_agreement_200_500_lateral","base"
"z_recoded_grammaticality:z_recoded_mini_language",-0.00250100205,-0.01660138795,0.011536658725,0.6393125,-0.00244061565,-0.016713372625,0.0118013157,0.63246875,-6.03864000000001e-05,0.028138046675,0.028514688325,"erp_gender_agreement_200_500_lateral","base"
"z_recoded_session",0.040168504,0.00320012145000003,0.07595723495,0.98265625,0.040224985,0.00420637879250001,0.0764081162,0.98565625,-5.64810000000041e-05,0.0727571135,0.0722017374075,"erp_gender_agreement_200_500_lateral","base"
"z_recoded_caudality",-0.0439666305,-0.04990165005,-0.038015578225,1,-0.043933684,-0.049960086725,-0.0378783166,1,-3.29464999999987e-05,0.011886071825,0.012081770125,"erp_gender_agreement_200_500_lateral","base"
"z_baseline_predictor",0.5254429,0.51944489975,0.53152914675,1,0.52547151,0.51942093925,0.53142812775,1,-2.86099999999845e-05,0.0120842469999999,0.0120071885,"erp_gender_agreement_200_500_lateral","base"
"z_recoded_hemisphere",0.052165181,0.04624733935,0.05805330935,1,0.0521918745,0.046174898025,0.05817128195,1,-2.6693500000001e-05,0.01180597,0.011996383925,"erp_gender_agreement_200_500_lateral","base"
"z_recoded_grammaticality:z_recoded_hemisphere",0.00367285585,-0.00228728437,0.0096456217475,0.8864375,0.0036484999,-0.00234510892,0.009734262525,0.886,2.43559499999999e-05,0.0119329061175,0.012079371445,"erp_gender_agreement_200_500_lateral","base"
"z_recoded_grammaticality:z_recoded_caudality",-0.00449461245,-0.01037139505,0.0013786291525,0.9341875,-0.0044816743,-0.01042425835,0.00149015394,0.9329375,-1.29381499999999e-05,0.0117500242025,0.01191441229,"erp_gender_agreement_200_500_lateral","base"
"z_recoded_grammaticality:z_recoded_session:z_recoded_mini_language",-0.00021292765,-0.00651887164,0.00604821778999999,0.52690625,-0.00020342646,-0.006462335285,0.0061135670675,0.52496875,-9.50119e-06,0.01256708943,0.0125759023525,"erp_gender_agreement_200_500_lateral","base"
"z_recoded_grammaticality:z_recoded_session",0.0125266795,0.0062909074475,0.01870518295,0.99990625,0.012527618,0.0062019329525,0.01882531655,1,-9.38500000000411e-07,0.0124142755025,0.0126233835975,"erp_gender_agreement_200_500_lateral","base"
"z_recoded_grammaticality",0.024608826,0.0073598693475,0.042371450425,0.99715625,0.02471202,0.00710646936750001,0.042005448725,0.99640625,-0.000103194000000001,0.0350115810775,0.0348989793575,"erp_gender_agreement_200_500_midline","base"
"z_recoded_session:z_recoded_mini_language",-0.021721499,-0.0566741829,0.0133380643,0.89271875,-0.0218229405,-0.056344561025,0.01292498915,0.893375,0.0001014415,0.0700122472,0.069269550175,"erp_gender_agreement_200_500_midline","base"
"z_recoded_grammaticality:z_recoded_mini_language",-0.00242571565,-0.0201026834,0.014934093125,0.611125,-0.00251026435,-0.02005639555,0.0150085076,0.6095,8.45487000000001e-05,0.035036776525,0.03506490315,"erp_gender_agreement_200_500_midline","base"
"z_baseline_predictor",0.486423025,0.4777087145,0.49515346875,1,0.486507145,0.4777389855,0.495279134,1,-8.41200000000208e-05,0.01744475425,0.0175401485,"erp_gender_agreement_200_500_midline","base"
"z_recoded_mini_language",-0.00030045637,-0.014264596025,0.01379467185,0.51584375,-0.00037876856,-0.014564260875,0.0138377426,0.52115625,7.831219e-05,0.028059267875,0.028402003475,"erp_gender_agreement_200_500_midline","base"
"z_recoded_grammaticality:z_recoded_session:z_recoded_mini_language",0.00765157465,-0.0014459235875,0.01669863475,0.94925,0.00757649055,-0.001236184495,0.016555404125,0.95240625,7.50840999999992e-05,0.0181445583375,0.01779158862,"erp_gender_agreement_200_500_midline","base"
"z_recoded_session",0.01413391,-0.020931416925,0.04888641545,0.7885,0.014194957,-0.020710218375,0.0487489233,0.79203125,-6.10470000000016e-05,0.069817832375,0.069459141675,"erp_gender_agreement_200_500_midline","base"
"z_recoded_caudality",-0.020755437,-0.029377279825,-0.01224080435,1,-0.0208156955,-0.02949197385,-0.0120983993,1,6.02585000000003e-05,0.017136475475,0.01739357455,"erp_gender_agreement_200_500_midline","base"
"Intercept",0.000522147665,-0.01347496765,0.014654268125,0.53015625,0.0004684581,-0.013646298825,0.014504791125,0.52575,5.3689565e-05,0.028129235775,0.02815108995,"erp_gender_agreement_200_500_midline","base"
"z_recoded_grammaticality:z_recoded_caudality",0.004452646,-0.00414646919,0.0130589958,0.844625,0.00440829255,-0.00421879191,0.0130702942,0.83859375,4.43534499999995e-05,0.01720546499,0.01728908611,"erp_gender_agreement_200_500_midline","base"
"z_recoded_grammaticality:z_recoded_session",0.00790044315,-0.0011242783425,0.016864698775,0.95746875,0.00794250985,-0.0011719625525,0.0169904689,0.955375,-4.2066700000001e-05,0.0179889771175,0.0181624314525,"erp_gender_agreement_200_500_midline","base"
"z_multilingual_language_diversity",-0.00190964505,-0.012226759025,0.00858270528,0.6385,-0.0019185926,-0.0124389849,0.00871051043,0.63959375,8.94755000000001e-06,0.020809464305,0.02114949533,"erp_gender_agreement_200_500_midline","base"
"z_recoded_session:z_recoded_mini_language",-0.0392769215,-0.076209909375,-0.00302671570250003,0.9826875,-0.0390956005,-0.076118719125,-0.00194987563750001,0.981,-0.000181320999999998,0.0731831936725,0.0741688434875,"erp_gender_agreement_300_600_lateral","base"
"z_recoded_grammaticality",0.016559579,0.0023628101175,0.030818579625,0.9888125,0.0167192895,0.00270521835500001,0.030930272275,0.9903125,-0.0001597105,0.0284557695075,0.02822505392,"erp_gender_agreement_300_600_lateral","base"
"z_recoded_session",0.0049267464,-0.031086651625,0.0411544696999999,0.60840625,0.00481187745,-0.032001256675,0.04166705395,0.60315625,0.00011486895,0.0722411213249999,0.073668310625,"erp_gender_agreement_300_600_lateral","base"
"z_recoded_mini_language",-0.0028379917,-0.016998923425,0.011244335725,0.65453125,-0.00276626855,-0.0170214704,0.0113303465,0.64728125,-7.17231499999999e-05,0.02824325915,0.0283518169,"erp_gender_agreement_300_600_lateral","base"
"z_recoded_hemisphere",0.044108558,0.037937911925,0.050336464925,1,0.0441500095,0.037882657725,0.05034344425,1,-4.14514999999976e-05,0.012398553,0.012460786525,"erp_gender_agreement_300_600_lateral","base"
"z_recoded_grammaticality:z_recoded_mini_language",-0.00654276385,-0.020646036025,0.00766353895499999,0.81621875,-0.00657942155,-0.0207918752,0.00751355515,0.81940625,3.66576999999996e-05,0.02830957498,0.02830543035,"erp_gender_agreement_300_600_lateral","base"
"z_recoded_caudality",-0.102944885,-0.109234272,-0.0967302592,1,-0.102967865,-0.1091861235,-0.096722917325,1,2.29799999999919e-05,0.0125040128,0.012463206175,"erp_gender_agreement_300_600_lateral","base"
"z_recoded_grammaticality:z_recoded_caudality",-0.00487574755,-0.011034590925,0.001313081005,0.94040625,-0.0048965749,-0.01098625195,0.0011941117125,0.939,2.08273499999996e-05,0.01234767193,0.0121803636625,"erp_gender_agreement_300_600_lateral","base"
"z_baseline_predictor",0.464770975,0.45844258575,0.471055354,1,0.46479091,0.45845311675,0.471156143,1,-1.99350000000265e-05,0.01261276825,0.0127030262499999,"erp_gender_agreement_300_600_lateral","base"
"z_recoded_grammaticality:z_recoded_session:z_recoded_mini_language",-0.0021614845,-0.0088000753025,0.00439323865,0.7426875,-0.0021429146,-0.0086111482025,0.0043700623225,0.7415625,-1.85698999999994e-05,0.0131933139525,0.012981210525,"erp_gender_agreement_300_600_lateral","base"
"z_multilingual_language_diversity",-0.00194103885,-0.012606291425,0.00849004412499999,0.6420625,-0.0019297118,-0.0125693981,0.00861761164499999,0.64078125,-1.132705e-05,0.02109633555,0.021187009745,"erp_gender_agreement_300_600_lateral","base"
"z_recoded_grammaticality:z_recoded_session",0.0136831195,0.0070524963675,0.020229193,1,0.0136872555,0.0071337874775,0.020240112975,0.99996875,-4.13600000000007e-06,0.0131766966325,0.0131063254975,"erp_gender_agreement_300_600_lateral","base"
"Intercept",0.000949400475,-0.013095519,0.01515423935,0.55296875,0.00094745931,-0.01301379325,0.014975621,0.55509375,1.94116500000009e-06,0.02824975835,0.02798941425,"erp_gender_agreement_300_600_lateral","base"
"z_recoded_grammaticality:z_recoded_hemisphere",0.00373583945,-0.0024066232175,0.00994424087,0.8821875,0.00373470685,-0.002507106995,0.009923763575,0.87840625,1.13259999999981e-06,0.0123508640875,0.01243087057,"erp_gender_agreement_300_600_lateral","base"
"z_recoded_session:z_recoded_mini_language",-0.0272297795,-0.0656176981,0.0102909377,0.9220625,-0.027050705,-0.0654297158,0.01046405065,0.92084375,-0.000179074499999998,0.0759086358,0.07589376645,"erp_gender_agreement_300_600_midline","base"
"z_recoded_grammaticality",0.029424917,0.01088167775,0.04814284725,0.9990625,0.029549516,0.0110881509,0.048183502975,0.99903125,-0.000124599,0.0372611695,0.037095352075,"erp_gender_agreement_300_600_midline","base"
"z_recoded_session",-0.022639611,-0.060628063225,0.015003286125,0.8800625,-0.022529268,-0.0613632828,0.0154201925,0.8760625,-0.000110342999999999,0.07563134935,0.0767834753,"erp_gender_agreement_300_600_midline","base"
"z_recoded_mini_language",-0.00212574905,-0.0172350112,0.013060138875,0.60821875,-0.00222529765,-0.017396276925,0.01277832425,0.6165625,9.95486000000003e-05,0.030295150075,0.030174601175,"erp_gender_agreement_300_600_midline","base"
"z_recoded_grammaticality:z_recoded_session",0.0112616905,0.001633812905,0.0206823862,0.989375,0.0111766125,0.001757164495,0.020636597375,0.989625,8.50780000000006e-05,0.019048573295,0.01887943288,"erp_gender_agreement_300_600_midline","base"
"z_recoded_grammaticality:z_recoded_mini_language",-0.00893128085,-0.027290304,0.00957238256749999,0.83,-0.0088687089,-0.02772411085,0.009932798265,0.82528125,-6.25719499999997e-05,0.0368626865675,0.037656909115,"erp_gender_agreement_300_600_midline","base"
"z_multilingual_language_diversity",-0.00075698524,-0.011970477275,0.010605974975,0.5531875,-0.000818164525,-0.0120341679,0.010572295725,0.556875,6.1179285e-05,0.02257645225,0.022606463625,"erp_gender_agreement_300_600_midline","base"
"Intercept",-0.00176052505,-0.016848117875,0.01294547175,0.59175,-0.0018071448,-0.01694467905,0.013337163325,0.591375,4.661975e-05,0.029793589625,0.030281842375,"erp_gender_agreement_300_600_midline","base"
"z_baseline_predictor",0.4189278,0.40974022425,0.42802252075,1,0.418887165,0.40976261025,0.428204908,1,4.06349999999556e-05,0.0182822965,0.0184422977500001,"erp_gender_agreement_300_600_midline","base"
"z_recoded_grammaticality:z_recoded_caudality",0.0034216162,-0.0054600192475,0.0122638028,0.77459375,0.0033903905,-0.0054468943675,0.01238366655,0.7711875,3.12257e-05,0.0177238220475,0.0178305609175,"erp_gender_agreement_300_600_midline","base"
"z_recoded_grammaticality:z_recoded_session:z_recoded_mini_language",0.0049389241,-0.004526204985,0.0143762463,0.8474375,0.0049271102,-0.00435236248,0.014235280925,0.85221875,1.1813900000001e-05,0.018902451285,0.018587643405,"erp_gender_agreement_300_600_midline","base"
"z_recoded_caudality",-0.0687328225,-0.077634640375,-0.05977228475,1,-0.068738686,-0.07771146965,-0.059671125025,1,5.86349999999458e-06,0.017862355625,0.018040344625,"erp_gender_agreement_300_600_midline","base"
"z_recoded_mini_language",-0.0018601223,-0.014384339725,0.01095731525,0.61371875,-0.00172355565,-0.01464898165,0.010914910725,0.60603125,-0.00013656665,0.025341654975,0.025563892375,"erp_gender_agreement_400_900_lateral","base"
"Intercept",0.000750625205,-0.0120046261,0.01305882085,0.547875,0.00065303129,-0.0119614952,0.0132549435,0.53965625,9.7593915e-05,0.02506344695,0.0252164387,"erp_gender_agreement_400_900_lateral","base"
"z_baseline_predictor",0.40442942,0.3979082385,0.4110117285,1,0.40450711,0.39784040125,0.41110246075,1,-7.76899999999636e-05,0.01310349,0.0132620595,"erp_gender_agreement_400_900_lateral","base"
"z_recoded_grammaticality",0.0165484985,0.001847168,0.0316696351,0.98625,0.0165962375,0.00182174563750001,0.031421344275,0.985375,-4.7738999999998e-05,0.0298224671,0.0295995986375,"erp_gender_agreement_400_900_lateral","base"
"z_recoded_grammaticality:z_recoded_caudality",-0.00315788145,-0.009433757135,0.00324391834,0.83440625,-0.0031868393,-0.00947599039,0.0032341560325,0.83615625,2.89578499999997e-05,0.012677675475,0.0127101464225,"erp_gender_agreement_400_900_lateral","base"
"z_recoded_grammaticality:z_recoded_session",0.016756335,0.010057989075,0.02345911815,1,0.016729403,0.01002687185,0.0235541263,1,2.69320000000003e-05,0.013401129075,0.01352725445,"erp_gender_agreement_400_900_lateral","base"
"z_recoded_grammaticality:z_recoded_hemisphere",0.00298042655,-0.0033987509025,0.00939248643,0.817875,0.0029619149,-0.00341354415,0.0093086020575,0.81803125,1.85116499999997e-05,0.0127912373325,0.0127221462075,"erp_gender_agreement_400_900_lateral","base"
"z_recoded_grammaticality:z_recoded_mini_language",-0.00615839185,-0.020997118275,0.00844496842249999,0.79609375,-0.0061423333,-0.02098259205,0.0085898436875,0.79696875,-1.60585499999998e-05,0.0294420866975,0.0295724357375,"erp_gender_agreement_400_900_lateral","base"
"z_recoded_caudality",-0.077779632,-0.0842782195,-0.071308294725,1,-0.0777956845,-0.08420961875,-0.07132498255,1,1.60525000000022e-05,0.012969924775,0.0128846362,"erp_gender_agreement_400_900_lateral","base"
"z_recoded_hemisphere",0.040103317,0.033728776525,0.046501216625,1,0.0401188885,0.033659585475,0.04650499995,1,-1.55714999999987e-05,0.0127724401,0.012845414475,"erp_gender_agreement_400_900_lateral","base"
"z_recoded_session:z_recoded_mini_language",-0.0261668615,-0.056368169375,0.00479294085499999,0.95384375,-0.0261546865,-0.057235107625,0.00409936522499997,0.95521875,-1.21749999999997e-05,0.06116111023,0.06133447285,"erp_gender_agreement_400_900_lateral","base"
"z_multilingual_language_diversity",-0.00098286706,-0.00933601924,0.0074500681675,0.59346875,-0.000973169205,-0.0093260902475,0.007399441305,0.591,-9.69785499999986e-06,0.0167860874075,0.0167255315525,"erp_gender_agreement_400_900_lateral","base"
"z_recoded_grammaticality:z_recoded_session:z_recoded_mini_language",-0.0035289139,-0.0102567528,0.00319465007499999,0.8448125,-0.0035236815,-0.010372799,0.0032244858625,0.845625,-5.23239999999968e-06,0.013451402875,0.0135972848625,"erp_gender_agreement_400_900_lateral","base"
"z_recoded_session",0.011027298,-0.0193948292,0.042083918475,0.7613125,0.0110290215,-0.0197553398,0.041595239275,0.76159375,-1.72349999999835e-06,0.061478747675,0.061350579075,"erp_gender_agreement_400_900_lateral","base"
"z_recoded_session",-0.0166952455,-0.0485873135,0.016128743475,0.84446875,-0.0163880195,-0.04801703565,0.014622284825,0.85025,-0.000307226000000001,0.0647160569749999,0.062639320475,"erp_gender_agreement_400_900_midline","base"
"z_recoded_grammaticality",0.020133555,0.000946221000750003,0.038994375825,0.98015625,0.0203628165,0.0011386460425,0.0393498261,0.98165625,-0.000229261500000001,0.03804815482425,0.0382111800575,"erp_gender_agreement_400_900_midline","base"
"Intercept",-0.000878690755,-0.0150403806,0.0133256973,0.5491875,-0.0009953379,-0.0153069763,0.013273742825,0.55446875,0.000116647145,0.0283660779,0.028580719125,"erp_gender_agreement_400_900_midline","base"
"z_recoded_grammaticality:z_recoded_session:z_recoded_mini_language",0.00022890969,-0.00931212445,0.01004889095,0.51909375,0.000297192395,-0.0093787690375,0.00989837947499999,0.5221875,-6.8282705e-05,0.0193610154,0.0192771485125,"erp_gender_agreement_400_900_midline","base"
"z_recoded_session:z_recoded_mini_language",-0.0200225355,-0.052016568075,0.011821002,0.89353125,-0.020088061,-0.052578840725,0.011897055375,0.89540625,6.55255e-05,0.063837570075,0.0644758961,"erp_gender_agreement_400_900_midline","base"
"z_recoded_grammaticality:z_recoded_caudality",-0.000247715975,-0.0095035369725,0.00887766384249999,0.5206875,-0.00029372272,-0.0096511924825,0.0090057993,0.5235,4.6006745e-05,0.018381200815,0.0186569917825,"erp_gender_agreement_400_900_midline","base"
"z_recoded_grammaticality:z_recoded_mini_language",-0.012372893,-0.031277382425,0.00661839538499999,0.90121875,-0.0123281585,-0.03126771985,0.00677165708,0.90121875,-4.47344999999991e-05,0.03789577781,0.03803937693,"erp_gender_agreement_400_900_midline","base"
"z_multilingual_language_diversity",-0.00062662371,-0.011161501525,0.0101219243,0.546,-0.00059187156,-0.01121315395,0.010172347125,0.5425,-3.47521499999999e-05,0.021283425825,0.021385501075,"erp_gender_agreement_400_900_midline","base"
"z_recoded_mini_language",-0.000910622765,-0.015080864675,0.01362033285,0.54990625,-0.00087942345,-0.0154632061,0.01350989235,0.5480625,-3.1199315e-05,0.028701197525,0.02897309845,"erp_gender_agreement_400_900_midline","base"
"z_baseline_predictor",0.356217105,0.346878209,0.3656750115,1,0.356248275,0.3468215885,0.3657457825,1,-3.11700000000248e-05,0.0187968024999999,0.0189241940000001,"erp_gender_agreement_400_900_midline","base"
"z_recoded_grammaticality:z_recoded_session",0.0207071905,0.0110507329,0.030353196825,1,0.0206788855,0.0110393834,0.0304111025,1,2.83049999999993e-05,0.019302463925,0.0193717191,"erp_gender_agreement_400_900_midline","base"
"z_recoded_caudality",-0.073987296,-0.083385036325,-0.0646826932,1,-0.074005593,-0.083447265,-0.064714217525,1,1.82970000000005e-05,0.018702343125,0.018733047475,"erp_gender_agreement_400_900_midline","base"
"Intercept",-0.00300394825,-0.02079205695,0.014683153825,0.63353125,-0.00317067355,-0.02105811095,0.0145668122,0.639625,0.0001667253,0.035475210775,0.03562492315,"erp_verb_object_number_agreement_200_500_lateral","base"
"z_recoded_session",-0.00936432735,-0.038181947225,0.0193038912,0.74140625,-0.0095286953,-0.03815460445,0.019022687825,0.7445,0.000164367950000001,0.057485838425,0.057177292275,"erp_verb_object_number_agreement_200_500_lateral","base"
"z_recoded_session:z_recoded_mini_language",0.00627363425,-0.02240805355,0.0345366036,0.66490625,0.00612676455,-0.0221272414,0.034914338575,0.66446875,0.0001468697,0.05694465715,0.057041579975,"erp_verb_object_number_agreement_200_500_lateral","base"
"z_multilingual_language_diversity",-0.00855336595,-0.0195955438,0.00308513263499999,0.92659375,-0.00861435915,-0.01960229045,0.00277576905749999,0.9338125,6.09932000000014e-05,0.022680676435,0.0223780595075,"erp_verb_object_number_agreement_200_500_lateral","base"
"z_recoded_grammaticality:z_recoded_hemisphere",0.00202778525,-0.00689416202,0.0109359398,0.6764375,0.00208164725,-0.00666733988749999,0.010800195275,0.6793125,-5.3862e-05,0.01783010182,0.0174675351625,"erp_verb_object_number_agreement_200_500_lateral","base"
"z_recoded_grammaticality",0.016245488,-0.00267377949,0.0355358122,0.9541875,0.01628921,-0.00241984816999999,0.035187686525,0.95484375,-4.37219999999995e-05,0.03820959169,0.037607534695,"erp_verb_object_number_agreement_200_500_lateral","base"
"z_recoded_grammaticality:z_recoded_mini_language",0.00988455785,-0.008866931225,0.029005684,0.8529375,0.0098482491,-0.00899860818,0.0286417451249999,0.85421875,3.63087500000001e-05,0.037872615225,0.0376403533049999,"erp_verb_object_number_agreement_200_500_lateral","base"
"z_baseline_predictor",0.535139955,0.52610197875,0.544208948,1,0.53517449,0.526131586,0.5442983025,1,-3.45349999999467e-05,0.0181069692500001,0.0181667165,"erp_verb_object_number_agreement_200_500_lateral","base"
"z_recoded_grammaticality:z_recoded_caudality",0.00134071145,-0.00740863824999999,0.01024608915,0.61353125,0.0013110963,-0.0075485102525,0.0100560078,0.61459375,2.961515e-05,0.0176547274,0.0176045180525,"erp_verb_object_number_agreement_200_500_lateral","base"
"z_recoded_hemisphere",0.039961513,0.031219683625,0.048742317325,1,0.0399824365,0.031216090375,0.04868255015,1,-2.09234999999919e-05,0.0175226337,0.017466459775,"erp_verb_object_number_agreement_200_500_lateral","base"
"z_recoded_grammaticality:z_recoded_session",0.0051077653,-0.00483203072,0.015143316875,0.8418125,0.00509077615,-0.00481753781,0.01500159555,0.842,1.69891499999996e-05,0.019975347595,0.01981913336,"erp_verb_object_number_agreement_200_500_lateral","base"
"z_recoded_grammaticality:z_recoded_session:z_recoded_mini_language",0.00470612925,-0.00524770179,0.014644579475,0.82071875,0.00471618415,-0.005217156895,0.01473938795,0.82296875,-1.00549000000005e-05,0.019892281265,0.019956544845,"erp_verb_object_number_agreement_200_500_lateral","base"
"z_recoded_caudality",0.00023016978,-0.00844549397749999,0.00893674021499999,0.52084375,0.000232906525,-0.0084793657625,0.0089833026325,0.522,-2.73674500000004e-06,0.0173822341925,0.017462668395,"erp_verb_object_number_agreement_200_500_lateral","base"
"z_recoded_mini_language",0.0026786062,-0.015170414475,0.02045931055,0.61584375,0.00268018245,-0.015421866425,0.02088703985,0.61828125,-1.57624999999953e-06,0.035629725025,0.036308906275,"erp_verb_object_number_agreement_200_500_lateral","base"
"z_recoded_session",0.00078481973,-0.0331221805,0.0337673189249999,0.51840625,0.00112096555,-0.03193093725,0.034230522875,0.52675,-0.00033614582,0.0668894994249999,0.066161460125,"erp_verb_object_number_agreement_200_500_midline","base"
"Intercept",-0.0041073346,-0.02557667885,0.016845472975,0.646,-0.0043086311,-0.025324543675,0.017036194175,0.65546875,0.0002012965,0.042422151825,0.04236073785,"erp_verb_object_number_agreement_200_500_midline","base"
"z_multilingual_language_diversity",-0.005952428,-0.02099117575,0.00923889476999998,0.7809375,-0.0060910204,-0.02084390605,0.00926924077,0.78425,0.0001385924,0.03023007052,0.03011314682,"erp_verb_object_number_agreement_200_500_midline","base"
"z_recoded_grammaticality:z_recoded_mini_language",0.00785100125,-0.015393268025,0.03157835505,0.74875,0.00773731775,-0.0153230715,0.031332643775,0.75009375,0.0001136835,0.0469716230749999,0.046655715275,"erp_verb_object_number_agreement_200_500_midline","base"
"z_recoded_grammaticality:z_recoded_caudality",0.00557375645,-0.007052172535,0.018231620725,0.80409375,0.00548741615,-0.007357200745,0.0181860397,0.80325,8.63402999999995e-05,0.02528379326,0.025543240445,"erp_verb_object_number_agreement_200_500_midline","base"
"z_recoded_grammaticality",0.008692155,-0.01403981015,0.032211867275,0.77325,0.00861646685,-0.014556317225,0.03213533285,0.76746875,7.56881499999994e-05,0.0462516774249999,0.046691650075,"erp_verb_object_number_agreement_200_500_midline","base"
"z_recoded_mini_language",0.00248746795,-0.018780125075,0.023909664375,0.590625,0.00243508975,-0.01885748915,0.02387547545,0.5901875,5.23781999999997e-05,0.04268978945,0.0427329646,"erp_verb_object_number_agreement_200_500_midline","base"
"z_baseline_predictor",0.50725943,0.49436576675,0.5202120945,1,0.507311145,0.494023418,0.5204152945,1,-5.17150000001187e-05,0.0258463277500001,0.0263918764999999,"erp_verb_object_number_agreement_200_500_midline","base"
"z_recoded_grammaticality:z_recoded_session",-0.00043428332,-0.01439860635,0.0137396894,0.52359375,-0.000471456805,-0.014474199275,0.013589773825,0.52553125,3.71734850000001e-05,0.02813829575,0.0280639731,"erp_verb_object_number_agreement_200_500_midline","base"
"z_recoded_caudality",0.012558447,9.23847831750002e-05,0.024999299325,0.97578125,0.0125430435,-0.000302064195249999,0.0251836012,0.9725,1.54035000000004e-05,0.024906914541825,0.02548566539525,"erp_verb_object_number_agreement_200_500_midline","base"
"z_recoded_grammaticality:z_recoded_session:z_recoded_mini_language",0.00425415955,-0.0096077592475,0.018285041975,0.723,0.00424139445,-0.0097791672475,0.018166095425,0.72484375,1.27651000000001e-05,0.0278928012225,0.0279452626725,"erp_verb_object_number_agreement_200_500_midline","base"
"z_recoded_session:z_recoded_mini_language",0.00912811745,-0.02435663155,0.041933821525,0.7050625,0.009136647,-0.023920854675,0.0422470374,0.70653125,-8.52954999999885e-06,0.066290453075,0.066167892075,"erp_verb_object_number_agreement_200_500_midline","base"
"z_recoded_session:z_recoded_mini_language",0.00782479275,-0.0211119766,0.036756434775,0.70678125,0.00801959125,-0.020884886,0.036788373675,0.70584375,-0.000194798499999999,0.057868411375,0.057673259675,"erp_verb_object_number_agreement_300_600_lateral","base"
"z_recoded_mini_language",-0.000358560255,-0.01878323715,0.017964639275,0.51534375,-0.0001692134,-0.018852400075,0.018400243925,0.50725,-0.000189346855,0.036747876425,0.037252644,"erp_verb_object_number_agreement_300_600_lateral","base"
"z_multilingual_language_diversity",-0.00963919245,-0.020961249325,0.002313692615,0.94478125,-0.00954391425,-0.021034651175,0.002257401535,0.945125,-9.52781999999999e-05,0.02327494194,0.02329205271,"erp_verb_object_number_agreement_300_600_lateral","base"
"z_recoded_grammaticality",0.0117345045,-0.00797345318,0.0321061453,0.87975,0.011812003,-0.0081547385375,0.0319215199249999,0.87753125,-7.74985000000002e-05,0.04007959848,0.0400762584624999,"erp_verb_object_number_agreement_300_600_lateral","base"
"z_baseline_predictor",0.48267863,0.473263568,0.49215420275,1,0.482754515,0.47321926,0.492289355,1,-7.58849999999978e-05,0.01889063475,0.019070095,"erp_verb_object_number_agreement_300_600_lateral","base"
"z_recoded_hemisphere",0.038210984,0.02907137065,0.04731201455,1,0.038159028,0.029079592025,0.0472810868,1,5.19560000000058e-05,0.0182406439,0.018201494775,"erp_verb_object_number_agreement_300_600_lateral","base"
"z_recoded_grammaticality:z_recoded_hemisphere",0.0024226578,-0.0067498961,0.0115706494,0.69584375,0.0023781408,-0.00663304154,0.01151889245,0.6978125,4.4517e-05,0.0183205455,0.01815193399,"erp_verb_object_number_agreement_300_600_lateral","base"
"z_recoded_session",-0.0056383385,-0.034877068725,0.023352308775,0.65015625,-0.0055939245,-0.034440515225,0.02298716905,0.64928125,-4.44140000000004e-05,0.0582293775,0.057427684275,"erp_verb_object_number_agreement_300_600_lateral","base"
"z_recoded_grammaticality:z_recoded_caudality",-0.000988951225,-0.010121847475,0.00816988218,0.58378125,-0.001026817,-0.0102362863,0.00830031575499999,0.58721875,3.78657749999999e-05,0.018291729655,0.018536602055,"erp_verb_object_number_agreement_300_600_lateral","base"
"Intercept",-0.0053451543,-0.02338731575,0.013255511525,0.7195625,-0.00538248585,-0.02352442305,0.013031514375,0.71528125,3.73315500000002e-05,0.036642827275,0.036555937425,"erp_verb_object_number_agreement_300_600_lateral","base"
"z_recoded_grammaticality:z_recoded_mini_language",0.0193075575,-0.000325162414499992,0.039542622575,0.9726875,0.0192806675,-0.000557623439249999,0.0397040543,0.97121875,2.68899999999982e-05,0.0398677849895,0.04026167773925,"erp_verb_object_number_agreement_300_600_lateral","base"
"z_recoded_grammaticality:z_recoded_session",0.0069410174,-0.0033246377825,0.01742464055,0.90340625,0.0069571468,-0.00332712523,0.01726840485,0.90578125,-1.61293999999994e-05,0.0207492783325,0.02059553008,"erp_verb_object_number_agreement_300_600_lateral","base"
"z_recoded_caudality",-0.0033032638,-0.012351370775,0.00573355752499998,0.7623125,-0.0033170353,-0.01262372195,0.0059023656275,0.75925,1.37714999999998e-05,0.0180849283,0.0185260875775,"erp_verb_object_number_agreement_300_600_lateral","base"
"z_recoded_grammaticality:z_recoded_session:z_recoded_mini_language",0.00386477005,-0.0063794804675,0.0141667285,0.76846875,0.00386006145,-0.006475696395,0.014220965625,0.7666875,4.70859999999974e-06,0.0205462089675,0.02069666202,"erp_verb_object_number_agreement_300_600_lateral","base"
"z_recoded_grammaticality",0.00230594115,-0.021900676,0.026417177275,0.57821875,0.0026803276,-0.0212834443,0.026728593675,0.58815625,-0.00037438645,0.048317853275,0.048012037975,"erp_verb_object_number_agreement_300_600_midline","base"
"z_recoded_session:z_recoded_mini_language",0.0061923981,-0.02849483355,0.040524733125,0.6414375,0.0064411979,-0.02741312445,0.0404336857,0.6458125,-0.0002487998,0.0690195666749999,0.06784681015,"erp_verb_object_number_agreement_300_600_midline","base"
"z_recoded_grammaticality:z_recoded_mini_language",0.016709246,-0.00739435756999999,0.041155475825,0.91534375,0.0169534065,-0.0071385202725,0.041203701225,0.91840625,-0.0002441605,0.048549833395,0.0483422214975,"erp_verb_object_number_agreement_300_600_midline","base"
"Intercept",-0.00596322345,-0.02781756825,0.01602584455,0.70340625,-0.0058307106,-0.02744411765,0.015963727375,0.69834375,-0.00013251285,0.0438434128,0.043407845025,"erp_verb_object_number_agreement_300_600_midline","base"
"z_multilingual_language_diversity",-0.0062856747,-0.0218654136,0.0095014569725,0.7871875,-0.0063962415,-0.022150580725,0.00931210616999998,0.7858125,0.000110566800000001,0.0313668705725,0.031462686895,"erp_verb_object_number_agreement_300_600_midline","base"
"z_recoded_grammaticality:z_recoded_session",0.0041586786,-0.01046576765,0.018745410575,0.7051875,0.00409291895,-0.010622719875,0.01868323075,0.70571875,6.57596500000003e-05,0.029211178225,0.029305950625,"erp_verb_object_number_agreement_300_600_midline","base"
"z_recoded_session",0.001271714,-0.033677515225,0.03539160975,0.5299375,0.0013339279,-0.03300597925,0.035757256425,0.53009375,-6.22139000000001e-05,0.069069124975,0.068763235675,"erp_verb_object_number_agreement_300_600_midline","base"
"z_baseline_predictor",0.44695569,0.4334070695,0.4605919865,1,0.44699033,0.43347318025,0.46070342525,1,-3.46399999999747e-05,0.027184917,0.0272302449999999,"erp_verb_object_number_agreement_300_600_midline","base"
"z_recoded_grammaticality:z_recoded_caudality",0.0045992189,-0.0086823910425,0.01790877285,0.7535625,0.00463027145,-0.00868347827,0.01775442745,0.75328125,-3.10525499999997e-05,0.0265911638925,0.02643790572,"erp_verb_object_number_agreement_300_600_midline","base"
"z_recoded_grammaticality:z_recoded_session:z_recoded_mini_language",0.00474161525,-0.009850919335,0.019239509475,0.7371875,0.0047662881,-0.00986195053,0.019388269975,0.7391875,-2.46728500000008e-05,0.02909042881,0.029250220505,"erp_verb_object_number_agreement_300_600_midline","base"
"z_recoded_mini_language",0.00071007657,-0.02171184045,0.022771599325,0.5250625,0.000686371525,-0.02141099965,0.023073639775,0.525625,2.3705045e-05,0.044483439775,0.044484639425,"erp_verb_object_number_agreement_300_600_midline","base"
"z_recoded_caudality",-0.00125570715,-0.014300258475,0.011913365375,0.57496875,-0.0012355985,-0.01442545735,0.0117303737,0.57390625,-2.01086499999998e-05,0.02621362385,0.02615583105,"erp_verb_object_number_agreement_300_600_midline","base"
"z_recoded_grammaticality",-0.0094277514,-0.0352499728,0.016827660225,0.764375,-0.00880550705,-0.035176650275,0.01787245335,0.74959375,-0.00062224435,0.052077633025,0.053049103625,"erp_verb_object_number_agreement_400_900_lateral","base"
"z_recoded_grammaticality:z_recoded_mini_language",0.0175440805,-0.00867477981,0.044146898125,0.90928125,0.017671202,-0.008371983075,0.043710980475,0.90996875,-0.000127121500000001,0.052821677935,0.05208296355,"erp_verb_object_number_agreement_400_900_lateral","base"
"z_recoded_session",-0.015152411,-0.04748133185,0.0166477651,0.823375,-0.015273753,-0.04791118655,0.0169857611999999,0.82409375,0.000121342,0.06412909695,0.0648969477499999,"erp_verb_object_number_agreement_400_900_lateral","base"
"z_recoded_mini_language",-0.00190006295,-0.020690179475,0.016987701225,0.57825,-0.00180356555,-0.020518316625,0.0171782356,0.57678125,-9.64974e-05,0.0376778807,0.037696552225,"erp_verb_object_number_agreement_400_900_lateral","base"
"z_recoded_session:z_recoded_mini_language",-0.00184969055,-0.034021612675,0.031098137475,0.5435625,-0.0019112932,-0.035211321075,0.030547058325,0.54696875,6.160265e-05,0.06511975015,0.0657583794,"erp_verb_object_number_agreement_400_900_lateral","base"
"z_baseline_predictor",0.418698895,0.40912166975,0.428295565,1,0.41874264,0.40914621225,0.4283350615,1,-4.37449999999839e-05,0.01917389525,0.01918884925,"erp_verb_object_number_agreement_400_900_lateral","base"
"z_multilingual_language_diversity",-0.0033730399,-0.01497477405,0.008947844165,0.70959375,-0.00332932995,-0.0152066399,0.0086880035025,0.71059375,-4.370995e-05,0.023922618215,0.0238946434025,"erp_verb_object_number_agreement_400_900_lateral","base"
"Intercept",-0.00687837195,-0.025450458575,0.01131828445,0.767875,-0.00683813085,-0.025412761125,0.0117456554,0.76821875,-4.02411000000004e-05,0.036768743025,0.037158416525,"erp_verb_object_number_agreement_400_900_lateral","base"
"z_recoded_caudality",0.0781533305,0.068638847025,0.087532646325,1,0.078114357,0.0687800393,0.087625238975,1,3.89735000000113e-05,0.0188937993,0.018845199675,"erp_verb_object_number_agreement_400_900_lateral","base"
"z_recoded_grammaticality:z_recoded_session:z_recoded_mini_language",0.0138130505,0.0030002146475,0.024579049,0.99428125,0.013777484,0.00312811694,0.02438481485,0.9943125,3.55665000000005e-05,0.0215788343525,0.02125669791,"erp_verb_object_number_agreement_400_900_lateral","base"
"z_recoded_grammaticality:z_recoded_session",0.015239635,0.00440753929,0.0260932817,0.99734375,0.0152042895,0.00426368806250001,0.026174012475,0.99690625,3.53455000000006e-05,0.02168574241,0.0219103244125,"erp_verb_object_number_agreement_400_900_lateral","base"
"z_recoded_grammaticality:z_recoded_caudality",-0.0053372626,-0.014713763175,0.004070222675,0.865,-0.0053552288,-0.014576641075,0.00395436560249999,0.86915625,1.79662000000004e-05,0.01878398585,0.0185310066775,"erp_verb_object_number_agreement_400_900_lateral","base"
"z_recoded_grammaticality:z_recoded_hemisphere",-0.000723815175,-0.010125740475,0.008582175115,0.561,-0.00072763432,-0.01001142765,0.0085981460025,0.56025,3.81914500000003e-06,0.01870791559,0.0186095736525,"erp_verb_object_number_agreement_400_900_lateral","base"
"z_recoded_hemisphere",0.025076272,0.01567440345,0.03443019905,1,0.0250734875,0.015712765725,0.0344735475,1,2.78450000000194e-06,0.0187557956,0.018760781775,"erp_verb_object_number_agreement_400_900_lateral","base"
"z_recoded_grammaticality",-0.017948367,-0.049013913075,0.013184877675,0.87578125,-0.0175005175,-0.0484615322,0.01427418445,0.86859375,-0.0004478495,0.06219879075,0.06273571665,"erp_verb_object_number_agreement_400_900_midline","base"
"z_recoded_grammaticality:z_recoded_mini_language",0.0153858055,-0.01547692675,0.046587801725,0.83790625,0.015601609,-0.015924910325,0.046810118475,0.838625,-0.000215803499999999,0.062064728475,0.0627350288,"erp_verb_object_number_agreement_400_900_midline","base"
"z_recoded_session:z_recoded_mini_language",-0.010017538,-0.04874549605,0.0286985031749999,0.6943125,-0.010195565,-0.0492078872,0.0286452554999999,0.6995,0.000178027000000001,0.0774439992249999,0.0778531426999999,"erp_verb_object_number_agreement_400_900_midline","base"
"z_recoded_grammaticality:z_recoded_caudality",0.00149826285,-0.011838188975,0.0149318947,0.58509375,0.00138195345,-0.012190337075,0.015040520725,0.58015625,0.0001163094,0.026770083675,0.0272308578,"erp_verb_object_number_agreement_400_900_midline","base"
"z_recoded_mini_language",-0.00078881487,-0.02352577875,0.02196339135,0.52784375,-0.000857599455,-0.023433994275,0.0221297085,0.5301875,6.87845850000001e-05,0.0454891701,0.045563702775,"erp_verb_object_number_agreement_400_900_midline","base"
"z_recoded_session",-0.013257805,-0.052577986675,0.026296119225,0.74678125,-0.01331488,-0.0527796176,0.02616636235,0.74596875,5.70750000000019e-05,0.0788741059,0.07894597995,"erp_verb_object_number_agreement_400_900_midline","base"
"z_recoded_grammaticality:z_recoded_session:z_recoded_mini_language",0.014193343,-0.000863055213999994,0.02962920705,0.96690625,0.0141450675,-0.001062725755,0.02941078845,0.9651875,4.82755000000001e-05,0.030492262264,0.030473514205,"erp_verb_object_number_agreement_400_900_midline","base"
"z_baseline_predictor",0.37383821,0.359796273,0.387953359,1,0.37388599,0.359655902,0.3880445435,1,-4.77800000000528e-05,0.028157086,0.0283886415,"erp_verb_object_number_agreement_400_900_midline","base"
"z_recoded_caudality",0.044401807,0.031022678075,0.05793139075,1,0.0444423065,0.0306803513,0.0580531113,1,-4.04994999999991e-05,0.026908712675,0.02737276,"erp_verb_object_number_agreement_400_900_midline","base"
"z_recoded_grammaticality:z_recoded_session",0.015093593,-0.000366466677249999,0.03056396855,0.97234375,0.0150612795,-0.000202160735249998,0.0304467148,0.97371875,3.23134999999988e-05,0.03093043522725,0.03064887553525,"erp_verb_object_number_agreement_400_900_midline","base"
"z_multilingual_language_diversity",5.71775925e-05,-0.016277469725,0.01650099715,0.5031875,3.56651185e-05,-0.016192842825,0.016312560475,0.5016875,2.1512474e-05,0.032778466875,0.0325054033,"erp_verb_object_number_agreement_400_900_midline","base"
"Intercept",-0.00746016165,-0.029995016375,0.015158762675,0.744375,-0.0074544225,-0.02987682395,0.0149382397,0.74084375,-5.73914999999967e-06,0.04515377905,0.04481506365,"erp_verb_object_number_agreement_400_900_midline","base"
"z_multilingual_language_diversity",-0.00359521835,-0.013294801975,0.0057693593375,0.77928125,-0.0035252517,-0.0133888896,0.0057801928675,0.77959375,-6.99666500000003e-05,0.0190641613125,0.0191690824675,"erp_differential_object_marking_200_500_lateral_itemslope","maximal"
"Intercept",0.00201182495,-0.0138470899,0.0173407159,0.59784375,0.001946986,-0.01402451615,0.0175801954,0.59603125,6.48389500000003e-05,0.0311878058,0.03160471155,"erp_differential_object_marking_200_500_lateral_itemslope","maximal"
"z_recoded_mini_language",0.00031019674,-0.0156255374,0.0161055554,0.51484375,0.00025881015,-0.015546500425,0.01617372975,0.51340625,5.138659e-05,0.0317310928,0.031720230175,"erp_differential_object_marking_200_500_lateral_itemslope","maximal"
"z_recoded_grammaticality:z_recoded_session:z_recoded_mini_language",-0.007623701,-0.01530267255,8.21857329749964e-05,0.97365625,-0.00767178155,-0.0152891388,-3.19127477250019e-05,0.9754375,4.80805499999994e-05,0.015384858282975,0.015257226052275,"erp_differential_object_marking_200_500_lateral_itemslope","maximal"
"z_recoded_grammaticality:z_recoded_caudality",0.0016450509,-0.00534972121,0.0087334069925,0.6768125,0.0016865387,-0.0054476279725,0.008824581805,0.67846875,-4.14878e-05,0.0140831282025,0.0142722097775,"erp_differential_object_marking_200_500_lateral_itemslope","maximal"
"z_baseline_predictor",0.51150067,0.504208083,0.5188432345,1,0.51152821,0.50423336375,0.51883678825,1,-2.75400000000481e-05,0.0146351514999999,0.0146034245,"erp_differential_object_marking_200_500_lateral_itemslope","maximal"
"z_recoded_session:z_recoded_mini_language",0.00697397205,-0.02045477385,0.034318214125,0.6926875,0.00694764455,-0.02119735725,0.034542470575,0.69,2.63275000000002e-05,0.054772987975,0.055739827825,"erp_differential_object_marking_200_500_lateral_itemslope","maximal"
"z_recoded_grammaticality:z_recoded_hemisphere",0.018903402,0.0117397782,0.0260042316,1,0.018882964,0.011822704925,0.025952682975,1,2.04379999999976e-05,0.0142644534,0.01412997805,"erp_differential_object_marking_200_500_lateral_itemslope","maximal"
"z_recoded_hemisphere",0.0242033865,0.0171461066,0.0313167534,1,0.024185915,0.017010157975,0.031273333725,1,1.74714999999978e-05,0.0141706468,0.01426317575,"erp_differential_object_marking_200_500_lateral_itemslope","maximal"
"z_recoded_grammaticality",0.0239553325,-0.00271834611249999,0.05034114575,0.96115625,0.0239453625,-0.0024702994575,0.050608233975,0.96271875,9.97000000000497e-06,0.0530594918625,0.0530785334325,"erp_differential_object_marking_200_500_lateral_itemslope","maximal"
"z_recoded_session",-0.029392254,-0.0571856227,-0.00191172559500003,0.98165625,-0.029399802,-0.05733000615,-0.00176222888000001,0.98075,7.54799999999958e-06,0.055273897105,0.05556777727,"erp_differential_object_marking_200_500_lateral_itemslope","maximal"
"z_recoded_grammaticality:z_recoded_session",-0.00253015585,-0.0102847791,0.0052172779375,0.7405625,-0.00253630855,-0.010311312975,0.0052944957875,0.74146875,6.15269999999953e-06,0.0155020570375,0.0156058087625,"erp_differential_object_marking_200_500_lateral_itemslope","maximal"
"z_recoded_caudality",-0.028492286,-0.035552697,-0.021377600775,1,-0.028496878,-0.0353926589,-0.02157115965,1,4.59200000000118e-06,0.014175096225,0.01382149925,"erp_differential_object_marking_200_500_lateral_itemslope","maximal"
"z_recoded_grammaticality:z_recoded_mini_language",0.016087278,-0.010958580375,0.042571973775,0.88103125,0.0160865855,-0.010858566525,0.04209397165,0.88609375,6.92499999999791e-07,0.05353055415,0.052952538175,"erp_differential_object_marking_200_500_lateral_itemslope","maximal"
"z_recoded_grammaticality",0.0310855455,0.000162427201250004,0.062127531125,0.9755625,0.0313422295,0.000519971220750003,0.06210969035,0.976875,-0.000256684,0.06196510392375,0.06158971912925,"erp_differential_object_marking_200_500_midline_itemslope","maximal"
"z_recoded_session",-0.03100071,-0.062445063175,0.00138336900999999,0.970125,-0.0312536545,-0.062784692825,0.000971568798999983,0.972,0.000252944500000005,0.063828432185,0.063756261624,"erp_differential_object_marking_200_500_midline_itemslope","maximal"
"z_recoded_grammaticality:z_recoded_mini_language",0.0099964137,-0.0205071551,0.0410828679499999,0.73875,0.0101692,-0.020830284875,0.040854768475,0.74128125,-0.0001727863,0.0615900230499999,0.06168505335,"erp_differential_object_marking_200_500_midline_itemslope","maximal"
"z_recoded_session:z_recoded_mini_language",-0.00106345685,-0.0331518239,0.0308489722,0.5253125,-0.00090159509,-0.032850826,0.03052669805,0.5229375,-0.00016186176,0.0640007961,0.06337752405,"erp_differential_object_marking_200_500_midline_itemslope","maximal"
"Intercept",0.00335755795,-0.01437599345,0.020733638425,0.6461875,0.00321413935,-0.01436325975,0.02098131545,0.640625,0.0001434186,0.035109631875,0.0353445752,"erp_differential_object_marking_200_500_midline_itemslope","maximal"
"z_recoded_grammaticality:z_recoded_session",-0.010017581,-0.020987934725,0.00093439190675,0.963125,-0.0101033025,-0.02104490975,0.0010064873025,0.963125,8.57215000000001e-05,0.02192232663175,0.0220513970525,"erp_differential_object_marking_200_500_midline_itemslope","maximal"
"z_recoded_caudality",-0.0163515465,-0.026563079625,-0.00622757799,0.99890625,-0.016413742,-0.02639110055,-0.00638350765,0.99934375,6.21954999999973e-05,0.020335501635,0.0200075929,"erp_differential_object_marking_200_500_midline_itemslope","maximal"
"z_recoded_grammaticality:z_recoded_session:z_recoded_mini_language",-0.0036828723,-0.01480106485,0.0072507569925,0.74240625,-0.0036273352,-0.0145862494,0.00733537875,0.74225,-5.55371000000001e-05,0.0220518218425,0.02192162815,"erp_differential_object_marking_200_500_midline_itemslope","maximal"
"z_recoded_grammaticality:z_recoded_caudality",-0.0014057608,-0.011648347675,0.008828670255,0.60846875,-0.00145424635,-0.011508057675,0.0086473121675,0.612625,4.848555e-05,0.02047701793,0.0201553698425,"erp_differential_object_marking_200_500_midline_itemslope","maximal"
"z_recoded_mini_language",-0.0015830017,-0.01948891145,0.0163068821,0.56978125,-0.00162861375,-0.019710115375,0.016350589625,0.57096875,4.56120500000002e-05,0.03579579355,0.036060705,"erp_differential_object_marking_200_500_midline_itemslope","maximal"
"z_baseline_predictor",0.48939625,0.47877531375,0.50005028425,1,0.48942443,0.478728483,0.5001281435,1,-2.81800000000443e-05,0.0212749705,0.0213996605,"erp_differential_object_marking_200_500_midline_itemslope","maximal"
"z_multilingual_language_diversity",-0.00787533695,-0.019831697625,0.0041037188575,0.904875,-0.00787495155,-0.019907574425,0.00400618732499999,0.90240625,-3.85400000000452e-07,0.0239354164825,0.02391376175,"erp_differential_object_marking_200_500_midline_itemslope","maximal"
"z_recoded_session:z_recoded_mini_language",0.0095838448,-0.016797418775,0.035771453025,0.763,0.00983060025,-0.01656766945,0.035678892725,0.766375,-0.000246755449999999,0.0525688718,0.052246562175,"erp_differential_object_marking_300_600_lateral_itemslope","maximal"
"z_recoded_grammaticality",0.0112612255,-0.015139529775,0.03778339125,0.79784375,0.011182252,-0.014961645025,0.037846645775,0.80015625,7.89734999999993e-05,0.052922921025,0.0528082908,"erp_differential_object_marking_300_600_lateral_itemslope","maximal"
"z_recoded_grammaticality:z_recoded_mini_language",0.0144928155,-0.011953842425,0.04075542975,0.8621875,0.014567752,-0.0115913851,0.0408041185,0.86053125,-7.49365000000009e-05,0.052709272175,0.0523955036,"erp_differential_object_marking_300_600_lateral_itemslope","maximal"
"z_recoded_mini_language",-0.0028121441,-0.01921022495,0.01344949615,0.632625,-0.0027457396,-0.01926008455,0.0134251966,0.62959375,-6.64045000000001e-05,0.0326597211,0.03268528115,"erp_differential_object_marking_300_600_lateral_itemslope","maximal"
"z_recoded_grammaticality:z_recoded_hemisphere",0.021096952,0.0137435999,0.02842876475,1,0.02103527,0.013787317075,0.028290229375,1,6.16820000000004e-05,0.01468516485,0.0145029123,"erp_differential_object_marking_300_600_lateral_itemslope","maximal"
"z_recoded_grammaticality:z_recoded_caudality",0.00225347315,-0.0050509291725,0.0095486473625,0.7274375,0.0023029978,-0.005005553545,0.009588105515,0.73153125,-4.952465e-05,0.014599576535,0.01459365906,"erp_differential_object_marking_300_600_lateral_itemslope","maximal"
"z_baseline_predictor",0.463847785,0.45632421,0.4715295145,1,0.463888485,0.45630272575,0.47147315,1,-4.07000000000046e-05,0.0152053045,0.01517042425,"erp_differential_object_marking_300_600_lateral_itemslope","maximal"
"z_multilingual_language_diversity",0.00210798235,-0.006558087215,0.010990681725,0.68284375,0.0021432156,-0.0065873405675,0.01095776445,0.68303125,-3.52332499999998e-05,0.01754876894,0.0175451050175,"erp_differential_object_marking_300_600_lateral_itemslope","maximal"
"z_recoded_grammaticality:z_recoded_session:z_recoded_mini_language",-0.0089561658,-0.0169213445,-0.001015388985,0.98625,-0.0089830497,-0.016987350375,-0.00102416025000001,0.9865,2.68838999999983e-05,0.015905955515,0.015963190125,"erp_differential_object_marking_300_600_lateral_itemslope","maximal"
"z_recoded_grammaticality:z_recoded_session",0.003259431,-0.0048033609775,0.011410573425,0.78890625,0.0032351188,-0.00469841431,0.01125166085,0.78928125,2.43122000000004e-05,0.0162139344025,0.01595007516,"erp_differential_object_marking_300_600_lateral_itemslope","maximal"
"z_recoded_session",-0.030848472,-0.05757456155,-0.00425943676250001,0.98821875,-0.0308282155,-0.05730330415,-0.00414041364250001,0.988625,-2.0256500000003e-05,0.0533151247875,0.0531628905075,"erp_differential_object_marking_300_600_lateral_itemslope","maximal"
"z_recoded_caudality",-0.034173003,-0.041477140925,-0.02684830255,1,-0.0341922415,-0.04142799015,-0.026865160825,1,1.92384999999975e-05,0.014628838375,0.014562829325,"erp_differential_object_marking_300_600_lateral_itemslope","maximal"
"Intercept",0.000740140995,-0.01545469235,0.016797900275,0.535,0.000756414445,-0.01534227585,0.0169889371,0.539125,-1.62734500000001e-05,0.032252592625,0.03233121295,"erp_differential_object_marking_300_600_lateral_itemslope","maximal"
"z_recoded_hemisphere",0.014007611,0.00672456863,0.021325338725,1,0.014013399,0.0068003651225,0.021395135775,0.999875,-5.78799999999963e-06,0.014600770095,0.0145947706525,"erp_differential_object_marking_300_600_lateral_itemslope","maximal"
"z_recoded_grammaticality",0.016506513,-0.013573651925,0.04669188725,0.86209375,0.0166635495,-0.013628385275,0.0465030604,0.8644375,-0.000157036499999999,0.060265539175,0.060131445675,"erp_differential_object_marking_300_600_midline_itemslope","maximal"
"z_recoded_grammaticality:z_recoded_session:z_recoded_mini_language",-0.003993351,-0.015311264825,0.007293125165,0.75296875,-0.00392664355,-0.015256332775,0.00742078841499997,0.7541875,-6.67074500000009e-05,0.02260438999,0.02267712119,"erp_differential_object_marking_300_600_midline_itemslope","maximal"
"z_baseline_predictor",0.43320584,0.422285131,0.4441491015,1,0.43327007,0.42246011775,0.44419603225,1,-6.42299999999429e-05,0.0218639705000001,0.0217359145,"erp_differential_object_marking_300_600_midline_itemslope","maximal"
"z_recoded_session:z_recoded_mini_language",0.0036660617,-0.02653003465,0.033787486425,0.5961875,0.00372229445,-0.026171025925,0.033869730725,0.59921875,-5.62327500000003e-05,0.060317521075,0.06004075665,"erp_differential_object_marking_300_600_midline_itemslope","maximal"
"Intercept",0.00268462465,-0.01551690505,0.0207677014,0.61475,0.0027324905,-0.015648312325,0.020779832775,0.6135,-4.78658500000003e-05,0.03628460645,0.0364281451,"erp_differential_object_marking_300_600_midline_itemslope","maximal"
"z_recoded_mini_language",-0.00337339315,-0.02169566875,0.015077954625,0.63875,-0.00334114875,-0.021876682025,0.015052297525,0.64,-3.22444e-05,0.036773623375,0.03692897955,"erp_differential_object_marking_300_600_midline_itemslope","maximal"
"z_recoded_caudality",-0.026283198,-0.036943058575,-0.015666737925,1,-0.026313459,-0.0366859731,-0.015896974,1,3.02609999999967e-05,0.02127632065,0.0207889991,"erp_differential_object_marking_300_600_midline_itemslope","maximal"
"z_recoded_grammaticality:z_recoded_caudality",-0.00397146065,-0.0144187128,0.0065183981625,0.77090625,-0.00394249065,-0.01433072285,0.006558899415,0.76903125,-2.89699999999997e-05,0.0209371109625,0.020889622265,"erp_differential_object_marking_300_600_midline_itemslope","maximal"
"z_recoded_session",-0.0310069665,-0.0613207544,-0.00119194518500001,0.9790625,-0.031030052,-0.06148046375,-0.00122875063500001,0.97871875,2.30855000000023e-05,0.060128809215,0.060251713115,"erp_differential_object_marking_300_600_midline_itemslope","maximal"
"z_recoded_grammaticality:z_recoded_mini_language",0.016096026,-0.0148006358,0.046183308875,0.8528125,0.016118246,-0.0139715825,0.04589788835,0.8554375,-2.22199999999999e-05,0.060983944675,0.05986947085,"erp_differential_object_marking_300_600_midline_itemslope","maximal"
"z_multilingual_language_diversity",-0.000982734055,-0.013047983525,0.011086882575,0.56159375,-0.000999264035,-0.013048716725,0.010967171375,0.56540625,1.65299799999999e-05,0.0241348661,0.0240158881,"erp_differential_object_marking_300_600_midline_itemslope","maximal"
"z_recoded_grammaticality:z_recoded_session",-0.00119695015,-0.012511269175,0.010033182075,0.583875,-0.0011940139,-0.0126150991,0.010072606775,0.58378125,-2.93624999999991e-06,0.02254445125,0.022687705875,"erp_differential_object_marking_300_600_midline_itemslope","maximal"
"z_recoded_grammaticality",-0.0168396725,-0.044690899525,0.011342853075,0.88228125,-0.016580001,-0.044237581025,0.011132271075,0.88196875,-0.000259671500000003,0.0560337526,0.0553698521,"erp_differential_object_marking_400_900_lateral_itemslope","maximal"
"z_recoded_mini_language",-0.0064267618,-0.025351652625,0.01262315185,0.74734375,-0.00621832475,-0.0255945663,0.01270218135,0.74340625,-0.000208437049999999,0.037974804475,0.03829674765,"erp_differential_object_marking_400_900_lateral_itemslope","maximal"
"z_recoded_session",-0.019084526,-0.052808181975,0.014268828375,0.8689375,-0.0192541155,-0.05216511875,0.014442125975,0.87053125,0.000169589500000001,0.06707701035,0.066607244725,"erp_differential_object_marking_400_900_lateral_itemslope","maximal"
"z_recoded_grammaticality:z_recoded_mini_language",0.0149472785,-0.01254968175,0.042851409775,0.85925,0.015090154,-0.012754834425,0.04243286535,0.85778125,-0.000142875499999999,0.055401091525,0.055187699775,"erp_differential_object_marking_400_900_lateral_itemslope","maximal"
"z_multilingual_language_diversity",0.00802048415,-0.003039137785,0.018826740625,0.92525,0.0079478429,-0.00290620895999999,0.018739566475,0.92365625,7.26412499999999e-05,0.02186587841,0.021645775435,"erp_differential_object_marking_400_900_lateral_itemslope","maximal"
"z_recoded_session:z_recoded_mini_language",-0.0010202851,-0.03435701695,0.032793036975,0.524,-0.000952539125,-0.03443647025,0.032781091025,0.523375,-6.77459750000001e-05,0.067150053925,0.067217561275,"erp_differential_object_marking_400_900_lateral_itemslope","maximal"
"z_recoded_grammaticality:z_recoded_session",0.0049166636,-0.0032383887525,0.0132632619,0.87878125,0.0049751068,-0.0033169201225,0.0131594098,0.8816875,-5.84432000000001e-05,0.0165016506525,0.0164763299225,"erp_differential_object_marking_400_900_lateral_itemslope","maximal"
"z_recoded_grammaticality:z_recoded_caudality",0.0042866482,-0.00315531093,0.0117812766,0.86825,0.00423214105,-0.0032769168025,0.011806559025,0.8633125,5.45071499999999e-05,0.01493658753,0.0150834758275,"erp_differential_object_marking_400_900_lateral_itemslope","maximal"
"z_recoded_grammaticality:z_recoded_hemisphere",0.0193666785,0.011886360925,0.02685874665,1,0.019315525,0.011832870425,0.026966640075,1,5.1153499999998e-05,0.014972385725,0.01513376965,"erp_differential_object_marking_400_900_lateral_itemslope","maximal"
"Intercept",0.00238644525,-0.016231043625,0.02105607375,0.59796875,0.00234948285,-0.016486842,0.02125165965,0.598,3.69623999999999e-05,0.037287117375,0.03773850165,"erp_differential_object_marking_400_900_lateral_itemslope","maximal"
"z_recoded_grammaticality:z_recoded_session:z_recoded_mini_language",-0.0114292685,-0.019611679,-0.00315019444,0.99678125,-0.0114076655,-0.019701904625,-0.00317764361000001,0.9965,-2.16029999999985e-05,0.01646148456,0.016524261015,"erp_differential_object_marking_400_900_lateral_itemslope","maximal"
"z_recoded_hemisphere",-0.00500777185,-0.012465270725,0.0025684122775,0.90171875,-0.00499410685,-0.01250371335,0.0025077635875,0.90315625,-1.36650000000004e-05,0.0150336830025,0.0150114769375,"erp_differential_object_marking_400_900_lateral_itemslope","maximal"
"z_baseline_predictor",0.402751075,0.39496291075,0.41055584325,1,0.40276034,0.394990547,0.41057842975,1,-9.26500000003605e-06,0.0155929325,0.0155878827499999,"erp_differential_object_marking_400_900_lateral_itemslope","maximal"
"z_recoded_caudality",0.048513109,0.040975093125,0.0558865606,1,0.048513735,0.040915115825,0.056032479,1,-6.26000000003568e-07,0.014911467475,0.015117363175,"erp_differential_object_marking_400_900_lateral_itemslope","maximal"
"z_recoded_grammaticality",-0.020591171,-0.0509506452,0.01050339945,0.9063125,-0.020170494,-0.050975753025,0.01049162665,0.904375,-0.000420677000000001,0.06145404465,0.061467379675,"erp_differential_object_marking_400_900_midline_itemslope","maximal"
"z_recoded_session",-0.013147418,-0.0485967785,0.022738887725,0.7670625,-0.0134775365,-0.049630293875,0.0223503062999999,0.7726875,0.000330118499999999,0.071335666225,0.0719806001749999,"erp_differential_object_marking_400_900_midline_itemslope","maximal"
"z_recoded_grammaticality:z_recoded_session:z_recoded_mini_language",-0.0065446277,-0.017989196175,0.0050110305225,0.862875,-0.0064245032,-0.018162507525,0.0052198647925,0.86290625,-0.0001201245,0.0230002266975,0.0233823723175,"erp_differential_object_marking_400_900_midline_itemslope","maximal"
"z_recoded_mini_language",-0.0058407254,-0.0257087635,0.013737841575,0.71659375,-0.00573192185,-0.025970611,0.014226206375,0.71296875,-0.00010880355,0.039446605075,0.040196817375,"erp_differential_object_marking_400_900_midline_itemslope","maximal"
"z_recoded_grammaticality:z_recoded_caudality",-0.00603096745,-0.016822338025,0.00484283529,0.86690625,-0.0061011731,-0.0169638248,0.004768344085,0.86740625,7.02056499999994e-05,0.021665173315,0.021732168885,"erp_differential_object_marking_400_900_midline_itemslope","maximal"
"z_recoded_session:z_recoded_mini_language",-0.0095223756,-0.045040139525,0.0265574198,0.69859375,-0.00945909905,-0.045691857775,0.026592695275,0.7020625,-6.32765500000014e-05,0.071597559325,0.07228455305,"erp_differential_object_marking_400_900_midline_itemslope","maximal"
"z_baseline_predictor",0.365070195,0.35367328,0.37627365625,1,0.36512497,0.35379760775,0.37647769875,1,-5.47749999999514e-05,0.02260037625,0.022680091,"erp_differential_object_marking_400_900_midline_itemslope","maximal"
"z_recoded_grammaticality:z_recoded_session",-0.0016973237,-0.0133180667,0.00996187249999999,0.610625,-0.00164965255,-0.013235064725,0.00997265839,0.61115625,-4.76711499999998e-05,0.0232799392,0.023207723115,"erp_differential_object_marking_400_900_midline_itemslope","maximal"
"z_multilingual_language_diversity",0.00506729745,-0.00805828521749999,0.0186277027,0.77384375,0.00511044555,-0.007935732585,0.01847705875,0.77921875,-4.31481000000003e-05,0.0266859879175,0.026412791335,"erp_differential_object_marking_400_900_midline_itemslope","maximal"
"z_recoded_grammaticality:z_recoded_mini_language",0.022216878,-0.0087813134475,0.05296943555,0.921375,0.022254621,-0.00845191885749998,0.05311587325,0.92540625,-3.77430000000033e-05,0.0617507489975,0.0615677921075,"erp_differential_object_marking_400_900_midline_itemslope","maximal"
"z_recoded_caudality",0.028789437,0.0180729267,0.0395415673,1,0.028825887,0.017959887275,0.039644854625,1,-3.64500000000004e-05,0.0214686406,0.02168496735,"erp_differential_object_marking_400_900_midline_itemslope","maximal"
"Intercept",0.0052424932,-0.01445344795,0.024875033925,0.69825,0.00522496055,-0.0141793325,0.0247420308,0.70128125,1.75326500000007e-05,0.039328481875,0.0389213633,"erp_differential_object_marking_400_900_midline_itemslope","maximal"
"Intercept",0.00383305075,-0.0110813899,0.01903576355,0.68903125,0.00364693105,-0.011391629625,0.018809995875,0.68575,0.0001861197,0.03011715345,0.0302016255,"erp_gender_agreement_200_500_lateral_itemslope","maximal"
"z_recoded_session",0.0408324925,0.00497962222500002,0.077082030975,0.98671875,0.040975279,0.004660926295,0.077328495775,0.9866875,-0.000142786500000006,0.07210240875,0.07266756948,"erp_gender_agreement_200_500_lateral_itemslope","maximal"
"z_recoded_mini_language",-0.000276388605,-0.01548953235,0.0149975548,0.51446875,-0.000170527195,-0.015497463925,0.01484076105,0.509375,-0.00010586141,0.03048708715,0.030338224975,"erp_gender_agreement_200_500_lateral_itemslope","maximal"
"z_recoded_grammaticality",0.012226275,-0.00426689477,0.02898633355,0.9289375,0.012310017,-0.004433397,0.029016529725,0.92803125,-8.37419999999995e-05,0.03325322832,0.033449926725,"erp_gender_agreement_200_500_lateral_itemslope","maximal"
"z_recoded_grammaticality:z_recoded_session:z_recoded_mini_language",-0.00095917984,-0.00727947286,0.005266718735,0.619875,-0.00104002275,-0.0073529098175,0.0054064707825,0.6261875,8.08429100000001e-05,0.012546191595,0.0127593806,"erp_gender_agreement_200_500_lateral_itemslope","maximal"
"z_multilingual_language_diversity",-0.0044765078,-0.01630546035,0.0074707809125,0.774625,-0.0043963467,-0.01631770405,0.0075121932575,0.771,-8.01611000000001e-05,0.0237762412625,0.0238298973075,"erp_gender_agreement_200_500_lateral_itemslope","maximal"
"z_recoded_session:z_recoded_mini_language",-0.0323633455,-0.0693912313,0.00369247871249999,0.96084375,-0.0324282505,-0.06905303215,0.003415321895,0.9615625,6.4904999999997e-05,0.0730837100125,0.072468354045,"erp_gender_agreement_200_500_lateral_itemslope","maximal"
"z_recoded_grammaticality:z_recoded_hemisphere",0.00369445395,-0.002267553525,0.00959375370249999,0.88571875,0.00363917395,-0.00230159587,0.0096040223675,0.8884375,5.528e-05,0.0118613072275,0.0119056182375,"erp_gender_agreement_200_500_lateral_itemslope","maximal"
"z_recoded_grammaticality:z_recoded_mini_language",-0.0025096175,-0.019356493675,0.01404932895,0.617,-0.0025470879,-0.018867681225,0.014024839425,0.619125,3.74703999999997e-05,0.033405822625,0.03289252065,"erp_gender_agreement_200_500_lateral_itemslope","maximal"
"z_recoded_grammaticality:z_recoded_caudality",-0.00450410585,-0.0104395495,0.00137678614,0.933875,-0.0044677298,-0.010386641575,0.00146445099,0.9303125,-3.63760500000001e-05,0.01181633564,0.011851092565,"erp_gender_agreement_200_500_lateral_itemslope","maximal"
"z_baseline_predictor",0.525283755,0.51931203525,0.53127733875,1,0.52528893,0.5193286185,0.53135516525,1,-5.1749999999684e-06,0.0119653035,0.01202654675,"erp_gender_agreement_200_500_lateral_itemslope","maximal"
"z_recoded_grammaticality:z_recoded_session",0.012284028,0.0060036386675,0.0185631578,0.9999375,0.012287786,0.0060248735025,0.01858562135,0.99996875,-3.75799999999954e-06,0.0125595191325,0.0125607478475,"erp_gender_agreement_200_500_lateral_itemslope","maximal"
"z_recoded_hemisphere",0.0521574105,0.04613937515,0.0580649619,1,0.052159795,0.046189000275,0.0580911464,1,-2.38450000000084e-06,0.01192558675,0.011902146125,"erp_gender_agreement_200_500_lateral_itemslope","maximal"
"z_recoded_caudality",-0.043930914,-0.0498300056,-0.038011513875,1,-0.043930276,-0.04978338835,-0.038077526375,1,-6.37999999997252e-07,0.011818491725,0.011705861975,"erp_gender_agreement_200_500_lateral_itemslope","maximal"
"z_recoded_mini_language",0.0001276859,-0.01424136735,0.0143754871,0.50734375,0.00031142083,-0.013998557975,0.0145918709,0.5165625,-0.00018373493,0.02861685445,0.028590428875,"erp_gender_agreement_200_500_midline_itemslope","maximal"
"z_recoded_grammaticality",0.0244608555,0.0046561851975,0.04419576965,0.99184375,0.0246408555,0.004401209645,0.0443200646,0.99128125,-0.00018,0.0395395844525,0.039918854955,"erp_gender_agreement_200_500_midline_itemslope","maximal"
"z_recoded_session",0.014947115,-0.019545797575,0.048918952925,0.806875,0.015030635,-0.01927965685,0.0501600002,0.80696875,-8.35200000000001e-05,0.0684647505,0.06943965705,"erp_gender_agreement_200_500_midline_itemslope","maximal"
"z_recoded_session:z_recoded_mini_language",-0.0215325335,-0.056367608525,0.013510630675,0.88921875,-0.021457942,-0.0562233802,0.013081538,0.89321875,-7.45914999999986e-05,0.0698782392,0.0693049182,"erp_gender_agreement_200_500_midline_itemslope","maximal"
"z_recoded_grammaticality:z_recoded_session",0.0075223293,-0.0015459018725,0.016498889625,0.94875,0.00758770265,-0.001516835365,0.0165739115,0.95084375,-6.537335e-05,0.0180447914975,0.018090746865,"erp_gender_agreement_200_500_midline_itemslope","maximal"
"z_recoded_grammaticality:z_recoded_caudality",0.00435566545,-0.00428871086,0.013080425275,0.843125,0.00440712015,-0.0042904235275,0.013094456425,0.84078125,-5.14547000000001e-05,0.017369136135,0.0173848799525,"erp_gender_agreement_200_500_midline_itemslope","maximal"
"z_recoded_grammaticality:z_recoded_mini_language",-0.00276277815,-0.022730100725,0.016890884,0.6078125,-0.00281186025,-0.0225486159,0.0174980502,0.6098125,4.90821000000002e-05,0.039620984725,0.0400466661,"erp_gender_agreement_200_500_midline_itemslope","maximal"
"z_multilingual_language_diversity",-0.0021951593,-0.012685797125,0.0084113284075,0.6628125,-0.00223528305,-0.012895581925,0.008582683995,0.6601875,4.012375e-05,0.0210971255325,0.02147826592,"erp_gender_agreement_200_500_midline_itemslope","maximal"
"z_recoded_caudality",-0.0207960525,-0.0293795344,-0.01222071405,1,-0.0208150305,-0.029345402175,-0.012237112125,1,1.89779999999994e-05,0.01715882035,0.01710829005,"erp_gender_agreement_200_500_midline_itemslope","maximal"
"z_recoded_grammaticality:z_recoded_session:z_recoded_mini_language",0.0068913282,-0.002152743935,0.016046347075,0.9328125,0.0069050808,-0.002213073425,0.0160585126,0.9318125,-1.37525999999999e-05,0.01819909101,0.018271586025,"erp_gender_agreement_200_500_midline_itemslope","maximal"
"z_baseline_predictor",0.486894365,0.47810072575,0.49553602075,1,0.4869042,0.47800422725,0.4958022505,1,-9.83500000001358e-06,0.017435295,0.0177980232500001,"erp_gender_agreement_200_500_midline_itemslope","maximal"
"Intercept",0.00054367697,-0.013529290425,0.01473388525,0.53028125,0.00054568963,-0.013378683375,0.01477469205,0.53084375,-2.01266000000009e-06,0.028263175675,0.0281533754249999,"erp_gender_agreement_200_500_midline_itemslope","maximal"
"z_recoded_session",0.0050217876,-0.031983062325,0.0414983538999999,0.60675,0.0053773924,-0.0316040521,0.042319401875,0.61578125,-0.0003556048,0.0734814162249999,0.073923453975,"erp_gender_agreement_300_600_lateral_itemslope","maximal"
"z_recoded_grammaticality",0.0167693305,-6.24041666999984e-05,0.03375736605,0.97459375,0.0169589865,-0.000358815972749997,0.03423373095,0.972375,-0.000189656000000003,0.0338197702167,0.03459254692275,"erp_gender_agreement_300_600_lateral_itemslope","maximal"
"z_recoded_session:z_recoded_mini_language",-0.0393649495,-0.075832561825,-0.00243633605750003,0.98071875,-0.0395382125,-0.076937779425,-0.00231411576750002,0.98128125,0.000173263000000007,0.0733962257675,0.0746236636575,"erp_gender_agreement_300_600_lateral_itemslope","maximal"
"z_recoded_mini_language",-0.0026377989,-0.017471870625,0.01226057725,0.6389375,-0.00279093395,-0.017558987825,0.01209421845,0.64425,0.00015313505,0.029732447875,0.029653206275,"erp_gender_agreement_300_600_lateral_itemslope","maximal"
"z_recoded_grammaticality:z_recoded_mini_language",-0.00633952965,-0.0234284263,0.0108677135,0.7679375,-0.0064349854,-0.0235601358,0.01058492005,0.7730625,9.545575e-05,0.0342961398,0.03414505585,"erp_gender_agreement_300_600_lateral_itemslope","maximal"
"z_multilingual_language_diversity",-0.0025177914,-0.013985402,0.00887148262,0.6674375,-0.0024608019,-0.014034638075,0.00908592851999998,0.66753125,-5.69895000000001e-05,0.02285688462,0.023120566595,"erp_gender_agreement_300_600_lateral_itemslope","maximal"
"Intercept",0.000509157865,-0.0140516993,0.01527082955,0.52834375,0.0005390236,-0.01415612305,0.0150494017,0.5285,-2.98657350000001e-05,0.02932252885,0.02920552475,"erp_gender_agreement_300_600_lateral_itemslope","maximal"
"z_recoded_hemisphere",0.0441544995,0.03800679645,0.050272688075,1,0.044125567,0.03797524805,0.0502417861,1,2.89324999999951e-05,0.012265891625,0.01226653805,"erp_gender_agreement_300_600_lateral_itemslope","maximal"
"z_baseline_predictor",0.464555105,0.458239755,0.47089641625,1,0.464570395,0.4582505965,0.47085625425,1,-1.52900000000566e-05,0.01265666125,0.01260565775,"erp_gender_agreement_300_600_lateral_itemslope","maximal"
"z_recoded_caudality",-0.102951565,-0.109107789,-0.0968083808,1,-0.10296376,-0.109155353,-0.096770567625,1,1.21950000000065e-05,0.0122994082,0.012384785375,"erp_gender_agreement_300_600_lateral_itemslope","maximal"
"z_recoded_grammaticality:z_recoded_session",0.013445757,0.006964255705,0.01998312795,1,0.013440925,0.0069172815,0.01989793335,1,4.83199999999975e-06,0.013018872245,0.01298065185,"erp_gender_agreement_300_600_lateral_itemslope","maximal"
"z_recoded_grammaticality:z_recoded_hemisphere",0.00375052305,-0.0025205063375,0.00991346107,0.8795,0.00374601575,-0.00246411117,0.00991247851,0.8856875,4.50730000000005e-06,0.0124339674075,0.01237658968,"erp_gender_agreement_300_600_lateral_itemslope","maximal"
"z_recoded_grammaticality:z_recoded_session:z_recoded_mini_language",-0.0026051408,-0.0090739373,0.00401786836499999,0.78340625,-0.00260270855,-0.009129686,0.00388627634999999,0.779875,-2.43225e-06,0.013091805665,0.01301596235,"erp_gender_agreement_300_600_lateral_itemslope","maximal"
"z_recoded_grammaticality:z_recoded_caudality",-0.00490836445,-0.011069515075,0.00128338134,0.93934375,-0.00490809715,-0.0111158695,0.00125697365999999,0.94175,-2.67299999999644e-07,0.012352896415,0.01237284316,"erp_gender_agreement_300_600_lateral_itemslope","maximal"
"z_recoded_session",-0.0218291685,-0.060172270875,0.0156500145999999,0.8725625,-0.022285705,-0.060949871575,0.016407543125,0.87246875,0.000456536500000004,0.0758222854749999,0.0773574147,"erp_gender_agreement_300_600_midline_itemslope","maximal"
"z_multilingual_language_diversity",-0.0013425202,-0.012532027625,0.00991380294999999,0.59265625,-0.0014367203,-0.012649988625,0.0101308348,0.59684375,9.42001e-05,0.022445830575,0.022780823425,"erp_gender_agreement_300_600_midline_itemslope","maximal"
"z_recoded_grammaticality",0.0295681205,0.00869133154250002,0.050253140725,0.9968125,0.0294841135,0.00845483191000002,0.050833781025,0.99725,8.40070000000005e-05,0.0415618091825,0.042378949115,"erp_gender_agreement_300_600_midline_itemslope","maximal"
"z_recoded_caudality",-0.0687045295,-0.07779548855,-0.05978070515,1,-0.0687732685,-0.07776478585,-0.0597805296,1,6.87389999999982e-05,0.0180147834,0.01798425625,"erp_gender_agreement_300_600_midline_itemslope","maximal"
"z_recoded_session:z_recoded_mini_language",-0.027091501,-0.06608770625,0.01160055,0.92078125,-0.027129683,-0.065325115675,0.011195367775,0.91790625,3.81820000000012e-05,0.07768825625,0.0765204834499999,"erp_gender_agreement_300_600_midline_itemslope","maximal"
"z_recoded_grammaticality:z_recoded_mini_language",-0.00887577855,-0.0298176608,0.012308763125,0.79540625,-0.0088449915,-0.030135874475,0.01219699265,0.79653125,-3.07870500000015e-05,0.042126423925,0.042332867125,"erp_gender_agreement_300_600_midline_itemslope","maximal"
"z_recoded_mini_language",-0.00165650905,-0.0171034878,0.01326266815,0.58521875,-0.00163055855,-0.0166029033,0.01327520785,0.5845625,-2.59505e-05,0.03036615595,0.02987811115,"erp_gender_agreement_300_600_midline_itemslope","maximal"
"Intercept",-0.00158961835,-0.0165722346,0.01320541285,0.58515625,-0.0015652381,-0.016525467875,0.0134586326,0.581,-2.43802499999999e-05,0.02977764745,0.029984100475,"erp_gender_agreement_300_600_midline_itemslope","maximal"
"z_recoded_grammaticality:z_recoded_caudality",0.0034149099,-0.0054781689575,0.012301008075,0.77784375,0.0033965758,-0.00542331611499999,0.012229439475,0.77053125,1.83340999999997e-05,0.0177791770325,0.01765275559,"erp_gender_agreement_300_600_midline_itemslope","maximal"
"z_recoded_grammaticality:z_recoded_session",0.0109183585,0.001633551535,0.02033381125,0.98890625,0.01090817,0.001582026005,0.020338262,0.9883125,1.01884999999993e-05,0.018700259715,0.018756235995,"erp_gender_agreement_300_600_midline_itemslope","maximal"
"z_recoded_grammaticality:z_recoded_session:z_recoded_mini_language",0.00440514995,-0.0049109909725,0.013635541325,0.82165625,0.00439646795,-0.00496659780499999,0.013846957275,0.81515625,8.68199999999944e-06,0.0185465322975,0.01881355508,"erp_gender_agreement_300_600_midline_itemslope","maximal"
"z_baseline_predictor",0.419368575,0.41022903575,0.42848170875,1,0.419365645,0.41019972075,0.428551458,1,2.93000000001209e-06,0.018252673,0.01835173725,"erp_gender_agreement_300_600_midline_itemslope","maximal"
"z_recoded_grammaticality",0.01662212,-0.000870736546749999,0.034098712975,0.9691875,0.017024199,-0.000651314498999998,0.0346282749,0.97028125,-0.000402079,0.03496944952175,0.035279589399,"erp_gender_agreement_400_900_lateral_itemslope","maximal"
"z_recoded_session",0.0115295545,-0.01942530285,0.042357194125,0.7669375,0.011331138,-0.019637782325,0.04247462445,0.76253125,0.0001984165,0.061782496975,0.062112406775,"erp_gender_agreement_400_900_lateral_itemslope","maximal"
"z_recoded_grammaticality:z_recoded_mini_language",-0.00583110765,-0.02354323955,0.01178489385,0.7433125,-0.00579575185,-0.023468709325,0.011740338075,0.74075,-3.53558000000002e-05,0.0353281334,0.0352090474,"erp_gender_agreement_400_900_lateral_itemslope","maximal"
"z_recoded_hemisphere",0.040072832,0.033639046975,0.0464412266,1,0.040051127,0.033725448075,0.04648557135,1,2.17049999999969e-05,0.012802179625,0.012760123275,"erp_gender_agreement_400_900_lateral_itemslope","maximal"
"z_recoded_grammaticality:z_recoded_caudality",-0.0031642703,-0.0094873399075,0.0032779763275,0.83228125,-0.00318551955,-0.0095820100525,0.00325636384,0.8325625,2.124925e-05,0.012765316235,0.0128383738925,"erp_gender_agreement_400_900_lateral_itemslope","maximal"
"Intercept",0.00013168513,-0.0130818548,0.013185425125,0.50771875,0.000150177355,-0.0127466111,0.0132703572,0.508375,-1.8492225e-05,0.026267279925,0.0260169683,"erp_gender_agreement_400_900_lateral_itemslope","maximal"
"z_recoded_session:z_recoded_mini_language",-0.0267407285,-0.057596573,0.00405132111249998,0.956375,-0.026722944,-0.05778091035,0.00409873928249998,0.95665625,-1.77844999999996e-05,0.0616478941124999,0.0618796496325,"erp_gender_agreement_400_900_lateral_itemslope","maximal"
"z_recoded_grammaticality:z_recoded_session:z_recoded_mini_language",-0.0038476815,-0.010682476425,0.00293066027999999,0.86671875,-0.0038333351,-0.010600758975,0.0030115250825,0.86528125,-1.43464000000003e-05,0.013613136705,0.0136122840575,"erp_gender_agreement_400_900_lateral_itemslope","maximal"
"z_recoded_caudality",-0.077725367,-0.084196665275,-0.071270848775,1,-0.0777149215,-0.084133033675,-0.071290148575,1,-1.04454999999837e-05,0.0129258165,0.0128428851,"erp_gender_agreement_400_900_lateral_itemslope","maximal"
"z_recoded_grammaticality:z_recoded_session",0.0166501275,0.0099076946975,0.023366158975,1,0.0166585515,0.0099358388275,0.02342221245,1,-8.42399999999993e-06,0.0134584642775,0.0134863736225,"erp_gender_agreement_400_900_lateral_itemslope","maximal"
"z_recoded_grammaticality:z_recoded_hemisphere",0.00299952215,-0.0034278117775,0.00938468011749999,0.81728125,0.00299201335,-0.0033426723775,0.0093786896425,0.8209375,7.50879999999966e-06,0.012812491895,0.01272136202,"erp_gender_agreement_400_900_lateral_itemslope","maximal"
"z_baseline_predictor",0.404005555,0.397409341,0.4105485585,1,0.403998735,0.3975526255,0.4103795805,1,6.82000000001848e-06,0.0131392175000001,0.012826955,"erp_gender_agreement_400_900_lateral_itemslope","maximal"
"z_recoded_mini_language",-0.00222828425,-0.01559407585,0.0110882722,0.6321875,-0.0022231075,-0.015378258225,0.01132521655,0.6314375,-5.17675e-06,0.02668234805,0.026703474775,"erp_gender_agreement_400_900_lateral_itemslope","maximal"
"z_multilingual_language_diversity",-0.0013833855,-0.0108366547,0.0078323119875,0.6164375,-0.00138627875,-0.010568298425,0.00783348023,0.620125,2.89324999999999e-06,0.0186689666875,0.018401778655,"erp_gender_agreement_400_900_lateral_itemslope","maximal"
"z_recoded_session:z_recoded_mini_language",-0.0198166245,-0.05168222025,0.012239735225,0.88909375,-0.0195199315,-0.051975077525,0.012319740875,0.8866875,-0.000296693000000001,0.063921955475,0.0642948184,"erp_gender_agreement_400_900_midline_itemslope","maximal"
"z_recoded_grammaticality:z_recoded_mini_language",-0.011993476,-0.033413489975,0.00919251750249999,0.870125,-0.012183083,-0.033265311725,0.0089001701425,0.87271875,0.000189607000000001,0.0426060074775,0.0421654818675,"erp_gender_agreement_400_900_midline_itemslope","maximal"
"z_recoded_grammaticality",0.020348467,-0.00092493285925,0.0413658375,0.9703125,0.0205240355,-0.00059541455224999,0.04194586185,0.97125,-0.000175568500000001,0.04229077035925,0.04254127640225,"erp_gender_agreement_400_900_midline_itemslope","maximal"
"z_recoded_session",-0.016311064,-0.04818792365,0.0159027776,0.84015625,-0.0161672365,-0.048157193,0.015738020675,0.84140625,-0.000143827499999999,0.06409070125,0.063895213675,"erp_gender_agreement_400_900_midline_itemslope","maximal"
"z_recoded_grammaticality:z_recoded_caudality",-0.000223736385,-0.009442205245,0.008958467265,0.5193125,-0.00031701428,-0.00958228352,0.00906955844749999,0.52521875,9.3277895e-05,0.01840067251,0.0186518419675,"erp_gender_agreement_400_900_midline_itemslope","maximal"
"z_recoded_grammaticality:z_recoded_session:z_recoded_mini_language",-0.0001272436,-0.009920423275,0.00965104758499999,0.5106875,-5.7920618e-05,-0.0097718012525,0.0096890363025,0.50390625,-6.9322982e-05,0.01957147086,0.019460837555,"erp_gender_agreement_400_900_midline_itemslope","maximal"
"z_recoded_grammaticality:z_recoded_session",0.0205011235,0.01089552905,0.03011485355,1,0.0205470995,0.0106644349,0.030175305525,0.9999375,-4.59759999999962e-05,0.0192193245,0.019510870625,"erp_gender_agreement_400_900_midline_itemslope","maximal"
"z_recoded_caudality",-0.0740164095,-0.0832282698,-0.064890541025,1,-0.0740562305,-0.083294007675,-0.0649269341,1,3.98209999999954e-05,0.018337728775,0.018367073575,"erp_gender_agreement_400_900_midline_itemslope","maximal"
"Intercept",-0.00110392,-0.015214090325,0.013045588875,0.56065625,-0.00106614915,-0.015300779325,0.013250931675,0.55884375,-3.777085e-05,0.0282596792,0.028551711,"erp_gender_agreement_400_900_midline_itemslope","maximal"
"z_recoded_mini_language",-0.000638578255,-0.01496808075,0.01350166085,0.53478125,-0.00061403556,-0.015056512575,0.013784783275,0.534125,-2.45426949999999e-05,0.0284697416,0.02884129585,"erp_gender_agreement_400_900_midline_itemslope","maximal"
"z_multilingual_language_diversity",-0.00071306322,-0.011374506225,0.0098733982525,0.55296875,-0.00069330667,-0.011419235175,0.0098592767175,0.54978125,-1.975655e-05,0.0212479044775,0.0212785118925,"erp_gender_agreement_400_900_midline_itemslope","maximal"
"z_baseline_predictor",0.35620107,0.3468169505,0.36549920475,1,0.356219725,0.3468184895,0.36562483625,1,-1.86549999999785e-05,0.0186822542500001,0.01880634675,"erp_gender_agreement_400_900_midline_itemslope","maximal"
"z_recoded_grammaticality",0.016924679,-0.0059069250925,0.039660754075,0.92853125,0.0167427985,-0.00581626579749999,0.039613688675,0.928375,0.000181880499999999,0.0455676791675,0.0454299544725,"erp_verb_object_number_agreement_200_500_lateral_itemslope","maximal"
"z_recoded_session",-0.00870256225,-0.0374604511,0.020181545425,0.72575,-0.008878078,-0.037783684375,0.019677272375,0.7308125,0.000175515750000001,0.057641996525,0.05746095675,"erp_verb_object_number_agreement_200_500_lateral_itemslope","maximal"
"z_recoded_grammaticality:z_recoded_mini_language",0.0105180195,-0.012141956425,0.03353949565,0.82090625,0.0103531635,-0.0120634474,0.033145774975,0.8181875,0.000164856,0.045681452075,0.0452092223749999,"erp_verb_object_number_agreement_200_500_lateral_itemslope","maximal"
"z_recoded_session:z_recoded_mini_language",0.0057810705,-0.022936248425,0.0343124639,0.65571875,0.0056201292,-0.02329240005,0.0341021095,0.649375,0.0001609413,0.057248712325,0.05739450955,"erp_verb_object_number_agreement_200_500_lateral_itemslope","maximal"
"Intercept",-0.0023972356,-0.02005566465,0.015674393025,0.60675,-0.0025208355,-0.020111048125,0.01536778205,0.61065625,0.0001235999,0.035730057675,0.035478830175,"erp_verb_object_number_agreement_200_500_lateral_itemslope","maximal"
"z_recoded_hemisphere",0.0398757405,0.031100962075,0.048722665675,1,0.0399535315,0.0311946036,0.048614720375,1,-7.77910000000007e-05,0.0176217036,0.017420116775,"erp_verb_object_number_agreement_200_500_lateral_itemslope","maximal"
"z_recoded_grammaticality:z_recoded_session",0.0052792598,-0.00470116624,0.015164569275,0.84775,0.0052193011,-0.0048201802275,0.0151127359,0.849875,5.99586999999995e-05,0.019865735515,0.0199329161275,"erp_verb_object_number_agreement_200_500_lateral_itemslope","maximal"
"z_baseline_predictor",0.534140715,0.52500143125,0.54321792175,1,0.53410012,0.52503267575,0.543234974,1,4.05949999999766e-05,0.0182164905000001,0.01820229825,"erp_verb_object_number_agreement_200_500_lateral_itemslope","maximal"
"z_recoded_grammaticality:z_recoded_session:z_recoded_mini_language",0.00400255205,-0.0059624063125,0.014044130875,0.78709375,0.00398344975,-0.0060328086725,0.013867512525,0.78428125,1.91023000000005e-05,0.0200065371875,0.0199003211975,"erp_verb_object_number_agreement_200_500_lateral_itemslope","maximal"
"z_recoded_grammaticality:z_recoded_caudality",0.00133126975,-0.0073796974175,0.010071904625,0.6170625,0.00131274475,-0.00731561258,0.010019213825,0.619,1.85250000000001e-05,0.0174516020425,0.017334826405,"erp_verb_object_number_agreement_200_500_lateral_itemslope","maximal"
"z_recoded_caudality",0.000220510125,-0.0084295284525,0.0088860077325,0.5201875,0.000237481255,-0.0083559866075,0.00885647538,0.5218125,-1.697113e-05,0.017315536185,0.0172124619875,"erp_verb_object_number_agreement_200_500_lateral_itemslope","maximal"
"z_recoded_mini_language",0.0024925061,-0.015548208675,0.020515344325,0.60853125,0.0024989522,-0.0154182438,0.0206148831,0.60625,-6.44610000000026e-06,0.036063553,0.0360331269,"erp_verb_object_number_agreement_200_500_lateral_itemslope","maximal"
"z_multilingual_language_diversity",-0.0083875737,-0.019546525875,0.00309678452499999,0.92403125,-0.00838334075,-0.0195617359,0.0031202477875,0.925875,-4.23295000000212e-06,0.0226433104,0.0226819836875,"erp_verb_object_number_agreement_200_500_lateral_itemslope","maximal"
"z_recoded_grammaticality:z_recoded_hemisphere",0.00203167905,-0.006506972795,0.01053382075,0.67875,0.0020289448,-0.0066834534225,0.01071372675,0.67525,2.7342500000002e-06,0.017040793545,0.0173971801725,"erp_verb_object_number_agreement_200_500_lateral_itemslope","maximal"
"z_recoded_session",0.00109899995,-0.032316936375,0.0346582765499999,0.52778125,0.00123204995,-0.031628855525,0.034174154475,0.528875,-0.00013305,0.0669752129249999,0.06580301,"erp_verb_object_number_agreement_200_500_midline_itemslope","maximal"
"z_baseline_predictor",0.50611896,0.492935401,0.51938903425,1,0.50622614,0.4930089525,0.51962647725,1,-0.000107179999999985,0.0264536332499999,0.0266175247499999,"erp_verb_object_number_agreement_200_500_midline_itemslope","maximal"
"z_recoded_grammaticality:z_recoded_session",-0.000766171305,-0.0148063694,0.013347603625,0.53996875,-0.00067112695,-0.01456949465,0.0131063614,0.53721875,-9.5044355e-05,0.028153973025,0.02767585605,"erp_verb_object_number_agreement_200_500_midline_itemslope","maximal"
"z_recoded_grammaticality:z_recoded_session:z_recoded_mini_language",0.0031064856,-0.0109729432,0.01722553385,0.66784375,0.003164638,-0.01082276435,0.017022529825,0.6675,-5.81523999999998e-05,0.02819847705,0.027845294175,"erp_verb_object_number_agreement_200_500_midline_itemslope","maximal"
"z_recoded_mini_language",0.0022178875,-0.01956372075,0.0236333627,0.5795625,0.0022674406,-0.019232408525,0.023830289975,0.58015625,-4.95531000000004e-05,0.04319708345,0.0430626985,"erp_verb_object_number_agreement_200_500_midline_itemslope","maximal"
"z_recoded_grammaticality:z_recoded_mini_language",0.0086859907,-0.01810825365,0.03568407255,0.73665625,0.00864862995,-0.018008044425,0.03573997685,0.73971875,3.73607499999998e-05,0.0537923262,0.053748021275,"erp_verb_object_number_agreement_200_500_midline_itemslope","maximal"
"z_multilingual_language_diversity",-0.00544466155,-0.02068752065,0.010005901675,0.75584375,-0.00541161425,-0.020684552625,0.010114017875,0.75675,-3.30473000000001e-05,0.030693422325,0.0307985705,"erp_verb_object_number_agreement_200_500_midline_itemslope","maximal"
"Intercept",-0.00367343985,-0.025178527525,0.017474863425,0.63165625,-0.0036416103,-0.02495184045,0.01753877895,0.6333125,-3.18295500000001e-05,0.04265339095,0.0424906194,"erp_verb_object_number_agreement_200_500_midline_itemslope","maximal"
"z_recoded_caudality",0.012431531,7.62245320500068e-05,0.0249633531,0.97584375,0.012460761,-0.000217816297999998,0.02508834165,0.9729375,-2.92300000000016e-05,0.02488712856795,0.025306157948,"erp_verb_object_number_agreement_200_500_midline_itemslope","maximal"
"z_recoded_grammaticality",0.00955939565,-0.017609489075,0.036761017825,0.75734375,0.00953068695,-0.01762620185,0.036734091475,0.7580625,2.87087000000012e-05,0.0543705069,0.054360293325,"erp_verb_object_number_agreement_200_500_midline_itemslope","maximal"
"z_recoded_grammaticality:z_recoded_caudality",0.0055094007,-0.00698042955749999,0.01814351235,0.80934375,0.00553528515,-0.006714028415,0.017932588075,0.81015625,-2.58844499999994e-05,0.0251239419075,0.02464661649,"erp_verb_object_number_agreement_200_500_midline_itemslope","maximal"
"z_recoded_session:z_recoded_mini_language",0.00813291475,-0.02485934155,0.04106605275,0.68584375,0.00813395565,-0.025025104275,0.0418931516,0.68853125,-1.04090000000064e-06,0.0659253943,0.066918255875,"erp_verb_object_number_agreement_200_500_midline_itemslope","maximal"
"z_recoded_session",-0.00472658075,-0.033678222125,0.0245195312,0.62728125,-0.0046186346,-0.033812481875,0.02445331535,0.62359375,-0.00010794615,0.058197753325,0.058265797225,"erp_verb_object_number_agreement_300_600_lateral_itemslope","maximal"
"z_multilingual_language_diversity",-0.00897481145,-0.0205770306,0.00317883149,0.930625,-0.00887964895,-0.020451040475,0.00338907953749999,0.9265625,-9.51625000000008e-05,0.02375586209,0.0238401200125,"erp_verb_object_number_agreement_300_600_lateral_itemslope","maximal"
"z_recoded_grammaticality:z_recoded_mini_language",0.0195573075,-0.00421862459,0.043365381375,0.9468125,0.019504204,-0.004587046455,0.043589947275,0.94425,5.31035000000055e-05,0.047584005965,0.04817699373,"erp_verb_object_number_agreement_300_600_lateral_itemslope","maximal"
"z_recoded_grammaticality:z_recoded_caudality",-0.00098067201,-0.0099797712175,0.0079536841875,0.58365625,-0.00103326005,-0.0099735164325,0.007924568815,0.5843125,5.258804e-05,0.017933455405,0.0178980852475,"erp_verb_object_number_agreement_300_600_lateral_itemslope","maximal"
"z_recoded_grammaticality:z_recoded_session:z_recoded_mini_language",0.0027426027,-0.0073989483675,0.0131748239,0.699125,0.0027916676,-0.0075270770575,0.01330236975,0.6990625,-4.90649e-05,0.0205737722675,0.0208294468075,"erp_verb_object_number_agreement_300_600_lateral_itemslope","maximal"
"z_recoded_session:z_recoded_mini_language",0.0074655236,-0.0217271253,0.03661625105,0.6923125,0.0075145555,-0.02164291615,0.036553126375,0.69478125,-4.90318999999996e-05,0.05834337635,0.058196042525,"erp_verb_object_number_agreement_300_600_lateral_itemslope","maximal"
"z_baseline_predictor",0.481442485,0.47207032875,0.4908668575,1,0.481486335,0.4719476875,0.49094031375,1,-4.38500000000674e-05,0.01879652875,0.01899262625,"erp_verb_object_number_agreement_300_600_lateral_itemslope","maximal"
"z_recoded_grammaticality",0.011815623,-0.011601337125,0.0359728852499999,0.83765625,0.011859133,-0.011558366325,0.036221795875,0.83878125,-4.35100000000001e-05,0.0475742223749999,0.0477801622,"erp_verb_object_number_agreement_300_600_lateral_itemslope","maximal"
"z_recoded_caudality",-0.0033383924,-0.012235940775,0.0056701816425,0.7686875,-0.00337666975,-0.012419297775,0.00564393658249998,0.7675625,3.82773500000001e-05,0.0179061224175,0.0180632343575,"erp_verb_object_number_agreement_300_600_lateral_itemslope","maximal"
"z_recoded_mini_language",-0.000417290075,-0.0192426615,0.018042822375,0.51765625,-0.000453925305,-0.018948212175,0.0180320784,0.518375,3.663523e-05,0.037285483875,0.036980290575,"erp_verb_object_number_agreement_300_600_lateral_itemslope","maximal"
"z_recoded_grammaticality:z_recoded_session",0.00663919935,-0.003649334735,0.017026013575,0.895875,0.00661633345,-0.003546533215,0.016978653075,0.8965625,2.28659000000003e-05,0.02067534831,0.02052518629,"erp_verb_object_number_agreement_300_600_lateral_itemslope","maximal"
"z_recoded_grammaticality:z_recoded_hemisphere",0.00242132995,-0.006537098905,0.011478222025,0.7018125,0.00240463765,-0.00651854067749999,0.011288646625,0.7010625,1.66923000000001e-05,0.01801532093,0.0178071873025,"erp_verb_object_number_agreement_300_600_lateral_itemslope","maximal"
"Intercept",-0.00436771555,-0.02263316735,0.013959070625,0.67475,-0.0043594224,-0.022709483425,0.0141853254,0.6799375,-8.29314999999976e-06,0.036592237975,0.036894808825,"erp_verb_object_number_agreement_300_600_lateral_itemslope","maximal"
"z_recoded_hemisphere",0.0381570465,0.029056871525,0.047210098625,1,0.0381491445,0.02890134425,0.047336950825,1,7.90200000000407e-06,0.0181532271,0.018435606575,"erp_verb_object_number_agreement_300_600_lateral_itemslope","maximal"
"Intercept",-0.00495599065,-0.02697111765,0.0166677617,0.6733125,-0.00517812915,-0.02695176915,0.0168947956,0.68053125,0.0002221385,0.04363887935,0.04384656475,"erp_verb_object_number_agreement_300_600_midline_itemslope","maximal"
"z_recoded_grammaticality",0.0027577844,-0.02493177255,0.0306357397,0.57675,0.0029670798,-0.025087007175,0.0311565390999999,0.58203125,-0.0002092954,0.05556751225,0.0562435462749999,"erp_verb_object_number_agreement_300_600_midline_itemslope","maximal"
"z_recoded_grammaticality:z_recoded_session",0.003615857,-0.010872174925,0.017864760325,0.68378125,0.00346679725,-0.011037115275,0.018118498775,0.6794375,0.00014905975,0.02873693525,0.02915561405,"erp_verb_object_number_agreement_300_600_midline_itemslope","maximal"
"z_recoded_mini_language",0.00048988506,-0.02163112075,0.022520215475,0.51803125,0.000343409305,-0.0217208578,0.022402776375,0.511875,0.000146475755,0.044151336225,0.044123634175,"erp_verb_object_number_agreement_300_600_midline_itemslope","maximal"
"z_recoded_grammaticality:z_recoded_mini_language",0.017326131,-0.011100490825,0.04486661465,0.8885,0.01743341,-0.00989876288749998,0.0451924153,0.892375,-0.000107278999999998,0.055967105475,0.0550911781875,"erp_verb_object_number_agreement_300_600_midline_itemslope","maximal"
"z_multilingual_language_diversity",-0.00546926195,-0.0212570363,0.010501125825,0.75121875,-0.0055761577,-0.02122594725,0.010507532575,0.75690625,0.000106895750000001,0.031758162125,0.031733479825,"erp_verb_object_number_agreement_300_600_midline_itemslope","maximal"
"z_baseline_predictor",0.44530887,0.43185088575,0.45892483075,1,0.4453999,0.431692904,0.45895907375,1,-9.10300000000475e-05,0.027073945,0.02726616975,"erp_verb_object_number_agreement_300_600_midline_itemslope","maximal"
"z_recoded_session:z_recoded_mini_language",0.00527492665,-0.029264043425,0.039901297975,0.61975,0.0053628491,-0.029418768825,0.03967026715,0.61896875,-8.79224500000006e-05,0.0691653414,0.069089035975,"erp_verb_object_number_agreement_300_600_midline_itemslope","maximal"
"z_recoded_grammaticality:z_recoded_session:z_recoded_mini_language",0.00329407715,-0.011234132025,0.01786320195,0.66634375,0.00333580635,-0.01123613485,0.01791210515,0.67171875,-4.17291999999995e-05,0.029097333975,0.02914824,"erp_verb_object_number_agreement_300_600_midline_itemslope","maximal"
"z_recoded_session",0.00199028705,-0.0328142114,0.0357660714,0.54565625,0.00196080855,-0.032565045475,0.0359062867,0.5451875,2.94785000000001e-05,0.0685802828,0.068471332175,"erp_verb_object_number_agreement_300_600_midline_itemslope","maximal"
"z_recoded_grammaticality:z_recoded_caudality",0.004614446,-0.00845578277,0.017644683325,0.7554375,0.0045916534,-0.0086071501425,0.017553047325,0.75403125,2.27926e-05,0.026100466095,0.0261601974675,"erp_verb_object_number_agreement_300_600_midline_itemslope","maximal"
"z_recoded_caudality",-0.00133355295,-0.014482423925,0.0116697193,0.57921875,-0.0013445088,-0.014522412,0.011690247675,0.57940625,1.09558500000001e-05,0.026152143225,0.026212659675,"erp_verb_object_number_agreement_300_600_midline_itemslope","maximal"
"z_recoded_grammaticality",-0.00968616085,-0.0393660066,0.019863005975,0.73946875,-0.00926437485,-0.0391755581,0.020833235925,0.72878125,-0.000421786,0.059229012575,0.060008794025,"erp_verb_object_number_agreement_400_900_lateral_itemslope","maximal"
"Intercept",-0.00604942295,-0.024479103825,0.012589252075,0.740125,-0.0063695265,-0.02472049175,0.012133771,0.7515,0.00032010355,0.0370683559,0.03685426275,"erp_verb_object_number_agreement_400_900_lateral_itemslope","maximal"
"z_recoded_session",-0.013503213,-0.046063700075,0.01882519435,0.79425,-0.013769336,-0.046281602975,0.018975432375,0.800875,0.000266123,0.064888894425,0.06525703535,"erp_verb_object_number_agreement_400_900_lateral_itemslope","maximal"
"z_recoded_mini_language",-0.0018929745,-0.0207037812,0.017100747575,0.57815625,-0.0016931492,-0.020510207375,0.0172383851,0.5706875,-0.0001998253,0.037804528775,0.037748592475,"erp_verb_object_number_agreement_400_900_lateral_itemslope","maximal"
"z_recoded_grammaticality:z_recoded_session:z_recoded_mini_language",0.0124119505,0.001609358695,0.02333058545,0.988,0.0124943025,0.0017801356775,0.0232923086,0.988375,-8.23519999999991e-05,0.021721226755,0.0215121729225,"erp_verb_object_number_agreement_400_900_lateral_itemslope","maximal"
"z_recoded_session:z_recoded_mini_language",-0.00228022255,-0.0348492247,0.03041291345,0.55409375,-0.00235546035,-0.03503647995,0.03019378865,0.556875,7.52378e-05,0.06526213815,0.0652302686,"erp_verb_object_number_agreement_400_900_lateral_itemslope","maximal"
"z_recoded_grammaticality:z_recoded_mini_language",0.0182892345,-0.011711291675,0.047538060875,0.8845625,0.0183547275,-0.011335509275,0.048573740125,0.88765625,-6.54929999999998e-05,0.05924935255,0.0599092494,"erp_verb_object_number_agreement_400_900_lateral_itemslope","maximal"
"z_baseline_predictor",0.416989,0.4072497715,0.42663053125,1,0.416952465,0.407318281,0.426667535,1,3.65350000000042e-05,0.0193807597499999,0.019349254,"erp_verb_object_number_agreement_400_900_lateral_itemslope","maximal"
"z_recoded_grammaticality:z_recoded_caudality",-0.00532980215,-0.01473223425,0.0039334150525,0.86984375,-0.0053635966,-0.014678656325,0.00402898954499998,0.8714375,3.37944499999993e-05,0.0186656493025,0.01870764587,"erp_verb_object_number_agreement_400_900_lateral_itemslope","maximal"
"z_multilingual_language_diversity",-0.00426274575,-0.016315567325,0.0083153519075,0.7526875,-0.00424707785,-0.016318926725,0.0081599495125,0.75134375,-1.56678999999995e-05,0.0246309192325,0.0244788762375,"erp_verb_object_number_agreement_400_900_lateral_itemslope","maximal"
"z_recoded_hemisphere",0.024972321,0.015571357875,0.034366187875,1,0.024986776,0.015656645025,0.0342946099,1,-1.44550000000035e-05,0.01879483,0.018637964875,"erp_verb_object_number_agreement_400_900_lateral_itemslope","maximal"
"z_recoded_caudality",0.07816172,0.0688348436,0.087494415025,1,0.078167401,0.068760673675,0.087441442375,1,-5.68100000000737e-06,0.018659571425,0.0186807687,"erp_verb_object_number_agreement_400_900_lateral_itemslope","maximal"
"z_recoded_grammaticality:z_recoded_session",0.014923744,0.0040945975325,0.025716979475,0.9966875,0.014918839,0.004030895615,0.025917235275,0.99671875,4.90499999999949e-06,0.0216223819425,0.02188633966,"erp_verb_object_number_agreement_400_900_lateral_itemslope","maximal"
"z_recoded_grammaticality:z_recoded_hemisphere",-0.00075995614,-0.0098972312975,0.00840005602749999,0.56709375,-0.00076458487,-0.010083814575,0.0085114452475,0.56421875,4.62873000000002e-06,0.018297287325,0.0185952598225,"erp_verb_object_number_agreement_400_900_lateral_itemslope","maximal"
"z_recoded_grammaticality",-0.01848576,-0.05265341175,0.01635684875,0.85340625,-0.0177003905,-0.052237937725,0.016763582225,0.8456875,-0.000785369499999997,0.0690102605,0.06900151995,"erp_verb_object_number_agreement_400_900_midline_itemslope","maximal"
"z_recoded_session",-0.0120616935,-0.05160549195,0.027574895725,0.73240625,-0.011885868,-0.051221859025,0.0271666178499999,0.726625,-0.000175825499999999,0.079180387675,0.0783884768749999,"erp_verb_object_number_agreement_400_900_midline_itemslope","maximal"
"z_recoded_mini_language",-0.000688363135,-0.02351019485,0.0219016749,0.52378125,-0.000826948535,-0.0237202605,0.02161233595,0.52809375,0.0001385854,0.04541186975,0.04533259645,"erp_verb_object_number_agreement_400_900_midline_itemslope","maximal"
"z_recoded_grammaticality:z_recoded_mini_language",0.016172875,-0.019095841725,0.050886844325,0.82353125,0.0160426265,-0.018430635425,0.049774292725,0.82196875,0.000130248499999999,0.06998268605,0.06820492815,"erp_verb_object_number_agreement_400_900_midline_itemslope","maximal"
"Intercept",-0.00665585615,-0.0291601082,0.015500301025,0.72196875,-0.006780263,-0.029011004725,0.015568346075,0.72325,0.00012440685,0.044660409225,0.0445793508,"erp_verb_object_number_agreement_400_900_midline_itemslope","maximal"
"z_multilingual_language_diversity",-0.000477661165,-0.016877085675,0.016079597975,0.5219375,-0.000585426835,-0.016969545125,0.0159836598,0.5261875,0.00010776567,0.03295668365,0.032953204925,"erp_verb_object_number_agreement_400_900_midline_itemslope","maximal"
"z_recoded_session:z_recoded_mini_language",-0.0111743665,-0.050467849325,0.0282021949,0.710875,-0.011274046,-0.051143881875,0.028656412575,0.71628125,9.96794999999998e-05,0.078670044225,0.07980029445,"erp_verb_object_number_agreement_400_900_midline_itemslope","maximal"
"z_recoded_grammaticality:z_recoded_session",0.0146835805,-0.000815646484749998,0.02993081415,0.9685625,0.0145863965,-0.000727016752499993,0.029939512,0.9686875,9.71840000000002e-05,0.03074646063475,0.0306665287525,"erp_verb_object_number_agreement_400_900_midline_itemslope","maximal"
"z_recoded_grammaticality:z_recoded_caudality",0.00151355975,-0.01192180895,0.01494084635,0.5866875,0.00142175915,-0.012294229,0.01491448965,0.58309375,9.18005999999997e-05,0.0268626553,0.02720871865,"erp_verb_object_number_agreement_400_900_midline_itemslope","maximal"
"z_baseline_predictor",0.37143481,0.35731762625,0.385495334,1,0.37151419,0.35748248775,0.385617457,1,-7.93799999999623e-05,0.02817770775,0.02813496925,"erp_verb_object_number_agreement_400_900_midline_itemslope","maximal"
"z_recoded_caudality",0.0443286415,0.0308030596,0.0580072657,1,0.0443063855,0.03077284045,0.057956060675,1,2.22559999999983e-05,0.0272042061,0.027183220225,"erp_verb_object_number_agreement_400_900_midline_itemslope","maximal"
"z_recoded_grammaticality:z_recoded_session:z_recoded_mini_language",0.0124378905,-0.00268575019,0.0278057459,0.94640625,0.0124567885,-0.0026408907975,0.027728313525,0.94759375,-1.88979999999998e-05,0.03049149609,0.0303692043225,"erp_verb_object_number_agreement_400_900_midline_itemslope","maximal"
"z_recoded_session",-0.5300829,-0.71848387775,-0.3380549725,1,-0.55910216,-0.7530213745,-0.36238715175,1,0.0290192599999999,0.38042890525,0.39063422275,"accuracy_gender_agreement","base"
"z_recoded_mini_language",-0.28047453,-0.712639177,0.14539165475,0.89803125,-0.29380258,-0.73629796925,0.13389398225,0.91328125,0.01332805,0.85803083175,0.8701919515,"accuracy_gender_agreement","base"
"Intercept",2.8656345,2.4515569325,3.2898574225,1,2.8731398,2.4362861525,3.3105785225,1,-0.0075052999999996,0.83830049,0.874292369999999,"accuracy_gender_agreement","base"
"z_recoded_grammaticality:z_recoded_mini_language",0.378244155,0.0960159684250001,0.671031427749999,0.99403125,0.38456589,0.0961606348750001,0.676078287,0.995125,-0.00632173499999999,0.575015459324999,0.579917652125,"accuracy_gender_agreement","base"
"z_recoded_grammaticality",0.113430275,-0.18194493175,0.40211355425,0.77709375,0.11694081,-0.185386933,0.4087160565,0.7819375,-0.00351053500000001,0.584058486,0.5941029895,"accuracy_gender_agreement","base"
"z_recoded_grammaticality:z_recoded_session:z_recoded_mini_language",0.164259325,0.092062101025,0.23595075225,1,0.163427055,0.09206648995,0.2358891025,1,0.000832270000000024,0.143888651225,0.14382261255,"accuracy_gender_agreement","base"
"z_recoded_grammaticality:z_recoded_session",0.20729591,0.134555372,0.28080456775,1,0.208080165,0.136475262,0.281439746,1,-0.000784254999999984,0.14624919575,0.144964484,"accuracy_gender_agreement","base"
"z_recoded_session:z_recoded_mini_language",-0.10547472,-0.2943489965,0.084160264275,0.8649375,-0.104775135,-0.29815128475,0.081942137625,0.864,-0.000699584999999989,0.378509260775,0.380093422375,"accuracy_gender_agreement","base"
"z_recoded_session",-1.20253335,-1.57505246,-0.813627577750001,1,-1.42274765,-1.8330890325,-1.0208279875,1,0.2202143,0.761424882249999,0.812261044999999,"accuracy_differential_object_marking","base"
"Intercept",2.04742345,1.498738235,2.583939605,1,2.17706145,1.609920045,2.7388409825,1,-0.129638,1.08520137,1.1289209375,"accuracy_differential_object_marking","base"
"z_recoded_grammaticality",0.86785251,0.4570516605,1.2852183075,0.99990625,0.91665263,0.4869551525,1.33858819,0.99996875,-0.0488001199999999,0.828166647,0.851633037499999,"accuracy_differential_object_marking","base"
"z_recoded_mini_language",-0.23994701,-0.769419484,0.30109055125,0.8164375,-0.25125749,-0.81130217825,0.311292881,0.8144375,0.01131048,1.07051003525,1.12259505925,"accuracy_differential_object_marking","base"
"z_recoded_grammaticality:z_recoded_mini_language",0.121020545,-0.29051231775,0.53722519625,0.71896875,0.12404667,-0.29708175175,0.553058611249999,0.7195625,-0.00302612499999999,0.827737514,0.850140362999999,"accuracy_differential_object_marking","base"
"z_recoded_session:z_recoded_mini_language",0.27113619,-0.12657196675,0.66264937875,0.91,0.268349025,-0.14252571225,0.6756580035,0.90515625,0.00278716499999998,0.7892213455,0.818183715749999,"accuracy_differential_object_marking","base"
"z_recoded_grammaticality:z_recoded_session",-0.24698686,-0.32705689175,-0.166682077,1,-0.24973603,-0.33084606025,-0.16869170375,1,0.00274917,0.16037481475,0.1621543565,"accuracy_differential_object_marking","base"
"z_recoded_grammaticality:z_recoded_session:z_recoded_mini_language",0.071512038,-0.00886495368499999,0.15350304225,0.95878125,0.0723535135,-0.00794191135499997,0.154924459,0.96259375,-0.000841475499999994,0.162367995935,0.162866370355,"accuracy_differential_object_marking","base"
"z_recoded_session",-0.651948325,-0.98122503975,-0.31644837825,0.99984375,-0.751322865,-1.1166059825,-0.399681362,1,0.09937454,0.6647766615,0.7169246205,"accuracy_verb_object_number_agreement","base"
"Intercept",1.3520191,0.94476604825,1.756038175,1,1.42197625,1.0050699775,1.853509195,1,-0.0699571499999998,0.81127212675,0.8484392175,"accuracy_verb_object_number_agreement","base"
"z_recoded_grammaticality",0.801185005,0.45000193625,1.1467861075,1,0.845712605,0.49823553475,1.2082185675,1,-0.0445276,0.69678417125,0.70998303275,"accuracy_verb_object_number_agreement","base"
"z_recoded_session:z_recoded_mini_language",-0.199432425,-0.54957660525,0.13959651625,0.87628125,-0.213432095,-0.56977615725,0.134597803,0.88528125,0.01399967,0.6891731215,0.70437396025,"accuracy_verb_object_number_agreement","base"
"z_recoded_mini_language",0.0862270545,-0.3245038065,0.50663324075,0.6610625,0.098430509,-0.32160325025,0.52993927775,0.67821875,-0.0122034545,0.83113704725,0.851542528,"accuracy_verb_object_number_agreement","base"
"z_recoded_grammaticality:z_recoded_mini_language",0.0190030065,-0.326365285,0.360519823249999,0.5443125,0.0280184885,-0.3331241915,0.37102817275,0.56040625,-0.009015482,0.686885108249999,0.70415236425,"accuracy_verb_object_number_agreement","base"
"z_recoded_grammaticality:z_recoded_session",-0.0519807835,-0.13254726725,0.0298201364249999,0.8934375,-0.05287984,-0.133505294,0.02779773455,0.89715625,0.000899056499999995,0.162367403675,0.16130302855,"accuracy_verb_object_number_agreement","base"
"z_recoded_grammaticality:z_recoded_session:z_recoded_mini_language",0.044738017,-0.03728352495,0.1250984015,0.857125,0.044971469,-0.0354124064,0.125368927,0.86003125,-0.000233452000000002,0.16238192645,0.1607813334,"accuracy_verb_object_number_agreement","base"
