"time_ms","auc","null_mean","null_q975","p_pointwise","cluster_id","cluster_p","significant","cluster_threshold","n_perm","n_trials","n_participants","property","analysis","level","session","mini_language","cluster_p_fdr","significant_fdr","inference"
-98,0.59862517346108,0.499823131682165,0.516126314947802,0.000999000999000999,1,0.000999000999000999,TRUE,0.513376016124503,1000,9015,57,"differential_object_marking","overall","all",NA,NA,0.000999000999000999,TRUE,"confirmatory"
-94,0.59285289685688,0.499684639687113,0.515961222906744,0.000999000999000999,1,0.000999000999000999,TRUE,0.513376016124503,1000,9015,57,"differential_object_marking","overall","all",NA,NA,0.000999000999000999,TRUE,"confirmatory"
-90,0.584742762814168,0.499705745609277,0.515890054027369,0.000999000999000999,1,0.000999000999000999,TRUE,0.513376016124503,1000,9015,57,"differential_object_marking","overall","all",NA,NA,0.000999000999000999,TRUE,"confirmatory"
-86,0.578310838954997,0.500031563402218,0.516363473417722,0.000999000999000999,1,0.000999000999000999,TRUE,0.513376016124503,1000,9015,57,"differential_object_marking","overall","all",NA,NA,0.000999000999000999,TRUE,"confirmatory"
-82,0.570438028575345,0.500215726318797,0.515538586954013,0.000999000999000999,1,0.000999000999000999,TRUE,0.513376016124503,1000,9015,57,"differential_object_marking","overall","all",NA,NA,0.000999000999000999,TRUE,"confirmatory"
-78,0.563392303072487,0.499863795308326,0.516355339937858,0.000999000999000999,1,0.000999000999000999,TRUE,0.513376016124503,1000,9015,57,"differential_object_marking","overall","all",NA,NA,0.000999000999000999,TRUE,"confirmatory"
-74,0.557643915180511,0.499500810119891,0.515353903273715,0.000999000999000999,1,0.000999000999000999,TRUE,0.513376016124503,1000,9015,57,"differential_object_marking","overall","all",NA,NA,0.000999000999000999,TRUE,"confirmatory"
-70,0.548297422581854,0.499505565099702,0.514768943173329,0.000999000999000999,1,0.000999000999000999,TRUE,0.513376016124503,1000,9015,57,"differential_object_marking","overall","all",NA,NA,0.000999000999000999,TRUE,"confirmatory"
-66,0.537315197206162,0.49969014065496,0.515306271876106,0.000999000999000999,1,0.000999000999000999,TRUE,0.513376016124503,1000,9015,57,"differential_object_marking","overall","all",NA,NA,0.000999000999000999,TRUE,"confirmatory"
-62,0.524963292944867,0.499854559969126,0.515367246383216,0.000999000999000999,1,0.000999000999000999,TRUE,0.513376016124503,1000,9015,57,"differential_object_marking","overall","all",NA,NA,0.000999000999000999,TRUE,"confirmatory"
-58,0.512831528618374,0.499851172573262,0.516220337858917,0.0649350649350649,NA,NA,FALSE,0.513376016124503,1000,9015,57,"differential_object_marking","overall","all",NA,NA,NA,FALSE,"confirmatory"
-54,0.492367506085457,0.499977057775648,0.518475770460813,0.81018981018981,NA,NA,FALSE,0.513376016124503,1000,9015,57,"differential_object_marking","overall","all",NA,NA,NA,FALSE,"confirmatory"
-50,0.48684274760081,0.500057557194714,0.516523709204639,0.94005994005994,NA,NA,FALSE,0.513376016124503,1000,9015,57,"differential_object_marking","overall","all",NA,NA,NA,FALSE,"confirmatory"
-46,0.489858940728117,0.499626392070563,0.515279685477278,0.876123876123876,NA,NA,FALSE,0.513376016124503,1000,9015,57,"differential_object_marking","overall","all",NA,NA,NA,FALSE,"confirmatory"
-42,0.510276704795485,0.499471011494439,0.514764803834088,0.0919080919080919,NA,NA,FALSE,0.513376016124503,1000,9015,57,"differential_object_marking","overall","all",NA,NA,NA,FALSE,"confirmatory"
-38,0.536417620371793,0.499437850077275,0.514900150057202,0.000999000999000999,2,0.000999000999000999,TRUE,0.513376016124503,1000,9015,57,"differential_object_marking","overall","all",NA,NA,0.000999000999000999,TRUE,"confirmatory"
-34,0.549208344551245,0.499659671626759,0.515968946445527,0.000999000999000999,2,0.000999000999000999,TRUE,0.513376016124503,1000,9015,57,"differential_object_marking","overall","all",NA,NA,0.000999000999000999,TRUE,"confirmatory"
-30,0.556592803393548,0.500078405334419,0.515345959458213,0.000999000999000999,2,0.000999000999000999,TRUE,0.513376016124503,1000,9015,57,"differential_object_marking","overall","all",NA,NA,0.000999000999000999,TRUE,"confirmatory"
-26,0.558761791244828,0.500115308585044,0.515321634375773,0.000999000999000999,2,0.000999000999000999,TRUE,0.513376016124503,1000,9015,57,"differential_object_marking","overall","all",NA,NA,0.000999000999000999,TRUE,"confirmatory"
-22,0.563971064219335,0.499811254596685,0.516311512031257,0.000999000999000999,2,0.000999000999000999,TRUE,0.513376016124503,1000,9015,57,"differential_object_marking","overall","all",NA,NA,0.000999000999000999,TRUE,"confirmatory"
-18,0.566830163714576,0.499929663499452,0.516397985881937,0.000999000999000999,2,0.000999000999000999,TRUE,0.513376016124503,1000,9015,57,"differential_object_marking","overall","all",NA,NA,0.000999000999000999,TRUE,"confirmatory"
-14,0.569456400568839,0.500060997630364,0.517697515755802,0.000999000999000999,2,0.000999000999000999,TRUE,0.513376016124503,1000,9015,57,"differential_object_marking","overall","all",NA,NA,0.000999000999000999,TRUE,"confirmatory"
-10,0.570015747127631,0.500363955842319,0.516271420053592,0.000999000999000999,2,0.000999000999000999,TRUE,0.513376016124503,1000,9015,57,"differential_object_marking","overall","all",NA,NA,0.000999000999000999,TRUE,"confirmatory"
-6,0.568051438469132,0.500419079719785,0.515736930744899,0.000999000999000999,2,0.000999000999000999,TRUE,0.513376016124503,1000,9015,57,"differential_object_marking","overall","all",NA,NA,0.000999000999000999,TRUE,"confirmatory"
-2,0.564712073108485,0.500317240724741,0.515661154714648,0.000999000999000999,2,0.000999000999000999,TRUE,0.513376016124503,1000,9015,57,"differential_object_marking","overall","all",NA,NA,0.000999000999000999,TRUE,"confirmatory"
2,0.560180247216467,0.500593073542655,0.516175661665953,0.000999000999000999,2,0.000999000999000999,TRUE,0.513376016124503,1000,9015,57,"differential_object_marking","overall","all",NA,NA,0.000999000999000999,TRUE,"confirmatory"
6,0.553815537309273,0.500496198334563,0.515351224035103,0.000999000999000999,2,0.000999000999000999,TRUE,0.513376016124503,1000,9015,57,"differential_object_marking","overall","all",NA,NA,0.000999000999000999,TRUE,"confirmatory"
10,0.547924578109496,0.500153583234339,0.515321245858331,0.000999000999000999,2,0.000999000999000999,TRUE,0.513376016124503,1000,9015,57,"differential_object_marking","overall","all",NA,NA,0.000999000999000999,TRUE,"confirmatory"
14,0.543824407324405,0.499755898425451,0.514639437063971,0.000999000999000999,2,0.000999000999000999,TRUE,0.513376016124503,1000,9015,57,"differential_object_marking","overall","all",NA,NA,0.000999000999000999,TRUE,"confirmatory"
18,0.540312463105797,0.499745194530868,0.514928578544114,0.000999000999000999,2,0.000999000999000999,TRUE,0.513376016124503,1000,9015,57,"differential_object_marking","overall","all",NA,NA,0.000999000999000999,TRUE,"confirmatory"
22,0.543381128370114,0.499830843467729,0.514600844400585,0.000999000999000999,2,0.000999000999000999,TRUE,0.513376016124503,1000,9015,57,"differential_object_marking","overall","all",NA,NA,0.000999000999000999,TRUE,"confirmatory"
26,0.549307946602034,0.499960766696657,0.514997721372241,0.000999000999000999,2,0.000999000999000999,TRUE,0.513376016124503,1000,9015,57,"differential_object_marking","overall","all",NA,NA,0.000999000999000999,TRUE,"confirmatory"
30,0.546195552041134,0.499882151185229,0.515822689055322,0.000999000999000999,2,0.000999000999000999,TRUE,0.513376016124503,1000,9015,57,"differential_object_marking","overall","all",NA,NA,0.000999000999000999,TRUE,"confirmatory"
34,0.539112834357637,0.500173898668704,0.515946347190759,0.000999000999000999,2,0.000999000999000999,TRUE,0.513376016124503,1000,9015,57,"differential_object_marking","overall","all",NA,NA,0.000999000999000999,TRUE,"confirmatory"
38,0.540728472321741,0.500392185281418,0.5152362810057,0.000999000999000999,2,0.000999000999000999,TRUE,0.513376016124503,1000,9015,57,"differential_object_marking","overall","all",NA,NA,0.000999000999000999,TRUE,"confirmatory"
42,0.541124820730178,0.500209764025341,0.5150989066989,0.000999000999000999,2,0.000999000999000999,TRUE,0.513376016124503,1000,9015,57,"differential_object_marking","overall","all",NA,NA,0.000999000999000999,TRUE,"confirmatory"
46,0.540180146271961,0.500080254325248,0.515750437840364,0.000999000999000999,2,0.000999000999000999,TRUE,0.513376016124503,1000,9015,57,"differential_object_marking","overall","all",NA,NA,0.000999000999000999,TRUE,"confirmatory"
50,0.537816353237451,0.500255990720153,0.516066714404601,0.000999000999000999,2,0.000999000999000999,TRUE,0.513376016124503,1000,9015,57,"differential_object_marking","overall","all",NA,NA,0.000999000999000999,TRUE,"confirmatory"
54,0.541119010402786,0.500362641723101,0.516082456291741,0.000999000999000999,2,0.000999000999000999,TRUE,0.513376016124503,1000,9015,57,"differential_object_marking","overall","all",NA,NA,0.000999000999000999,TRUE,"confirmatory"
58,0.545135001024518,0.500341961592885,0.51679490094673,0.000999000999000999,2,0.000999000999000999,TRUE,0.513376016124503,1000,9015,57,"differential_object_marking","overall","all",NA,NA,0.000999000999000999,TRUE,"confirmatory"
62,0.549123874879824,0.500452749963778,0.515777922088246,0.000999000999000999,2,0.000999000999000999,TRUE,0.513376016124503,1000,9015,57,"differential_object_marking","overall","all",NA,NA,0.000999000999000999,TRUE,"confirmatory"
66,0.549367817774858,0.500504489711445,0.515972851147771,0.000999000999000999,2,0.000999000999000999,TRUE,0.513376016124503,1000,9015,57,"differential_object_marking","overall","all",NA,NA,0.000999000999000999,TRUE,"confirmatory"
70,0.545110588017907,0.500482139931139,0.51591505797623,0.000999000999000999,2,0.000999000999000999,TRUE,0.513376016124503,1000,9015,57,"differential_object_marking","overall","all",NA,NA,0.000999000999000999,TRUE,"confirmatory"
74,0.539258267083837,0.500227399281259,0.515196970687821,0.000999000999000999,2,0.000999000999000999,TRUE,0.513376016124503,1000,9015,57,"differential_object_marking","overall","all",NA,NA,0.000999000999000999,TRUE,"confirmatory"
78,0.539124760870715,0.500069917833937,0.515228303665483,0.000999000999000999,2,0.000999000999000999,TRUE,0.513376016124503,1000,9015,57,"differential_object_marking","overall","all",NA,NA,0.000999000999000999,TRUE,"confirmatory"
82,0.54077843879368,0.500184242416181,0.516303399032932,0.000999000999000999,2,0.000999000999000999,TRUE,0.513376016124503,1000,9015,57,"differential_object_marking","overall","all",NA,NA,0.000999000999000999,TRUE,"confirmatory"
86,0.541996345330328,0.500239114217003,0.516244455158557,0.000999000999000999,2,0.000999000999000999,TRUE,0.513376016124503,1000,9015,57,"differential_object_marking","overall","all",NA,NA,0.000999000999000999,TRUE,"confirmatory"
90,0.538922771303239,0.500187305068949,0.516684046886929,0.000999000999000999,2,0.000999000999000999,TRUE,0.513376016124503,1000,9015,57,"differential_object_marking","overall","all",NA,NA,0.000999000999000999,TRUE,"confirmatory"
94,0.537231429039716,0.500356271036811,0.516180818151208,0.000999000999000999,2,0.000999000999000999,TRUE,0.513376016124503,1000,9015,57,"differential_object_marking","overall","all",NA,NA,0.000999000999000999,TRUE,"confirmatory"
98,0.534529302697352,0.50041442004638,0.517254122315892,0.000999000999000999,2,0.000999000999000999,TRUE,0.513376016124503,1000,9015,57,"differential_object_marking","overall","all",NA,NA,0.000999000999000999,TRUE,"confirmatory"
102,0.532418145634232,0.500257728968939,0.516577780712813,0.000999000999000999,2,0.000999000999000999,TRUE,0.513376016124503,1000,9015,57,"differential_object_marking","overall","all",NA,NA,0.000999000999000999,TRUE,"confirmatory"
106,0.531464654537668,0.499833161937114,0.51631733251216,0.000999000999000999,2,0.000999000999000999,TRUE,0.513376016124503,1000,9015,57,"differential_object_marking","overall","all",NA,NA,0.000999000999000999,TRUE,"confirmatory"
110,0.533988876616676,0.499648665108582,0.516491455988829,0.000999000999000999,2,0.000999000999000999,TRUE,0.513376016124503,1000,9015,57,"differential_object_marking","overall","all",NA,NA,0.000999000999000999,TRUE,"confirmatory"
114,0.541074836187177,0.499821428841458,0.515703268111491,0.000999000999000999,2,0.000999000999000999,TRUE,0.513376016124503,1000,9015,57,"differential_object_marking","overall","all",NA,NA,0.000999000999000999,TRUE,"confirmatory"
118,0.545840780879916,0.500122612186461,0.516044133803286,0.000999000999000999,2,0.000999000999000999,TRUE,0.513376016124503,1000,9015,57,"differential_object_marking","overall","all",NA,NA,0.000999000999000999,TRUE,"confirmatory"
122,0.542899548370122,0.500168914274595,0.515982772181776,0.000999000999000999,2,0.000999000999000999,TRUE,0.513376016124503,1000,9015,57,"differential_object_marking","overall","all",NA,NA,0.000999000999000999,TRUE,"confirmatory"
126,0.541334337272828,0.500275844938241,0.516446572562572,0.000999000999000999,2,0.000999000999000999,TRUE,0.513376016124503,1000,9015,57,"differential_object_marking","overall","all",NA,NA,0.000999000999000999,TRUE,"confirmatory"
130,0.539573505046715,0.500195434462456,0.516443379265313,0.000999000999000999,2,0.000999000999000999,TRUE,0.513376016124503,1000,9015,57,"differential_object_marking","overall","all",NA,NA,0.000999000999000999,TRUE,"confirmatory"
134,0.539219629026503,0.50014005833243,0.516588019868664,0.000999000999000999,2,0.000999000999000999,TRUE,0.513376016124503,1000,9015,57,"differential_object_marking","overall","all",NA,NA,0.000999000999000999,TRUE,"confirmatory"
138,0.534378997600139,0.49990156659155,0.516133755794345,0.000999000999000999,2,0.000999000999000999,TRUE,0.513376016124503,1000,9015,57,"differential_object_marking","overall","all",NA,NA,0.000999000999000999,TRUE,"confirmatory"
142,0.535832741156721,0.500143364511257,0.515972097056905,0.000999000999000999,2,0.000999000999000999,TRUE,0.513376016124503,1000,9015,57,"differential_object_marking","overall","all",NA,NA,0.000999000999000999,TRUE,"confirmatory"
146,0.53962586692324,0.500054835108484,0.516133616206225,0.000999000999000999,2,0.000999000999000999,TRUE,0.513376016124503,1000,9015,57,"differential_object_marking","overall","all",NA,NA,0.000999000999000999,TRUE,"confirmatory"
150,0.540197557653304,0.500019878740489,0.516146377633486,0.000999000999000999,2,0.000999000999000999,TRUE,0.513376016124503,1000,9015,57,"differential_object_marking","overall","all",NA,NA,0.000999000999000999,TRUE,"confirmatory"
154,0.544364457772093,0.500117769969002,0.516796907060129,0.000999000999000999,2,0.000999000999000999,TRUE,0.513376016124503,1000,9015,57,"differential_object_marking","overall","all",NA,NA,0.000999000999000999,TRUE,"confirmatory"
158,0.549116258497823,0.500234485035929,0.516201296870989,0.000999000999000999,2,0.000999000999000999,TRUE,0.513376016124503,1000,9015,57,"differential_object_marking","overall","all",NA,NA,0.000999000999000999,TRUE,"confirmatory"
162,0.553134499223146,0.500309251639362,0.516117122682654,0.000999000999000999,2,0.000999000999000999,TRUE,0.513376016124503,1000,9015,57,"differential_object_marking","overall","all",NA,NA,0.000999000999000999,TRUE,"confirmatory"
166,0.554997281372823,0.50013276446303,0.516144428803278,0.000999000999000999,2,0.000999000999000999,TRUE,0.513376016124503,1000,9015,57,"differential_object_marking","overall","all",NA,NA,0.000999000999000999,TRUE,"confirmatory"
170,0.556878842387763,0.50004327119817,0.515821039489759,0.000999000999000999,2,0.000999000999000999,TRUE,0.513376016124503,1000,9015,57,"differential_object_marking","overall","all",NA,NA,0.000999000999000999,TRUE,"confirmatory"
174,0.559261825512385,0.499901730772287,0.515688456256554,0.000999000999000999,2,0.000999000999000999,TRUE,0.513376016124503,1000,9015,57,"differential_object_marking","overall","all",NA,NA,0.000999000999000999,TRUE,"confirmatory"
178,0.55816364958352,0.49991305188555,0.51570139385178,0.000999000999000999,2,0.000999000999000999,TRUE,0.513376016124503,1000,9015,57,"differential_object_marking","overall","all",NA,NA,0.000999000999000999,TRUE,"confirmatory"
182,0.557161943842334,0.499899162425107,0.516330263481067,0.000999000999000999,2,0.000999000999000999,TRUE,0.513376016124503,1000,9015,57,"differential_object_marking","overall","all",NA,NA,0.000999000999000999,TRUE,"confirmatory"
186,0.557188877204615,0.499787144731004,0.515501987330425,0.000999000999000999,2,0.000999000999000999,TRUE,0.513376016124503,1000,9015,57,"differential_object_marking","overall","all",NA,NA,0.000999000999000999,TRUE,"confirmatory"
190,0.553298297430679,0.499771852531959,0.516003743484891,0.000999000999000999,2,0.000999000999000999,TRUE,0.513376016124503,1000,9015,57,"differential_object_marking","overall","all",NA,NA,0.000999000999000999,TRUE,"confirmatory"
194,0.554771152743836,0.499702033564165,0.516247422284439,0.000999000999000999,2,0.000999000999000999,TRUE,0.513376016124503,1000,9015,57,"differential_object_marking","overall","all",NA,NA,0.000999000999000999,TRUE,"confirmatory"
198,0.554051959224786,0.499741225611912,0.516172808190762,0.000999000999000999,2,0.000999000999000999,TRUE,0.513376016124503,1000,9015,57,"differential_object_marking","overall","all",NA,NA,0.000999000999000999,TRUE,"confirmatory"
202,0.555743401244894,0.499763482657308,0.515458250491078,0.000999000999000999,2,0.000999000999000999,TRUE,0.513376016124503,1000,9015,57,"differential_object_marking","overall","all",NA,NA,0.000999000999000999,TRUE,"confirmatory"
206,0.553892763937236,0.499879891360464,0.51536201298956,0.000999000999000999,2,0.000999000999000999,TRUE,0.513376016124503,1000,9015,57,"differential_object_marking","overall","all",NA,NA,0.000999000999000999,TRUE,"confirmatory"
210,0.557709829840455,0.500253141389195,0.515974968040104,0.000999000999000999,2,0.000999000999000999,TRUE,0.513376016124503,1000,9015,57,"differential_object_marking","overall","all",NA,NA,0.000999000999000999,TRUE,"confirmatory"
214,0.56274557417392,0.500321717232177,0.515823914346257,0.000999000999000999,2,0.000999000999000999,TRUE,0.513376016124503,1000,9015,57,"differential_object_marking","overall","all",NA,NA,0.000999000999000999,TRUE,"confirmatory"
218,0.567575940497243,0.500120362082704,0.516310639332481,0.000999000999000999,2,0.000999000999000999,TRUE,0.513376016124503,1000,9015,57,"differential_object_marking","overall","all",NA,NA,0.000999000999000999,TRUE,"confirmatory"
222,0.569525874035618,0.500150601251711,0.51607540431264,0.000999000999000999,2,0.000999000999000999,TRUE,0.513376016124503,1000,9015,57,"differential_object_marking","overall","all",NA,NA,0.000999000999000999,TRUE,"confirmatory"
226,0.569841517915049,0.500125378546135,0.515355665196942,0.000999000999000999,2,0.000999000999000999,TRUE,0.513376016124503,1000,9015,57,"differential_object_marking","overall","all",NA,NA,0.000999000999000999,TRUE,"confirmatory"
230,0.571937546024928,0.500211609270441,0.514552192485092,0.000999000999000999,2,0.000999000999000999,TRUE,0.513376016124503,1000,9015,57,"differential_object_marking","overall","all",NA,NA,0.000999000999000999,TRUE,"confirmatory"
234,0.57139126200923,0.500225023219333,0.515095596006266,0.000999000999000999,2,0.000999000999000999,TRUE,0.513376016124503,1000,9015,57,"differential_object_marking","overall","all",NA,NA,0.000999000999000999,TRUE,"confirmatory"
238,0.573381934617523,0.500134291971033,0.51567741486544,0.000999000999000999,2,0.000999000999000999,TRUE,0.513376016124503,1000,9015,57,"differential_object_marking","overall","all",NA,NA,0.000999000999000999,TRUE,"confirmatory"
242,0.576255951863739,0.500073211289883,0.515145501153698,0.000999000999000999,2,0.000999000999000999,TRUE,0.513376016124503,1000,9015,57,"differential_object_marking","overall","all",NA,NA,0.000999000999000999,TRUE,"confirmatory"
246,0.578978620473709,0.500020640927528,0.514854686731442,0.000999000999000999,2,0.000999000999000999,TRUE,0.513376016124503,1000,9015,57,"differential_object_marking","overall","all",NA,NA,0.000999000999000999,TRUE,"confirmatory"
250,0.576888187815488,0.500187436850579,0.515790959774844,0.000999000999000999,2,0.000999000999000999,TRUE,0.513376016124503,1000,9015,57,"differential_object_marking","overall","all",NA,NA,0.000999000999000999,TRUE,"confirmatory"
254,0.572637541993835,0.500223434439344,0.516122128528406,0.000999000999000999,2,0.000999000999000999,TRUE,0.513376016124503,1000,9015,57,"differential_object_marking","overall","all",NA,NA,0.000999000999000999,TRUE,"confirmatory"
258,0.571789905487049,0.500152404874209,0.516128067919013,0.000999000999000999,2,0.000999000999000999,TRUE,0.513376016124503,1000,9015,57,"differential_object_marking","overall","all",NA,NA,0.000999000999000999,TRUE,"confirmatory"
262,0.57176026776735,0.500118426019644,0.515710606537533,0.000999000999000999,2,0.000999000999000999,TRUE,0.513376016124503,1000,9015,57,"differential_object_marking","overall","all",NA,NA,0.000999000999000999,TRUE,"confirmatory"
266,0.5676872850441,0.500312950129122,0.516079552611398,0.000999000999000999,2,0.000999000999000999,TRUE,0.513376016124503,1000,9015,57,"differential_object_marking","overall","all",NA,NA,0.000999000999000999,TRUE,"confirmatory"
270,0.564493157925287,0.500171386818966,0.514927002479869,0.000999000999000999,2,0.000999000999000999,TRUE,0.513376016124503,1000,9015,57,"differential_object_marking","overall","all",NA,NA,0.000999000999000999,TRUE,"confirmatory"
274,0.561137743230552,0.500005790454614,0.515605110923421,0.000999000999000999,2,0.000999000999000999,TRUE,0.513376016124503,1000,9015,57,"differential_object_marking","overall","all",NA,NA,0.000999000999000999,TRUE,"confirmatory"
278,0.561489625284825,0.499876699817056,0.516222342715231,0.000999000999000999,2,0.000999000999000999,TRUE,0.513376016124503,1000,9015,57,"differential_object_marking","overall","all",NA,NA,0.000999000999000999,TRUE,"confirmatory"
282,0.561154693013315,0.499850032989944,0.516498254240086,0.000999000999000999,2,0.000999000999000999,TRUE,0.513376016124503,1000,9015,57,"differential_object_marking","overall","all",NA,NA,0.000999000999000999,TRUE,"confirmatory"
286,0.556731097651924,0.499869096947479,0.5154307277448,0.000999000999000999,2,0.000999000999000999,TRUE,0.513376016124503,1000,9015,57,"differential_object_marking","overall","all",NA,NA,0.000999000999000999,TRUE,"confirmatory"
290,0.549873036345304,0.499782657565563,0.516045020092471,0.000999000999000999,2,0.000999000999000999,TRUE,0.513376016124503,1000,9015,57,"differential_object_marking","overall","all",NA,NA,0.000999000999000999,TRUE,"confirmatory"
294,0.551224040647718,0.499859050312411,0.516307852904651,0.000999000999000999,2,0.000999000999000999,TRUE,0.513376016124503,1000,9015,57,"differential_object_marking","overall","all",NA,NA,0.000999000999000999,TRUE,"confirmatory"
298,0.551640365259184,0.499973164241661,0.515897587774388,0.000999000999000999,2,0.000999000999000999,TRUE,0.513376016124503,1000,9015,57,"differential_object_marking","overall","all",NA,NA,0.000999000999000999,TRUE,"confirmatory"
302,0.546762137323807,0.50019431490817,0.51547172999602,0.000999000999000999,2,0.000999000999000999,TRUE,0.513376016124503,1000,9015,57,"differential_object_marking","overall","all",NA,NA,0.000999000999000999,TRUE,"confirmatory"
306,0.545066133938073,0.500466075504963,0.516262351788312,0.000999000999000999,2,0.000999000999000999,TRUE,0.513376016124503,1000,9015,57,"differential_object_marking","overall","all",NA,NA,0.000999000999000999,TRUE,"confirmatory"
310,0.546782954611538,0.500432533533211,0.516503007804104,0.000999000999000999,2,0.000999000999000999,TRUE,0.513376016124503,1000,9015,57,"differential_object_marking","overall","all",NA,NA,0.000999000999000999,TRUE,"confirmatory"
314,0.54702425973912,0.500230614641765,0.515683719895742,0.000999000999000999,2,0.000999000999000999,TRUE,0.513376016124503,1000,9015,57,"differential_object_marking","overall","all",NA,NA,0.000999000999000999,TRUE,"confirmatory"
318,0.549719899087719,0.499759701265662,0.516152792970992,0.000999000999000999,2,0.000999000999000999,TRUE,0.513376016124503,1000,9015,57,"differential_object_marking","overall","all",NA,NA,0.000999000999000999,TRUE,"confirmatory"
322,0.549867251497966,0.499574092422004,0.515654243107903,0.000999000999000999,2,0.000999000999000999,TRUE,0.513376016124503,1000,9015,57,"differential_object_marking","overall","all",NA,NA,0.000999000999000999,TRUE,"confirmatory"
326,0.550641259938342,0.499599423742513,0.516390575408951,0.000999000999000999,2,0.000999000999000999,TRUE,0.513376016124503,1000,9015,57,"differential_object_marking","overall","all",NA,NA,0.000999000999000999,TRUE,"confirmatory"
330,0.553018158754867,0.49981889185264,0.515984564764111,0.000999000999000999,2,0.000999000999000999,TRUE,0.513376016124503,1000,9015,57,"differential_object_marking","overall","all",NA,NA,0.000999000999000999,TRUE,"confirmatory"
334,0.550218925445566,0.499816562565291,0.515803448550931,0.000999000999000999,2,0.000999000999000999,TRUE,0.513376016124503,1000,9015,57,"differential_object_marking","overall","all",NA,NA,0.000999000999000999,TRUE,"confirmatory"
338,0.549468621531792,0.500175526887412,0.515662085684884,0.000999000999000999,2,0.000999000999000999,TRUE,0.513376016124503,1000,9015,57,"differential_object_marking","overall","all",NA,NA,0.000999000999000999,TRUE,"confirmatory"
342,0.550755649767049,0.500237155198549,0.515838018087853,0.000999000999000999,2,0.000999000999000999,TRUE,0.513376016124503,1000,9015,57,"differential_object_marking","overall","all",NA,NA,0.000999000999000999,TRUE,"confirmatory"
346,0.551774985337287,0.499981118298929,0.515565454979008,0.000999000999000999,2,0.000999000999000999,TRUE,0.513376016124503,1000,9015,57,"differential_object_marking","overall","all",NA,NA,0.000999000999000999,TRUE,"confirmatory"
350,0.555110509421109,0.500094598503437,0.514762970019744,0.000999000999000999,2,0.000999000999000999,TRUE,0.513376016124503,1000,9015,57,"differential_object_marking","overall","all",NA,NA,0.000999000999000999,TRUE,"confirmatory"
354,0.553711895398671,0.499949829906056,0.515601203627497,0.000999000999000999,2,0.000999000999000999,TRUE,0.513376016124503,1000,9015,57,"differential_object_marking","overall","all",NA,NA,0.000999000999000999,TRUE,"confirmatory"
358,0.556264421384917,0.499960050761148,0.515624304140838,0.000999000999000999,2,0.000999000999000999,TRUE,0.513376016124503,1000,9015,57,"differential_object_marking","overall","all",NA,NA,0.000999000999000999,TRUE,"confirmatory"
362,0.557876386352901,0.499959787491854,0.514835776712865,0.000999000999000999,2,0.000999000999000999,TRUE,0.513376016124503,1000,9015,57,"differential_object_marking","overall","all",NA,NA,0.000999000999000999,TRUE,"confirmatory"
366,0.56083223494898,0.500081188548664,0.515517332097955,0.000999000999000999,2,0.000999000999000999,TRUE,0.513376016124503,1000,9015,57,"differential_object_marking","overall","all",NA,NA,0.000999000999000999,TRUE,"confirmatory"
370,0.561484204732234,0.500063797877887,0.515144881767321,0.000999000999000999,2,0.000999000999000999,TRUE,0.513376016124503,1000,9015,57,"differential_object_marking","overall","all",NA,NA,0.000999000999000999,TRUE,"confirmatory"
374,0.563983640027599,0.500008270334781,0.515790715712751,0.000999000999000999,2,0.000999000999000999,TRUE,0.513376016124503,1000,9015,57,"differential_object_marking","overall","all",NA,NA,0.000999000999000999,TRUE,"confirmatory"
378,0.563844750998064,0.5000371722477,0.516093174136276,0.000999000999000999,2,0.000999000999000999,TRUE,0.513376016124503,1000,9015,57,"differential_object_marking","overall","all",NA,NA,0.000999000999000999,TRUE,"confirmatory"
382,0.567989421824277,0.50022323370648,0.516154976351266,0.000999000999000999,2,0.000999000999000999,TRUE,0.513376016124503,1000,9015,57,"differential_object_marking","overall","all",NA,NA,0.000999000999000999,TRUE,"confirmatory"
386,0.56736185806925,0.500138250916593,0.515446620743743,0.000999000999000999,2,0.000999000999000999,TRUE,0.513376016124503,1000,9015,57,"differential_object_marking","overall","all",NA,NA,0.000999000999000999,TRUE,"confirmatory"
390,0.56620268511151,0.500183624992649,0.516346776260493,0.000999000999000999,2,0.000999000999000999,TRUE,0.513376016124503,1000,9015,57,"differential_object_marking","overall","all",NA,NA,0.000999000999000999,TRUE,"confirmatory"
394,0.564231528318244,0.500236746864865,0.516240641036764,0.000999000999000999,2,0.000999000999000999,TRUE,0.513376016124503,1000,9015,57,"differential_object_marking","overall","all",NA,NA,0.000999000999000999,TRUE,"confirmatory"
398,0.558391176679993,0.500260438261345,0.516280808715528,0.000999000999000999,2,0.000999000999000999,TRUE,0.513376016124503,1000,9015,57,"differential_object_marking","overall","all",NA,NA,0.000999000999000999,TRUE,"confirmatory"
402,0.555745781565332,0.500293135546015,0.516352874880225,0.000999000999000999,2,0.000999000999000999,TRUE,0.513376016124503,1000,9015,57,"differential_object_marking","overall","all",NA,NA,0.000999000999000999,TRUE,"confirmatory"
406,0.553118217971946,0.500342915418192,0.516072340485838,0.000999000999000999,2,0.000999000999000999,TRUE,0.513376016124503,1000,9015,57,"differential_object_marking","overall","all",NA,NA,0.000999000999000999,TRUE,"confirmatory"
410,0.55234080106783,0.500370506450883,0.515994395485515,0.000999000999000999,2,0.000999000999000999,TRUE,0.513376016124503,1000,9015,57,"differential_object_marking","overall","all",NA,NA,0.000999000999000999,TRUE,"confirmatory"
414,0.553649216982251,0.500348141735312,0.517170057787662,0.000999000999000999,2,0.000999000999000999,TRUE,0.513376016124503,1000,9015,57,"differential_object_marking","overall","all",NA,NA,0.000999000999000999,TRUE,"confirmatory"
418,0.556255924580132,0.50007447385231,0.515833352679831,0.000999000999000999,2,0.000999000999000999,TRUE,0.513376016124503,1000,9015,57,"differential_object_marking","overall","all",NA,NA,0.000999000999000999,TRUE,"confirmatory"
422,0.555203691449581,0.499837212231039,0.515785554072159,0.000999000999000999,2,0.000999000999000999,TRUE,0.513376016124503,1000,9015,57,"differential_object_marking","overall","all",NA,NA,0.000999000999000999,TRUE,"confirmatory"
426,0.553512000176353,0.499946931042201,0.516140096264831,0.000999000999000999,2,0.000999000999000999,TRUE,0.513376016124503,1000,9015,57,"differential_object_marking","overall","all",NA,NA,0.000999000999000999,TRUE,"confirmatory"
430,0.554826202996198,0.499846267246848,0.515351126084551,0.000999000999000999,2,0.000999000999000999,TRUE,0.513376016124503,1000,9015,57,"differential_object_marking","overall","all",NA,NA,0.000999000999000999,TRUE,"confirmatory"
434,0.556439314796706,0.499810053036724,0.515925229299908,0.000999000999000999,2,0.000999000999000999,TRUE,0.513376016124503,1000,9015,57,"differential_object_marking","overall","all",NA,NA,0.000999000999000999,TRUE,"confirmatory"
438,0.563042527046981,0.499860283238086,0.51559540950456,0.000999000999000999,2,0.000999000999000999,TRUE,0.513376016124503,1000,9015,57,"differential_object_marking","overall","all",NA,NA,0.000999000999000999,TRUE,"confirmatory"
442,0.564442819215132,0.499786264430512,0.515003035789547,0.000999000999000999,2,0.000999000999000999,TRUE,0.513376016124503,1000,9015,57,"differential_object_marking","overall","all",NA,NA,0.000999000999000999,TRUE,"confirmatory"
446,0.559734893280765,0.499770968850068,0.515635953981947,0.000999000999000999,2,0.000999000999000999,TRUE,0.513376016124503,1000,9015,57,"differential_object_marking","overall","all",NA,NA,0.000999000999000999,TRUE,"confirmatory"
450,0.556001780851931,0.499892094762818,0.51582471780548,0.000999000999000999,2,0.000999000999000999,TRUE,0.513376016124503,1000,9015,57,"differential_object_marking","overall","all",NA,NA,0.000999000999000999,TRUE,"confirmatory"
454,0.556445064104736,0.500035240823747,0.515442995238099,0.000999000999000999,2,0.000999000999000999,TRUE,0.513376016124503,1000,9015,57,"differential_object_marking","overall","all",NA,NA,0.000999000999000999,TRUE,"confirmatory"
458,0.557184685668554,0.500123101558716,0.516153001106098,0.000999000999000999,2,0.000999000999000999,TRUE,0.513376016124503,1000,9015,57,"differential_object_marking","overall","all",NA,NA,0.000999000999000999,TRUE,"confirmatory"
462,0.561800192578847,0.500132210549011,0.515924878418155,0.000999000999000999,2,0.000999000999000999,TRUE,0.513376016124503,1000,9015,57,"differential_object_marking","overall","all",NA,NA,0.000999000999000999,TRUE,"confirmatory"
466,0.567858543438517,0.500110844871503,0.515877425483934,0.000999000999000999,2,0.000999000999000999,TRUE,0.513376016124503,1000,9015,57,"differential_object_marking","overall","all",NA,NA,0.000999000999000999,TRUE,"confirmatory"
470,0.572729531630508,0.499927441153073,0.515711950373592,0.000999000999000999,2,0.000999000999000999,TRUE,0.513376016124503,1000,9015,57,"differential_object_marking","overall","all",NA,NA,0.000999000999000999,TRUE,"confirmatory"
474,0.572654033465453,0.499893623704568,0.514829482299419,0.000999000999000999,2,0.000999000999000999,TRUE,0.513376016124503,1000,9015,57,"differential_object_marking","overall","all",NA,NA,0.000999000999000999,TRUE,"confirmatory"
478,0.568940143592238,0.499849981615919,0.515350464662634,0.000999000999000999,2,0.000999000999000999,TRUE,0.513376016124503,1000,9015,57,"differential_object_marking","overall","all",NA,NA,0.000999000999000999,TRUE,"confirmatory"
482,0.565469607583771,0.499796372555907,0.515612755523333,0.000999000999000999,2,0.000999000999000999,TRUE,0.513376016124503,1000,9015,57,"differential_object_marking","overall","all",NA,NA,0.000999000999000999,TRUE,"confirmatory"
486,0.562370516369808,0.499738324739877,0.515397617675451,0.000999000999000999,2,0.000999000999000999,TRUE,0.513376016124503,1000,9015,57,"differential_object_marking","overall","all",NA,NA,0.000999000999000999,TRUE,"confirmatory"
490,0.560548452003312,0.499516260501049,0.515224741081296,0.000999000999000999,2,0.000999000999000999,TRUE,0.513376016124503,1000,9015,57,"differential_object_marking","overall","all",NA,NA,0.000999000999000999,TRUE,"confirmatory"
494,0.561248077210112,0.499464841502095,0.515097592243533,0.000999000999000999,2,0.000999000999000999,TRUE,0.513376016124503,1000,9015,57,"differential_object_marking","overall","all",NA,NA,0.000999000999000999,TRUE,"confirmatory"
498,0.561133724491494,0.49951948037319,0.515259127380254,0.000999000999000999,2,0.000999000999000999,TRUE,0.513376016124503,1000,9015,57,"differential_object_marking","overall","all",NA,NA,0.000999000999000999,TRUE,"confirmatory"
502,0.563491087485641,0.499489604333243,0.515311233367179,0.000999000999000999,2,0.000999000999000999,TRUE,0.513376016124503,1000,9015,57,"differential_object_marking","overall","all",NA,NA,0.000999000999000999,TRUE,"confirmatory"
506,0.564123368697388,0.499604785282366,0.51463836068091,0.000999000999000999,2,0.000999000999000999,TRUE,0.513376016124503,1000,9015,57,"differential_object_marking","overall","all",NA,NA,0.000999000999000999,TRUE,"confirmatory"
510,0.562934136601529,0.499841203418383,0.515383343513285,0.000999000999000999,2,0.000999000999000999,TRUE,0.513376016124503,1000,9015,57,"differential_object_marking","overall","all",NA,NA,0.000999000999000999,TRUE,"confirmatory"
514,0.561237170992834,0.499935604198368,0.515674231218492,0.000999000999000999,2,0.000999000999000999,TRUE,0.513376016124503,1000,9015,57,"differential_object_marking","overall","all",NA,NA,0.000999000999000999,TRUE,"confirmatory"
518,0.562118973445582,0.499895549667823,0.515541080608458,0.000999000999000999,2,0.000999000999000999,TRUE,0.513376016124503,1000,9015,57,"differential_object_marking","overall","all",NA,NA,0.000999000999000999,TRUE,"confirmatory"
522,0.5634979902583,0.500116105491514,0.516057048914916,0.000999000999000999,2,0.000999000999000999,TRUE,0.513376016124503,1000,9015,57,"differential_object_marking","overall","all",NA,NA,0.000999000999000999,TRUE,"confirmatory"
526,0.562983333057285,0.500317369830475,0.515885252626645,0.000999000999000999,2,0.000999000999000999,TRUE,0.513376016124503,1000,9015,57,"differential_object_marking","overall","all",NA,NA,0.000999000999000999,TRUE,"confirmatory"
530,0.563427030691788,0.500263817743996,0.515965168752635,0.000999000999000999,2,0.000999000999000999,TRUE,0.513376016124503,1000,9015,57,"differential_object_marking","overall","all",NA,NA,0.000999000999000999,TRUE,"confirmatory"
534,0.560659930535027,0.500166598448618,0.51669681462652,0.000999000999000999,2,0.000999000999000999,TRUE,0.513376016124503,1000,9015,57,"differential_object_marking","overall","all",NA,NA,0.000999000999000999,TRUE,"confirmatory"
538,0.556092861612191,0.500090751414283,0.516284508407308,0.000999000999000999,2,0.000999000999000999,TRUE,0.513376016124503,1000,9015,57,"differential_object_marking","overall","all",NA,NA,0.000999000999000999,TRUE,"confirmatory"
542,0.547032365431493,0.4998903914364,0.514458115799801,0.000999000999000999,2,0.000999000999000999,TRUE,0.513376016124503,1000,9015,57,"differential_object_marking","overall","all",NA,NA,0.000999000999000999,TRUE,"confirmatory"
546,0.544537971252028,0.499766013201486,0.516271159453238,0.000999000999000999,2,0.000999000999000999,TRUE,0.513376016124503,1000,9015,57,"differential_object_marking","overall","all",NA,NA,0.000999000999000999,TRUE,"confirmatory"
550,0.545823148906321,0.500065264580038,0.515523775483807,0.000999000999000999,2,0.000999000999000999,TRUE,0.513376016124503,1000,9015,57,"differential_object_marking","overall","all",NA,NA,0.000999000999000999,TRUE,"confirmatory"
554,0.548492428960931,0.500077863711785,0.515458633817777,0.000999000999000999,2,0.000999000999000999,TRUE,0.513376016124503,1000,9015,57,"differential_object_marking","overall","all",NA,NA,0.000999000999000999,TRUE,"confirmatory"
558,0.551712830020566,0.500195002815633,0.516022042194685,0.000999000999000999,2,0.000999000999000999,TRUE,0.513376016124503,1000,9015,57,"differential_object_marking","overall","all",NA,NA,0.000999000999000999,TRUE,"confirmatory"
562,0.555602965403011,0.500177060314554,0.515739887399286,0.000999000999000999,2,0.000999000999000999,TRUE,0.513376016124503,1000,9015,57,"differential_object_marking","overall","all",NA,NA,0.000999000999000999,TRUE,"confirmatory"
566,0.56033540116011,0.499874070723517,0.515650908253749,0.000999000999000999,2,0.000999000999000999,TRUE,0.513376016124503,1000,9015,57,"differential_object_marking","overall","all",NA,NA,0.000999000999000999,TRUE,"confirmatory"
570,0.563434287652225,0.499701855810707,0.51563348919075,0.000999000999000999,2,0.000999000999000999,TRUE,0.513376016124503,1000,9015,57,"differential_object_marking","overall","all",NA,NA,0.000999000999000999,TRUE,"confirmatory"
574,0.562720459933515,0.499614246002999,0.515927278532999,0.000999000999000999,2,0.000999000999000999,TRUE,0.513376016124503,1000,9015,57,"differential_object_marking","overall","all",NA,NA,0.000999000999000999,TRUE,"confirmatory"
578,0.560376504292541,0.499804745744533,0.515456863715835,0.000999000999000999,2,0.000999000999000999,TRUE,0.513376016124503,1000,9015,57,"differential_object_marking","overall","all",NA,NA,0.000999000999000999,TRUE,"confirmatory"
582,0.557063193717893,0.499951040266169,0.516391548892636,0.000999000999000999,2,0.000999000999000999,TRUE,0.513376016124503,1000,9015,57,"differential_object_marking","overall","all",NA,NA,0.000999000999000999,TRUE,"confirmatory"
586,0.553083150236865,0.499897674359095,0.516299994351384,0.000999000999000999,2,0.000999000999000999,TRUE,0.513376016124503,1000,9015,57,"differential_object_marking","overall","all",NA,NA,0.000999000999000999,TRUE,"confirmatory"
590,0.551087732573173,0.49989042523803,0.516420042437842,0.000999000999000999,2,0.000999000999000999,TRUE,0.513376016124503,1000,9015,57,"differential_object_marking","overall","all",NA,NA,0.000999000999000999,TRUE,"confirmatory"
594,0.553279662539552,0.499774688045472,0.515320938144308,0.000999000999000999,2,0.000999000999000999,TRUE,0.513376016124503,1000,9015,57,"differential_object_marking","overall","all",NA,NA,0.000999000999000999,TRUE,"confirmatory"
598,0.552867641956871,0.499775495860463,0.514841787329208,0.000999000999000999,2,0.000999000999000999,TRUE,0.513376016124503,1000,9015,57,"differential_object_marking","overall","all",NA,NA,0.000999000999000999,TRUE,"confirmatory"
602,0.554912879967754,0.499820520698583,0.515394946323927,0.000999000999000999,2,0.000999000999000999,TRUE,0.513376016124503,1000,9015,57,"differential_object_marking","overall","all",NA,NA,0.000999000999000999,TRUE,"confirmatory"
606,0.554112011494064,0.499978451470908,0.515459965859758,0.000999000999000999,2,0.000999000999000999,TRUE,0.513376016124503,1000,9015,57,"differential_object_marking","overall","all",NA,NA,0.000999000999000999,TRUE,"confirmatory"
610,0.550426673718182,0.49992503278763,0.515166913121742,0.000999000999000999,2,0.000999000999000999,TRUE,0.513376016124503,1000,9015,57,"differential_object_marking","overall","all",NA,NA,0.000999000999000999,TRUE,"confirmatory"
614,0.543262574132616,0.499935228095121,0.514680761528522,0.000999000999000999,2,0.000999000999000999,TRUE,0.513376016124503,1000,9015,57,"differential_object_marking","overall","all",NA,NA,0.000999000999000999,TRUE,"confirmatory"
618,0.536138706914373,0.500046650440848,0.514722021062407,0.000999000999000999,2,0.000999000999000999,TRUE,0.513376016124503,1000,9015,57,"differential_object_marking","overall","all",NA,NA,0.000999000999000999,TRUE,"confirmatory"
622,0.532511607710967,0.500104628983085,0.515413266471569,0.000999000999000999,2,0.000999000999000999,TRUE,0.513376016124503,1000,9015,57,"differential_object_marking","overall","all",NA,NA,0.000999000999000999,TRUE,"confirmatory"
626,0.53330024510323,0.500175069789585,0.516277243206738,0.000999000999000999,2,0.000999000999000999,TRUE,0.513376016124503,1000,9015,57,"differential_object_marking","overall","all",NA,NA,0.000999000999000999,TRUE,"confirmatory"
630,0.538312506991983,0.500106529606194,0.516414729130801,0.000999000999000999,2,0.000999000999000999,TRUE,0.513376016124503,1000,9015,57,"differential_object_marking","overall","all",NA,NA,0.000999000999000999,TRUE,"confirmatory"
634,0.543427551767605,0.499945794118936,0.515190212725196,0.000999000999000999,2,0.000999000999000999,TRUE,0.513376016124503,1000,9015,57,"differential_object_marking","overall","all",NA,NA,0.000999000999000999,TRUE,"confirmatory"
638,0.546238467654996,0.499893041099596,0.515300689861488,0.000999000999000999,2,0.000999000999000999,TRUE,0.513376016124503,1000,9015,57,"differential_object_marking","overall","all",NA,NA,0.000999000999000999,TRUE,"confirmatory"
642,0.545238436539472,0.499649179268087,0.516405279310297,0.000999000999000999,2,0.000999000999000999,TRUE,0.513376016124503,1000,9015,57,"differential_object_marking","overall","all",NA,NA,0.000999000999000999,TRUE,"confirmatory"
646,0.54058965780662,0.499535513060208,0.515103868511342,0.000999000999000999,2,0.000999000999000999,TRUE,0.513376016124503,1000,9015,57,"differential_object_marking","overall","all",NA,NA,0.000999000999000999,TRUE,"confirmatory"
650,0.538971941748122,0.499516189841868,0.514987154645848,0.000999000999000999,2,0.000999000999000999,TRUE,0.513376016124503,1000,9015,57,"differential_object_marking","overall","all",NA,NA,0.000999000999000999,TRUE,"confirmatory"
654,0.54345863423665,0.499720717249883,0.514071980592308,0.000999000999000999,2,0.000999000999000999,TRUE,0.513376016124503,1000,9015,57,"differential_object_marking","overall","all",NA,NA,0.000999000999000999,TRUE,"confirmatory"
658,0.543566571688119,0.499737953039084,0.515501923436963,0.000999000999000999,2,0.000999000999000999,TRUE,0.513376016124503,1000,9015,57,"differential_object_marking","overall","all",NA,NA,0.000999000999000999,TRUE,"confirmatory"
662,0.543860553058705,0.499717625655982,0.515736652877453,0.000999000999000999,2,0.000999000999000999,TRUE,0.513376016124503,1000,9015,57,"differential_object_marking","overall","all",NA,NA,0.000999000999000999,TRUE,"confirmatory"
666,0.543074549939519,0.499794295275121,0.515883024066338,0.000999000999000999,2,0.000999000999000999,TRUE,0.513376016124503,1000,9015,57,"differential_object_marking","overall","all",NA,NA,0.000999000999000999,TRUE,"confirmatory"
670,0.544873337379489,0.499619657866272,0.515532272262564,0.000999000999000999,2,0.000999000999000999,TRUE,0.513376016124503,1000,9015,57,"differential_object_marking","overall","all",NA,NA,0.000999000999000999,TRUE,"confirmatory"
674,0.547407286658909,0.4995739642166,0.514984254438994,0.000999000999000999,2,0.000999000999000999,TRUE,0.513376016124503,1000,9015,57,"differential_object_marking","overall","all",NA,NA,0.000999000999000999,TRUE,"confirmatory"
678,0.545292585001602,0.499576630191923,0.515946447055207,0.000999000999000999,2,0.000999000999000999,TRUE,0.513376016124503,1000,9015,57,"differential_object_marking","overall","all",NA,NA,0.000999000999000999,TRUE,"confirmatory"
682,0.541673005636213,0.499575816950098,0.515619449349196,0.000999000999000999,2,0.000999000999000999,TRUE,0.513376016124503,1000,9015,57,"differential_object_marking","overall","all",NA,NA,0.000999000999000999,TRUE,"confirmatory"
686,0.541158655912821,0.499638730817115,0.515786367570704,0.000999000999000999,2,0.000999000999000999,TRUE,0.513376016124503,1000,9015,57,"differential_object_marking","overall","all",NA,NA,0.000999000999000999,TRUE,"confirmatory"
690,0.542136439605462,0.499618950485274,0.515953558280802,0.000999000999000999,2,0.000999000999000999,TRUE,0.513376016124503,1000,9015,57,"differential_object_marking","overall","all",NA,NA,0.000999000999000999,TRUE,"confirmatory"
694,0.542885997492641,0.499953378880638,0.515091030760584,0.000999000999000999,2,0.000999000999000999,TRUE,0.513376016124503,1000,9015,57,"differential_object_marking","overall","all",NA,NA,0.000999000999000999,TRUE,"confirmatory"
698,0.544219470323164,0.500028850370333,0.514672913474463,0.000999000999000999,2,0.000999000999000999,TRUE,0.513376016124503,1000,9015,57,"differential_object_marking","overall","all",NA,NA,0.000999000999000999,TRUE,"confirmatory"
702,0.545105488197198,0.500076624400546,0.516113535321791,0.000999000999000999,2,0.000999000999000999,TRUE,0.513376016124503,1000,9015,57,"differential_object_marking","overall","all",NA,NA,0.000999000999000999,TRUE,"confirmatory"
706,0.546093948538661,0.500127590797673,0.515873485752028,0.000999000999000999,2,0.000999000999000999,TRUE,0.513376016124503,1000,9015,57,"differential_object_marking","overall","all",NA,NA,0.000999000999000999,TRUE,"confirmatory"
710,0.546933828608656,0.500280798363774,0.516606518202878,0.000999000999000999,2,0.000999000999000999,TRUE,0.513376016124503,1000,9015,57,"differential_object_marking","overall","all",NA,NA,0.000999000999000999,TRUE,"confirmatory"
714,0.543001500530982,0.500292367841153,0.516428198537379,0.000999000999000999,2,0.000999000999000999,TRUE,0.513376016124503,1000,9015,57,"differential_object_marking","overall","all",NA,NA,0.000999000999000999,TRUE,"confirmatory"
718,0.53935151213154,0.500223236286689,0.516199179497718,0.000999000999000999,2,0.000999000999000999,TRUE,0.513376016124503,1000,9015,57,"differential_object_marking","overall","all",NA,NA,0.000999000999000999,TRUE,"confirmatory"
722,0.536023340446193,0.500118266479647,0.515605862073304,0.000999000999000999,2,0.000999000999000999,TRUE,0.513376016124503,1000,9015,57,"differential_object_marking","overall","all",NA,NA,0.000999000999000999,TRUE,"confirmatory"
726,0.534575347045348,0.500179934584773,0.51535333397639,0.000999000999000999,2,0.000999000999000999,TRUE,0.513376016124503,1000,9015,57,"differential_object_marking","overall","all",NA,NA,0.000999000999000999,TRUE,"confirmatory"
730,0.539502625947973,0.50013911230892,0.514941741369736,0.000999000999000999,2,0.000999000999000999,TRUE,0.513376016124503,1000,9015,57,"differential_object_marking","overall","all",NA,NA,0.000999000999000999,TRUE,"confirmatory"
734,0.540829150937075,0.499972980471811,0.515071812484844,0.000999000999000999,2,0.000999000999000999,TRUE,0.513376016124503,1000,9015,57,"differential_object_marking","overall","all",NA,NA,0.000999000999000999,TRUE,"confirmatory"
738,0.540711476298699,0.499965744118527,0.513862396916285,0.000999000999000999,2,0.000999000999000999,TRUE,0.513376016124503,1000,9015,57,"differential_object_marking","overall","all",NA,NA,0.000999000999000999,TRUE,"confirmatory"
742,0.540231395229873,0.49987900035118,0.514168611502838,0.000999000999000999,2,0.000999000999000999,TRUE,0.513376016124503,1000,9015,57,"differential_object_marking","overall","all",NA,NA,0.000999000999000999,TRUE,"confirmatory"
746,0.538819046271956,0.499845753586082,0.515219481766221,0.000999000999000999,2,0.000999000999000999,TRUE,0.513376016124503,1000,9015,57,"differential_object_marking","overall","all",NA,NA,0.000999000999000999,TRUE,"confirmatory"
750,0.538034756272408,0.499840990601373,0.51537214907787,0.000999000999000999,2,0.000999000999000999,TRUE,0.513376016124503,1000,9015,57,"differential_object_marking","overall","all",NA,NA,0.000999000999000999,TRUE,"confirmatory"
754,0.533847403449163,0.499901467687041,0.515454414516315,0.000999000999000999,2,0.000999000999000999,TRUE,0.513376016124503,1000,9015,57,"differential_object_marking","overall","all",NA,NA,0.000999000999000999,TRUE,"confirmatory"
758,0.530400349027541,0.499860747640727,0.51461002797977,0.000999000999000999,2,0.000999000999000999,TRUE,0.513376016124503,1000,9015,57,"differential_object_marking","overall","all",NA,NA,0.000999000999000999,TRUE,"confirmatory"
762,0.52527623805828,0.500023198171217,0.514668578958471,0.001998001998002,2,0.000999000999000999,TRUE,0.513376016124503,1000,9015,57,"differential_object_marking","overall","all",NA,NA,0.000999000999000999,TRUE,"confirmatory"
766,0.526643762307766,0.500063386047326,0.514997990340796,0.001998001998002,2,0.000999000999000999,TRUE,0.513376016124503,1000,9015,57,"differential_object_marking","overall","all",NA,NA,0.000999000999000999,TRUE,"confirmatory"
770,0.531094052475278,0.500002366258905,0.515533193174955,0.000999000999000999,2,0.000999000999000999,TRUE,0.513376016124503,1000,9015,57,"differential_object_marking","overall","all",NA,NA,0.000999000999000999,TRUE,"confirmatory"
774,0.536280299629956,0.499981639276219,0.515758485087519,0.000999000999000999,2,0.000999000999000999,TRUE,0.513376016124503,1000,9015,57,"differential_object_marking","overall","all",NA,NA,0.000999000999000999,TRUE,"confirmatory"
778,0.537519264642541,0.499867240809838,0.51528522197874,0.000999000999000999,2,0.000999000999000999,TRUE,0.513376016124503,1000,9015,57,"differential_object_marking","overall","all",NA,NA,0.000999000999000999,TRUE,"confirmatory"
782,0.538910230690599,0.499759351972174,0.51543126495462,0.000999000999000999,2,0.000999000999000999,TRUE,0.513376016124503,1000,9015,57,"differential_object_marking","overall","all",NA,NA,0.000999000999000999,TRUE,"confirmatory"
786,0.539409489378642,0.499595432551274,0.515643056401068,0.000999000999000999,2,0.000999000999000999,TRUE,0.513376016124503,1000,9015,57,"differential_object_marking","overall","all",NA,NA,0.000999000999000999,TRUE,"confirmatory"
790,0.545171939443967,0.499435336164503,0.514903599181424,0.000999000999000999,2,0.000999000999000999,TRUE,0.513376016124503,1000,9015,57,"differential_object_marking","overall","all",NA,NA,0.000999000999000999,TRUE,"confirmatory"
794,0.547626932654349,0.499592071472912,0.515097665279897,0.000999000999000999,2,0.000999000999000999,TRUE,0.513376016124503,1000,9015,57,"differential_object_marking","overall","all",NA,NA,0.000999000999000999,TRUE,"confirmatory"
798,0.547007008461304,0.499815543646609,0.515100032200862,0.000999000999000999,2,0.000999000999000999,TRUE,0.513376016124503,1000,9015,57,"differential_object_marking","overall","all",NA,NA,0.000999000999000999,TRUE,"confirmatory"
802,0.543897520130797,0.500014989903999,0.516150937918885,0.000999000999000999,2,0.000999000999000999,TRUE,0.513376016124503,1000,9015,57,"differential_object_marking","overall","all",NA,NA,0.000999000999000999,TRUE,"confirmatory"
806,0.539383132601466,0.499992847731584,0.516650694558051,0.000999000999000999,2,0.000999000999000999,TRUE,0.513376016124503,1000,9015,57,"differential_object_marking","overall","all",NA,NA,0.000999000999000999,TRUE,"confirmatory"
810,0.539315551207702,0.500015042629224,0.5166008483966,0.000999000999000999,2,0.000999000999000999,TRUE,0.513376016124503,1000,9015,57,"differential_object_marking","overall","all",NA,NA,0.000999000999000999,TRUE,"confirmatory"
814,0.54043446692088,0.500059858869744,0.515715339568309,0.000999000999000999,2,0.000999000999000999,TRUE,0.513376016124503,1000,9015,57,"differential_object_marking","overall","all",NA,NA,0.000999000999000999,TRUE,"confirmatory"
818,0.536189141897084,0.500126294376377,0.515509465940531,0.000999000999000999,2,0.000999000999000999,TRUE,0.513376016124503,1000,9015,57,"differential_object_marking","overall","all",NA,NA,0.000999000999000999,TRUE,"confirmatory"
822,0.533059828697259,0.500069343510669,0.515111115521277,0.000999000999000999,2,0.000999000999000999,TRUE,0.513376016124503,1000,9015,57,"differential_object_marking","overall","all",NA,NA,0.000999000999000999,TRUE,"confirmatory"
826,0.534012065950026,0.499917275651147,0.515432114071792,0.000999000999000999,2,0.000999000999000999,TRUE,0.513376016124503,1000,9015,57,"differential_object_marking","overall","all",NA,NA,0.000999000999000999,TRUE,"confirmatory"
830,0.532742386205556,0.499804984082881,0.515380310746593,0.000999000999000999,2,0.000999000999000999,TRUE,0.513376016124503,1000,9015,57,"differential_object_marking","overall","all",NA,NA,0.000999000999000999,TRUE,"confirmatory"
834,0.530000117303728,0.49972284861979,0.515856639065041,0.000999000999000999,2,0.000999000999000999,TRUE,0.513376016124503,1000,9015,57,"differential_object_marking","overall","all",NA,NA,0.000999000999000999,TRUE,"confirmatory"
838,0.525418350757436,0.499776820564537,0.515731012946884,0.000999000999000999,2,0.000999000999000999,TRUE,0.513376016124503,1000,9015,57,"differential_object_marking","overall","all",NA,NA,0.000999000999000999,TRUE,"confirmatory"
842,0.524871925876502,0.499938630269407,0.516189917149241,0.001998001998002,2,0.000999000999000999,TRUE,0.513376016124503,1000,9015,57,"differential_object_marking","overall","all",NA,NA,0.000999000999000999,TRUE,"confirmatory"
846,0.524978168250048,0.500021115000102,0.515653330164738,0.001998001998002,2,0.000999000999000999,TRUE,0.513376016124503,1000,9015,57,"differential_object_marking","overall","all",NA,NA,0.000999000999000999,TRUE,"confirmatory"
850,0.5236994402379,0.49999410646515,0.515049645361894,0.000999000999000999,2,0.000999000999000999,TRUE,0.513376016124503,1000,9015,57,"differential_object_marking","overall","all",NA,NA,0.000999000999000999,TRUE,"confirmatory"
854,0.526161051502616,0.499977772147579,0.514931577215215,0.000999000999000999,2,0.000999000999000999,TRUE,0.513376016124503,1000,9015,57,"differential_object_marking","overall","all",NA,NA,0.000999000999000999,TRUE,"confirmatory"
858,0.530868794143361,0.499812474694499,0.516239400590415,0.000999000999000999,2,0.000999000999000999,TRUE,0.513376016124503,1000,9015,57,"differential_object_marking","overall","all",NA,NA,0.000999000999000999,TRUE,"confirmatory"
862,0.533389326274056,0.499805967805017,0.515104368013742,0.000999000999000999,2,0.000999000999000999,TRUE,0.513376016124503,1000,9015,57,"differential_object_marking","overall","all",NA,NA,0.000999000999000999,TRUE,"confirmatory"
866,0.533802366477903,0.499698475708182,0.51595174396011,0.000999000999000999,2,0.000999000999000999,TRUE,0.513376016124503,1000,9015,57,"differential_object_marking","overall","all",NA,NA,0.000999000999000999,TRUE,"confirmatory"
870,0.537626941790297,0.499563493914101,0.515760534927247,0.000999000999000999,2,0.000999000999000999,TRUE,0.513376016124503,1000,9015,57,"differential_object_marking","overall","all",NA,NA,0.000999000999000999,TRUE,"confirmatory"
874,0.537049715029507,0.499765489872515,0.515673629057806,0.000999000999000999,2,0.000999000999000999,TRUE,0.513376016124503,1000,9015,57,"differential_object_marking","overall","all",NA,NA,0.000999000999000999,TRUE,"confirmatory"
878,0.53864972266397,0.499917965530815,0.515777219009568,0.000999000999000999,2,0.000999000999000999,TRUE,0.513376016124503,1000,9015,57,"differential_object_marking","overall","all",NA,NA,0.000999000999000999,TRUE,"confirmatory"
882,0.539002965851639,0.499777149648962,0.516251327286331,0.000999000999000999,2,0.000999000999000999,TRUE,0.513376016124503,1000,9015,57,"differential_object_marking","overall","all",NA,NA,0.000999000999000999,TRUE,"confirmatory"
886,0.536157926165181,0.499699643993179,0.515145771991289,0.000999000999000999,2,0.000999000999000999,TRUE,0.513376016124503,1000,9015,57,"differential_object_marking","overall","all",NA,NA,0.000999000999000999,TRUE,"confirmatory"
890,0.536503808297025,0.499891154981203,0.51618483151211,0.000999000999000999,2,0.000999000999000999,TRUE,0.513376016124503,1000,9015,57,"differential_object_marking","overall","all",NA,NA,0.000999000999000999,TRUE,"confirmatory"
894,0.535448063946379,0.500108109020291,0.51521210956376,0.000999000999000999,2,0.000999000999000999,TRUE,0.513376016124503,1000,9015,57,"differential_object_marking","overall","all",NA,NA,0.000999000999000999,TRUE,"confirmatory"
898,0.537923246062729,0.500192896486843,0.515769846047914,0.000999000999000999,2,0.000999000999000999,TRUE,0.513376016124503,1000,9015,57,"differential_object_marking","overall","all",NA,NA,0.000999000999000999,TRUE,"confirmatory"
902,0.538503917959761,0.500024787380059,0.515858700521105,0.000999000999000999,2,0.000999000999000999,TRUE,0.513376016124503,1000,9015,57,"differential_object_marking","overall","all",NA,NA,0.000999000999000999,TRUE,"confirmatory"
906,0.535432382397901,0.499856782323148,0.514820290160947,0.000999000999000999,2,0.000999000999000999,TRUE,0.513376016124503,1000,9015,57,"differential_object_marking","overall","all",NA,NA,0.000999000999000999,TRUE,"confirmatory"
910,0.536845162371929,0.4998056812735,0.515163404598807,0.000999000999000999,2,0.000999000999000999,TRUE,0.513376016124503,1000,9015,57,"differential_object_marking","overall","all",NA,NA,0.000999000999000999,TRUE,"confirmatory"
914,0.54443370155505,0.499781773670928,0.515300398846044,0.000999000999000999,2,0.000999000999000999,TRUE,0.513376016124503,1000,9015,57,"differential_object_marking","overall","all",NA,NA,0.000999000999000999,TRUE,"confirmatory"
918,0.547529951220793,0.499592481678108,0.51503075381546,0.000999000999000999,2,0.000999000999000999,TRUE,0.513376016124503,1000,9015,57,"differential_object_marking","overall","all",NA,NA,0.000999000999000999,TRUE,"confirmatory"
922,0.549465626915459,0.499607777050885,0.515661692657034,0.000999000999000999,2,0.000999000999000999,TRUE,0.513376016124503,1000,9015,57,"differential_object_marking","overall","all",NA,NA,0.000999000999000999,TRUE,"confirmatory"
926,0.541478605371299,0.49965466678631,0.515825102474395,0.000999000999000999,2,0.000999000999000999,TRUE,0.513376016124503,1000,9015,57,"differential_object_marking","overall","all",NA,NA,0.000999000999000999,TRUE,"confirmatory"
930,0.534034165339399,0.499726741158302,0.515539307966935,0.000999000999000999,2,0.000999000999000999,TRUE,0.513376016124503,1000,9015,57,"differential_object_marking","overall","all",NA,NA,0.000999000999000999,TRUE,"confirmatory"
934,0.528958162285472,0.499627334203745,0.515266057057767,0.001998001998002,2,0.000999000999000999,TRUE,0.513376016124503,1000,9015,57,"differential_object_marking","overall","all",NA,NA,0.000999000999000999,TRUE,"confirmatory"
938,0.525757448496713,0.499710301523496,0.516229187155656,0.000999000999000999,2,0.000999000999000999,TRUE,0.513376016124503,1000,9015,57,"differential_object_marking","overall","all",NA,NA,0.000999000999000999,TRUE,"confirmatory"
942,0.526834058446793,0.499820102289256,0.516563615715702,0.000999000999000999,2,0.000999000999000999,TRUE,0.513376016124503,1000,9015,57,"differential_object_marking","overall","all",NA,NA,0.000999000999000999,TRUE,"confirmatory"
946,0.527081396269994,0.500096777798532,0.516562934347712,0.000999000999000999,2,0.000999000999000999,TRUE,0.513376016124503,1000,9015,57,"differential_object_marking","overall","all",NA,NA,0.000999000999000999,TRUE,"confirmatory"
950,0.530476114862838,0.500243661654903,0.515177592595634,0.000999000999000999,2,0.000999000999000999,TRUE,0.513376016124503,1000,9015,57,"differential_object_marking","overall","all",NA,NA,0.000999000999000999,TRUE,"confirmatory"
954,0.531909637824736,0.500343907874487,0.515689573980044,0.000999000999000999,2,0.000999000999000999,TRUE,0.513376016124503,1000,9015,57,"differential_object_marking","overall","all",NA,NA,0.000999000999000999,TRUE,"confirmatory"
958,0.535136885079471,0.500203453719176,0.515514434093275,0.000999000999000999,2,0.000999000999000999,TRUE,0.513376016124503,1000,9015,57,"differential_object_marking","overall","all",NA,NA,0.000999000999000999,TRUE,"confirmatory"
962,0.534619249335839,0.500098791718244,0.515376348628883,0.000999000999000999,2,0.000999000999000999,TRUE,0.513376016124503,1000,9015,57,"differential_object_marking","overall","all",NA,NA,0.000999000999000999,TRUE,"confirmatory"
966,0.536648686951214,0.500081190806988,0.51493064091463,0.000999000999000999,2,0.000999000999000999,TRUE,0.513376016124503,1000,9015,57,"differential_object_marking","overall","all",NA,NA,0.000999000999000999,TRUE,"confirmatory"
970,0.538582303269472,0.500168046487475,0.516536993673526,0.000999000999000999,2,0.000999000999000999,TRUE,0.513376016124503,1000,9015,57,"differential_object_marking","overall","all",NA,NA,0.000999000999000999,TRUE,"confirmatory"
974,0.536462382998805,0.500230278170569,0.516257327462319,0.000999000999000999,2,0.000999000999000999,TRUE,0.513376016124503,1000,9015,57,"differential_object_marking","overall","all",NA,NA,0.000999000999000999,TRUE,"confirmatory"
978,0.538336601653722,0.500228802669649,0.515407569855332,0.000999000999000999,2,0.000999000999000999,TRUE,0.513376016124503,1000,9015,57,"differential_object_marking","overall","all",NA,NA,0.000999000999000999,TRUE,"confirmatory"
982,0.537634467055138,0.500183553468796,0.515741963250015,0.000999000999000999,2,0.000999000999000999,TRUE,0.513376016124503,1000,9015,57,"differential_object_marking","overall","all",NA,NA,0.000999000999000999,TRUE,"confirmatory"
986,0.537809136450541,0.500364948669291,0.515767085771847,0.000999000999000999,2,0.000999000999000999,TRUE,0.513376016124503,1000,9015,57,"differential_object_marking","overall","all",NA,NA,0.000999000999000999,TRUE,"confirmatory"
990,0.536516551691498,0.500477553821541,0.515745811457557,0.000999000999000999,2,0.000999000999000999,TRUE,0.513376016124503,1000,9015,57,"differential_object_marking","overall","all",NA,NA,0.000999000999000999,TRUE,"confirmatory"
994,0.538154582729665,0.500184093541873,0.516509976440513,0.000999000999000999,2,0.000999000999000999,TRUE,0.513376016124503,1000,9015,57,"differential_object_marking","overall","all",NA,NA,0.000999000999000999,TRUE,"confirmatory"
998,0.538524594985644,0.50004681721083,0.516309591933657,0.000999000999000999,2,0.000999000999000999,TRUE,0.513376016124503,1000,9015,57,"differential_object_marking","overall","all",NA,NA,0.000999000999000999,TRUE,"confirmatory"
1002,0.537837361372025,0.500216678811265,0.5160849494626,0.000999000999000999,2,0.000999000999000999,TRUE,0.513376016124503,1000,9015,57,"differential_object_marking","overall","all",NA,NA,0.000999000999000999,TRUE,"confirmatory"
1006,0.537760858767351,0.500163653523686,0.516043009915116,0.000999000999000999,2,0.000999000999000999,TRUE,0.513376016124503,1000,9015,57,"differential_object_marking","overall","all",NA,NA,0.000999000999000999,TRUE,"confirmatory"
1010,0.539464778462577,0.499952107014294,0.515652227869646,0.000999000999000999,2,0.000999000999000999,TRUE,0.513376016124503,1000,9015,57,"differential_object_marking","overall","all",NA,NA,0.000999000999000999,TRUE,"confirmatory"
1014,0.541580631621393,0.499724747541179,0.514724918564365,0.000999000999000999,2,0.000999000999000999,TRUE,0.513376016124503,1000,9015,57,"differential_object_marking","overall","all",NA,NA,0.000999000999000999,TRUE,"confirmatory"
1018,0.540193283866613,0.499592489952242,0.515451767564339,0.000999000999000999,2,0.000999000999000999,TRUE,0.513376016124503,1000,9015,57,"differential_object_marking","overall","all",NA,NA,0.000999000999000999,TRUE,"confirmatory"
1022,0.542037628011039,0.499683514974732,0.515485528081379,0.000999000999000999,2,0.000999000999000999,TRUE,0.513376016124503,1000,9015,57,"differential_object_marking","overall","all",NA,NA,0.000999000999000999,TRUE,"confirmatory"
1026,0.540673921468285,0.499913574481278,0.515824196394791,0.000999000999000999,2,0.000999000999000999,TRUE,0.513376016124503,1000,9015,57,"differential_object_marking","overall","all",NA,NA,0.000999000999000999,TRUE,"confirmatory"
1030,0.542707993903838,0.499928860074593,0.516027046619111,0.000999000999000999,2,0.000999000999000999,TRUE,0.513376016124503,1000,9015,57,"differential_object_marking","overall","all",NA,NA,0.000999000999000999,TRUE,"confirmatory"
1034,0.542255974892734,0.49993269795492,0.515661891826128,0.000999000999000999,2,0.000999000999000999,TRUE,0.513376016124503,1000,9015,57,"differential_object_marking","overall","all",NA,NA,0.000999000999000999,TRUE,"confirmatory"
1038,0.5433088102551,0.499835971793381,0.514829485956332,0.000999000999000999,2,0.000999000999000999,TRUE,0.513376016124503,1000,9015,57,"differential_object_marking","overall","all",NA,NA,0.000999000999000999,TRUE,"confirmatory"
1042,0.545246704769425,0.499806980701453,0.514945932704551,0.000999000999000999,2,0.000999000999000999,TRUE,0.513376016124503,1000,9015,57,"differential_object_marking","overall","all",NA,NA,0.000999000999000999,TRUE,"confirmatory"
1046,0.546940103625108,0.499891679886272,0.515442024688453,0.000999000999000999,2,0.000999000999000999,TRUE,0.513376016124503,1000,9015,57,"differential_object_marking","overall","all",NA,NA,0.000999000999000999,TRUE,"confirmatory"
1050,0.548040138948956,0.499820540099659,0.514739743607012,0.000999000999000999,2,0.000999000999000999,TRUE,0.513376016124503,1000,9015,57,"differential_object_marking","overall","all",NA,NA,0.000999000999000999,TRUE,"confirmatory"
1054,0.54763915888679,0.49987299558834,0.514659823351532,0.000999000999000999,2,0.000999000999000999,TRUE,0.513376016124503,1000,9015,57,"differential_object_marking","overall","all",NA,NA,0.000999000999000999,TRUE,"confirmatory"
1058,0.547616478615967,0.499879614226227,0.515415971140716,0.000999000999000999,2,0.000999000999000999,TRUE,0.513376016124503,1000,9015,57,"differential_object_marking","overall","all",NA,NA,0.000999000999000999,TRUE,"confirmatory"
1062,0.546706424486682,0.499763971269427,0.515316091160977,0.000999000999000999,2,0.000999000999000999,TRUE,0.513376016124503,1000,9015,57,"differential_object_marking","overall","all",NA,NA,0.000999000999000999,TRUE,"confirmatory"
1066,0.542862127281992,0.499630502608255,0.515792509974874,0.000999000999000999,2,0.000999000999000999,TRUE,0.513376016124503,1000,9015,57,"differential_object_marking","overall","all",NA,NA,0.000999000999000999,TRUE,"confirmatory"
1070,0.540959585936424,0.499465736726461,0.515338202885052,0.000999000999000999,2,0.000999000999000999,TRUE,0.513376016124503,1000,9015,57,"differential_object_marking","overall","all",NA,NA,0.000999000999000999,TRUE,"confirmatory"
1074,0.539512350456986,0.499417128776642,0.515200317841138,0.000999000999000999,2,0.000999000999000999,TRUE,0.513376016124503,1000,9015,57,"differential_object_marking","overall","all",NA,NA,0.000999000999000999,TRUE,"confirmatory"
1078,0.540234041897562,0.499479915745393,0.515287703954507,0.000999000999000999,2,0.000999000999000999,TRUE,0.513376016124503,1000,9015,57,"differential_object_marking","overall","all",NA,NA,0.000999000999000999,TRUE,"confirmatory"
1082,0.54207628356473,0.499688955514822,0.51492091859098,0.000999000999000999,2,0.000999000999000999,TRUE,0.513376016124503,1000,9015,57,"differential_object_marking","overall","all",NA,NA,0.000999000999000999,TRUE,"confirmatory"
1086,0.541532476244808,0.499835454479814,0.514896121758527,0.000999000999000999,2,0.000999000999000999,TRUE,0.513376016124503,1000,9015,57,"differential_object_marking","overall","all",NA,NA,0.000999000999000999,TRUE,"confirmatory"
1090,0.540461813213963,0.49991489200522,0.515405779092476,0.000999000999000999,2,0.000999000999000999,TRUE,0.513376016124503,1000,9015,57,"differential_object_marking","overall","all",NA,NA,0.000999000999000999,TRUE,"confirmatory"
1094,0.540216721492315,0.500137797034239,0.515186139290113,0.000999000999000999,2,0.000999000999000999,TRUE,0.513376016124503,1000,9015,57,"differential_object_marking","overall","all",NA,NA,0.000999000999000999,TRUE,"confirmatory"
1098,0.540596050731492,0.500097238753172,0.515563613487793,0.000999000999000999,2,0.000999000999000999,TRUE,0.513376016124503,1000,9015,57,"differential_object_marking","overall","all",NA,NA,0.000999000999000999,TRUE,"confirmatory"
-98,0.573801558526875,0.499843712029989,0.524602149365515,0.000999000999000999,1,0.001998001998002,TRUE,0.521910835745177,1000,3299,52,"differential_object_marking","by_session","session_3",3,NA,NA,FALSE,"exploratory"
-94,0.565385946493099,0.499936726106996,0.525909310033869,0.000999000999000999,1,0.001998001998002,TRUE,0.521910835745177,1000,3299,52,"differential_object_marking","by_session","session_3",3,NA,NA,FALSE,"exploratory"
-90,0.559174215539655,0.499670563541789,0.524716698033356,0.000999000999000999,1,0.001998001998002,TRUE,0.521910835745177,1000,3299,52,"differential_object_marking","by_session","session_3",3,NA,NA,FALSE,"exploratory"
-86,0.559805560127271,0.49942002965534,0.525219849849756,0.000999000999000999,1,0.001998001998002,TRUE,0.521910835745177,1000,3299,52,"differential_object_marking","by_session","session_3",3,NA,NA,FALSE,"exploratory"
-82,0.564589750223387,0.499063142013591,0.52573103526345,0.000999000999000999,1,0.001998001998002,TRUE,0.521910835745177,1000,3299,52,"differential_object_marking","by_session","session_3",3,NA,NA,FALSE,"exploratory"
-78,0.568066462911875,0.499620042724099,0.524620265013347,0.000999000999000999,1,0.001998001998002,TRUE,0.521910835745177,1000,3299,52,"differential_object_marking","by_session","session_3",3,NA,NA,FALSE,"exploratory"
-74,0.55135164921885,0.500158430118005,0.524427051267933,0.000999000999000999,1,0.001998001998002,TRUE,0.521910835745177,1000,3299,52,"differential_object_marking","by_session","session_3",3,NA,NA,FALSE,"exploratory"
-70,0.541871431957317,0.500295059873724,0.523000770307334,0.000999000999000999,1,0.001998001998002,TRUE,0.521910835745177,1000,3299,52,"differential_object_marking","by_session","session_3",3,NA,NA,FALSE,"exploratory"
-66,0.526092725368067,0.499931087970835,0.523157874949426,0.016983016983017,1,0.001998001998002,TRUE,0.521910835745177,1000,3299,52,"differential_object_marking","by_session","session_3",3,NA,NA,FALSE,"exploratory"
-62,0.520506351207486,0.500229337357981,0.5257039432656,0.0689310689310689,NA,NA,FALSE,0.521910835745177,1000,3299,52,"differential_object_marking","by_session","session_3",3,NA,NA,FALSE,"exploratory"
-58,0.519019323211154,0.500506381787862,0.527526453034663,0.0829170829170829,NA,NA,FALSE,0.521910835745177,1000,3299,52,"differential_object_marking","by_session","session_3",3,NA,NA,FALSE,"exploratory"
-54,0.510994889832265,0.499925415298664,0.525132714092107,0.20979020979021,NA,NA,FALSE,0.521910835745177,1000,3299,52,"differential_object_marking","by_session","session_3",3,NA,NA,FALSE,"exploratory"
-50,0.505535843642495,0.499627640173989,0.524034113639357,0.340659340659341,NA,NA,FALSE,0.521910835745177,1000,3299,52,"differential_object_marking","by_session","session_3",3,NA,NA,FALSE,"exploratory"
-46,0.500330274104841,0.499410120653768,0.524732722090628,0.483516483516484,NA,NA,FALSE,0.521910835745177,1000,3299,52,"differential_object_marking","by_session","session_3",3,NA,NA,FALSE,"exploratory"
-42,0.493426833581172,0.499413172082166,0.526209457346277,0.675324675324675,NA,NA,FALSE,0.521910835745177,1000,3299,52,"differential_object_marking","by_session","session_3",3,NA,NA,FALSE,"exploratory"
-38,0.500767338809996,0.499599183573478,0.524731341961767,0.482517482517482,NA,NA,FALSE,0.521910835745177,1000,3299,52,"differential_object_marking","by_session","session_3",3,NA,NA,FALSE,"exploratory"
-34,0.529177023260528,0.499911175877072,0.525268609882118,0.013986013986014,2,0.002997002997003,TRUE,0.521910835745177,1000,3299,52,"differential_object_marking","by_session","session_3",3,NA,NA,FALSE,"exploratory"
-30,0.556518809894635,0.500018347491778,0.524968766929783,0.000999000999000999,2,0.002997002997003,TRUE,0.521910835745177,1000,3299,52,"differential_object_marking","by_session","session_3",3,NA,NA,FALSE,"exploratory"
-26,0.563411465804983,0.500088957959778,0.525497595250176,0.000999000999000999,2,0.002997002997003,TRUE,0.521910835745177,1000,3299,52,"differential_object_marking","by_session","session_3",3,NA,NA,FALSE,"exploratory"
-22,0.556882180533192,0.500106684044011,0.525663990523595,0.000999000999000999,2,0.002997002997003,TRUE,0.521910835745177,1000,3299,52,"differential_object_marking","by_session","session_3",3,NA,NA,FALSE,"exploratory"
-18,0.558109082470556,0.50035751264773,0.527311136067306,0.000999000999000999,2,0.002997002997003,TRUE,0.521910835745177,1000,3299,52,"differential_object_marking","by_session","session_3",3,NA,NA,FALSE,"exploratory"
-14,0.556195768601476,0.500133397796928,0.525902872475688,0.000999000999000999,2,0.002997002997003,TRUE,0.521910835745177,1000,3299,52,"differential_object_marking","by_session","session_3",3,NA,NA,FALSE,"exploratory"
-10,0.543020005225252,0.500208304757663,0.525436458714693,0.000999000999000999,2,0.002997002997003,TRUE,0.521910835745177,1000,3299,52,"differential_object_marking","by_session","session_3",3,NA,NA,FALSE,"exploratory"
-6,0.530650911019452,0.500616655952947,0.525739540332145,0.00899100899100899,2,0.002997002997003,TRUE,0.521910835745177,1000,3299,52,"differential_object_marking","by_session","session_3",3,NA,NA,FALSE,"exploratory"
-2,0.531885064712662,0.500450104863009,0.525957201490792,0.00899100899100899,2,0.002997002997003,TRUE,0.521910835745177,1000,3299,52,"differential_object_marking","by_session","session_3",3,NA,NA,FALSE,"exploratory"
2,0.527142934838413,0.499856313380113,0.526727592080959,0.023976023976024,2,0.002997002997003,TRUE,0.521910835745177,1000,3299,52,"differential_object_marking","by_session","session_3",3,NA,NA,FALSE,"exploratory"
6,0.519624082747369,0.499648054814715,0.525247308359155,0.0619380619380619,NA,NA,FALSE,0.521910835745177,1000,3299,52,"differential_object_marking","by_session","session_3",3,NA,NA,FALSE,"exploratory"
10,0.526938376618068,0.499901767022092,0.524658056054492,0.020979020979021,3,0.000999000999000999,TRUE,0.521910835745177,1000,3299,52,"differential_object_marking","by_session","session_3",3,NA,NA,FALSE,"exploratory"
14,0.537972560923048,0.499784763887172,0.524694640930177,0.002997002997003,3,0.000999000999000999,TRUE,0.521910835745177,1000,3299,52,"differential_object_marking","by_session","session_3",3,NA,NA,FALSE,"exploratory"
18,0.545321308999713,0.499760853596517,0.525092765126859,0.000999000999000999,3,0.000999000999000999,TRUE,0.521910835745177,1000,3299,52,"differential_object_marking","by_session","session_3",3,NA,NA,FALSE,"exploratory"
22,0.551016204664181,0.499858318027043,0.526042473575234,0.000999000999000999,3,0.000999000999000999,TRUE,0.521910835745177,1000,3299,52,"differential_object_marking","by_session","session_3",3,NA,NA,FALSE,"exploratory"
26,0.555825142360045,0.500017634433132,0.525941489431114,0.000999000999000999,3,0.000999000999000999,TRUE,0.521910835745177,1000,3299,52,"differential_object_marking","by_session","session_3",3,NA,NA,FALSE,"exploratory"
30,0.560152093900267,0.500261610126354,0.526909340590814,0.000999000999000999,3,0.000999000999000999,TRUE,0.521910835745177,1000,3299,52,"differential_object_marking","by_session","session_3",3,NA,NA,FALSE,"exploratory"
34,0.560951385608797,0.500665273004418,0.527170416269704,0.000999000999000999,3,0.000999000999000999,TRUE,0.521910835745177,1000,3299,52,"differential_object_marking","by_session","session_3",3,NA,NA,FALSE,"exploratory"
38,0.558397070107839,0.500706287146433,0.526684207069117,0.000999000999000999,3,0.000999000999000999,TRUE,0.521910835745177,1000,3299,52,"differential_object_marking","by_session","session_3",3,NA,NA,FALSE,"exploratory"
42,0.537216248401535,0.500365367431877,0.526160013703184,0.003996003996004,3,0.000999000999000999,TRUE,0.521910835745177,1000,3299,52,"differential_object_marking","by_session","session_3",3,NA,NA,FALSE,"exploratory"
46,0.540937488026944,0.499920647942532,0.527158082258593,0.000999000999000999,3,0.000999000999000999,TRUE,0.521910835745177,1000,3299,52,"differential_object_marking","by_session","session_3",3,NA,NA,FALSE,"exploratory"
50,0.541869483209424,0.499893709746445,0.52712336686307,0.000999000999000999,3,0.000999000999000999,TRUE,0.521910835745177,1000,3299,52,"differential_object_marking","by_session","session_3",3,NA,NA,FALSE,"exploratory"
54,0.550940009575329,0.500064860886289,0.526534701370776,0.000999000999000999,3,0.000999000999000999,TRUE,0.521910835745177,1000,3299,52,"differential_object_marking","by_session","session_3",3,NA,NA,FALSE,"exploratory"
58,0.557651748432186,0.500090079632568,0.525251022961831,0.000999000999000999,3,0.000999000999000999,TRUE,0.521910835745177,1000,3299,52,"differential_object_marking","by_session","session_3",3,NA,NA,FALSE,"exploratory"
62,0.549783719887215,0.500100921683721,0.526713045047093,0.000999000999000999,3,0.000999000999000999,TRUE,0.521910835745177,1000,3299,52,"differential_object_marking","by_session","session_3",3,NA,NA,FALSE,"exploratory"
66,0.53982192675422,0.500113041138015,0.525904735308007,0.002997002997003,3,0.000999000999000999,TRUE,0.521910835745177,1000,3299,52,"differential_object_marking","by_session","session_3",3,NA,NA,FALSE,"exploratory"
70,0.540302532934093,0.500255473404189,0.526406943409662,0.001998001998002,3,0.000999000999000999,TRUE,0.521910835745177,1000,3299,52,"differential_object_marking","by_session","session_3",3,NA,NA,FALSE,"exploratory"
74,0.542620951643795,0.500285490670804,0.526613560831941,0.002997002997003,3,0.000999000999000999,TRUE,0.521910835745177,1000,3299,52,"differential_object_marking","by_session","session_3",3,NA,NA,FALSE,"exploratory"
78,0.547334327723009,0.500174904440892,0.525676157756937,0.001998001998002,3,0.000999000999000999,TRUE,0.521910835745177,1000,3299,52,"differential_object_marking","by_session","session_3",3,NA,NA,FALSE,"exploratory"
82,0.548544038866726,0.49997806454128,0.525458923833679,0.000999000999000999,3,0.000999000999000999,TRUE,0.521910835745177,1000,3299,52,"differential_object_marking","by_session","session_3",3,NA,NA,FALSE,"exploratory"
86,0.552661384588831,0.500175508426843,0.526363425275506,0.000999000999000999,3,0.000999000999000999,TRUE,0.521910835745177,1000,3299,52,"differential_object_marking","by_session","session_3",3,NA,NA,FALSE,"exploratory"
90,0.552286583300749,0.500339887273124,0.525504321181478,0.000999000999000999,3,0.000999000999000999,TRUE,0.521910835745177,1000,3299,52,"differential_object_marking","by_session","session_3",3,NA,NA,FALSE,"exploratory"
94,0.546305464190081,0.499977778241022,0.526866079051245,0.000999000999000999,3,0.000999000999000999,TRUE,0.521910835745177,1000,3299,52,"differential_object_marking","by_session","session_3",3,NA,NA,FALSE,"exploratory"
98,0.542102778404686,0.499905948367113,0.52596759615731,0.000999000999000999,3,0.000999000999000999,TRUE,0.521910835745177,1000,3299,52,"differential_object_marking","by_session","session_3",3,NA,NA,FALSE,"exploratory"
102,0.535816721197919,0.500076480872882,0.525818147816061,0.00699300699300699,3,0.000999000999000999,TRUE,0.521910835745177,1000,3299,52,"differential_object_marking","by_session","session_3",3,NA,NA,FALSE,"exploratory"
106,0.535071446015053,0.499940647065084,0.525721814702659,0.004995004995005,3,0.000999000999000999,TRUE,0.521910835745177,1000,3299,52,"differential_object_marking","by_session","session_3",3,NA,NA,FALSE,"exploratory"
110,0.535873524104901,0.499893146099799,0.524250375362778,0.00599400599400599,3,0.000999000999000999,TRUE,0.521910835745177,1000,3299,52,"differential_object_marking","by_session","session_3",3,NA,NA,FALSE,"exploratory"
114,0.544521009395896,0.500267592508813,0.525849456407705,0.000999000999000999,3,0.000999000999000999,TRUE,0.521910835745177,1000,3299,52,"differential_object_marking","by_session","session_3",3,NA,NA,FALSE,"exploratory"
118,0.543779894697162,0.500290058213992,0.526019042109949,0.000999000999000999,3,0.000999000999000999,TRUE,0.521910835745177,1000,3299,52,"differential_object_marking","by_session","session_3",3,NA,NA,FALSE,"exploratory"
122,0.544201575975817,0.500199827068313,0.527052568809474,0.000999000999000999,3,0.000999000999000999,TRUE,0.521910835745177,1000,3299,52,"differential_object_marking","by_session","session_3",3,NA,NA,FALSE,"exploratory"
126,0.557201690260136,0.500286994535331,0.52436627296256,0.000999000999000999,3,0.000999000999000999,TRUE,0.521910835745177,1000,3299,52,"differential_object_marking","by_session","session_3",3,NA,NA,FALSE,"exploratory"
130,0.566858222607573,0.500385835359156,0.526127701322766,0.000999000999000999,3,0.000999000999000999,TRUE,0.521910835745177,1000,3299,52,"differential_object_marking","by_session","session_3",3,NA,NA,FALSE,"exploratory"
134,0.56976038151749,0.500368009387308,0.525734272696904,0.000999000999000999,3,0.000999000999000999,TRUE,0.521910835745177,1000,3299,52,"differential_object_marking","by_session","session_3",3,NA,NA,FALSE,"exploratory"
138,0.564776818884255,0.500095430738163,0.524431372063751,0.000999000999000999,3,0.000999000999000999,TRUE,0.521910835745177,1000,3299,52,"differential_object_marking","by_session","session_3",3,NA,NA,FALSE,"exploratory"
142,0.557873900496554,0.499578096461759,0.524722083767359,0.000999000999000999,3,0.000999000999000999,TRUE,0.521910835745177,1000,3299,52,"differential_object_marking","by_session","session_3",3,NA,NA,FALSE,"exploratory"
146,0.551867255420786,0.499750228436695,0.526038831869363,0.000999000999000999,3,0.000999000999000999,TRUE,0.521910835745177,1000,3299,52,"differential_object_marking","by_session","session_3",3,NA,NA,FALSE,"exploratory"
150,0.546228243527204,0.500012372857394,0.527871710096514,0.000999000999000999,3,0.000999000999000999,TRUE,0.521910835745177,1000,3299,52,"differential_object_marking","by_session","session_3",3,NA,NA,FALSE,"exploratory"
154,0.541938538387107,0.500057160955207,0.527147233868282,0.001998001998002,3,0.000999000999000999,TRUE,0.521910835745177,1000,3299,52,"differential_object_marking","by_session","session_3",3,NA,NA,FALSE,"exploratory"
158,0.546947189440213,0.499843762046833,0.524684321710898,0.000999000999000999,3,0.000999000999000999,TRUE,0.521910835745177,1000,3299,52,"differential_object_marking","by_session","session_3",3,NA,NA,FALSE,"exploratory"
162,0.559273987357289,0.500017524513961,0.525271519999606,0.000999000999000999,3,0.000999000999000999,TRUE,0.521910835745177,1000,3299,52,"differential_object_marking","by_session","session_3",3,NA,NA,FALSE,"exploratory"
166,0.567657999541689,0.500306356891434,0.526148350282788,0.000999000999000999,3,0.000999000999000999,TRUE,0.521910835745177,1000,3299,52,"differential_object_marking","by_session","session_3",3,NA,NA,FALSE,"exploratory"
170,0.569029126690081,0.500530996182056,0.526420777272073,0.000999000999000999,3,0.000999000999000999,TRUE,0.521910835745177,1000,3299,52,"differential_object_marking","by_session","session_3",3,NA,NA,FALSE,"exploratory"
174,0.57461192636931,0.50040404467918,0.525599741885113,0.000999000999000999,3,0.000999000999000999,TRUE,0.521910835745177,1000,3299,52,"differential_object_marking","by_session","session_3",3,NA,NA,FALSE,"exploratory"
178,0.574910867648201,0.500180792778733,0.524872320971401,0.000999000999000999,3,0.000999000999000999,TRUE,0.521910835745177,1000,3299,52,"differential_object_marking","by_session","session_3",3,NA,NA,FALSE,"exploratory"
182,0.57106029342024,0.49978041420067,0.526234767106549,0.000999000999000999,3,0.000999000999000999,TRUE,0.521910835745177,1000,3299,52,"differential_object_marking","by_session","session_3",3,NA,NA,FALSE,"exploratory"
186,0.561906289152814,0.499716342228513,0.525740298157247,0.000999000999000999,3,0.000999000999000999,TRUE,0.521910835745177,1000,3299,52,"differential_object_marking","by_session","session_3",3,NA,NA,FALSE,"exploratory"
190,0.558343622399694,0.499606256242387,0.527264375711077,0.000999000999000999,3,0.000999000999000999,TRUE,0.521910835745177,1000,3299,52,"differential_object_marking","by_session","session_3",3,NA,NA,FALSE,"exploratory"
194,0.559275119479358,0.500065605646255,0.527683929139398,0.000999000999000999,3,0.000999000999000999,TRUE,0.521910835745177,1000,3299,52,"differential_object_marking","by_session","session_3",3,NA,NA,FALSE,"exploratory"
198,0.562625373166557,0.500052262590131,0.526011160523174,0.000999000999000999,3,0.000999000999000999,TRUE,0.521910835745177,1000,3299,52,"differential_object_marking","by_session","session_3",3,NA,NA,FALSE,"exploratory"
202,0.559958381858409,0.500069812447552,0.524501522427181,0.000999000999000999,3,0.000999000999000999,TRUE,0.521910835745177,1000,3299,52,"differential_object_marking","by_session","session_3",3,NA,NA,FALSE,"exploratory"
206,0.555373681715726,0.500293080681917,0.52628808410906,0.000999000999000999,3,0.000999000999000999,TRUE,0.521910835745177,1000,3299,52,"differential_object_marking","by_session","session_3",3,NA,NA,FALSE,"exploratory"
210,0.557836677190965,0.500358603394216,0.525803019463007,0.000999000999000999,3,0.000999000999000999,TRUE,0.521910835745177,1000,3299,52,"differential_object_marking","by_session","session_3",3,NA,NA,FALSE,"exploratory"
214,0.562654854424118,0.50027060800126,0.525625501662598,0.000999000999000999,3,0.000999000999000999,TRUE,0.521910835745177,1000,3299,52,"differential_object_marking","by_session","session_3",3,NA,NA,FALSE,"exploratory"
218,0.570796907133902,0.500062602371288,0.526197516444216,0.000999000999000999,3,0.000999000999000999,TRUE,0.521910835745177,1000,3299,52,"differential_object_marking","by_session","session_3",3,NA,NA,FALSE,"exploratory"
222,0.578414078817844,0.500264864764223,0.526365792105868,0.000999000999000999,3,0.000999000999000999,TRUE,0.521910835745177,1000,3299,52,"differential_object_marking","by_session","session_3",3,NA,NA,FALSE,"exploratory"
226,0.576522618481814,0.500306370162964,0.525864305494486,0.000999000999000999,3,0.000999000999000999,TRUE,0.521910835745177,1000,3299,52,"differential_object_marking","by_session","session_3",3,NA,NA,FALSE,"exploratory"
230,0.575118531207623,0.500441161952356,0.526248909647354,0.000999000999000999,3,0.000999000999000999,TRUE,0.521910835745177,1000,3299,52,"differential_object_marking","by_session","session_3",3,NA,NA,FALSE,"exploratory"
234,0.574295687049662,0.500654186078139,0.526480658038387,0.000999000999000999,3,0.000999000999000999,TRUE,0.521910835745177,1000,3299,52,"differential_object_marking","by_session","session_3",3,NA,NA,FALSE,"exploratory"
238,0.57818436974486,0.500344479237366,0.529167334437037,0.000999000999000999,3,0.000999000999000999,TRUE,0.521910835745177,1000,3299,52,"differential_object_marking","by_session","session_3",3,NA,NA,FALSE,"exploratory"
242,0.583931224021577,0.500141120006956,0.528053017040417,0.000999000999000999,3,0.000999000999000999,TRUE,0.521910835745177,1000,3299,52,"differential_object_marking","by_session","session_3",3,NA,NA,FALSE,"exploratory"
246,0.591892796182582,0.499947846115803,0.526975957820764,0.000999000999000999,3,0.000999000999000999,TRUE,0.521910835745177,1000,3299,52,"differential_object_marking","by_session","session_3",3,NA,NA,FALSE,"exploratory"
250,0.594828620564188,0.50003411152701,0.526614433712274,0.000999000999000999,3,0.000999000999000999,TRUE,0.521910835745177,1000,3299,52,"differential_object_marking","by_session","session_3",3,NA,NA,FALSE,"exploratory"
254,0.591940503499531,0.500195466399483,0.526211212495449,0.000999000999000999,3,0.000999000999000999,TRUE,0.521910835745177,1000,3299,52,"differential_object_marking","by_session","session_3",3,NA,NA,FALSE,"exploratory"
258,0.586897442527196,0.500337533739656,0.526948198490641,0.000999000999000999,3,0.000999000999000999,TRUE,0.521910835745177,1000,3299,52,"differential_object_marking","by_session","session_3",3,NA,NA,FALSE,"exploratory"
262,0.586723947414161,0.500545317540949,0.525456421320413,0.000999000999000999,3,0.000999000999000999,TRUE,0.521910835745177,1000,3299,52,"differential_object_marking","by_session","session_3",3,NA,NA,FALSE,"exploratory"
266,0.578574443078777,0.500353542654552,0.527247496495304,0.000999000999000999,3,0.000999000999000999,TRUE,0.521910835745177,1000,3299,52,"differential_object_marking","by_session","session_3",3,NA,NA,FALSE,"exploratory"
270,0.570173861472733,0.500337102772129,0.526063934642813,0.000999000999000999,3,0.000999000999000999,TRUE,0.521910835745177,1000,3299,52,"differential_object_marking","by_session","session_3",3,NA,NA,FALSE,"exploratory"
274,0.560617157374588,0.500137340224503,0.526600990799548,0.000999000999000999,3,0.000999000999000999,TRUE,0.521910835745177,1000,3299,52,"differential_object_marking","by_session","session_3",3,NA,NA,FALSE,"exploratory"
278,0.557316296468901,0.500258266105845,0.526276701044568,0.000999000999000999,3,0.000999000999000999,TRUE,0.521910835745177,1000,3299,52,"differential_object_marking","by_session","session_3",3,NA,NA,FALSE,"exploratory"
282,0.551388404366104,0.499998621533095,0.526521430508801,0.000999000999000999,3,0.000999000999000999,TRUE,0.521910835745177,1000,3299,52,"differential_object_marking","by_session","session_3",3,NA,NA,FALSE,"exploratory"
286,0.543734642189054,0.499815028955934,0.525354466515745,0.000999000999000999,3,0.000999000999000999,TRUE,0.521910835745177,1000,3299,52,"differential_object_marking","by_session","session_3",3,NA,NA,FALSE,"exploratory"
290,0.5475819327131,0.499696986332548,0.524361846910109,0.000999000999000999,3,0.000999000999000999,TRUE,0.521910835745177,1000,3299,52,"differential_object_marking","by_session","session_3",3,NA,NA,FALSE,"exploratory"
294,0.558866927037763,0.499812275914096,0.524168165676454,0.000999000999000999,3,0.000999000999000999,TRUE,0.521910835745177,1000,3299,52,"differential_object_marking","by_session","session_3",3,NA,NA,FALSE,"exploratory"
298,0.565209429284779,0.50011321657696,0.524631226288119,0.000999000999000999,3,0.000999000999000999,TRUE,0.521910835745177,1000,3299,52,"differential_object_marking","by_session","session_3",3,NA,NA,FALSE,"exploratory"
302,0.569215504516923,0.500338618222075,0.52643473283709,0.000999000999000999,3,0.000999000999000999,TRUE,0.521910835745177,1000,3299,52,"differential_object_marking","by_session","session_3",3,NA,NA,FALSE,"exploratory"
306,0.561132519716252,0.500607455436867,0.526116495008077,0.000999000999000999,3,0.000999000999000999,TRUE,0.521910835745177,1000,3299,52,"differential_object_marking","by_session","session_3",3,NA,NA,FALSE,"exploratory"
310,0.563426855715101,0.500273376305226,0.526118418346254,0.000999000999000999,3,0.000999000999000999,TRUE,0.521910835745177,1000,3299,52,"differential_object_marking","by_session","session_3",3,NA,NA,FALSE,"exploratory"
314,0.56138517454273,0.499972962328161,0.525565070382226,0.000999000999000999,3,0.000999000999000999,TRUE,0.521910835745177,1000,3299,52,"differential_object_marking","by_session","session_3",3,NA,NA,FALSE,"exploratory"
318,0.559447202118359,0.49967199137382,0.525147716799313,0.000999000999000999,3,0.000999000999000999,TRUE,0.521910835745177,1000,3299,52,"differential_object_marking","by_session","session_3",3,NA,NA,FALSE,"exploratory"
322,0.553981010141412,0.499566063648557,0.525850186088344,0.000999000999000999,3,0.000999000999000999,TRUE,0.521910835745177,1000,3299,52,"differential_object_marking","by_session","session_3",3,NA,NA,FALSE,"exploratory"
326,0.553288561958209,0.49926853825113,0.526147265147086,0.000999000999000999,3,0.000999000999000999,TRUE,0.521910835745177,1000,3299,52,"differential_object_marking","by_session","session_3",3,NA,NA,FALSE,"exploratory"
330,0.557082970310507,0.499228666494582,0.526461101141419,0.000999000999000999,3,0.000999000999000999,TRUE,0.521910835745177,1000,3299,52,"differential_object_marking","by_session","session_3",3,NA,NA,FALSE,"exploratory"
334,0.569277601095159,0.499288758881891,0.525637140310766,0.000999000999000999,3,0.000999000999000999,TRUE,0.521910835745177,1000,3299,52,"differential_object_marking","by_session","session_3",3,NA,NA,FALSE,"exploratory"
338,0.578886292471904,0.49935282500211,0.524432720678617,0.000999000999000999,3,0.000999000999000999,TRUE,0.521910835745177,1000,3299,52,"differential_object_marking","by_session","session_3",3,NA,NA,FALSE,"exploratory"
342,0.580787601437806,0.499408913886241,0.524467947291139,0.000999000999000999,3,0.000999000999000999,TRUE,0.521910835745177,1000,3299,52,"differential_object_marking","by_session","session_3",3,NA,NA,FALSE,"exploratory"
346,0.583296077626544,0.499521410651022,0.523917624978639,0.000999000999000999,3,0.000999000999000999,TRUE,0.521910835745177,1000,3299,52,"differential_object_marking","by_session","session_3",3,NA,NA,FALSE,"exploratory"
350,0.583235519310907,0.499913210933164,0.525634294239721,0.000999000999000999,3,0.000999000999000999,TRUE,0.521910835745177,1000,3299,52,"differential_object_marking","by_session","session_3",3,NA,NA,FALSE,"exploratory"
354,0.575498962520907,0.500082348339021,0.526847533728551,0.000999000999000999,3,0.000999000999000999,TRUE,0.521910835745177,1000,3299,52,"differential_object_marking","by_session","session_3",3,NA,NA,FALSE,"exploratory"
358,0.569367570588958,0.499715893452234,0.525736300495347,0.000999000999000999,3,0.000999000999000999,TRUE,0.521910835745177,1000,3299,52,"differential_object_marking","by_session","session_3",3,NA,NA,FALSE,"exploratory"
362,0.559317274206321,0.500032112251373,0.525780099618592,0.000999000999000999,3,0.000999000999000999,TRUE,0.521910835745177,1000,3299,52,"differential_object_marking","by_session","session_3",3,NA,NA,FALSE,"exploratory"
366,0.557609777955682,0.50024598657675,0.525954162463605,0.000999000999000999,3,0.000999000999000999,TRUE,0.521910835745177,1000,3299,52,"differential_object_marking","by_session","session_3",3,NA,NA,FALSE,"exploratory"
370,0.553719398311442,0.50032397894239,0.524292301013333,0.000999000999000999,3,0.000999000999000999,TRUE,0.521910835745177,1000,3299,52,"differential_object_marking","by_session","session_3",3,NA,NA,FALSE,"exploratory"
374,0.548248552377988,0.500402367060446,0.526402079510485,0.000999000999000999,3,0.000999000999000999,TRUE,0.521910835745177,1000,3299,52,"differential_object_marking","by_session","session_3",3,NA,NA,FALSE,"exploratory"
378,0.560470393218204,0.50015075802447,0.526533315429334,0.000999000999000999,3,0.000999000999000999,TRUE,0.521910835745177,1000,3299,52,"differential_object_marking","by_session","session_3",3,NA,NA,FALSE,"exploratory"
382,0.573108796620763,0.499986633962193,0.526572796620264,0.000999000999000999,3,0.000999000999000999,TRUE,0.521910835745177,1000,3299,52,"differential_object_marking","by_session","session_3",3,NA,NA,FALSE,"exploratory"
386,0.579671405552102,0.500299784777246,0.526961785969302,0.000999000999000999,3,0.000999000999000999,TRUE,0.521910835745177,1000,3299,52,"differential_object_marking","by_session","session_3",3,NA,NA,FALSE,"exploratory"
390,0.580657841384051,0.500214620031978,0.527209308271688,0.000999000999000999,3,0.000999000999000999,TRUE,0.521910835745177,1000,3299,52,"differential_object_marking","by_session","session_3",3,NA,NA,FALSE,"exploratory"
394,0.578269765705688,0.500071963037768,0.525951341411076,0.000999000999000999,3,0.000999000999000999,TRUE,0.521910835745177,1000,3299,52,"differential_object_marking","by_session","session_3",3,NA,NA,FALSE,"exploratory"
398,0.574269026504901,0.500176542320555,0.525381040692891,0.000999000999000999,3,0.000999000999000999,TRUE,0.521910835745177,1000,3299,52,"differential_object_marking","by_session","session_3",3,NA,NA,FALSE,"exploratory"
402,0.565887179123212,0.500209663654214,0.526135229760698,0.000999000999000999,3,0.000999000999000999,TRUE,0.521910835745177,1000,3299,52,"differential_object_marking","by_session","session_3",3,NA,NA,FALSE,"exploratory"
406,0.564482363027478,0.500859790242945,0.526986252838632,0.000999000999000999,3,0.000999000999000999,TRUE,0.521910835745177,1000,3299,52,"differential_object_marking","by_session","session_3",3,NA,NA,FALSE,"exploratory"
410,0.561988107384354,0.500998627100752,0.527412710985633,0.000999000999000999,3,0.000999000999000999,TRUE,0.521910835745177,1000,3299,52,"differential_object_marking","by_session","session_3",3,NA,NA,FALSE,"exploratory"
414,0.554999516990106,0.50118857073531,0.527369228483918,0.000999000999000999,3,0.000999000999000999,TRUE,0.521910835745177,1000,3299,52,"differential_object_marking","by_session","session_3",3,NA,NA,FALSE,"exploratory"
418,0.547469909854491,0.500710251704793,0.526552134767222,0.000999000999000999,3,0.000999000999000999,TRUE,0.521910835745177,1000,3299,52,"differential_object_marking","by_session","session_3",3,NA,NA,FALSE,"exploratory"
422,0.54168189536094,0.500308914268698,0.525433673240052,0.000999000999000999,3,0.000999000999000999,TRUE,0.521910835745177,1000,3299,52,"differential_object_marking","by_session","session_3",3,NA,NA,FALSE,"exploratory"
426,0.53943672021421,0.49997254298388,0.525204857525339,0.000999000999000999,3,0.000999000999000999,TRUE,0.521910835745177,1000,3299,52,"differential_object_marking","by_session","session_3",3,NA,NA,FALSE,"exploratory"
430,0.534768230979412,0.499809512395051,0.526121437806293,0.002997002997003,3,0.000999000999000999,TRUE,0.521910835745177,1000,3299,52,"differential_object_marking","by_session","session_3",3,NA,NA,FALSE,"exploratory"
434,0.538739097174468,0.499603181123901,0.525248900620756,0.002997002997003,3,0.000999000999000999,TRUE,0.521910835745177,1000,3299,52,"differential_object_marking","by_session","session_3",3,NA,NA,FALSE,"exploratory"
438,0.551881605117511,0.499422940714308,0.524521756666954,0.000999000999000999,3,0.000999000999000999,TRUE,0.521910835745177,1000,3299,52,"differential_object_marking","by_session","session_3",3,NA,NA,FALSE,"exploratory"
442,0.566442770675211,0.499448809282877,0.524082363583176,0.000999000999000999,3,0.000999000999000999,TRUE,0.521910835745177,1000,3299,52,"differential_object_marking","by_session","session_3",3,NA,NA,FALSE,"exploratory"
446,0.566328056074265,0.499560434613473,0.524697423655377,0.000999000999000999,3,0.000999000999000999,TRUE,0.521910835745177,1000,3299,52,"differential_object_marking","by_session","session_3",3,NA,NA,FALSE,"exploratory"
450,0.555017050831439,0.500237160574963,0.525913483554642,0.000999000999000999,3,0.000999000999000999,TRUE,0.521910835745177,1000,3299,52,"differential_object_marking","by_session","session_3",3,NA,NA,FALSE,"exploratory"
454,0.547968068704232,0.500404311993803,0.525450419794135,0.000999000999000999,3,0.000999000999000999,TRUE,0.521910835745177,1000,3299,52,"differential_object_marking","by_session","session_3",3,NA,NA,FALSE,"exploratory"
458,0.546823578320944,0.500513991588649,0.524745259787706,0.000999000999000999,3,0.000999000999000999,TRUE,0.521910835745177,1000,3299,52,"differential_object_marking","by_session","session_3",3,NA,NA,FALSE,"exploratory"
462,0.550858309760203,0.500541039793094,0.524937361572076,0.001998001998002,3,0.000999000999000999,TRUE,0.521910835745177,1000,3299,52,"differential_object_marking","by_session","session_3",3,NA,NA,FALSE,"exploratory"
466,0.562459853215945,0.50049816022162,0.526125395907694,0.000999000999000999,3,0.000999000999000999,TRUE,0.521910835745177,1000,3299,52,"differential_object_marking","by_session","session_3",3,NA,NA,FALSE,"exploratory"
470,0.57515829059666,0.500091341654994,0.526189866828521,0.000999000999000999,3,0.000999000999000999,TRUE,0.521910835745177,1000,3299,52,"differential_object_marking","by_session","session_3",3,NA,NA,FALSE,"exploratory"
474,0.580834356066232,0.499878875909403,0.523549448545153,0.000999000999000999,3,0.000999000999000999,TRUE,0.521910835745177,1000,3299,52,"differential_object_marking","by_session","session_3",3,NA,NA,FALSE,"exploratory"
478,0.575998527004766,0.500325314530686,0.525101880600708,0.000999000999000999,3,0.000999000999000999,TRUE,0.521910835745177,1000,3299,52,"differential_object_marking","by_session","session_3",3,NA,NA,FALSE,"exploratory"
482,0.567386412877395,0.500646629014766,0.527343949068477,0.000999000999000999,3,0.000999000999000999,TRUE,0.521910835745177,1000,3299,52,"differential_object_marking","by_session","session_3",3,NA,NA,FALSE,"exploratory"
486,0.56296052898044,0.500724924356939,0.526215406455986,0.000999000999000999,3,0.000999000999000999,TRUE,0.521910835745177,1000,3299,52,"differential_object_marking","by_session","session_3",3,NA,NA,FALSE,"exploratory"
490,0.565087511404595,0.500443164954496,0.526206298926635,0.000999000999000999,3,0.000999000999000999,TRUE,0.521910835745177,1000,3299,52,"differential_object_marking","by_session","session_3",3,NA,NA,FALSE,"exploratory"
494,0.568705021331768,0.500065702089042,0.523926593865339,0.000999000999000999,3,0.000999000999000999,TRUE,0.521910835745177,1000,3299,52,"differential_object_marking","by_session","session_3",3,NA,NA,FALSE,"exploratory"
498,0.56335343165499,0.499486107920687,0.523070085496797,0.000999000999000999,3,0.000999000999000999,TRUE,0.521910835745177,1000,3299,52,"differential_object_marking","by_session","session_3",3,NA,NA,FALSE,"exploratory"
502,0.556257813994568,0.499254064023176,0.524280689752537,0.000999000999000999,3,0.000999000999000999,TRUE,0.521910835745177,1000,3299,52,"differential_object_marking","by_session","session_3",3,NA,NA,FALSE,"exploratory"
506,0.55658436526429,0.499386075934191,0.525211050810622,0.000999000999000999,3,0.000999000999000999,TRUE,0.521910835745177,1000,3299,52,"differential_object_marking","by_session","session_3",3,NA,NA,FALSE,"exploratory"
510,0.557717719170254,0.499763017079682,0.525717450787308,0.000999000999000999,3,0.000999000999000999,TRUE,0.521910835745177,1000,3299,52,"differential_object_marking","by_session","session_3",3,NA,NA,FALSE,"exploratory"
514,0.561626563069413,0.500203906111002,0.525738796548822,0.000999000999000999,3,0.000999000999000999,TRUE,0.521910835745177,1000,3299,52,"differential_object_marking","by_session","session_3",3,NA,NA,FALSE,"exploratory"
518,0.565739235605506,0.500129666004268,0.525905880162128,0.000999000999000999,3,0.000999000999000999,TRUE,0.521910835745177,1000,3299,52,"differential_object_marking","by_session","session_3",3,NA,NA,FALSE,"exploratory"
522,0.564041578943588,0.500102380723755,0.52475884419778,0.000999000999000999,3,0.000999000999000999,TRUE,0.521910835745177,1000,3299,52,"differential_object_marking","by_session","session_3",3,NA,NA,FALSE,"exploratory"
526,0.567650794537286,0.500295296750375,0.524508105105479,0.000999000999000999,3,0.000999000999000999,TRUE,0.521910835745177,1000,3299,52,"differential_object_marking","by_session","session_3",3,NA,NA,FALSE,"exploratory"
530,0.570076938845955,0.500381094135724,0.524535394491652,0.000999000999000999,3,0.000999000999000999,TRUE,0.521910835745177,1000,3299,52,"differential_object_marking","by_session","session_3",3,NA,NA,FALSE,"exploratory"
534,0.569306963949011,0.50052880922513,0.525225849187538,0.000999000999000999,3,0.000999000999000999,TRUE,0.521910835745177,1000,3299,52,"differential_object_marking","by_session","session_3",3,NA,NA,FALSE,"exploratory"
538,0.565156196044989,0.500388572512856,0.524692938401005,0.000999000999000999,3,0.000999000999000999,TRUE,0.521910835745177,1000,3299,52,"differential_object_marking","by_session","session_3",3,NA,NA,FALSE,"exploratory"
542,0.552082269030962,0.500206089995511,0.525269155015353,0.000999000999000999,3,0.000999000999000999,TRUE,0.521910835745177,1000,3299,52,"differential_object_marking","by_session","session_3",3,NA,NA,FALSE,"exploratory"
546,0.550303269543077,0.4999438934921,0.524828401806568,0.000999000999000999,3,0.000999000999000999,TRUE,0.521910835745177,1000,3299,52,"differential_object_marking","by_session","session_3",3,NA,NA,FALSE,"exploratory"
550,0.543532284157825,0.500215226729362,0.524050429227857,0.000999000999000999,3,0.000999000999000999,TRUE,0.521910835745177,1000,3299,52,"differential_object_marking","by_session","session_3",3,NA,NA,FALSE,"exploratory"
554,0.540309889710997,0.50041384722815,0.52388443808345,0.001998001998002,3,0.000999000999000999,TRUE,0.521910835745177,1000,3299,52,"differential_object_marking","by_session","session_3",3,NA,NA,FALSE,"exploratory"
558,0.544405829680641,0.500375978819874,0.525396639963081,0.000999000999000999,3,0.000999000999000999,TRUE,0.521910835745177,1000,3299,52,"differential_object_marking","by_session","session_3",3,NA,NA,FALSE,"exploratory"
562,0.549201568741855,0.500125433172106,0.524961618228716,0.000999000999000999,3,0.000999000999000999,TRUE,0.521910835745177,1000,3299,52,"differential_object_marking","by_session","session_3",3,NA,NA,FALSE,"exploratory"
566,0.558210995659396,0.500152371331642,0.524923831083195,0.000999000999000999,3,0.000999000999000999,TRUE,0.521910835745177,1000,3299,52,"differential_object_marking","by_session","session_3",3,NA,NA,FALSE,"exploratory"
570,0.565773467116695,0.500322993010492,0.525225760482146,0.000999000999000999,3,0.000999000999000999,TRUE,0.521910835745177,1000,3299,52,"differential_object_marking","by_session","session_3",3,NA,NA,FALSE,"exploratory"
574,0.561493083439498,0.500402050000906,0.526220130035603,0.000999000999000999,3,0.000999000999000999,TRUE,0.521910835745177,1000,3299,52,"differential_object_marking","by_session","session_3",3,NA,NA,FALSE,"exploratory"
578,0.558873936430378,0.50037686783461,0.525192126192967,0.000999000999000999,3,0.000999000999000999,TRUE,0.521910835745177,1000,3299,52,"differential_object_marking","by_session","session_3",3,NA,NA,FALSE,"exploratory"
582,0.554180814472737,0.499854680019802,0.5233100932126,0.000999000999000999,3,0.000999000999000999,TRUE,0.521910835745177,1000,3299,52,"differential_object_marking","by_session","session_3",3,NA,NA,FALSE,"exploratory"
586,0.549523410121723,0.499622801410727,0.523354243319699,0.000999000999000999,3,0.000999000999000999,TRUE,0.521910835745177,1000,3299,52,"differential_object_marking","by_session","session_3",3,NA,NA,FALSE,"exploratory"
590,0.539444710283454,0.499650723020918,0.525141845398052,0.000999000999000999,3,0.000999000999000999,TRUE,0.521910835745177,1000,3299,52,"differential_object_marking","by_session","session_3",3,NA,NA,FALSE,"exploratory"
594,0.543031308271122,0.499747316994921,0.525659679019988,0.000999000999000999,3,0.000999000999000999,TRUE,0.521910835745177,1000,3299,52,"differential_object_marking","by_session","session_3",3,NA,NA,FALSE,"exploratory"
598,0.547333427849672,0.499785651083695,0.525448981640571,0.000999000999000999,3,0.000999000999000999,TRUE,0.521910835745177,1000,3299,52,"differential_object_marking","by_session","session_3",3,NA,NA,FALSE,"exploratory"
602,0.546640904574675,0.499896524774672,0.524345164803914,0.000999000999000999,3,0.000999000999000999,TRUE,0.521910835745177,1000,3299,52,"differential_object_marking","by_session","session_3",3,NA,NA,FALSE,"exploratory"
606,0.548383136984924,0.500077790408835,0.52358161104348,0.000999000999000999,3,0.000999000999000999,TRUE,0.521910835745177,1000,3299,52,"differential_object_marking","by_session","session_3",3,NA,NA,FALSE,"exploratory"
610,0.543573393860223,0.500221617864494,0.524041789497829,0.000999000999000999,3,0.000999000999000999,TRUE,0.521910835745177,1000,3299,52,"differential_object_marking","by_session","session_3",3,NA,NA,FALSE,"exploratory"
614,0.532740917027264,0.499991194916595,0.525043531793587,0.00599400599400599,3,0.000999000999000999,TRUE,0.521910835745177,1000,3299,52,"differential_object_marking","by_session","session_3",3,NA,NA,FALSE,"exploratory"
618,0.528058916748202,0.499890643833187,0.526119899784889,0.021978021978022,3,0.000999000999000999,TRUE,0.521910835745177,1000,3299,52,"differential_object_marking","by_session","session_3",3,NA,NA,FALSE,"exploratory"
622,0.521276031076147,0.499869778109174,0.526464004128388,0.0659340659340659,NA,NA,FALSE,0.521910835745177,1000,3299,52,"differential_object_marking","by_session","session_3",3,NA,NA,FALSE,"exploratory"
626,0.520733093090184,0.499619419544254,0.525507220397541,0.0549450549450549,NA,NA,FALSE,0.521910835745177,1000,3299,52,"differential_object_marking","by_session","session_3",3,NA,NA,FALSE,"exploratory"
630,0.520538866940794,0.499898905944615,0.525890594368803,0.0619380619380619,NA,NA,FALSE,0.521910835745177,1000,3299,52,"differential_object_marking","by_session","session_3",3,NA,NA,FALSE,"exploratory"
634,0.523758867559315,0.500309855313423,0.526193956897875,0.03996003996004,4,0.807192807192807,FALSE,0.521910835745177,1000,3299,52,"differential_object_marking","by_session","session_3",3,NA,NA,FALSE,"exploratory"
638,0.528466594308668,0.500490476928332,0.527000668289782,0.016983016983017,4,0.807192807192807,FALSE,0.521910835745177,1000,3299,52,"differential_object_marking","by_session","session_3",3,NA,NA,FALSE,"exploratory"
642,0.522013149386996,0.500372864065873,0.526398553059112,0.0539460539460539,4,0.807192807192807,FALSE,0.521910835745177,1000,3299,52,"differential_object_marking","by_session","session_3",3,NA,NA,FALSE,"exploratory"
646,0.516925115967534,0.500201480849462,0.526572616058874,0.113886113886114,NA,NA,FALSE,0.521910835745177,1000,3299,52,"differential_object_marking","by_session","session_3",3,NA,NA,FALSE,"exploratory"
650,0.522732335151831,0.499763998164244,0.527222465995211,0.048951048951049,5,0.00799200799200799,TRUE,0.521910835745177,1000,3299,52,"differential_object_marking","by_session","session_3",3,NA,NA,FALSE,"exploratory"
654,0.523959447090263,0.499658273211035,0.52502305225163,0.031968031968032,5,0.00799200799200799,TRUE,0.521910835745177,1000,3299,52,"differential_object_marking","by_session","session_3",3,NA,NA,FALSE,"exploratory"
658,0.52820610161097,0.500041751437445,0.523399076711732,0.012987012987013,5,0.00799200799200799,TRUE,0.521910835745177,1000,3299,52,"differential_object_marking","by_session","session_3",3,NA,NA,FALSE,"exploratory"
662,0.523635659337138,0.500446893459992,0.523678709811882,0.026973026973027,5,0.00799200799200799,TRUE,0.521910835745177,1000,3299,52,"differential_object_marking","by_session","session_3",3,NA,NA,FALSE,"exploratory"
666,0.530153721248207,0.500482839132013,0.525981674828335,0.013986013986014,5,0.00799200799200799,TRUE,0.521910835745177,1000,3299,52,"differential_object_marking","by_session","session_3",3,NA,NA,FALSE,"exploratory"
670,0.534433388137389,0.500059649229433,0.524799015383813,0.003996003996004,5,0.00799200799200799,TRUE,0.521910835745177,1000,3299,52,"differential_object_marking","by_session","session_3",3,NA,NA,FALSE,"exploratory"
674,0.530735501231384,0.499937479669785,0.524061984206491,0.00899100899100899,5,0.00799200799200799,TRUE,0.521910835745177,1000,3299,52,"differential_object_marking","by_session","session_3",3,NA,NA,FALSE,"exploratory"
678,0.523402159575172,0.499931706603331,0.525720073708267,0.038961038961039,5,0.00799200799200799,TRUE,0.521910835745177,1000,3299,52,"differential_object_marking","by_session","session_3",3,NA,NA,FALSE,"exploratory"
682,0.527823037304851,0.50009699418534,0.525394745690277,0.020979020979021,5,0.00799200799200799,TRUE,0.521910835745177,1000,3299,52,"differential_object_marking","by_session","session_3",3,NA,NA,FALSE,"exploratory"
686,0.532756165700032,0.499935622805384,0.526194975386537,0.00999000999000999,5,0.00799200799200799,TRUE,0.521910835745177,1000,3299,52,"differential_object_marking","by_session","session_3",3,NA,NA,FALSE,"exploratory"
690,0.54013521424565,0.5000752877271,0.526627918914955,0.001998001998002,5,0.00799200799200799,TRUE,0.521910835745177,1000,3299,52,"differential_object_marking","by_session","session_3",3,NA,NA,FALSE,"exploratory"
694,0.550155072045168,0.499817750228428,0.526112603897112,0.001998001998002,5,0.00799200799200799,TRUE,0.521910835745177,1000,3299,52,"differential_object_marking","by_session","session_3",3,NA,NA,FALSE,"exploratory"
698,0.543644079322335,0.500090227308923,0.526841700985741,0.001998001998002,5,0.00799200799200799,TRUE,0.521910835745177,1000,3299,52,"differential_object_marking","by_session","session_3",3,NA,NA,FALSE,"exploratory"
702,0.539231883078745,0.500294334091317,0.526245254801336,0.000999000999000999,5,0.00799200799200799,TRUE,0.521910835745177,1000,3299,52,"differential_object_marking","by_session","session_3",3,NA,NA,FALSE,"exploratory"
706,0.539978048302507,0.500113511311303,0.527514652546083,0.001998001998002,5,0.00799200799200799,TRUE,0.521910835745177,1000,3299,52,"differential_object_marking","by_session","session_3",3,NA,NA,FALSE,"exploratory"
710,0.538373548588697,0.499983655369865,0.527419309618916,0.003996003996004,5,0.00799200799200799,TRUE,0.521910835745177,1000,3299,52,"differential_object_marking","by_session","session_3",3,NA,NA,FALSE,"exploratory"
714,0.528061666589112,0.499682410335332,0.526274668239361,0.021978021978022,5,0.00799200799200799,TRUE,0.521910835745177,1000,3299,52,"differential_object_marking","by_session","session_3",3,NA,NA,FALSE,"exploratory"
718,0.520675934030108,0.499706193726386,0.525022521588496,0.04995004995005,NA,NA,FALSE,0.521910835745177,1000,3299,52,"differential_object_marking","by_session","session_3",3,NA,NA,FALSE,"exploratory"
722,0.525164098127696,0.49997567069634,0.524986959320848,0.025974025974026,6,0.17982017982018,FALSE,0.521910835745177,1000,3299,52,"differential_object_marking","by_session","session_3",3,NA,NA,FALSE,"exploratory"
726,0.528235355861931,0.499869304962244,0.525244821963794,0.010989010989011,6,0.17982017982018,FALSE,0.521910835745177,1000,3299,52,"differential_object_marking","by_session","session_3",3,NA,NA,FALSE,"exploratory"
730,0.528781170872025,0.499766902257444,0.524857391941497,0.010989010989011,6,0.17982017982018,FALSE,0.521910835745177,1000,3299,52,"differential_object_marking","by_session","session_3",3,NA,NA,FALSE,"exploratory"
734,0.530146141940973,0.499453663004964,0.524737688717602,0.00899100899100899,6,0.17982017982018,FALSE,0.521910835745177,1000,3299,52,"differential_object_marking","by_session","session_3",3,NA,NA,FALSE,"exploratory"
738,0.533499896052176,0.499636274854944,0.524924255393276,0.003996003996004,6,0.17982017982018,FALSE,0.521910835745177,1000,3299,52,"differential_object_marking","by_session","session_3",3,NA,NA,FALSE,"exploratory"
742,0.524718724085932,0.500245756648356,0.525696055100194,0.030969030969031,6,0.17982017982018,FALSE,0.521910835745177,1000,3299,52,"differential_object_marking","by_session","session_3",3,NA,NA,FALSE,"exploratory"
746,0.528457487040636,0.500093369685162,0.526047006886901,0.00999000999000999,6,0.17982017982018,FALSE,0.521910835745177,1000,3299,52,"differential_object_marking","by_session","session_3",3,NA,NA,FALSE,"exploratory"
750,0.525810557913966,0.499890762172508,0.526619428596136,0.026973026973027,6,0.17982017982018,FALSE,0.521910835745177,1000,3299,52,"differential_object_marking","by_session","session_3",3,NA,NA,FALSE,"exploratory"
754,0.517972333669155,0.499781046349509,0.525393065585588,0.0829170829170829,NA,NA,FALSE,0.521910835745177,1000,3299,52,"differential_object_marking","by_session","session_3",3,NA,NA,FALSE,"exploratory"
758,0.513484286843276,0.499822698379558,0.524868857381787,0.141858141858142,NA,NA,FALSE,0.521910835745177,1000,3299,52,"differential_object_marking","by_session","session_3",3,NA,NA,FALSE,"exploratory"
762,0.518077689589904,0.500009625286899,0.525911412787634,0.0909090909090909,NA,NA,FALSE,0.521910835745177,1000,3299,52,"differential_object_marking","by_session","session_3",3,NA,NA,FALSE,"exploratory"
766,0.524504249430942,0.499986287301641,0.526967275006342,0.038961038961039,7,0.000999000999000999,TRUE,0.521910835745177,1000,3299,52,"differential_object_marking","by_session","session_3",3,NA,NA,FALSE,"exploratory"
770,0.529461358759621,0.499815419138832,0.525784282025855,0.013986013986014,7,0.000999000999000999,TRUE,0.521910835745177,1000,3299,52,"differential_object_marking","by_session","session_3",3,NA,NA,FALSE,"exploratory"
774,0.537272399354156,0.499755203916745,0.526052618040366,0.001998001998002,7,0.000999000999000999,TRUE,0.521910835745177,1000,3299,52,"differential_object_marking","by_session","session_3",3,NA,NA,FALSE,"exploratory"
778,0.539526122635181,0.499869232279591,0.525139393753704,0.001998001998002,7,0.000999000999000999,TRUE,0.521910835745177,1000,3299,52,"differential_object_marking","by_session","session_3",3,NA,NA,FALSE,"exploratory"
782,0.538311845648408,0.50005095426127,0.525432798102129,0.003996003996004,7,0.000999000999000999,TRUE,0.521910835745177,1000,3299,52,"differential_object_marking","by_session","session_3",3,NA,NA,FALSE,"exploratory"
786,0.539194426784341,0.500224986871553,0.526689629223744,0.003996003996004,7,0.000999000999000999,TRUE,0.521910835745177,1000,3299,52,"differential_object_marking","by_session","session_3",3,NA,NA,FALSE,"exploratory"
790,0.54696111995595,0.500296542963986,0.525224142639324,0.000999000999000999,7,0.000999000999000999,TRUE,0.521910835745177,1000,3299,52,"differential_object_marking","by_session","session_3",3,NA,NA,FALSE,"exploratory"
794,0.546141284344975,0.500171270570386,0.527223198808267,0.000999000999000999,7,0.000999000999000999,TRUE,0.521910835745177,1000,3299,52,"differential_object_marking","by_session","session_3",3,NA,NA,FALSE,"exploratory"
798,0.547094756992787,0.500083766998801,0.526371383606708,0.000999000999000999,7,0.000999000999000999,TRUE,0.521910835745177,1000,3299,52,"differential_object_marking","by_session","session_3",3,NA,NA,FALSE,"exploratory"
802,0.544711287036846,0.499802742819333,0.525238747255798,0.000999000999000999,7,0.000999000999000999,TRUE,0.521910835745177,1000,3299,52,"differential_object_marking","by_session","session_3",3,NA,NA,FALSE,"exploratory"
806,0.548766864305003,0.499568440050136,0.524471325076106,0.000999000999000999,7,0.000999000999000999,TRUE,0.521910835745177,1000,3299,52,"differential_object_marking","by_session","session_3",3,NA,NA,FALSE,"exploratory"
810,0.546245952603068,0.499694521180935,0.525003705987417,0.000999000999000999,7,0.000999000999000999,TRUE,0.521910835745177,1000,3299,52,"differential_object_marking","by_session","session_3",3,NA,NA,FALSE,"exploratory"
814,0.543309421372514,0.499999477517887,0.525443825951677,0.000999000999000999,7,0.000999000999000999,TRUE,0.521910835745177,1000,3299,52,"differential_object_marking","by_session","session_3",3,NA,NA,FALSE,"exploratory"
818,0.542226997797729,0.500018822712798,0.52573164053755,0.003996003996004,7,0.000999000999000999,TRUE,0.521910835745177,1000,3299,52,"differential_object_marking","by_session","session_3",3,NA,NA,FALSE,"exploratory"
822,0.54073665959655,0.500139800358347,0.526912619214616,0.002997002997003,7,0.000999000999000999,TRUE,0.521910835745177,1000,3299,52,"differential_object_marking","by_session","session_3",3,NA,NA,FALSE,"exploratory"
826,0.539450293610389,0.499906618190773,0.52570783080254,0.002997002997003,7,0.000999000999000999,TRUE,0.521910835745177,1000,3299,52,"differential_object_marking","by_session","session_3",3,NA,NA,FALSE,"exploratory"
830,0.535750548138872,0.499896881611488,0.525541402691504,0.002997002997003,7,0.000999000999000999,TRUE,0.521910835745177,1000,3299,52,"differential_object_marking","by_session","session_3",3,NA,NA,FALSE,"exploratory"
834,0.534907275769898,0.499826427490067,0.525305594391713,0.00799200799200799,7,0.000999000999000999,TRUE,0.521910835745177,1000,3299,52,"differential_object_marking","by_session","session_3",3,NA,NA,FALSE,"exploratory"
838,0.536802574460078,0.499830827441892,0.526184061305468,0.003996003996004,7,0.000999000999000999,TRUE,0.521910835745177,1000,3299,52,"differential_object_marking","by_session","session_3",3,NA,NA,FALSE,"exploratory"
842,0.533334238329284,0.499816806899449,0.526271948814219,0.00999000999000999,7,0.000999000999000999,TRUE,0.521910835745177,1000,3299,52,"differential_object_marking","by_session","session_3",3,NA,NA,FALSE,"exploratory"
846,0.52568844158833,0.499478193555057,0.526266524443129,0.027972027972028,7,0.000999000999000999,TRUE,0.521910835745177,1000,3299,52,"differential_object_marking","by_session","session_3",3,NA,NA,FALSE,"exploratory"
850,0.538397787323513,0.499343944627344,0.525470228284484,0.000999000999000999,7,0.000999000999000999,TRUE,0.521910835745177,1000,3299,52,"differential_object_marking","by_session","session_3",3,NA,NA,FALSE,"exploratory"
854,0.540989526092976,0.499595752431338,0.525522906570137,0.000999000999000999,7,0.000999000999000999,TRUE,0.521910835745177,1000,3299,52,"differential_object_marking","by_session","session_3",3,NA,NA,FALSE,"exploratory"
858,0.546597729772353,0.499817578193966,0.524984342869981,0.000999000999000999,7,0.000999000999000999,TRUE,0.521910835745177,1000,3299,52,"differential_object_marking","by_session","session_3",3,NA,NA,FALSE,"exploratory"
862,0.542179501238956,0.500173656776708,0.525726362663551,0.000999000999000999,7,0.000999000999000999,TRUE,0.521910835745177,1000,3299,52,"differential_object_marking","by_session","session_3",3,NA,NA,FALSE,"exploratory"
866,0.540465002678868,0.500336677427192,0.52486163893611,0.000999000999000999,7,0.000999000999000999,TRUE,0.521910835745177,1000,3299,52,"differential_object_marking","by_session","session_3",3,NA,NA,FALSE,"exploratory"
870,0.534802757503347,0.500384502838159,0.525357828253892,0.003996003996004,7,0.000999000999000999,TRUE,0.521910835745177,1000,3299,52,"differential_object_marking","by_session","session_3",3,NA,NA,FALSE,"exploratory"
874,0.523767656906336,0.500215946177629,0.525608361322439,0.040959040959041,7,0.000999000999000999,TRUE,0.521910835745177,1000,3299,52,"differential_object_marking","by_session","session_3",3,NA,NA,FALSE,"exploratory"
878,0.524627880594466,0.500252962544923,0.526676127884836,0.032967032967033,7,0.000999000999000999,TRUE,0.521910835745177,1000,3299,52,"differential_object_marking","by_session","session_3",3,NA,NA,FALSE,"exploratory"
882,0.520566646119023,0.500061114917284,0.526727687447938,0.0679320679320679,NA,NA,FALSE,0.521910835745177,1000,3299,52,"differential_object_marking","by_session","session_3",3,NA,NA,FALSE,"exploratory"
886,0.517760464691634,0.500554708465786,0.526402145093034,0.10989010989011,NA,NA,FALSE,0.521910835745177,1000,3299,52,"differential_object_marking","by_session","session_3",3,NA,NA,FALSE,"exploratory"
890,0.517433587118344,0.501092301688301,0.526962541104509,0.111888111888112,NA,NA,FALSE,0.521910835745177,1000,3299,52,"differential_object_marking","by_session","session_3",3,NA,NA,FALSE,"exploratory"
894,0.521174027888755,0.501103686277232,0.526446611399887,0.0729270729270729,NA,NA,FALSE,0.521910835745177,1000,3299,52,"differential_object_marking","by_session","session_3",3,NA,NA,FALSE,"exploratory"
898,0.519767329632051,0.500665647272142,0.527222324361275,0.0639360639360639,NA,NA,FALSE,0.521910835745177,1000,3299,52,"differential_object_marking","by_session","session_3",3,NA,NA,FALSE,"exploratory"
902,0.532311714513168,0.500382602204779,0.525248664380571,0.00699300699300699,8,0.001998001998002,TRUE,0.521910835745177,1000,3299,52,"differential_object_marking","by_session","session_3",3,NA,NA,FALSE,"exploratory"
906,0.541943647883488,0.500211170390034,0.525449360109008,0.001998001998002,8,0.001998001998002,TRUE,0.521910835745177,1000,3299,52,"differential_object_marking","by_session","session_3",3,NA,NA,FALSE,"exploratory"
910,0.547748559333805,0.500007769581961,0.524629375919273,0.000999000999000999,8,0.001998001998002,TRUE,0.521910835745177,1000,3299,52,"differential_object_marking","by_session","session_3",3,NA,NA,FALSE,"exploratory"
914,0.551847116136761,0.499813599696106,0.525039327481248,0.000999000999000999,8,0.001998001998002,TRUE,0.521910835745177,1000,3299,52,"differential_object_marking","by_session","session_3",3,NA,NA,FALSE,"exploratory"
918,0.552797827506669,0.499572662181892,0.524650876737623,0.000999000999000999,8,0.001998001998002,TRUE,0.521910835745177,1000,3299,52,"differential_object_marking","by_session","session_3",3,NA,NA,FALSE,"exploratory"
922,0.549193333831333,0.499430275922144,0.525488666637843,0.000999000999000999,8,0.001998001998002,TRUE,0.521910835745177,1000,3299,52,"differential_object_marking","by_session","session_3",3,NA,NA,FALSE,"exploratory"
926,0.546517183080696,0.499625697434086,0.525156528292949,0.000999000999000999,8,0.001998001998002,TRUE,0.521910835745177,1000,3299,52,"differential_object_marking","by_session","session_3",3,NA,NA,FALSE,"exploratory"
930,0.54082154774385,0.499436426561011,0.524423279818873,0.000999000999000999,8,0.001998001998002,TRUE,0.521910835745177,1000,3299,52,"differential_object_marking","by_session","session_3",3,NA,NA,FALSE,"exploratory"
934,0.53669133538333,0.499663585603263,0.526115106723172,0.001998001998002,8,0.001998001998002,TRUE,0.521910835745177,1000,3299,52,"differential_object_marking","by_session","session_3",3,NA,NA,FALSE,"exploratory"
938,0.539174711920884,0.499750193701899,0.524700843321423,0.002997002997003,8,0.001998001998002,TRUE,0.521910835745177,1000,3299,52,"differential_object_marking","by_session","session_3",3,NA,NA,FALSE,"exploratory"
942,0.534409846014878,0.499954311719588,0.52526310795833,0.00699300699300699,8,0.001998001998002,TRUE,0.521910835745177,1000,3299,52,"differential_object_marking","by_session","session_3",3,NA,NA,FALSE,"exploratory"
946,0.536970553153084,0.499812516630339,0.523909640690537,0.000999000999000999,8,0.001998001998002,TRUE,0.521910835745177,1000,3299,52,"differential_object_marking","by_session","session_3",3,NA,NA,FALSE,"exploratory"
950,0.535753338028929,0.499802316268341,0.524493170875776,0.000999000999000999,8,0.001998001998002,TRUE,0.521910835745177,1000,3299,52,"differential_object_marking","by_session","session_3",3,NA,NA,FALSE,"exploratory"
954,0.523619672442052,0.499452237351537,0.523149236037145,0.022977022977023,8,0.001998001998002,TRUE,0.521910835745177,1000,3299,52,"differential_object_marking","by_session","session_3",3,NA,NA,FALSE,"exploratory"
958,0.515006562498401,0.499688426184298,0.524106283361935,0.112887112887113,NA,NA,FALSE,0.521910835745177,1000,3299,52,"differential_object_marking","by_session","session_3",3,NA,NA,FALSE,"exploratory"
962,0.510921612458058,0.499979011299926,0.523213753893154,0.204795204795205,NA,NA,FALSE,0.521910835745177,1000,3299,52,"differential_object_marking","by_session","session_3",3,NA,NA,FALSE,"exploratory"
966,0.520035126778509,0.500288604237561,0.523960729362014,0.0639360639360639,NA,NA,FALSE,0.521910835745177,1000,3299,52,"differential_object_marking","by_session","session_3",3,NA,NA,FALSE,"exploratory"
970,0.529909665091154,0.500405142218654,0.524618568784684,0.00899100899100899,9,0.000999000999000999,TRUE,0.521910835745177,1000,3299,52,"differential_object_marking","by_session","session_3",3,NA,NA,FALSE,"exploratory"
974,0.53292743845149,0.500303676618297,0.525226006219156,0.00599400599400599,9,0.000999000999000999,TRUE,0.521910835745177,1000,3299,52,"differential_object_marking","by_session","session_3",3,NA,NA,FALSE,"exploratory"
978,0.536783937824196,0.500388084537687,0.525100323043522,0.002997002997003,9,0.000999000999000999,TRUE,0.521910835745177,1000,3299,52,"differential_object_marking","by_session","session_3",3,NA,NA,FALSE,"exploratory"
982,0.533238819632824,0.500092551735949,0.525851684863429,0.00799200799200799,9,0.000999000999000999,TRUE,0.521910835745177,1000,3299,52,"differential_object_marking","by_session","session_3",3,NA,NA,FALSE,"exploratory"
986,0.535242260188351,0.499943435148895,0.526416930158483,0.00599400599400599,9,0.000999000999000999,TRUE,0.521910835745177,1000,3299,52,"differential_object_marking","by_session","session_3",3,NA,NA,FALSE,"exploratory"
990,0.536310995690669,0.500025066413019,0.526365757916719,0.002997002997003,9,0.000999000999000999,TRUE,0.521910835745177,1000,3299,52,"differential_object_marking","by_session","session_3",3,NA,NA,FALSE,"exploratory"
994,0.540427852023774,0.500241434243693,0.526377364600208,0.001998001998002,9,0.000999000999000999,TRUE,0.521910835745177,1000,3299,52,"differential_object_marking","by_session","session_3",3,NA,NA,FALSE,"exploratory"
998,0.538890524048241,0.500829266013206,0.526631069963183,0.002997002997003,9,0.000999000999000999,TRUE,0.521910835745177,1000,3299,52,"differential_object_marking","by_session","session_3",3,NA,NA,FALSE,"exploratory"
1002,0.539090213698237,0.501079840315921,0.526429463469048,0.001998001998002,9,0.000999000999000999,TRUE,0.521910835745177,1000,3299,52,"differential_object_marking","by_session","session_3",3,NA,NA,FALSE,"exploratory"
1006,0.529797693589943,0.501258228173499,0.525862742063254,0.00999000999000999,9,0.000999000999000999,TRUE,0.521910835745177,1000,3299,52,"differential_object_marking","by_session","session_3",3,NA,NA,FALSE,"exploratory"
1010,0.530928417743979,0.500946175620238,0.526324419666695,0.00999000999000999,9,0.000999000999000999,TRUE,0.521910835745177,1000,3299,52,"differential_object_marking","by_session","session_3",3,NA,NA,FALSE,"exploratory"
1014,0.528012171216973,0.500597893601177,0.526072834197645,0.01998001998002,9,0.000999000999000999,TRUE,0.521910835745177,1000,3299,52,"differential_object_marking","by_session","session_3",3,NA,NA,FALSE,"exploratory"
1018,0.532439636581411,0.500157120093414,0.527424707769278,0.011988011988012,9,0.000999000999000999,TRUE,0.521910835745177,1000,3299,52,"differential_object_marking","by_session","session_3",3,NA,NA,FALSE,"exploratory"
1022,0.544478247912376,0.500243877201072,0.526301058999916,0.000999000999000999,9,0.000999000999000999,TRUE,0.521910835745177,1000,3299,52,"differential_object_marking","by_session","session_3",3,NA,NA,FALSE,"exploratory"
1026,0.54477693725907,0.499830334027445,0.527229391806697,0.000999000999000999,9,0.000999000999000999,TRUE,0.521910835745177,1000,3299,52,"differential_object_marking","by_session","session_3",3,NA,NA,FALSE,"exploratory"
1030,0.539038706542729,0.499862523886446,0.52683092385438,0.004995004995005,9,0.000999000999000999,TRUE,0.521910835745177,1000,3299,52,"differential_object_marking","by_session","session_3",3,NA,NA,FALSE,"exploratory"
1034,0.531304723680681,0.499617412846038,0.526595733618033,0.00999000999000999,9,0.000999000999000999,TRUE,0.521910835745177,1000,3299,52,"differential_object_marking","by_session","session_3",3,NA,NA,FALSE,"exploratory"
1038,0.529119083538441,0.499552628675653,0.525557939703922,0.011988011988012,9,0.000999000999000999,TRUE,0.521910835745177,1000,3299,52,"differential_object_marking","by_session","session_3",3,NA,NA,FALSE,"exploratory"
1042,0.525725222127579,0.499617406409604,0.525747698789739,0.026973026973027,9,0.000999000999000999,TRUE,0.521910835745177,1000,3299,52,"differential_object_marking","by_session","session_3",3,NA,NA,FALSE,"exploratory"
1046,0.531366068621529,0.499935742038898,0.525461551254873,0.00799200799200799,9,0.000999000999000999,TRUE,0.521910835745177,1000,3299,52,"differential_object_marking","by_session","session_3",3,NA,NA,FALSE,"exploratory"
1050,0.535626270882673,0.5002354582049,0.525689013954284,0.001998001998002,9,0.000999000999000999,TRUE,0.521910835745177,1000,3299,52,"differential_object_marking","by_session","session_3",3,NA,NA,FALSE,"exploratory"
1054,0.545044513506742,0.500597095460289,0.528218367802382,0.000999000999000999,9,0.000999000999000999,TRUE,0.521910835745177,1000,3299,52,"differential_object_marking","by_session","session_3",3,NA,NA,FALSE,"exploratory"
1058,0.547690054306225,0.500892928165847,0.527343963092852,0.000999000999000999,9,0.000999000999000999,TRUE,0.521910835745177,1000,3299,52,"differential_object_marking","by_session","session_3",3,NA,NA,FALSE,"exploratory"
1062,0.544289338817134,0.500934120796026,0.527535304745944,0.001998001998002,9,0.000999000999000999,TRUE,0.521910835745177,1000,3299,52,"differential_object_marking","by_session","session_3",3,NA,NA,FALSE,"exploratory"
1066,0.545875537889638,0.500874441868333,0.52613649672645,0.000999000999000999,9,0.000999000999000999,TRUE,0.521910835745177,1000,3299,52,"differential_object_marking","by_session","session_3",3,NA,NA,FALSE,"exploratory"
1070,0.539302186785039,0.50050971833698,0.525686577868318,0.002997002997003,9,0.000999000999000999,TRUE,0.521910835745177,1000,3299,52,"differential_object_marking","by_session","session_3",3,NA,NA,FALSE,"exploratory"
1074,0.539120445545923,0.500140128353161,0.525656121283996,0.003996003996004,9,0.000999000999000999,TRUE,0.521910835745177,1000,3299,52,"differential_object_marking","by_session","session_3",3,NA,NA,FALSE,"exploratory"
1078,0.542848802088955,0.500025482697623,0.525276707323178,0.001998001998002,9,0.000999000999000999,TRUE,0.521910835745177,1000,3299,52,"differential_object_marking","by_session","session_3",3,NA,NA,FALSE,"exploratory"
1082,0.541951728555914,0.500201524770203,0.525612162072395,0.001998001998002,9,0.000999000999000999,TRUE,0.521910835745177,1000,3299,52,"differential_object_marking","by_session","session_3",3,NA,NA,FALSE,"exploratory"
1086,0.545784773486142,0.500229858145015,0.525751436486331,0.000999000999000999,9,0.000999000999000999,TRUE,0.521910835745177,1000,3299,52,"differential_object_marking","by_session","session_3",3,NA,NA,FALSE,"exploratory"
1090,0.541723001871254,0.500037791630587,0.526002734596788,0.000999000999000999,9,0.000999000999000999,TRUE,0.521910835745177,1000,3299,52,"differential_object_marking","by_session","session_3",3,NA,NA,FALSE,"exploratory"
1094,0.540984148653856,0.499977761125685,0.524282944008172,0.001998001998002,9,0.000999000999000999,TRUE,0.521910835745177,1000,3299,52,"differential_object_marking","by_session","session_3",3,NA,NA,FALSE,"exploratory"
1098,0.535513411288536,0.500516115590415,0.525087787331445,0.003996003996004,9,0.000999000999000999,TRUE,0.521910835745177,1000,3299,52,"differential_object_marking","by_session","session_3",3,NA,NA,FALSE,"exploratory"
-98,0.6030093974704,0.500451653825667,0.526447128444942,0.000999000999000999,1,0.000999000999000999,TRUE,0.521438943638269,1000,3486,55,"differential_object_marking","by_session","session_4",4,NA,NA,FALSE,"exploratory"
-94,0.597182666072361,0.500335065759706,0.526163316451214,0.000999000999000999,1,0.000999000999000999,TRUE,0.521438943638269,1000,3486,55,"differential_object_marking","by_session","session_4",4,NA,NA,FALSE,"exploratory"
-90,0.591798307870809,0.499876555725657,0.525930863069787,0.000999000999000999,1,0.000999000999000999,TRUE,0.521438943638269,1000,3486,55,"differential_object_marking","by_session","session_4",4,NA,NA,FALSE,"exploratory"
-86,0.577313693930079,0.499793609372938,0.526418771589923,0.000999000999000999,1,0.000999000999000999,TRUE,0.521438943638269,1000,3486,55,"differential_object_marking","by_session","session_4",4,NA,NA,FALSE,"exploratory"
-82,0.562746106488108,0.499786074365313,0.525984152282407,0.000999000999000999,1,0.000999000999000999,TRUE,0.521438943638269,1000,3486,55,"differential_object_marking","by_session","session_4",4,NA,NA,FALSE,"exploratory"
-78,0.537837205205671,0.499335928680359,0.52574516849464,0.001998001998002,1,0.000999000999000999,TRUE,0.521438943638269,1000,3486,55,"differential_object_marking","by_session","session_4",4,NA,NA,FALSE,"exploratory"
-74,0.522434085406299,0.499243321530608,0.525913817969977,0.042957042957043,1,0.000999000999000999,TRUE,0.521438943638269,1000,3486,55,"differential_object_marking","by_session","session_4",4,NA,NA,FALSE,"exploratory"
-70,0.520904818131201,0.499457054615342,0.525659939298504,0.0539460539460539,NA,NA,FALSE,0.521438943638269,1000,3486,55,"differential_object_marking","by_session","session_4",4,NA,NA,FALSE,"exploratory"
-66,0.518394751200883,0.499619827273053,0.52539437347042,0.0699300699300699,NA,NA,FALSE,0.521438943638269,1000,3486,55,"differential_object_marking","by_session","session_4",4,NA,NA,FALSE,"exploratory"
-62,0.515924194401637,0.499783167003139,0.52682270989999,0.110889110889111,NA,NA,FALSE,0.521438943638269,1000,3486,55,"differential_object_marking","by_session","session_4",4,NA,NA,FALSE,"exploratory"
-58,0.50059398817577,0.500079959126929,0.526268306384144,0.516483516483517,NA,NA,FALSE,0.521438943638269,1000,3486,55,"differential_object_marking","by_session","session_4",4,NA,NA,FALSE,"exploratory"
-54,0.482263203761951,0.500359827509965,0.525550642204619,0.903096903096903,NA,NA,FALSE,0.521438943638269,1000,3486,55,"differential_object_marking","by_session","session_4",4,NA,NA,FALSE,"exploratory"
-50,0.472494128807146,0.500330571337779,0.527156797724823,0.976023976023976,NA,NA,FALSE,0.521438943638269,1000,3486,55,"differential_object_marking","by_session","session_4",4,NA,NA,FALSE,"exploratory"
-46,0.461303004851412,0.499975650351333,0.526115884229786,0.993006993006993,NA,NA,FALSE,0.521438943638269,1000,3486,55,"differential_object_marking","by_session","session_4",4,NA,NA,FALSE,"exploratory"
-42,0.478306708575086,0.499700781579014,0.526011541908618,0.935064935064935,NA,NA,FALSE,0.521438943638269,1000,3486,55,"differential_object_marking","by_session","session_4",4,NA,NA,FALSE,"exploratory"
-38,0.505136645532602,0.499937955891373,0.525408359892557,0.360639360639361,NA,NA,FALSE,0.521438943638269,1000,3486,55,"differential_object_marking","by_session","session_4",4,NA,NA,FALSE,"exploratory"
-34,0.526955312833794,0.500134380850646,0.526652163007514,0.024975024975025,2,0.000999000999000999,TRUE,0.521438943638269,1000,3486,55,"differential_object_marking","by_session","session_4",4,NA,NA,FALSE,"exploratory"
-30,0.533441751960359,0.5000790985522,0.526803686033011,0.00699300699300699,2,0.000999000999000999,TRUE,0.521438943638269,1000,3486,55,"differential_object_marking","by_session","session_4",4,NA,NA,FALSE,"exploratory"
-26,0.540288744369729,0.500232045469761,0.525169273357891,0.001998001998002,2,0.000999000999000999,TRUE,0.521438943638269,1000,3486,55,"differential_object_marking","by_session","session_4",4,NA,NA,FALSE,"exploratory"
-22,0.551401640740907,0.500354694793384,0.525898232252071,0.000999000999000999,2,0.000999000999000999,TRUE,0.521438943638269,1000,3486,55,"differential_object_marking","by_session","session_4",4,NA,NA,FALSE,"exploratory"
-18,0.564093047236552,0.500310893068466,0.527653888574773,0.000999000999000999,2,0.000999000999000999,TRUE,0.521438943638269,1000,3486,55,"differential_object_marking","by_session","session_4",4,NA,NA,FALSE,"exploratory"
-14,0.566271140728144,0.499816659683006,0.52611120292277,0.000999000999000999,2,0.000999000999000999,TRUE,0.521438943638269,1000,3486,55,"differential_object_marking","by_session","session_4",4,NA,NA,FALSE,"exploratory"
-10,0.567455107109359,0.49958351355045,0.526785859527426,0.000999000999000999,2,0.000999000999000999,TRUE,0.521438943638269,1000,3486,55,"differential_object_marking","by_session","session_4",4,NA,NA,FALSE,"exploratory"
-6,0.570544224080035,0.499826390766698,0.525327510439731,0.000999000999000999,2,0.000999000999000999,TRUE,0.521438943638269,1000,3486,55,"differential_object_marking","by_session","session_4",4,NA,NA,FALSE,"exploratory"
-2,0.566830027955914,0.500279873380489,0.525770897513525,0.000999000999000999,2,0.000999000999000999,TRUE,0.521438943638269,1000,3486,55,"differential_object_marking","by_session","session_4",4,NA,NA,FALSE,"exploratory"
2,0.570215417852511,0.500278665806887,0.526824480543613,0.000999000999000999,2,0.000999000999000999,TRUE,0.521438943638269,1000,3486,55,"differential_object_marking","by_session","session_4",4,NA,NA,FALSE,"exploratory"
6,0.564937611455347,0.500063242904326,0.526340020243317,0.000999000999000999,2,0.000999000999000999,TRUE,0.521438943638269,1000,3486,55,"differential_object_marking","by_session","session_4",4,NA,NA,FALSE,"exploratory"
10,0.549359213026792,0.499768121135629,0.525594665647134,0.000999000999000999,2,0.000999000999000999,TRUE,0.521438943638269,1000,3486,55,"differential_object_marking","by_session","session_4",4,NA,NA,FALSE,"exploratory"
14,0.529583994603073,0.499923434947948,0.526409276115235,0.014985014985015,2,0.000999000999000999,TRUE,0.521438943638269,1000,3486,55,"differential_object_marking","by_session","session_4",4,NA,NA,FALSE,"exploratory"
18,0.524225741606216,0.499880301600615,0.525405745200762,0.032967032967033,2,0.000999000999000999,TRUE,0.521438943638269,1000,3486,55,"differential_object_marking","by_session","session_4",4,NA,NA,FALSE,"exploratory"
22,0.527774102274795,0.499969940760484,0.5261432731482,0.015984015984016,2,0.000999000999000999,TRUE,0.521438943638269,1000,3486,55,"differential_object_marking","by_session","session_4",4,NA,NA,FALSE,"exploratory"
26,0.528791620783658,0.499801645238135,0.526248745588737,0.012987012987013,2,0.000999000999000999,TRUE,0.521438943638269,1000,3486,55,"differential_object_marking","by_session","session_4",4,NA,NA,FALSE,"exploratory"
30,0.516651647086502,0.4996061567559,0.52360556378299,0.106893106893107,NA,NA,FALSE,0.521438943638269,1000,3486,55,"differential_object_marking","by_session","session_4",4,NA,NA,FALSE,"exploratory"
34,0.518414273819814,0.499331441744756,0.527230376285658,0.0849150849150849,NA,NA,FALSE,0.521438943638269,1000,3486,55,"differential_object_marking","by_session","session_4",4,NA,NA,FALSE,"exploratory"
38,0.527656968311641,0.499580224788598,0.525952774958716,0.021978021978022,3,0.013986013986014,TRUE,0.521438943638269,1000,3486,55,"differential_object_marking","by_session","session_4",4,NA,NA,FALSE,"exploratory"
42,0.527830440578841,0.499686623119813,0.525791306461463,0.017982017982018,3,0.013986013986014,TRUE,0.521438943638269,1000,3486,55,"differential_object_marking","by_session","session_4",4,NA,NA,FALSE,"exploratory"
46,0.530355704898474,0.500080248092497,0.525415919995707,0.012987012987013,3,0.013986013986014,TRUE,0.521438943638269,1000,3486,55,"differential_object_marking","by_session","session_4",4,NA,NA,FALSE,"exploratory"
50,0.523352294790805,0.500510062929722,0.526097880745189,0.044955044955045,3,0.013986013986014,TRUE,0.521438943638269,1000,3486,55,"differential_object_marking","by_session","session_4",4,NA,NA,FALSE,"exploratory"
54,0.530586704029537,0.500149467559724,0.526061247667656,0.014985014985015,3,0.013986013986014,TRUE,0.521438943638269,1000,3486,55,"differential_object_marking","by_session","session_4",4,NA,NA,FALSE,"exploratory"
58,0.540329765113652,0.499852386374535,0.527918744034841,0.002997002997003,3,0.013986013986014,TRUE,0.521438943638269,1000,3486,55,"differential_object_marking","by_session","session_4",4,NA,NA,FALSE,"exploratory"
62,0.551304016603644,0.49987921025488,0.525966868226603,0.000999000999000999,3,0.013986013986014,TRUE,0.521438943638269,1000,3486,55,"differential_object_marking","by_session","session_4",4,NA,NA,FALSE,"exploratory"
66,0.55179043446205,0.500018649249476,0.526619493235739,0.000999000999000999,3,0.013986013986014,TRUE,0.521438943638269,1000,3486,55,"differential_object_marking","by_session","session_4",4,NA,NA,FALSE,"exploratory"
70,0.536737485948949,0.500174615455001,0.52617261882352,0.000999000999000999,3,0.013986013986014,TRUE,0.521438943638269,1000,3486,55,"differential_object_marking","by_session","session_4",4,NA,NA,FALSE,"exploratory"
74,0.523303958276712,0.500571284969117,0.52659367112273,0.047952047952048,3,0.013986013986014,TRUE,0.521438943638269,1000,3486,55,"differential_object_marking","by_session","session_4",4,NA,NA,FALSE,"exploratory"
78,0.516940838834093,0.5005030854162,0.526900044151028,0.123876123876124,NA,NA,FALSE,0.521438943638269,1000,3486,55,"differential_object_marking","by_session","session_4",4,NA,NA,FALSE,"exploratory"
82,0.526270979798105,0.500503799176594,0.527977403753251,0.038961038961039,4,0.010989010989011,TRUE,0.521438943638269,1000,3486,55,"differential_object_marking","by_session","session_4",4,NA,NA,FALSE,"exploratory"
86,0.533360773803265,0.500366787041009,0.526626756758435,0.00799200799200799,4,0.010989010989011,TRUE,0.521438943638269,1000,3486,55,"differential_object_marking","by_session","session_4",4,NA,NA,FALSE,"exploratory"
90,0.526556185711715,0.500024134369022,0.526347985886735,0.025974025974026,4,0.010989010989011,TRUE,0.521438943638269,1000,3486,55,"differential_object_marking","by_session","session_4",4,NA,NA,FALSE,"exploratory"
94,0.530244935485843,0.499857668950451,0.526049846086365,0.00899100899100899,4,0.010989010989011,TRUE,0.521438943638269,1000,3486,55,"differential_object_marking","by_session","session_4",4,NA,NA,FALSE,"exploratory"
98,0.52548532816443,0.499729317355634,0.524468057649461,0.020979020979021,4,0.010989010989011,TRUE,0.521438943638269,1000,3486,55,"differential_object_marking","by_session","session_4",4,NA,NA,FALSE,"exploratory"
102,0.527705062567395,0.499933714184501,0.524023759583821,0.010989010989011,4,0.010989010989011,TRUE,0.521438943638269,1000,3486,55,"differential_object_marking","by_session","session_4",4,NA,NA,FALSE,"exploratory"
106,0.532747759166099,0.499885950082353,0.524154398936116,0.002997002997003,4,0.010989010989011,TRUE,0.521438943638269,1000,3486,55,"differential_object_marking","by_session","session_4",4,NA,NA,FALSE,"exploratory"
110,0.539369747345559,0.500027280189186,0.524347341532127,0.000999000999000999,4,0.010989010989011,TRUE,0.521438943638269,1000,3486,55,"differential_object_marking","by_session","session_4",4,NA,NA,FALSE,"exploratory"
114,0.545042990007856,0.500298701372403,0.525714020516984,0.001998001998002,4,0.010989010989011,TRUE,0.521438943638269,1000,3486,55,"differential_object_marking","by_session","session_4",4,NA,NA,FALSE,"exploratory"
118,0.548587218491307,0.500375077822446,0.52578434730827,0.001998001998002,4,0.010989010989011,TRUE,0.521438943638269,1000,3486,55,"differential_object_marking","by_session","session_4",4,NA,NA,FALSE,"exploratory"
122,0.539112880761689,0.500453362408992,0.526081341944791,0.001998001998002,4,0.010989010989011,TRUE,0.521438943638269,1000,3486,55,"differential_object_marking","by_session","session_4",4,NA,NA,FALSE,"exploratory"
126,0.529734087897448,0.500344291922066,0.525066572510717,0.00999000999000999,4,0.010989010989011,TRUE,0.521438943638269,1000,3486,55,"differential_object_marking","by_session","session_4",4,NA,NA,FALSE,"exploratory"
130,0.528484787908847,0.49965735958942,0.525112118096688,0.00899100899100899,4,0.010989010989011,TRUE,0.521438943638269,1000,3486,55,"differential_object_marking","by_session","session_4",4,NA,NA,FALSE,"exploratory"
134,0.520024751135644,0.499207687288525,0.523714153547007,0.0589410589410589,NA,NA,FALSE,0.521438943638269,1000,3486,55,"differential_object_marking","by_session","session_4",4,NA,NA,FALSE,"exploratory"
138,0.516237987627702,0.49909885382003,0.522918054153743,0.100899100899101,NA,NA,FALSE,0.521438943638269,1000,3486,55,"differential_object_marking","by_session","session_4",4,NA,NA,FALSE,"exploratory"
142,0.522065718349632,0.499289512303272,0.523601641743718,0.034965034965035,5,0.000999000999000999,TRUE,0.521438943638269,1000,3486,55,"differential_object_marking","by_session","session_4",4,NA,NA,FALSE,"exploratory"
146,0.532617742636463,0.499698581388867,0.524957724783036,0.004995004995005,5,0.000999000999000999,TRUE,0.521438943638269,1000,3486,55,"differential_object_marking","by_session","session_4",4,NA,NA,FALSE,"exploratory"
150,0.536315664712108,0.499996048927756,0.524371839261056,0.002997002997003,5,0.000999000999000999,TRUE,0.521438943638269,1000,3486,55,"differential_object_marking","by_session","session_4",4,NA,NA,FALSE,"exploratory"
154,0.540879984625501,0.500175087294469,0.525541161184854,0.000999000999000999,5,0.000999000999000999,TRUE,0.521438943638269,1000,3486,55,"differential_object_marking","by_session","session_4",4,NA,NA,FALSE,"exploratory"
158,0.542364920854871,0.500113018289323,0.525535040885321,0.000999000999000999,5,0.000999000999000999,TRUE,0.521438943638269,1000,3486,55,"differential_object_marking","by_session","session_4",4,NA,NA,FALSE,"exploratory"
162,0.54603401177221,0.500372241472988,0.52591635853706,0.000999000999000999,5,0.000999000999000999,TRUE,0.521438943638269,1000,3486,55,"differential_object_marking","by_session","session_4",4,NA,NA,FALSE,"exploratory"
166,0.548776205423634,0.500658897300997,0.524320778024648,0.000999000999000999,5,0.000999000999000999,TRUE,0.521438943638269,1000,3486,55,"differential_object_marking","by_session","session_4",4,NA,NA,FALSE,"exploratory"
170,0.556635791449244,0.500881815031567,0.523244901089265,0.000999000999000999,5,0.000999000999000999,TRUE,0.521438943638269,1000,3486,55,"differential_object_marking","by_session","session_4",4,NA,NA,FALSE,"exploratory"
174,0.561632934623379,0.500429970107867,0.52476091384989,0.000999000999000999,5,0.000999000999000999,TRUE,0.521438943638269,1000,3486,55,"differential_object_marking","by_session","session_4",4,NA,NA,FALSE,"exploratory"
178,0.560740317314767,0.500263468665362,0.524411595042238,0.000999000999000999,5,0.000999000999000999,TRUE,0.521438943638269,1000,3486,55,"differential_object_marking","by_session","session_4",4,NA,NA,FALSE,"exploratory"
182,0.553551870308196,0.500223463993169,0.524726476600517,0.000999000999000999,5,0.000999000999000999,TRUE,0.521438943638269,1000,3486,55,"differential_object_marking","by_session","session_4",4,NA,NA,FALSE,"exploratory"
186,0.550115206884133,0.50017255466466,0.525253511530992,0.000999000999000999,5,0.000999000999000999,TRUE,0.521438943638269,1000,3486,55,"differential_object_marking","by_session","session_4",4,NA,NA,FALSE,"exploratory"
190,0.542055172504037,0.499871806587448,0.525670203271013,0.000999000999000999,5,0.000999000999000999,TRUE,0.521438943638269,1000,3486,55,"differential_object_marking","by_session","session_4",4,NA,NA,FALSE,"exploratory"
194,0.537612267068835,0.499817561914837,0.525724536447626,0.001998001998002,5,0.000999000999000999,TRUE,0.521438943638269,1000,3486,55,"differential_object_marking","by_session","session_4",4,NA,NA,FALSE,"exploratory"
198,0.546176346971899,0.500022288932396,0.52441132651556,0.000999000999000999,5,0.000999000999000999,TRUE,0.521438943638269,1000,3486,55,"differential_object_marking","by_session","session_4",4,NA,NA,FALSE,"exploratory"
202,0.549654096927003,0.500241819837943,0.524382484189306,0.000999000999000999,5,0.000999000999000999,TRUE,0.521438943638269,1000,3486,55,"differential_object_marking","by_session","session_4",4,NA,NA,FALSE,"exploratory"
206,0.553295704913476,0.500363629903515,0.526182700902988,0.000999000999000999,5,0.000999000999000999,TRUE,0.521438943638269,1000,3486,55,"differential_object_marking","by_session","session_4",4,NA,NA,FALSE,"exploratory"
210,0.55288207427771,0.500311845681009,0.526135704133295,0.000999000999000999,5,0.000999000999000999,TRUE,0.521438943638269,1000,3486,55,"differential_object_marking","by_session","session_4",4,NA,NA,FALSE,"exploratory"
214,0.557506369893383,0.500519166740152,0.526211530905633,0.000999000999000999,5,0.000999000999000999,TRUE,0.521438943638269,1000,3486,55,"differential_object_marking","by_session","session_4",4,NA,NA,FALSE,"exploratory"
218,0.563487120197514,0.500533483618382,0.524747198562745,0.000999000999000999,5,0.000999000999000999,TRUE,0.521438943638269,1000,3486,55,"differential_object_marking","by_session","session_4",4,NA,NA,FALSE,"exploratory"
222,0.566719920545133,0.500168840529333,0.524086143509177,0.000999000999000999,5,0.000999000999000999,TRUE,0.521438943638269,1000,3486,55,"differential_object_marking","by_session","session_4",4,NA,NA,FALSE,"exploratory"
226,0.570113209042136,0.499846232700548,0.525026140454204,0.000999000999000999,5,0.000999000999000999,TRUE,0.521438943638269,1000,3486,55,"differential_object_marking","by_session","session_4",4,NA,NA,FALSE,"exploratory"
230,0.566579035489509,0.49969939593282,0.524067684881883,0.000999000999000999,5,0.000999000999000999,TRUE,0.521438943638269,1000,3486,55,"differential_object_marking","by_session","session_4",4,NA,NA,FALSE,"exploratory"
234,0.564261567368718,0.50005128756726,0.525261271284711,0.000999000999000999,5,0.000999000999000999,TRUE,0.521438943638269,1000,3486,55,"differential_object_marking","by_session","session_4",4,NA,NA,FALSE,"exploratory"
238,0.568597658356403,0.500222629742962,0.524475324177281,0.000999000999000999,5,0.000999000999000999,TRUE,0.521438943638269,1000,3486,55,"differential_object_marking","by_session","session_4",4,NA,NA,FALSE,"exploratory"
242,0.569726219074512,0.499844281393566,0.524384783673307,0.000999000999000999,5,0.000999000999000999,TRUE,0.521438943638269,1000,3486,55,"differential_object_marking","by_session","session_4",4,NA,NA,FALSE,"exploratory"
246,0.565161159652707,0.499725637826379,0.524739743210547,0.000999000999000999,5,0.000999000999000999,TRUE,0.521438943638269,1000,3486,55,"differential_object_marking","by_session","session_4",4,NA,NA,FALSE,"exploratory"
250,0.554378832155736,0.499745209642159,0.524893086426003,0.000999000999000999,5,0.000999000999000999,TRUE,0.521438943638269,1000,3486,55,"differential_object_marking","by_session","session_4",4,NA,NA,FALSE,"exploratory"
254,0.552110721418351,0.499642323811841,0.526322282595142,0.000999000999000999,5,0.000999000999000999,TRUE,0.521438943638269,1000,3486,55,"differential_object_marking","by_session","session_4",4,NA,NA,FALSE,"exploratory"
258,0.551610468438239,0.499389901316514,0.524950874944199,0.000999000999000999,5,0.000999000999000999,TRUE,0.521438943638269,1000,3486,55,"differential_object_marking","by_session","session_4",4,NA,NA,FALSE,"exploratory"
262,0.55007895490994,0.499529933085781,0.524363622470093,0.000999000999000999,5,0.000999000999000999,TRUE,0.521438943638269,1000,3486,55,"differential_object_marking","by_session","session_4",4,NA,NA,FALSE,"exploratory"
266,0.552981495862031,0.499642583572883,0.524523271318223,0.000999000999000999,5,0.000999000999000999,TRUE,0.521438943638269,1000,3486,55,"differential_object_marking","by_session","session_4",4,NA,NA,FALSE,"exploratory"
270,0.551261772260711,0.499699863851837,0.524239645442213,0.000999000999000999,5,0.000999000999000999,TRUE,0.521438943638269,1000,3486,55,"differential_object_marking","by_session","session_4",4,NA,NA,FALSE,"exploratory"
274,0.551070185182478,0.499604194296043,0.525736348031914,0.000999000999000999,5,0.000999000999000999,TRUE,0.521438943638269,1000,3486,55,"differential_object_marking","by_session","session_4",4,NA,NA,FALSE,"exploratory"
278,0.552346470800555,0.499664832043619,0.524419836670788,0.000999000999000999,5,0.000999000999000999,TRUE,0.521438943638269,1000,3486,55,"differential_object_marking","by_session","session_4",4,NA,NA,FALSE,"exploratory"
282,0.556343564997847,0.499939988158181,0.525179538866468,0.000999000999000999,5,0.000999000999000999,TRUE,0.521438943638269,1000,3486,55,"differential_object_marking","by_session","session_4",4,NA,NA,FALSE,"exploratory"
286,0.549654576528051,0.499981716154721,0.525481109111511,0.000999000999000999,5,0.000999000999000999,TRUE,0.521438943638269,1000,3486,55,"differential_object_marking","by_session","session_4",4,NA,NA,FALSE,"exploratory"
290,0.549131041189709,0.499756064829185,0.525358274098738,0.000999000999000999,5,0.000999000999000999,TRUE,0.521438943638269,1000,3486,55,"differential_object_marking","by_session","session_4",4,NA,NA,FALSE,"exploratory"
294,0.54046125959823,0.499594833261357,0.523585626325433,0.000999000999000999,5,0.000999000999000999,TRUE,0.521438943638269,1000,3486,55,"differential_object_marking","by_session","session_4",4,NA,NA,FALSE,"exploratory"
298,0.53348210152863,0.499745331705984,0.524955844869342,0.00599400599400599,5,0.000999000999000999,TRUE,0.521438943638269,1000,3486,55,"differential_object_marking","by_session","session_4",4,NA,NA,FALSE,"exploratory"
302,0.526730641770887,0.500084603483262,0.52530503914647,0.021978021978022,5,0.000999000999000999,TRUE,0.521438943638269,1000,3486,55,"differential_object_marking","by_session","session_4",4,NA,NA,FALSE,"exploratory"
306,0.515096055528139,0.500113776458166,0.525035070792769,0.147852147852148,NA,NA,FALSE,0.521438943638269,1000,3486,55,"differential_object_marking","by_session","session_4",4,NA,NA,FALSE,"exploratory"
310,0.516697080239841,0.500430503431593,0.525307982440885,0.111888111888112,NA,NA,FALSE,0.521438943638269,1000,3486,55,"differential_object_marking","by_session","session_4",4,NA,NA,FALSE,"exploratory"
314,0.525675781736329,0.500593043767333,0.526324049031556,0.028971028971029,6,0.000999000999000999,TRUE,0.521438943638269,1000,3486,55,"differential_object_marking","by_session","session_4",4,NA,NA,FALSE,"exploratory"
318,0.529294327697232,0.500545887241522,0.525695467282748,0.016983016983017,6,0.000999000999000999,TRUE,0.521438943638269,1000,3486,55,"differential_object_marking","by_session","session_4",4,NA,NA,FALSE,"exploratory"
322,0.537516085391629,0.500052090616689,0.526736395942237,0.001998001998002,6,0.000999000999000999,TRUE,0.521438943638269,1000,3486,55,"differential_object_marking","by_session","session_4",4,NA,NA,FALSE,"exploratory"
326,0.543964402657928,0.499728932456219,0.528249304016359,0.000999000999000999,6,0.000999000999000999,TRUE,0.521438943638269,1000,3486,55,"differential_object_marking","by_session","session_4",4,NA,NA,FALSE,"exploratory"
330,0.545389267806114,0.499439314233916,0.52672883134138,0.000999000999000999,6,0.000999000999000999,TRUE,0.521438943638269,1000,3486,55,"differential_object_marking","by_session","session_4",4,NA,NA,FALSE,"exploratory"
334,0.543764874937811,0.499686703213707,0.525877037620356,0.001998001998002,6,0.000999000999000999,TRUE,0.521438943638269,1000,3486,55,"differential_object_marking","by_session","session_4",4,NA,NA,FALSE,"exploratory"
338,0.533135783223952,0.499870527542341,0.525032214886995,0.00799200799200799,6,0.000999000999000999,TRUE,0.521438943638269,1000,3486,55,"differential_object_marking","by_session","session_4",4,NA,NA,FALSE,"exploratory"
342,0.529688114784624,0.499885063377583,0.525764617328642,0.00799200799200799,6,0.000999000999000999,TRUE,0.521438943638269,1000,3486,55,"differential_object_marking","by_session","session_4",4,NA,NA,FALSE,"exploratory"
346,0.533263426447743,0.500150211027135,0.525022693042618,0.002997002997003,6,0.000999000999000999,TRUE,0.521438943638269,1000,3486,55,"differential_object_marking","by_session","session_4",4,NA,NA,FALSE,"exploratory"
350,0.540973407936974,0.50014835290673,0.523816509913763,0.001998001998002,6,0.000999000999000999,TRUE,0.521438943638269,1000,3486,55,"differential_object_marking","by_session","session_4",4,NA,NA,FALSE,"exploratory"
354,0.542842723470212,0.499965811028367,0.525657048183235,0.000999000999000999,6,0.000999000999000999,TRUE,0.521438943638269,1000,3486,55,"differential_object_marking","by_session","session_4",4,NA,NA,FALSE,"exploratory"
358,0.550931080414104,0.499649197659459,0.524825038580453,0.000999000999000999,6,0.000999000999000999,TRUE,0.521438943638269,1000,3486,55,"differential_object_marking","by_session","session_4",4,NA,NA,FALSE,"exploratory"
362,0.554217291213324,0.499479425192421,0.524664916474039,0.000999000999000999,6,0.000999000999000999,TRUE,0.521438943638269,1000,3486,55,"differential_object_marking","by_session","session_4",4,NA,NA,FALSE,"exploratory"
366,0.555931315506569,0.499412215933724,0.523753142065694,0.000999000999000999,6,0.000999000999000999,TRUE,0.521438943638269,1000,3486,55,"differential_object_marking","by_session","session_4",4,NA,NA,FALSE,"exploratory"
370,0.553201757380135,0.499362537663274,0.522543082332005,0.000999000999000999,6,0.000999000999000999,TRUE,0.521438943638269,1000,3486,55,"differential_object_marking","by_session","session_4",4,NA,NA,FALSE,"exploratory"
374,0.544037224876415,0.499078249619853,0.524092310939978,0.000999000999000999,6,0.000999000999000999,TRUE,0.521438943638269,1000,3486,55,"differential_object_marking","by_session","session_4",4,NA,NA,FALSE,"exploratory"
378,0.542243751829799,0.498980170967745,0.522252445026743,0.001998001998002,6,0.000999000999000999,TRUE,0.521438943638269,1000,3486,55,"differential_object_marking","by_session","session_4",4,NA,NA,FALSE,"exploratory"
382,0.544386276095288,0.499258925071863,0.523339318918015,0.001998001998002,6,0.000999000999000999,TRUE,0.521438943638269,1000,3486,55,"differential_object_marking","by_session","session_4",4,NA,NA,FALSE,"exploratory"
386,0.545645027244252,0.499735796944764,0.524491564923846,0.000999000999000999,6,0.000999000999000999,TRUE,0.521438943638269,1000,3486,55,"differential_object_marking","by_session","session_4",4,NA,NA,FALSE,"exploratory"
390,0.537157607542884,0.499914897150118,0.526145618146021,0.001998001998002,6,0.000999000999000999,TRUE,0.521438943638269,1000,3486,55,"differential_object_marking","by_session","session_4",4,NA,NA,FALSE,"exploratory"
394,0.533149696002603,0.499857297460026,0.525661296051243,0.003996003996004,6,0.000999000999000999,TRUE,0.521438943638269,1000,3486,55,"differential_object_marking","by_session","session_4",4,NA,NA,FALSE,"exploratory"
398,0.538322375801551,0.499848052671764,0.526919905396002,0.003996003996004,6,0.000999000999000999,TRUE,0.521438943638269,1000,3486,55,"differential_object_marking","by_session","session_4",4,NA,NA,FALSE,"exploratory"
402,0.537672018369743,0.499892870310831,0.527255580670587,0.003996003996004,6,0.000999000999000999,TRUE,0.521438943638269,1000,3486,55,"differential_object_marking","by_session","session_4",4,NA,NA,FALSE,"exploratory"
406,0.533227320575912,0.499674664987812,0.527026765386172,0.004995004995005,6,0.000999000999000999,TRUE,0.521438943638269,1000,3486,55,"differential_object_marking","by_session","session_4",4,NA,NA,FALSE,"exploratory"
410,0.527338554009995,0.499708806928224,0.527215875363512,0.025974025974026,6,0.000999000999000999,TRUE,0.521438943638269,1000,3486,55,"differential_object_marking","by_session","session_4",4,NA,NA,FALSE,"exploratory"
414,0.52291136168743,0.49941030818768,0.525496905127148,0.047952047952048,6,0.000999000999000999,TRUE,0.521438943638269,1000,3486,55,"differential_object_marking","by_session","session_4",4,NA,NA,FALSE,"exploratory"
418,0.53319468232259,0.499274778168612,0.52415946812061,0.002997002997003,6,0.000999000999000999,TRUE,0.521438943638269,1000,3486,55,"differential_object_marking","by_session","session_4",4,NA,NA,FALSE,"exploratory"
422,0.546825536031711,0.499370284665404,0.525355161472475,0.000999000999000999,6,0.000999000999000999,TRUE,0.521438943638269,1000,3486,55,"differential_object_marking","by_session","session_4",4,NA,NA,FALSE,"exploratory"
426,0.557042884966581,0.49949153058471,0.524607626431884,0.000999000999000999,6,0.000999000999000999,TRUE,0.521438943638269,1000,3486,55,"differential_object_marking","by_session","session_4",4,NA,NA,FALSE,"exploratory"
430,0.553573433176208,0.499896418188636,0.52477679519857,0.000999000999000999,6,0.000999000999000999,TRUE,0.521438943638269,1000,3486,55,"differential_object_marking","by_session","session_4",4,NA,NA,FALSE,"exploratory"
434,0.554574823726807,0.50009753634785,0.525875839152158,0.000999000999000999,6,0.000999000999000999,TRUE,0.521438943638269,1000,3486,55,"differential_object_marking","by_session","session_4",4,NA,NA,FALSE,"exploratory"
438,0.555713464656251,0.500041301901261,0.527558198859171,0.000999000999000999,6,0.000999000999000999,TRUE,0.521438943638269,1000,3486,55,"differential_object_marking","by_session","session_4",4,NA,NA,FALSE,"exploratory"
442,0.559453387197666,0.499877130954734,0.525668393832937,0.000999000999000999,6,0.000999000999000999,TRUE,0.521438943638269,1000,3486,55,"differential_object_marking","by_session","session_4",4,NA,NA,FALSE,"exploratory"
446,0.558400579184773,0.500161703117934,0.525333780728431,0.000999000999000999,6,0.000999000999000999,TRUE,0.521438943638269,1000,3486,55,"differential_object_marking","by_session","session_4",4,NA,NA,FALSE,"exploratory"
450,0.556861391206781,0.500280947741598,0.525758820962431,0.000999000999000999,6,0.000999000999000999,TRUE,0.521438943638269,1000,3486,55,"differential_object_marking","by_session","session_4",4,NA,NA,FALSE,"exploratory"
454,0.557221474759424,0.499865061389402,0.525273243726448,0.000999000999000999,6,0.000999000999000999,TRUE,0.521438943638269,1000,3486,55,"differential_object_marking","by_session","session_4",4,NA,NA,FALSE,"exploratory"
458,0.558024367523315,0.499623791066021,0.525636254327593,0.000999000999000999,6,0.000999000999000999,TRUE,0.521438943638269,1000,3486,55,"differential_object_marking","by_session","session_4",4,NA,NA,FALSE,"exploratory"
462,0.561715910126121,0.499511019578373,0.523402418164716,0.000999000999000999,6,0.000999000999000999,TRUE,0.521438943638269,1000,3486,55,"differential_object_marking","by_session","session_4",4,NA,NA,FALSE,"exploratory"
466,0.559435493750518,0.499631478143056,0.524411613263974,0.000999000999000999,6,0.000999000999000999,TRUE,0.521438943638269,1000,3486,55,"differential_object_marking","by_session","session_4",4,NA,NA,FALSE,"exploratory"
470,0.562218972047516,0.499586163606055,0.525665903918541,0.000999000999000999,6,0.000999000999000999,TRUE,0.521438943638269,1000,3486,55,"differential_object_marking","by_session","session_4",4,NA,NA,FALSE,"exploratory"
474,0.564987349771733,0.499746327514172,0.524866012555052,0.000999000999000999,6,0.000999000999000999,TRUE,0.521438943638269,1000,3486,55,"differential_object_marking","by_session","session_4",4,NA,NA,FALSE,"exploratory"
478,0.56639471186044,0.500090136264583,0.52555076663982,0.000999000999000999,6,0.000999000999000999,TRUE,0.521438943638269,1000,3486,55,"differential_object_marking","by_session","session_4",4,NA,NA,FALSE,"exploratory"
482,0.558261853753892,0.500529082721364,0.525114370738808,0.000999000999000999,6,0.000999000999000999,TRUE,0.521438943638269,1000,3486,55,"differential_object_marking","by_session","session_4",4,NA,NA,FALSE,"exploratory"
486,0.553443214405144,0.500510699472524,0.524845020941208,0.000999000999000999,6,0.000999000999000999,TRUE,0.521438943638269,1000,3486,55,"differential_object_marking","by_session","session_4",4,NA,NA,FALSE,"exploratory"
490,0.545614570486287,0.500417328637741,0.525704744841712,0.000999000999000999,6,0.000999000999000999,TRUE,0.521438943638269,1000,3486,55,"differential_object_marking","by_session","session_4",4,NA,NA,FALSE,"exploratory"
494,0.546059950842612,0.500388020242823,0.525661976223095,0.000999000999000999,6,0.000999000999000999,TRUE,0.521438943638269,1000,3486,55,"differential_object_marking","by_session","session_4",4,NA,NA,FALSE,"exploratory"
498,0.553941276518047,0.500211823815926,0.525541366055009,0.000999000999000999,6,0.000999000999000999,TRUE,0.521438943638269,1000,3486,55,"differential_object_marking","by_session","session_4",4,NA,NA,FALSE,"exploratory"
502,0.564370771798546,0.500076810856488,0.525587200460474,0.000999000999000999,6,0.000999000999000999,TRUE,0.521438943638269,1000,3486,55,"differential_object_marking","by_session","session_4",4,NA,NA,FALSE,"exploratory"
506,0.565811600909636,0.499946809318394,0.52322055258153,0.000999000999000999,6,0.000999000999000999,TRUE,0.521438943638269,1000,3486,55,"differential_object_marking","by_session","session_4",4,NA,NA,FALSE,"exploratory"
510,0.564267555963417,0.500265896047557,0.52433943882051,0.000999000999000999,6,0.000999000999000999,TRUE,0.521438943638269,1000,3486,55,"differential_object_marking","by_session","session_4",4,NA,NA,FALSE,"exploratory"
514,0.564668773818019,0.500009858148027,0.523895924408723,0.000999000999000999,6,0.000999000999000999,TRUE,0.521438943638269,1000,3486,55,"differential_object_marking","by_session","session_4",4,NA,NA,FALSE,"exploratory"
518,0.567314114805168,0.499831677206968,0.524799762154231,0.000999000999000999,6,0.000999000999000999,TRUE,0.521438943638269,1000,3486,55,"differential_object_marking","by_session","session_4",4,NA,NA,FALSE,"exploratory"
522,0.559410188994021,0.499939895087931,0.52518442046571,0.000999000999000999,6,0.000999000999000999,TRUE,0.521438943638269,1000,3486,55,"differential_object_marking","by_session","session_4",4,NA,NA,FALSE,"exploratory"
526,0.558102442883823,0.500037482179282,0.524099619254974,0.000999000999000999,6,0.000999000999000999,TRUE,0.521438943638269,1000,3486,55,"differential_object_marking","by_session","session_4",4,NA,NA,FALSE,"exploratory"
530,0.558130113174024,0.500226447967247,0.525118039081319,0.000999000999000999,6,0.000999000999000999,TRUE,0.521438943638269,1000,3486,55,"differential_object_marking","by_session","session_4",4,NA,NA,FALSE,"exploratory"
534,0.563732477165592,0.499887790079978,0.525420306164174,0.000999000999000999,6,0.000999000999000999,TRUE,0.521438943638269,1000,3486,55,"differential_object_marking","by_session","session_4",4,NA,NA,FALSE,"exploratory"
538,0.552747200156502,0.499939848193648,0.52571920639114,0.000999000999000999,6,0.000999000999000999,TRUE,0.521438943638269,1000,3486,55,"differential_object_marking","by_session","session_4",4,NA,NA,FALSE,"exploratory"
542,0.536165166604474,0.50016245770623,0.525526922572497,0.002997002997003,6,0.000999000999000999,TRUE,0.521438943638269,1000,3486,55,"differential_object_marking","by_session","session_4",4,NA,NA,FALSE,"exploratory"
546,0.533354105599676,0.500144010656781,0.525287773880045,0.004995004995005,6,0.000999000999000999,TRUE,0.521438943638269,1000,3486,55,"differential_object_marking","by_session","session_4",4,NA,NA,FALSE,"exploratory"
550,0.542088228797185,0.500239511293106,0.526697507470711,0.000999000999000999,6,0.000999000999000999,TRUE,0.521438943638269,1000,3486,55,"differential_object_marking","by_session","session_4",4,NA,NA,FALSE,"exploratory"
554,0.544117814316686,0.500158262963106,0.525979639372915,0.000999000999000999,6,0.000999000999000999,TRUE,0.521438943638269,1000,3486,55,"differential_object_marking","by_session","session_4",4,NA,NA,FALSE,"exploratory"
558,0.548570211503705,0.500089570117792,0.526305574014958,0.000999000999000999,6,0.000999000999000999,TRUE,0.521438943638269,1000,3486,55,"differential_object_marking","by_session","session_4",4,NA,NA,FALSE,"exploratory"
562,0.543652494375961,0.499931203410561,0.525487830467513,0.000999000999000999,6,0.000999000999000999,TRUE,0.521438943638269,1000,3486,55,"differential_object_marking","by_session","session_4",4,NA,NA,FALSE,"exploratory"
566,0.542843470313202,0.499985190561534,0.526521741603081,0.000999000999000999,6,0.000999000999000999,TRUE,0.521438943638269,1000,3486,55,"differential_object_marking","by_session","session_4",4,NA,NA,FALSE,"exploratory"
570,0.539531445102069,0.500120321011319,0.52559703967699,0.000999000999000999,6,0.000999000999000999,TRUE,0.521438943638269,1000,3486,55,"differential_object_marking","by_session","session_4",4,NA,NA,FALSE,"exploratory"
574,0.535804822705677,0.500048910316517,0.525672382908028,0.002997002997003,6,0.000999000999000999,TRUE,0.521438943638269,1000,3486,55,"differential_object_marking","by_session","session_4",4,NA,NA,FALSE,"exploratory"
578,0.526505771157435,0.499755034479003,0.525540595451499,0.021978021978022,6,0.000999000999000999,TRUE,0.521438943638269,1000,3486,55,"differential_object_marking","by_session","session_4",4,NA,NA,FALSE,"exploratory"
582,0.530663184930707,0.499865469867317,0.526001915178578,0.00799200799200799,6,0.000999000999000999,TRUE,0.521438943638269,1000,3486,55,"differential_object_marking","by_session","session_4",4,NA,NA,FALSE,"exploratory"
586,0.526723855571699,0.499744401834532,0.525404792956681,0.018981018981019,6,0.000999000999000999,TRUE,0.521438943638269,1000,3486,55,"differential_object_marking","by_session","session_4",4,NA,NA,FALSE,"exploratory"
590,0.526758806959687,0.499506870543685,0.52452484111942,0.014985014985015,6,0.000999000999000999,TRUE,0.521438943638269,1000,3486,55,"differential_object_marking","by_session","session_4",4,NA,NA,FALSE,"exploratory"
594,0.535708183967738,0.499598163800097,0.525297370292024,0.002997002997003,6,0.000999000999000999,TRUE,0.521438943638269,1000,3486,55,"differential_object_marking","by_session","session_4",4,NA,NA,FALSE,"exploratory"
598,0.544004197761421,0.499941372793703,0.524699037443511,0.000999000999000999,6,0.000999000999000999,TRUE,0.521438943638269,1000,3486,55,"differential_object_marking","by_session","session_4",4,NA,NA,FALSE,"exploratory"
602,0.551736800378626,0.500031007708426,0.525479248034329,0.000999000999000999,6,0.000999000999000999,TRUE,0.521438943638269,1000,3486,55,"differential_object_marking","by_session","session_4",4,NA,NA,FALSE,"exploratory"
606,0.553702186380661,0.499889416615513,0.527031703352844,0.000999000999000999,6,0.000999000999000999,TRUE,0.521438943638269,1000,3486,55,"differential_object_marking","by_session","session_4",4,NA,NA,FALSE,"exploratory"
610,0.547182002826984,0.499764440656594,0.524969331812963,0.000999000999000999,6,0.000999000999000999,TRUE,0.521438943638269,1000,3486,55,"differential_object_marking","by_session","session_4",4,NA,NA,FALSE,"exploratory"
614,0.533190389630524,0.499873113791703,0.525247788847162,0.002997002997003,6,0.000999000999000999,TRUE,0.521438943638269,1000,3486,55,"differential_object_marking","by_session","session_4",4,NA,NA,FALSE,"exploratory"
618,0.52940694604988,0.500083038019543,0.524905328819586,0.00799200799200799,6,0.000999000999000999,TRUE,0.521438943638269,1000,3486,55,"differential_object_marking","by_session","session_4",4,NA,NA,FALSE,"exploratory"
622,0.525597258042142,0.500417652740191,0.525537987423736,0.025974025974026,6,0.000999000999000999,TRUE,0.521438943638269,1000,3486,55,"differential_object_marking","by_session","session_4",4,NA,NA,FALSE,"exploratory"
626,0.526046958556161,0.500740800484729,0.526037909389063,0.025974025974026,6,0.000999000999000999,TRUE,0.521438943638269,1000,3486,55,"differential_object_marking","by_session","session_4",4,NA,NA,FALSE,"exploratory"
630,0.539263454189147,0.50047098829011,0.526350168292865,0.001998001998002,6,0.000999000999000999,TRUE,0.521438943638269,1000,3486,55,"differential_object_marking","by_session","session_4",4,NA,NA,FALSE,"exploratory"
634,0.548873593142682,0.500193227375234,0.525172067629937,0.000999000999000999,6,0.000999000999000999,TRUE,0.521438943638269,1000,3486,55,"differential_object_marking","by_session","session_4",4,NA,NA,FALSE,"exploratory"
638,0.552069360662469,0.499914850825569,0.525099307859328,0.000999000999000999,6,0.000999000999000999,TRUE,0.521438943638269,1000,3486,55,"differential_object_marking","by_session","session_4",4,NA,NA,FALSE,"exploratory"
642,0.550294910794195,0.499743504752344,0.524773806601947,0.000999000999000999,6,0.000999000999000999,TRUE,0.521438943638269,1000,3486,55,"differential_object_marking","by_session","session_4",4,NA,NA,FALSE,"exploratory"
646,0.540557952250836,0.499456976719672,0.524709343399749,0.000999000999000999,6,0.000999000999000999,TRUE,0.521438943638269,1000,3486,55,"differential_object_marking","by_session","session_4",4,NA,NA,FALSE,"exploratory"
650,0.532233155262132,0.499720199662464,0.525764832255385,0.002997002997003,6,0.000999000999000999,TRUE,0.521438943638269,1000,3486,55,"differential_object_marking","by_session","session_4",4,NA,NA,FALSE,"exploratory"
654,0.526990426313245,0.500111841370997,0.526826290200051,0.022977022977023,6,0.000999000999000999,TRUE,0.521438943638269,1000,3486,55,"differential_object_marking","by_session","session_4",4,NA,NA,FALSE,"exploratory"
658,0.530767388001759,0.500343299933737,0.525827764073923,0.00699300699300699,6,0.000999000999000999,TRUE,0.521438943638269,1000,3486,55,"differential_object_marking","by_session","session_4",4,NA,NA,FALSE,"exploratory"
662,0.529473052207331,0.499980902128094,0.525165131993081,0.00899100899100899,6,0.000999000999000999,TRUE,0.521438943638269,1000,3486,55,"differential_object_marking","by_session","session_4",4,NA,NA,FALSE,"exploratory"
666,0.52789627616506,0.499687455181814,0.524386300632808,0.011988011988012,6,0.000999000999000999,TRUE,0.521438943638269,1000,3486,55,"differential_object_marking","by_session","session_4",4,NA,NA,FALSE,"exploratory"
670,0.533614561290592,0.499640664285948,0.525428091247897,0.004995004995005,6,0.000999000999000999,TRUE,0.521438943638269,1000,3486,55,"differential_object_marking","by_session","session_4",4,NA,NA,FALSE,"exploratory"
674,0.535314412787966,0.499719598385916,0.52467793708096,0.002997002997003,6,0.000999000999000999,TRUE,0.521438943638269,1000,3486,55,"differential_object_marking","by_session","session_4",4,NA,NA,FALSE,"exploratory"
678,0.531732824247847,0.500096284696822,0.52398000160639,0.004995004995005,6,0.000999000999000999,TRUE,0.521438943638269,1000,3486,55,"differential_object_marking","by_session","session_4",4,NA,NA,FALSE,"exploratory"
682,0.530206756118308,0.500373632533032,0.524759597178202,0.004995004995005,6,0.000999000999000999,TRUE,0.521438943638269,1000,3486,55,"differential_object_marking","by_session","session_4",4,NA,NA,FALSE,"exploratory"
686,0.530370375550813,0.500169249714545,0.524419565891105,0.00899100899100899,6,0.000999000999000999,TRUE,0.521438943638269,1000,3486,55,"differential_object_marking","by_session","session_4",4,NA,NA,FALSE,"exploratory"
690,0.532507383917777,0.499782800267584,0.524040037798976,0.000999000999000999,6,0.000999000999000999,TRUE,0.521438943638269,1000,3486,55,"differential_object_marking","by_session","session_4",4,NA,NA,FALSE,"exploratory"
694,0.538350975717145,0.499651086649238,0.52373981629377,0.001998001998002,6,0.000999000999000999,TRUE,0.521438943638269,1000,3486,55,"differential_object_marking","by_session","session_4",4,NA,NA,FALSE,"exploratory"
698,0.54194726139756,0.499463870138606,0.524106516409854,0.001998001998002,6,0.000999000999000999,TRUE,0.521438943638269,1000,3486,55,"differential_object_marking","by_session","session_4",4,NA,NA,FALSE,"exploratory"
702,0.541675752075601,0.499292583260561,0.523611069646125,0.000999000999000999,6,0.000999000999000999,TRUE,0.521438943638269,1000,3486,55,"differential_object_marking","by_session","session_4",4,NA,NA,FALSE,"exploratory"
706,0.541374884073108,0.499085220260469,0.524850557950004,0.001998001998002,6,0.000999000999000999,TRUE,0.521438943638269,1000,3486,55,"differential_object_marking","by_session","session_4",4,NA,NA,FALSE,"exploratory"
710,0.538723538623625,0.498951091750623,0.523980613385432,0.001998001998002,6,0.000999000999000999,TRUE,0.521438943638269,1000,3486,55,"differential_object_marking","by_session","session_4",4,NA,NA,FALSE,"exploratory"
714,0.533241565872867,0.499067285946412,0.524638697869417,0.004995004995005,6,0.000999000999000999,TRUE,0.521438943638269,1000,3486,55,"differential_object_marking","by_session","session_4",4,NA,NA,FALSE,"exploratory"
718,0.533335735518796,0.498986364779637,0.52415364995694,0.00599400599400599,6,0.000999000999000999,TRUE,0.521438943638269,1000,3486,55,"differential_object_marking","by_session","session_4",4,NA,NA,FALSE,"exploratory"
722,0.524410633882511,0.499438599147885,0.525095624872155,0.032967032967033,6,0.000999000999000999,TRUE,0.521438943638269,1000,3486,55,"differential_object_marking","by_session","session_4",4,NA,NA,FALSE,"exploratory"
726,0.515778762148726,0.499797151828045,0.525256541005588,0.113886113886114,NA,NA,FALSE,0.521438943638269,1000,3486,55,"differential_object_marking","by_session","session_4",4,NA,NA,FALSE,"exploratory"
730,0.512836601820062,0.499693974496323,0.523931003009932,0.167832167832168,NA,NA,FALSE,0.521438943638269,1000,3486,55,"differential_object_marking","by_session","session_4",4,NA,NA,FALSE,"exploratory"
734,0.521008762617579,0.499827065483426,0.525990104621465,0.0589410589410589,NA,NA,FALSE,0.521438943638269,1000,3486,55,"differential_object_marking","by_session","session_4",4,NA,NA,FALSE,"exploratory"
738,0.528166379070066,0.50012310708656,0.526049449692758,0.015984015984016,7,0.174825174825175,FALSE,0.521438943638269,1000,3486,55,"differential_object_marking","by_session","session_4",4,NA,NA,FALSE,"exploratory"
742,0.530188398175826,0.500125826780797,0.526568954428496,0.015984015984016,7,0.174825174825175,FALSE,0.521438943638269,1000,3486,55,"differential_object_marking","by_session","session_4",4,NA,NA,FALSE,"exploratory"
746,0.529323570729547,0.499970007537957,0.525539545510782,0.00999000999000999,7,0.174825174825175,FALSE,0.521438943638269,1000,3486,55,"differential_object_marking","by_session","session_4",4,NA,NA,FALSE,"exploratory"
750,0.531621552816131,0.500055570320818,0.524781076372023,0.003996003996004,7,0.174825174825175,FALSE,0.521438943638269,1000,3486,55,"differential_object_marking","by_session","session_4",4,NA,NA,FALSE,"exploratory"
754,0.528140082888915,0.499861887120288,0.525367289112624,0.015984015984016,7,0.174825174825175,FALSE,0.521438943638269,1000,3486,55,"differential_object_marking","by_session","session_4",4,NA,NA,FALSE,"exploratory"
758,0.527870904992061,0.499485134172093,0.526708609736563,0.021978021978022,7,0.174825174825175,FALSE,0.521438943638269,1000,3486,55,"differential_object_marking","by_session","session_4",4,NA,NA,FALSE,"exploratory"
762,0.514380994242931,0.499361858226437,0.525722566457712,0.125874125874126,NA,NA,FALSE,0.521438943638269,1000,3486,55,"differential_object_marking","by_session","session_4",4,NA,NA,FALSE,"exploratory"
766,0.509157791244464,0.499116126078144,0.525296599325067,0.210789210789211,NA,NA,FALSE,0.521438943638269,1000,3486,55,"differential_object_marking","by_session","session_4",4,NA,NA,FALSE,"exploratory"
770,0.5089925995056,0.498815102673062,0.525140734949274,0.21978021978022,NA,NA,FALSE,0.521438943638269,1000,3486,55,"differential_object_marking","by_session","session_4",4,NA,NA,FALSE,"exploratory"
774,0.513760298037072,0.498951960666545,0.523912339014731,0.118881118881119,NA,NA,FALSE,0.521438943638269,1000,3486,55,"differential_object_marking","by_session","session_4",4,NA,NA,FALSE,"exploratory"
778,0.524322089050723,0.499289558818041,0.523324260443781,0.021978021978022,8,0.010989010989011,TRUE,0.521438943638269,1000,3486,55,"differential_object_marking","by_session","session_4",4,NA,NA,FALSE,"exploratory"
782,0.522998468591703,0.499624263373963,0.524655540958677,0.033966033966034,8,0.010989010989011,TRUE,0.521438943638269,1000,3486,55,"differential_object_marking","by_session","session_4",4,NA,NA,FALSE,"exploratory"
786,0.531436689836931,0.499984497243946,0.524328367005042,0.004995004995005,8,0.010989010989011,TRUE,0.521438943638269,1000,3486,55,"differential_object_marking","by_session","session_4",4,NA,NA,FALSE,"exploratory"
790,0.532477826032553,0.499697813907764,0.525843007326397,0.001998001998002,8,0.010989010989011,TRUE,0.521438943638269,1000,3486,55,"differential_object_marking","by_session","session_4",4,NA,NA,FALSE,"exploratory"
794,0.538712764866686,0.499920050922786,0.526289023515025,0.000999000999000999,8,0.010989010989011,TRUE,0.521438943638269,1000,3486,55,"differential_object_marking","by_session","session_4",4,NA,NA,FALSE,"exploratory"
798,0.542612378927329,0.49997093618255,0.526605801645123,0.000999000999000999,8,0.010989010989011,TRUE,0.521438943638269,1000,3486,55,"differential_object_marking","by_session","session_4",4,NA,NA,FALSE,"exploratory"
802,0.541314523214324,0.50011349186512,0.525307208309001,0.001998001998002,8,0.010989010989011,TRUE,0.521438943638269,1000,3486,55,"differential_object_marking","by_session","session_4",4,NA,NA,FALSE,"exploratory"
806,0.535381857121711,0.500019531723038,0.524861697376302,0.003996003996004,8,0.010989010989011,TRUE,0.521438943638269,1000,3486,55,"differential_object_marking","by_session","session_4",4,NA,NA,FALSE,"exploratory"
810,0.536457570905087,0.500215471014041,0.524852848010752,0.003996003996004,8,0.010989010989011,TRUE,0.521438943638269,1000,3486,55,"differential_object_marking","by_session","session_4",4,NA,NA,FALSE,"exploratory"
814,0.534718631577409,0.49981932983738,0.524723926403672,0.002997002997003,8,0.010989010989011,TRUE,0.521438943638269,1000,3486,55,"differential_object_marking","by_session","session_4",4,NA,NA,FALSE,"exploratory"
818,0.533727446067858,0.499521802495744,0.52434899855493,0.004995004995005,8,0.010989010989011,TRUE,0.521438943638269,1000,3486,55,"differential_object_marking","by_session","session_4",4,NA,NA,FALSE,"exploratory"
822,0.525272747724495,0.499476323446696,0.524170511085155,0.022977022977023,8,0.010989010989011,TRUE,0.521438943638269,1000,3486,55,"differential_object_marking","by_session","session_4",4,NA,NA,FALSE,"exploratory"
826,0.526832570065026,0.499518553049092,0.523502462012668,0.013986013986014,8,0.010989010989011,TRUE,0.521438943638269,1000,3486,55,"differential_object_marking","by_session","session_4",4,NA,NA,FALSE,"exploratory"
830,0.524605370395386,0.499808005366225,0.525037094197589,0.028971028971029,8,0.010989010989011,TRUE,0.521438943638269,1000,3486,55,"differential_object_marking","by_session","session_4",4,NA,NA,FALSE,"exploratory"
834,0.507830315201764,0.500329115496785,0.526877181007873,0.304695304695305,NA,NA,FALSE,0.521438943638269,1000,3486,55,"differential_object_marking","by_session","session_4",4,NA,NA,FALSE,"exploratory"
838,0.505094940323755,0.500312108505879,0.526115288304262,0.366633366633367,NA,NA,FALSE,0.521438943638269,1000,3486,55,"differential_object_marking","by_session","session_4",4,NA,NA,FALSE,"exploratory"
842,0.50293280763262,0.499907877641477,0.526704531703368,0.427572427572428,NA,NA,FALSE,0.521438943638269,1000,3486,55,"differential_object_marking","by_session","session_4",4,NA,NA,FALSE,"exploratory"
846,0.49869664687304,0.50001630913279,0.526204161615502,0.567432567432567,NA,NA,FALSE,0.521438943638269,1000,3486,55,"differential_object_marking","by_session","session_4",4,NA,NA,FALSE,"exploratory"
850,0.499856111964473,0.499899329422777,0.525169836341006,0.515484515484515,NA,NA,FALSE,0.521438943638269,1000,3486,55,"differential_object_marking","by_session","session_4",4,NA,NA,FALSE,"exploratory"
854,0.494095257704282,0.499693784331696,0.524644056560036,0.68031968031968,NA,NA,FALSE,0.521438943638269,1000,3486,55,"differential_object_marking","by_session","session_4",4,NA,NA,FALSE,"exploratory"
858,0.491936044523969,0.499444714400034,0.522854189111613,0.722277722277722,NA,NA,FALSE,0.521438943638269,1000,3486,55,"differential_object_marking","by_session","session_4",4,NA,NA,FALSE,"exploratory"
862,0.498217381507682,0.499730304009423,0.523216380618329,0.563436563436563,NA,NA,FALSE,0.521438943638269,1000,3486,55,"differential_object_marking","by_session","session_4",4,NA,NA,FALSE,"exploratory"
866,0.505417098889612,0.500071866199048,0.523522978469836,0.354645354645355,NA,NA,FALSE,0.521438943638269,1000,3486,55,"differential_object_marking","by_session","session_4",4,NA,NA,FALSE,"exploratory"
870,0.509112906578166,0.499956973742231,0.525799892330253,0.245754245754246,NA,NA,FALSE,0.521438943638269,1000,3486,55,"differential_object_marking","by_session","session_4",4,NA,NA,FALSE,"exploratory"
874,0.524056951950817,0.499466218957822,0.524835086550127,0.033966033966034,9,0.203796203796204,FALSE,0.521438943638269,1000,3486,55,"differential_object_marking","by_session","session_4",4,NA,NA,FALSE,"exploratory"
878,0.526741936618199,0.499403440165986,0.525583682596311,0.022977022977023,9,0.203796203796204,FALSE,0.521438943638269,1000,3486,55,"differential_object_marking","by_session","session_4",4,NA,NA,FALSE,"exploratory"
882,0.525472293668122,0.499607748515555,0.525828446609895,0.027972027972028,9,0.203796203796204,FALSE,0.521438943638269,1000,3486,55,"differential_object_marking","by_session","session_4",4,NA,NA,FALSE,"exploratory"
886,0.526309461845527,0.499298686567608,0.525389216661021,0.018981018981019,9,0.203796203796204,FALSE,0.521438943638269,1000,3486,55,"differential_object_marking","by_session","session_4",4,NA,NA,FALSE,"exploratory"
890,0.524334861759214,0.499089114646624,0.525536710957803,0.035964035964036,9,0.203796203796204,FALSE,0.521438943638269,1000,3486,55,"differential_object_marking","by_session","session_4",4,NA,NA,FALSE,"exploratory"
894,0.525698831025565,0.498879281870909,0.525157136833598,0.023976023976024,9,0.203796203796204,FALSE,0.521438943638269,1000,3486,55,"differential_object_marking","by_session","session_4",4,NA,NA,FALSE,"exploratory"
898,0.530281393742487,0.498595779170902,0.524849066942027,0.00899100899100899,9,0.203796203796204,FALSE,0.521438943638269,1000,3486,55,"differential_object_marking","by_session","session_4",4,NA,NA,FALSE,"exploratory"
902,0.529208358167813,0.498630589402237,0.523788588134934,0.00999000999000999,9,0.203796203796204,FALSE,0.521438943638269,1000,3486,55,"differential_object_marking","by_session","session_4",4,NA,NA,FALSE,"exploratory"
906,0.523401065988497,0.498787814098442,0.523695948780106,0.030969030969031,9,0.203796203796204,FALSE,0.521438943638269,1000,3486,55,"differential_object_marking","by_session","session_4",4,NA,NA,FALSE,"exploratory"
910,0.521534417282674,0.49904799865877,0.524774291403027,0.03996003996004,9,0.203796203796204,FALSE,0.521438943638269,1000,3486,55,"differential_object_marking","by_session","session_4",4,NA,NA,FALSE,"exploratory"
914,0.520975810391815,0.499340472486829,0.52488658665224,0.051948051948052,NA,NA,FALSE,0.521438943638269,1000,3486,55,"differential_object_marking","by_session","session_4",4,NA,NA,FALSE,"exploratory"
918,0.523997781402533,0.499436686836367,0.523993799427475,0.025974025974026,10,0.422577422577423,FALSE,0.521438943638269,1000,3486,55,"differential_object_marking","by_session","session_4",4,NA,NA,FALSE,"exploratory"
922,0.52469866402959,0.499963086604283,0.52475784654796,0.026973026973027,10,0.422577422577423,FALSE,0.521438943638269,1000,3486,55,"differential_object_marking","by_session","session_4",4,NA,NA,FALSE,"exploratory"
926,0.525565642139526,0.499978209573833,0.525223580749001,0.023976023976024,10,0.422577422577423,FALSE,0.521438943638269,1000,3486,55,"differential_object_marking","by_session","session_4",4,NA,NA,FALSE,"exploratory"
930,0.528706433511976,0.499973207783014,0.523703121469663,0.010989010989011,10,0.422577422577423,FALSE,0.521438943638269,1000,3486,55,"differential_object_marking","by_session","session_4",4,NA,NA,FALSE,"exploratory"
934,0.52808570989699,0.499765965902849,0.523686489713237,0.00899100899100899,10,0.422577422577423,FALSE,0.521438943638269,1000,3486,55,"differential_object_marking","by_session","session_4",4,NA,NA,FALSE,"exploratory"
938,0.523873364468949,0.499800754352372,0.523354804106122,0.023976023976024,10,0.422577422577423,FALSE,0.521438943638269,1000,3486,55,"differential_object_marking","by_session","session_4",4,NA,NA,FALSE,"exploratory"
942,0.517946580413093,0.499736835272624,0.522907761909044,0.0629370629370629,NA,NA,FALSE,0.521438943638269,1000,3486,55,"differential_object_marking","by_session","session_4",4,NA,NA,FALSE,"exploratory"
946,0.513864329821291,0.499641907088323,0.52344863482062,0.131868131868132,NA,NA,FALSE,0.521438943638269,1000,3486,55,"differential_object_marking","by_session","session_4",4,NA,NA,FALSE,"exploratory"
950,0.518196471357223,0.499368649608718,0.523600482112691,0.0639360639360639,NA,NA,FALSE,0.521438943638269,1000,3486,55,"differential_object_marking","by_session","session_4",4,NA,NA,FALSE,"exploratory"
954,0.524621274664543,0.499318297894423,0.524667509037351,0.026973026973027,11,0.010989010989011,TRUE,0.521438943638269,1000,3486,55,"differential_object_marking","by_session","session_4",4,NA,NA,FALSE,"exploratory"
958,0.525292806045917,0.499495004432418,0.524042399253718,0.014985014985015,11,0.010989010989011,TRUE,0.521438943638269,1000,3486,55,"differential_object_marking","by_session","session_4",4,NA,NA,FALSE,"exploratory"
962,0.522441550819066,0.499554461788853,0.524529416497156,0.035964035964036,11,0.010989010989011,TRUE,0.521438943638269,1000,3486,55,"differential_object_marking","by_session","session_4",4,NA,NA,FALSE,"exploratory"
966,0.531934629172241,0.499859766995373,0.525793601832244,0.004995004995005,11,0.010989010989011,TRUE,0.521438943638269,1000,3486,55,"differential_object_marking","by_session","session_4",4,NA,NA,FALSE,"exploratory"
970,0.528665048238273,0.500141302585194,0.526090406185261,0.017982017982018,11,0.010989010989011,TRUE,0.521438943638269,1000,3486,55,"differential_object_marking","by_session","session_4",4,NA,NA,FALSE,"exploratory"
974,0.532433112111639,0.500385110689547,0.52485833235472,0.00999000999000999,11,0.010989010989011,TRUE,0.521438943638269,1000,3486,55,"differential_object_marking","by_session","session_4",4,NA,NA,FALSE,"exploratory"
978,0.539687060154046,0.500270099788793,0.525519284139244,0.001998001998002,11,0.010989010989011,TRUE,0.521438943638269,1000,3486,55,"differential_object_marking","by_session","session_4",4,NA,NA,FALSE,"exploratory"
982,0.54604363648744,0.500117625012524,0.524253583804654,0.001998001998002,11,0.010989010989011,TRUE,0.521438943638269,1000,3486,55,"differential_object_marking","by_session","session_4",4,NA,NA,FALSE,"exploratory"
986,0.535231088458131,0.499967673002337,0.523659671367327,0.001998001998002,11,0.010989010989011,TRUE,0.521438943638269,1000,3486,55,"differential_object_marking","by_session","session_4",4,NA,NA,FALSE,"exploratory"
990,0.529149262366539,0.499604650331385,0.523442311125171,0.00799200799200799,11,0.010989010989011,TRUE,0.521438943638269,1000,3486,55,"differential_object_marking","by_session","session_4",4,NA,NA,FALSE,"exploratory"
994,0.525649091605241,0.499139198365704,0.523316108923487,0.012987012987013,11,0.010989010989011,TRUE,0.521438943638269,1000,3486,55,"differential_object_marking","by_session","session_4",4,NA,NA,FALSE,"exploratory"
998,0.525698608262897,0.498758113801938,0.523841836342081,0.020979020979021,11,0.010989010989011,TRUE,0.521438943638269,1000,3486,55,"differential_object_marking","by_session","session_4",4,NA,NA,FALSE,"exploratory"
1002,0.530011626666859,0.498881887927813,0.525804234709505,0.00799200799200799,11,0.010989010989011,TRUE,0.521438943638269,1000,3486,55,"differential_object_marking","by_session","session_4",4,NA,NA,FALSE,"exploratory"
1006,0.525192933888697,0.499083032761559,0.525192068441901,0.025974025974026,11,0.010989010989011,TRUE,0.521438943638269,1000,3486,55,"differential_object_marking","by_session","session_4",4,NA,NA,FALSE,"exploratory"
1010,0.53210757407041,0.49941256905389,0.524995161378713,0.004995004995005,11,0.010989010989011,TRUE,0.521438943638269,1000,3486,55,"differential_object_marking","by_session","session_4",4,NA,NA,FALSE,"exploratory"
1014,0.530268302317922,0.499459984123584,0.523992683252455,0.010989010989011,11,0.010989010989011,TRUE,0.521438943638269,1000,3486,55,"differential_object_marking","by_session","session_4",4,NA,NA,FALSE,"exploratory"
1018,0.528762099182071,0.499303685961557,0.524741846536677,0.011988011988012,11,0.010989010989011,TRUE,0.521438943638269,1000,3486,55,"differential_object_marking","by_session","session_4",4,NA,NA,FALSE,"exploratory"
1022,0.521298257868939,0.499859538755958,0.525441895252816,0.0579420579420579,NA,NA,FALSE,0.521438943638269,1000,3486,55,"differential_object_marking","by_session","session_4",4,NA,NA,FALSE,"exploratory"
1026,0.519692973465272,0.499934797767854,0.524287572965852,0.0739260739260739,NA,NA,FALSE,0.521438943638269,1000,3486,55,"differential_object_marking","by_session","session_4",4,NA,NA,FALSE,"exploratory"
1030,0.523943828924205,0.500041242609134,0.523434669295264,0.023976023976024,12,0.011988011988012,TRUE,0.521438943638269,1000,3486,55,"differential_object_marking","by_session","session_4",4,NA,NA,FALSE,"exploratory"
1034,0.535464102501601,0.50010508508669,0.524151012077773,0.003996003996004,12,0.011988011988012,TRUE,0.521438943638269,1000,3486,55,"differential_object_marking","by_session","session_4",4,NA,NA,FALSE,"exploratory"
1038,0.536427381214417,0.500230593358381,0.524782343391637,0.002997002997003,12,0.011988011988012,TRUE,0.521438943638269,1000,3486,55,"differential_object_marking","by_session","session_4",4,NA,NA,FALSE,"exploratory"
1042,0.535310506168779,0.500620326965463,0.525229887594565,0.003996003996004,12,0.011988011988012,TRUE,0.521438943638269,1000,3486,55,"differential_object_marking","by_session","session_4",4,NA,NA,FALSE,"exploratory"
1046,0.532771419719229,0.500479522371736,0.523857123579689,0.002997002997003,12,0.011988011988012,TRUE,0.521438943638269,1000,3486,55,"differential_object_marking","by_session","session_4",4,NA,NA,FALSE,"exploratory"
1050,0.526554138585296,0.500143487171914,0.523536787944208,0.013986013986014,12,0.011988011988012,TRUE,0.521438943638269,1000,3486,55,"differential_object_marking","by_session","session_4",4,NA,NA,FALSE,"exploratory"
1054,0.525053602500192,0.499819997735571,0.524269485458067,0.021978021978022,12,0.011988011988012,TRUE,0.521438943638269,1000,3486,55,"differential_object_marking","by_session","session_4",4,NA,NA,FALSE,"exploratory"
1058,0.531107571757188,0.499853234226915,0.524195436712227,0.00699300699300699,12,0.011988011988012,TRUE,0.521438943638269,1000,3486,55,"differential_object_marking","by_session","session_4",4,NA,NA,FALSE,"exploratory"
1062,0.533715340607319,0.499968219070874,0.524260202940811,0.00599400599400599,12,0.011988011988012,TRUE,0.521438943638269,1000,3486,55,"differential_object_marking","by_session","session_4",4,NA,NA,FALSE,"exploratory"
1066,0.529114058148229,0.500122295435768,0.525412889552171,0.00999000999000999,12,0.011988011988012,TRUE,0.521438943638269,1000,3486,55,"differential_object_marking","by_session","session_4",4,NA,NA,FALSE,"exploratory"
1070,0.52807058453674,0.500216710194509,0.524541149484267,0.00999000999000999,12,0.011988011988012,TRUE,0.521438943638269,1000,3486,55,"differential_object_marking","by_session","session_4",4,NA,NA,FALSE,"exploratory"
1074,0.530548655777885,0.500145834506822,0.526401419840682,0.00899100899100899,12,0.011988011988012,TRUE,0.521438943638269,1000,3486,55,"differential_object_marking","by_session","session_4",4,NA,NA,FALSE,"exploratory"
1078,0.528093371083013,0.500314144211055,0.525150945656575,0.011988011988012,12,0.011988011988012,TRUE,0.521438943638269,1000,3486,55,"differential_object_marking","by_session","session_4",4,NA,NA,FALSE,"exploratory"
1082,0.530384189991232,0.500553040203695,0.525015542686377,0.00999000999000999,12,0.011988011988012,TRUE,0.521438943638269,1000,3486,55,"differential_object_marking","by_session","session_4",4,NA,NA,FALSE,"exploratory"
1086,0.531216403337844,0.500392304805734,0.525131938964096,0.00899100899100899,12,0.011988011988012,TRUE,0.521438943638269,1000,3486,55,"differential_object_marking","by_session","session_4",4,NA,NA,FALSE,"exploratory"
1090,0.522060000965341,0.500146739199552,0.52475579639103,0.038961038961039,12,0.011988011988012,TRUE,0.521438943638269,1000,3486,55,"differential_object_marking","by_session","session_4",4,NA,NA,FALSE,"exploratory"
1094,0.525007328238424,0.500009009661736,0.525479374721158,0.02997002997003,12,0.011988011988012,TRUE,0.521438943638269,1000,3486,55,"differential_object_marking","by_session","session_4",4,NA,NA,FALSE,"exploratory"
1098,0.525873949318885,0.499912256499466,0.525231315260021,0.022977022977023,12,0.011988011988012,TRUE,0.521438943638269,1000,3486,55,"differential_object_marking","by_session","session_4",4,NA,NA,FALSE,"exploratory"
-98,0.582750377713597,0.499665806591069,0.532395479594996,0.000999000999000999,1,0.00599400599400599,TRUE,0.527260040481325,1000,2230,36,"differential_object_marking","by_session","session_6",6,NA,NA,FALSE,"exploratory"
-94,0.583247405315127,0.499763310086953,0.533619004627814,0.000999000999000999,1,0.00599400599400599,TRUE,0.527260040481325,1000,2230,36,"differential_object_marking","by_session","session_6",6,NA,NA,FALSE,"exploratory"
-90,0.573622711450438,0.499551443698205,0.530530315689663,0.000999000999000999,1,0.00599400599400599,TRUE,0.527260040481325,1000,2230,36,"differential_object_marking","by_session","session_6",6,NA,NA,FALSE,"exploratory"
-86,0.558448838279805,0.49930545560158,0.530752144102991,0.000999000999000999,1,0.00599400599400599,TRUE,0.527260040481325,1000,2230,36,"differential_object_marking","by_session","session_6",6,NA,NA,FALSE,"exploratory"
-82,0.545538664338782,0.49915192423636,0.530719219556632,0.003996003996004,1,0.00599400599400599,TRUE,0.527260040481325,1000,2230,36,"differential_object_marking","by_session","session_6",6,NA,NA,FALSE,"exploratory"
-78,0.543131220929876,0.499530785981824,0.531729964497571,0.003996003996004,1,0.00599400599400599,TRUE,0.527260040481325,1000,2230,36,"differential_object_marking","by_session","session_6",6,NA,NA,FALSE,"exploratory"
-74,0.537758424197068,0.499601518374243,0.533321862805996,0.010989010989011,1,0.00599400599400599,TRUE,0.527260040481325,1000,2230,36,"differential_object_marking","by_session","session_6",6,NA,NA,FALSE,"exploratory"
-70,0.530066489814107,0.499606567936274,0.531825002726736,0.031968031968032,1,0.00599400599400599,TRUE,0.527260040481325,1000,2230,36,"differential_object_marking","by_session","session_6",6,NA,NA,FALSE,"exploratory"
-66,0.52730171539787,0.499957719760767,0.532830808543896,0.048951048951049,1,0.00599400599400599,TRUE,0.527260040481325,1000,2230,36,"differential_object_marking","by_session","session_6",6,NA,NA,FALSE,"exploratory"
-62,0.522992323118949,0.50032865602188,0.532174995070519,0.0979020979020979,NA,NA,FALSE,0.527260040481325,1000,2230,36,"differential_object_marking","by_session","session_6",6,NA,NA,FALSE,"exploratory"
-58,0.51419410980754,0.500511311287434,0.53105874618196,0.205794205794206,NA,NA,FALSE,0.527260040481325,1000,2230,36,"differential_object_marking","by_session","session_6",6,NA,NA,FALSE,"exploratory"
-54,0.476979085449005,0.500501035232905,0.530767219769101,0.918081918081918,NA,NA,FALSE,0.527260040481325,1000,2230,36,"differential_object_marking","by_session","session_6",6,NA,NA,FALSE,"exploratory"
-50,0.454711676437545,0.500781446469152,0.532962060925576,0.992007992007992,NA,NA,FALSE,0.527260040481325,1000,2230,36,"differential_object_marking","by_session","session_6",6,NA,NA,FALSE,"exploratory"
-46,0.475567188903511,0.500317516700598,0.533249619897719,0.921078921078921,NA,NA,FALSE,0.527260040481325,1000,2230,36,"differential_object_marking","by_session","session_6",6,NA,NA,FALSE,"exploratory"
-42,0.505781755504583,0.499979984302981,0.532570836743129,0.370629370629371,NA,NA,FALSE,0.527260040481325,1000,2230,36,"differential_object_marking","by_session","session_6",6,NA,NA,FALSE,"exploratory"
-38,0.528014201440854,0.499545510280075,0.531048266380335,0.041958041958042,2,0.0669330669330669,FALSE,0.527260040481325,1000,2230,36,"differential_object_marking","by_session","session_6",6,NA,NA,FALSE,"exploratory"
-34,0.550580376052426,0.499753859414477,0.53080091773239,0.001998001998002,2,0.0669330669330669,FALSE,0.527260040481325,1000,2230,36,"differential_object_marking","by_session","session_6",6,NA,NA,FALSE,"exploratory"
-30,0.564300907665135,0.5003836182438,0.531685897354627,0.001998001998002,2,0.0669330669330669,FALSE,0.527260040481325,1000,2230,36,"differential_object_marking","by_session","session_6",6,NA,NA,FALSE,"exploratory"
-26,0.559277571688599,0.500347064676185,0.533064626693397,0.000999000999000999,2,0.0669330669330669,FALSE,0.527260040481325,1000,2230,36,"differential_object_marking","by_session","session_6",6,NA,NA,FALSE,"exploratory"
-22,0.529349603342442,0.499633754686009,0.531169916705303,0.034965034965035,2,0.0669330669330669,FALSE,0.527260040481325,1000,2230,36,"differential_object_marking","by_session","session_6",6,NA,NA,FALSE,"exploratory"
-18,0.522593950872408,0.499580686946977,0.531806447237012,0.0779220779220779,NA,NA,FALSE,0.527260040481325,1000,2230,36,"differential_object_marking","by_session","session_6",6,NA,NA,FALSE,"exploratory"
-14,0.532617464328699,0.499983930643985,0.531783670107684,0.022977022977023,3,0.357642357642358,FALSE,0.527260040481325,1000,2230,36,"differential_object_marking","by_session","session_6",6,NA,NA,FALSE,"exploratory"
-10,0.545690919380652,0.500131766163599,0.530741216123597,0.000999000999000999,3,0.357642357642358,FALSE,0.527260040481325,1000,2230,36,"differential_object_marking","by_session","session_6",6,NA,NA,FALSE,"exploratory"
-6,0.541410904168627,0.499390292906338,0.529042897258379,0.003996003996004,3,0.357642357642358,FALSE,0.527260040481325,1000,2230,36,"differential_object_marking","by_session","session_6",6,NA,NA,FALSE,"exploratory"
-2,0.526378342078607,0.499318186342342,0.531778304708375,0.0539460539460539,NA,NA,FALSE,0.527260040481325,1000,2230,36,"differential_object_marking","by_session","session_6",6,NA,NA,FALSE,"exploratory"
2,0.530878591081213,0.499495981213887,0.531887229071625,0.033966033966034,4,0.927072927072927,FALSE,0.527260040481325,1000,2230,36,"differential_object_marking","by_session","session_6",6,NA,NA,FALSE,"exploratory"
6,0.525579400662493,0.499535450721021,0.53414994683546,0.0659340659340659,NA,NA,FALSE,0.527260040481325,1000,2230,36,"differential_object_marking","by_session","session_6",6,NA,NA,FALSE,"exploratory"
10,0.525789892400863,0.499918863858888,0.533337893218152,0.0749250749250749,NA,NA,FALSE,0.527260040481325,1000,2230,36,"differential_object_marking","by_session","session_6",6,NA,NA,FALSE,"exploratory"
14,0.523404999878546,0.499780213880974,0.534021537406151,0.0839160839160839,NA,NA,FALSE,0.527260040481325,1000,2230,36,"differential_object_marking","by_session","session_6",6,NA,NA,FALSE,"exploratory"
18,0.532618992617863,0.500213808025382,0.53243297141717,0.024975024975025,5,0.451548451548452,FALSE,0.527260040481325,1000,2230,36,"differential_object_marking","by_session","session_6",6,NA,NA,FALSE,"exploratory"
22,0.542922347903302,0.500543909860557,0.530476194965138,0.002997002997003,5,0.451548451548452,FALSE,0.527260040481325,1000,2230,36,"differential_object_marking","by_session","session_6",6,NA,NA,FALSE,"exploratory"
26,0.535261613935803,0.501156842778763,0.530880468567471,0.013986013986014,5,0.451548451548452,FALSE,0.527260040481325,1000,2230,36,"differential_object_marking","by_session","session_6",6,NA,NA,FALSE,"exploratory"
30,0.526990282176277,0.500364250399056,0.532507081501607,0.04995004995005,NA,NA,FALSE,0.527260040481325,1000,2230,36,"differential_object_marking","by_session","session_6",6,NA,NA,FALSE,"exploratory"
34,0.531343579918843,0.500091842786708,0.532578150095277,0.034965034965035,6,0.765234765234765,FALSE,0.527260040481325,1000,2230,36,"differential_object_marking","by_session","session_6",6,NA,NA,FALSE,"exploratory"
38,0.532862886648372,0.500490042319999,0.53110907657597,0.022977022977023,6,0.765234765234765,FALSE,0.527260040481325,1000,2230,36,"differential_object_marking","by_session","session_6",6,NA,NA,FALSE,"exploratory"
42,0.529085331856862,0.500980153651015,0.530941511004495,0.034965034965035,6,0.765234765234765,FALSE,0.527260040481325,1000,2230,36,"differential_object_marking","by_session","session_6",6,NA,NA,FALSE,"exploratory"
46,0.513937564676382,0.500585915144878,0.531969872777099,0.204795204795205,NA,NA,FALSE,0.527260040481325,1000,2230,36,"differential_object_marking","by_session","session_6",6,NA,NA,FALSE,"exploratory"
50,0.518048977085984,0.500094846981836,0.531233879903661,0.130869130869131,NA,NA,FALSE,0.527260040481325,1000,2230,36,"differential_object_marking","by_session","session_6",6,NA,NA,FALSE,"exploratory"
54,0.519015322823777,0.49932593328799,0.531172202071766,0.125874125874126,NA,NA,FALSE,0.527260040481325,1000,2230,36,"differential_object_marking","by_session","session_6",6,NA,NA,FALSE,"exploratory"
58,0.516076569689762,0.498939886229339,0.53223963670564,0.146853146853147,NA,NA,FALSE,0.527260040481325,1000,2230,36,"differential_object_marking","by_session","session_6",6,NA,NA,FALSE,"exploratory"
62,0.526930965074419,0.499408319859054,0.530906474943413,0.03996003996004,NA,NA,FALSE,0.527260040481325,1000,2230,36,"differential_object_marking","by_session","session_6",6,NA,NA,FALSE,"exploratory"
66,0.547538565755304,0.49965421126321,0.529996421266729,0.002997002997003,7,0.445554445554446,FALSE,0.527260040481325,1000,2230,36,"differential_object_marking","by_session","session_6",6,NA,NA,FALSE,"exploratory"
70,0.534819540257243,0.499861074227631,0.531325895790743,0.016983016983017,7,0.445554445554446,FALSE,0.527260040481325,1000,2230,36,"differential_object_marking","by_session","session_6",6,NA,NA,FALSE,"exploratory"
74,0.528790361141158,0.500249745998842,0.533149712648744,0.042957042957043,7,0.445554445554446,FALSE,0.527260040481325,1000,2230,36,"differential_object_marking","by_session","session_6",6,NA,NA,FALSE,"exploratory"
78,0.527103795714193,0.500132897584301,0.532435916641888,0.0539460539460539,NA,NA,FALSE,0.527260040481325,1000,2230,36,"differential_object_marking","by_session","session_6",6,NA,NA,FALSE,"exploratory"
82,0.522314978456176,0.499715613291919,0.53164232729899,0.0909090909090909,NA,NA,FALSE,0.527260040481325,1000,2230,36,"differential_object_marking","by_session","session_6",6,NA,NA,FALSE,"exploratory"
86,0.512282620440534,0.50002261329429,0.531437496930969,0.245754245754246,NA,NA,FALSE,0.527260040481325,1000,2230,36,"differential_object_marking","by_session","session_6",6,NA,NA,FALSE,"exploratory"
90,0.491876730163986,0.500001930663788,0.532046670872951,0.697302697302697,NA,NA,FALSE,0.527260040481325,1000,2230,36,"differential_object_marking","by_session","session_6",6,NA,NA,FALSE,"exploratory"
94,0.482394738070375,0.499753153812834,0.531149827460611,0.855144855144855,NA,NA,FALSE,0.527260040481325,1000,2230,36,"differential_object_marking","by_session","session_6",6,NA,NA,FALSE,"exploratory"
98,0.478209814026446,0.500073613496411,0.530935174390759,0.9000999000999,NA,NA,FALSE,0.527260040481325,1000,2230,36,"differential_object_marking","by_session","session_6",6,NA,NA,FALSE,"exploratory"
102,0.500309900038928,0.500336410716702,0.531248421916842,0.513486513486514,NA,NA,FALSE,0.527260040481325,1000,2230,36,"differential_object_marking","by_session","session_6",6,NA,NA,FALSE,"exploratory"
106,0.499758864186894,0.500512958094085,0.533564168108926,0.528471528471528,NA,NA,FALSE,0.527260040481325,1000,2230,36,"differential_object_marking","by_session","session_6",6,NA,NA,FALSE,"exploratory"
110,0.476936238860354,0.500758520725483,0.532928861937469,0.921078921078921,NA,NA,FALSE,0.527260040481325,1000,2230,36,"differential_object_marking","by_session","session_6",6,NA,NA,FALSE,"exploratory"
114,0.476203286700826,0.500564574265493,0.533000795865838,0.914085914085914,NA,NA,FALSE,0.527260040481325,1000,2230,36,"differential_object_marking","by_session","session_6",6,NA,NA,FALSE,"exploratory"
118,0.494010444968264,0.49992058557872,0.531218694136317,0.652347652347652,NA,NA,FALSE,0.527260040481325,1000,2230,36,"differential_object_marking","by_session","session_6",6,NA,NA,FALSE,"exploratory"
122,0.500446777978546,0.500021559577379,0.531031443473289,0.493506493506494,NA,NA,FALSE,0.527260040481325,1000,2230,36,"differential_object_marking","by_session","session_6",6,NA,NA,FALSE,"exploratory"
126,0.486983162018249,0.499863737864448,0.531036865299566,0.779220779220779,NA,NA,FALSE,0.527260040481325,1000,2230,36,"differential_object_marking","by_session","session_6",6,NA,NA,FALSE,"exploratory"
130,0.475315440016929,0.500073639644693,0.530453756413811,0.926073926073926,NA,NA,FALSE,0.527260040481325,1000,2230,36,"differential_object_marking","by_session","session_6",6,NA,NA,FALSE,"exploratory"
134,0.484006728398079,0.499745697777359,0.530246305582038,0.825174825174825,NA,NA,FALSE,0.527260040481325,1000,2230,36,"differential_object_marking","by_session","session_6",6,NA,NA,FALSE,"exploratory"
138,0.496981159773421,0.500178075499477,0.530313244713903,0.594405594405594,NA,NA,FALSE,0.527260040481325,1000,2230,36,"differential_object_marking","by_session","session_6",6,NA,NA,FALSE,"exploratory"
142,0.527113816668319,0.499972192190456,0.530182090156334,0.038961038961039,NA,NA,FALSE,0.527260040481325,1000,2230,36,"differential_object_marking","by_session","session_6",6,NA,NA,FALSE,"exploratory"
146,0.526350999366194,0.500032833631194,0.533294408189812,0.0619380619380619,NA,NA,FALSE,0.527260040481325,1000,2230,36,"differential_object_marking","by_session","session_6",6,NA,NA,FALSE,"exploratory"
150,0.529557099250942,0.500070600225058,0.532759278732416,0.040959040959041,8,0.168831168831169,FALSE,0.527260040481325,1000,2230,36,"differential_object_marking","by_session","session_6",6,NA,NA,FALSE,"exploratory"
154,0.54809758453952,0.500710024036174,0.533849302242173,0.002997002997003,8,0.168831168831169,FALSE,0.527260040481325,1000,2230,36,"differential_object_marking","by_session","session_6",6,NA,NA,FALSE,"exploratory"
158,0.545579276092423,0.500759634015118,0.531502667128417,0.000999000999000999,8,0.168831168831169,FALSE,0.527260040481325,1000,2230,36,"differential_object_marking","by_session","session_6",6,NA,NA,FALSE,"exploratory"
162,0.547984031732244,0.500651526927193,0.531333782682107,0.000999000999000999,8,0.168831168831169,FALSE,0.527260040481325,1000,2230,36,"differential_object_marking","by_session","session_6",6,NA,NA,FALSE,"exploratory"
166,0.529531563040888,0.500240997365571,0.530336227078381,0.028971028971029,8,0.168831168831169,FALSE,0.527260040481325,1000,2230,36,"differential_object_marking","by_session","session_6",6,NA,NA,FALSE,"exploratory"
170,0.523342875676159,0.500901768732033,0.53166731281104,0.0909090909090909,NA,NA,FALSE,0.527260040481325,1000,2230,36,"differential_object_marking","by_session","session_6",6,NA,NA,FALSE,"exploratory"
174,0.515767854684964,0.501184191373992,0.53271176937462,0.174825174825175,NA,NA,FALSE,0.527260040481325,1000,2230,36,"differential_object_marking","by_session","session_6",6,NA,NA,FALSE,"exploratory"
178,0.509734282834883,0.500656617125961,0.534113701080205,0.31968031968032,NA,NA,FALSE,0.527260040481325,1000,2230,36,"differential_object_marking","by_session","session_6",6,NA,NA,FALSE,"exploratory"
182,0.513750674829032,0.500196780090014,0.532867983245293,0.222777222777223,NA,NA,FALSE,0.527260040481325,1000,2230,36,"differential_object_marking","by_session","session_6",6,NA,NA,FALSE,"exploratory"
186,0.526118631794241,0.500211656567911,0.532337081891058,0.0579420579420579,NA,NA,FALSE,0.527260040481325,1000,2230,36,"differential_object_marking","by_session","session_6",6,NA,NA,FALSE,"exploratory"
190,0.533692801290899,0.500146790728703,0.532548186576666,0.022977022977023,9,0.000999000999000999,TRUE,0.527260040481325,1000,2230,36,"differential_object_marking","by_session","session_6",6,NA,NA,FALSE,"exploratory"
194,0.540354331202874,0.500150481347112,0.532639175960456,0.00599400599400599,9,0.000999000999000999,TRUE,0.527260040481325,1000,2230,36,"differential_object_marking","by_session","session_6",6,NA,NA,FALSE,"exploratory"
198,0.551068416042565,0.500161212004037,0.534019646623073,0.001998001998002,9,0.000999000999000999,TRUE,0.527260040481325,1000,2230,36,"differential_object_marking","by_session","session_6",6,NA,NA,FALSE,"exploratory"
202,0.561677178418267,0.500030567380498,0.53327321686968,0.000999000999000999,9,0.000999000999000999,TRUE,0.527260040481325,1000,2230,36,"differential_object_marking","by_session","session_6",6,NA,NA,FALSE,"exploratory"
206,0.563448313087963,0.500435988288983,0.533798736602862,0.000999000999000999,9,0.000999000999000999,TRUE,0.527260040481325,1000,2230,36,"differential_object_marking","by_session","session_6",6,NA,NA,FALSE,"exploratory"
210,0.550458320363869,0.501022601453401,0.533749226062403,0.001998001998002,9,0.000999000999000999,TRUE,0.527260040481325,1000,2230,36,"differential_object_marking","by_session","session_6",6,NA,NA,FALSE,"exploratory"
214,0.553965825846104,0.500560672202007,0.533669566619659,0.000999000999000999,9,0.000999000999000999,TRUE,0.527260040481325,1000,2230,36,"differential_object_marking","by_session","session_6",6,NA,NA,FALSE,"exploratory"
218,0.553407653708949,0.49995083369882,0.531246566898996,0.000999000999000999,9,0.000999000999000999,TRUE,0.527260040481325,1000,2230,36,"differential_object_marking","by_session","session_6",6,NA,NA,FALSE,"exploratory"
222,0.549759508257611,0.499629118640651,0.530022329798135,0.000999000999000999,9,0.000999000999000999,TRUE,0.527260040481325,1000,2230,36,"differential_object_marking","by_session","session_6",6,NA,NA,FALSE,"exploratory"
226,0.548658643724963,0.499339499983562,0.530795717618484,0.000999000999000999,9,0.000999000999000999,TRUE,0.527260040481325,1000,2230,36,"differential_object_marking","by_session","session_6",6,NA,NA,FALSE,"exploratory"
230,0.561066478166217,0.499456960662108,0.530057016445657,0.000999000999000999,9,0.000999000999000999,TRUE,0.527260040481325,1000,2230,36,"differential_object_marking","by_session","session_6",6,NA,NA,FALSE,"exploratory"
234,0.57226099248143,0.500012369674272,0.530305105150875,0.000999000999000999,9,0.000999000999000999,TRUE,0.527260040481325,1000,2230,36,"differential_object_marking","by_session","session_6",6,NA,NA,FALSE,"exploratory"
238,0.583337853075565,0.500386459019229,0.531960865126008,0.000999000999000999,9,0.000999000999000999,TRUE,0.527260040481325,1000,2230,36,"differential_object_marking","by_session","session_6",6,NA,NA,FALSE,"exploratory"
242,0.584071767773538,0.500104280554015,0.531157745249986,0.000999000999000999,9,0.000999000999000999,TRUE,0.527260040481325,1000,2230,36,"differential_object_marking","by_session","session_6",6,NA,NA,FALSE,"exploratory"
246,0.58948838277918,0.500368733294052,0.531511240740306,0.000999000999000999,9,0.000999000999000999,TRUE,0.527260040481325,1000,2230,36,"differential_object_marking","by_session","session_6",6,NA,NA,FALSE,"exploratory"
250,0.574184984504826,0.500428148938939,0.531876995751932,0.000999000999000999,9,0.000999000999000999,TRUE,0.527260040481325,1000,2230,36,"differential_object_marking","by_session","session_6",6,NA,NA,FALSE,"exploratory"
254,0.564640587457559,0.5002381256138,0.532034727283462,0.000999000999000999,9,0.000999000999000999,TRUE,0.527260040481325,1000,2230,36,"differential_object_marking","by_session","session_6",6,NA,NA,FALSE,"exploratory"
258,0.574453138952539,0.500032193703548,0.532943534097758,0.000999000999000999,9,0.000999000999000999,TRUE,0.527260040481325,1000,2230,36,"differential_object_marking","by_session","session_6",6,NA,NA,FALSE,"exploratory"
262,0.576571572743177,0.499941588129923,0.533308151029406,0.000999000999000999,9,0.000999000999000999,TRUE,0.527260040481325,1000,2230,36,"differential_object_marking","by_session","session_6",6,NA,NA,FALSE,"exploratory"
266,0.578191940751365,0.499957285698282,0.530832108281523,0.000999000999000999,9,0.000999000999000999,TRUE,0.527260040481325,1000,2230,36,"differential_object_marking","by_session","session_6",6,NA,NA,FALSE,"exploratory"
270,0.575408749920887,0.499525314353776,0.531894295273994,0.000999000999000999,9,0.000999000999000999,TRUE,0.527260040481325,1000,2230,36,"differential_object_marking","by_session","session_6",6,NA,NA,FALSE,"exploratory"
274,0.56389197015871,0.499760938010541,0.531515357571728,0.000999000999000999,9,0.000999000999000999,TRUE,0.527260040481325,1000,2230,36,"differential_object_marking","by_session","session_6",6,NA,NA,FALSE,"exploratory"
278,0.556646720130266,0.499815474991081,0.532083969205974,0.000999000999000999,9,0.000999000999000999,TRUE,0.527260040481325,1000,2230,36,"differential_object_marking","by_session","session_6",6,NA,NA,FALSE,"exploratory"
282,0.561052276707046,0.500210024114858,0.530057055923702,0.000999000999000999,9,0.000999000999000999,TRUE,0.527260040481325,1000,2230,36,"differential_object_marking","by_session","session_6",6,NA,NA,FALSE,"exploratory"
286,0.553767704645684,0.50043464146681,0.530831798526769,0.000999000999000999,9,0.000999000999000999,TRUE,0.527260040481325,1000,2230,36,"differential_object_marking","by_session","session_6",6,NA,NA,FALSE,"exploratory"
290,0.552240877089645,0.500622373175523,0.531572859727764,0.000999000999000999,9,0.000999000999000999,TRUE,0.527260040481325,1000,2230,36,"differential_object_marking","by_session","session_6",6,NA,NA,FALSE,"exploratory"
294,0.554727029903154,0.500568369289872,0.531751741543972,0.000999000999000999,9,0.000999000999000999,TRUE,0.527260040481325,1000,2230,36,"differential_object_marking","by_session","session_6",6,NA,NA,FALSE,"exploratory"
298,0.550615792899606,0.500350364822743,0.531456408972745,0.000999000999000999,9,0.000999000999000999,TRUE,0.527260040481325,1000,2230,36,"differential_object_marking","by_session","session_6",6,NA,NA,FALSE,"exploratory"
302,0.558714549232495,0.500089523624761,0.531460887587514,0.000999000999000999,9,0.000999000999000999,TRUE,0.527260040481325,1000,2230,36,"differential_object_marking","by_session","session_6",6,NA,NA,FALSE,"exploratory"
306,0.554916766745375,0.500018630845944,0.532838116518469,0.000999000999000999,9,0.000999000999000999,TRUE,0.527260040481325,1000,2230,36,"differential_object_marking","by_session","session_6",6,NA,NA,FALSE,"exploratory"
310,0.552085420368433,0.499908519120496,0.534384899242279,0.000999000999000999,9,0.000999000999000999,TRUE,0.527260040481325,1000,2230,36,"differential_object_marking","by_session","session_6",6,NA,NA,FALSE,"exploratory"
314,0.540365947227311,0.50037599890773,0.532202325176999,0.00899100899100899,9,0.000999000999000999,TRUE,0.527260040481325,1000,2230,36,"differential_object_marking","by_session","session_6",6,NA,NA,FALSE,"exploratory"
318,0.530944738818352,0.500478343077473,0.533420461815,0.041958041958042,9,0.000999000999000999,TRUE,0.527260040481325,1000,2230,36,"differential_object_marking","by_session","session_6",6,NA,NA,FALSE,"exploratory"
322,0.53743554611261,0.500446719983335,0.533035352581351,0.00999000999000999,9,0.000999000999000999,TRUE,0.527260040481325,1000,2230,36,"differential_object_marking","by_session","session_6",6,NA,NA,FALSE,"exploratory"
326,0.533496387244853,0.500168884578649,0.532420274161492,0.023976023976024,9,0.000999000999000999,TRUE,0.527260040481325,1000,2230,36,"differential_object_marking","by_session","session_6",6,NA,NA,FALSE,"exploratory"
330,0.527388716673327,0.499994486841142,0.531496840458961,0.051948051948052,9,0.000999000999000999,TRUE,0.527260040481325,1000,2230,36,"differential_object_marking","by_session","session_6",6,NA,NA,FALSE,"exploratory"
334,0.534238153530707,0.499547971329673,0.531389411517036,0.018981018981019,9,0.000999000999000999,TRUE,0.527260040481325,1000,2230,36,"differential_object_marking","by_session","session_6",6,NA,NA,FALSE,"exploratory"
338,0.529669741077294,0.499445258133815,0.530369740383517,0.030969030969031,9,0.000999000999000999,TRUE,0.527260040481325,1000,2230,36,"differential_object_marking","by_session","session_6",6,NA,NA,FALSE,"exploratory"
342,0.520274094235183,0.499840272339493,0.531781746980869,0.114885114885115,NA,NA,FALSE,0.527260040481325,1000,2230,36,"differential_object_marking","by_session","session_6",6,NA,NA,FALSE,"exploratory"
346,0.518164671782176,0.499909341549358,0.531019303108736,0.143856143856144,NA,NA,FALSE,0.527260040481325,1000,2230,36,"differential_object_marking","by_session","session_6",6,NA,NA,FALSE,"exploratory"
350,0.511963095499992,0.499485209603224,0.530866087193803,0.256743256743257,NA,NA,FALSE,0.527260040481325,1000,2230,36,"differential_object_marking","by_session","session_6",6,NA,NA,FALSE,"exploratory"
354,0.50558589318091,0.499402598167294,0.530659726427755,0.370629370629371,NA,NA,FALSE,0.527260040481325,1000,2230,36,"differential_object_marking","by_session","session_6",6,NA,NA,FALSE,"exploratory"
358,0.515744867216451,0.500016990742972,0.531032614048838,0.172827172827173,NA,NA,FALSE,0.527260040481325,1000,2230,36,"differential_object_marking","by_session","session_6",6,NA,NA,FALSE,"exploratory"
362,0.534986710824689,0.500649106468987,0.531035132373398,0.011988011988012,10,0.001998001998002,TRUE,0.527260040481325,1000,2230,36,"differential_object_marking","by_session","session_6",6,NA,NA,FALSE,"exploratory"
366,0.542535055507942,0.500466053294589,0.532746808252212,0.001998001998002,10,0.001998001998002,TRUE,0.527260040481325,1000,2230,36,"differential_object_marking","by_session","session_6",6,NA,NA,FALSE,"exploratory"
370,0.550396072710123,0.500177793307204,0.531584360936324,0.000999000999000999,10,0.001998001998002,TRUE,0.527260040481325,1000,2230,36,"differential_object_marking","by_session","session_6",6,NA,NA,FALSE,"exploratory"
374,0.555147638366133,0.49966019828068,0.53080601567819,0.000999000999000999,10,0.001998001998002,TRUE,0.527260040481325,1000,2230,36,"differential_object_marking","by_session","session_6",6,NA,NA,FALSE,"exploratory"
378,0.563562814073729,0.499845334594582,0.531718550503572,0.000999000999000999,10,0.001998001998002,TRUE,0.527260040481325,1000,2230,36,"differential_object_marking","by_session","session_6",6,NA,NA,FALSE,"exploratory"
382,0.555601355581355,0.500445541490862,0.530499277131781,0.000999000999000999,10,0.001998001998002,TRUE,0.527260040481325,1000,2230,36,"differential_object_marking","by_session","session_6",6,NA,NA,FALSE,"exploratory"
386,0.559858064605747,0.500534047298315,0.532423306764518,0.000999000999000999,10,0.001998001998002,TRUE,0.527260040481325,1000,2230,36,"differential_object_marking","by_session","session_6",6,NA,NA,FALSE,"exploratory"
390,0.555898353384885,0.500262102439502,0.532738289363723,0.000999000999000999,10,0.001998001998002,TRUE,0.527260040481325,1000,2230,36,"differential_object_marking","by_session","session_6",6,NA,NA,FALSE,"exploratory"
394,0.556702158469815,0.500140788441401,0.533928848760603,0.000999000999000999,10,0.001998001998002,TRUE,0.527260040481325,1000,2230,36,"differential_object_marking","by_session","session_6",6,NA,NA,FALSE,"exploratory"
398,0.55513849486195,0.500283909783915,0.534937308669063,0.000999000999000999,10,0.001998001998002,TRUE,0.527260040481325,1000,2230,36,"differential_object_marking","by_session","session_6",6,NA,NA,FALSE,"exploratory"
402,0.545766104213852,0.500185819207648,0.532962914301188,0.00599400599400599,10,0.001998001998002,TRUE,0.527260040481325,1000,2230,36,"differential_object_marking","by_session","session_6",6,NA,NA,FALSE,"exploratory"
406,0.555322587595745,0.50011123683403,0.530699214608094,0.001998001998002,10,0.001998001998002,TRUE,0.527260040481325,1000,2230,36,"differential_object_marking","by_session","session_6",6,NA,NA,FALSE,"exploratory"
410,0.562981754006216,0.500015777942901,0.532706351379044,0.001998001998002,10,0.001998001998002,TRUE,0.527260040481325,1000,2230,36,"differential_object_marking","by_session","session_6",6,NA,NA,FALSE,"exploratory"
414,0.569364936919961,0.500010439794868,0.531900552744667,0.000999000999000999,10,0.001998001998002,TRUE,0.527260040481325,1000,2230,36,"differential_object_marking","by_session","session_6",6,NA,NA,FALSE,"exploratory"
418,0.563428297677719,0.500214809692734,0.533187514224955,0.000999000999000999,10,0.001998001998002,TRUE,0.527260040481325,1000,2230,36,"differential_object_marking","by_session","session_6",6,NA,NA,FALSE,"exploratory"
422,0.555532461588627,0.500295338381845,0.533427712524497,0.000999000999000999,10,0.001998001998002,TRUE,0.527260040481325,1000,2230,36,"differential_object_marking","by_session","session_6",6,NA,NA,FALSE,"exploratory"
426,0.544988690939221,0.499733093105272,0.532323176465592,0.00699300699300699,10,0.001998001998002,TRUE,0.527260040481325,1000,2230,36,"differential_object_marking","by_session","session_6",6,NA,NA,FALSE,"exploratory"
430,0.53506921046971,0.499790479971274,0.532790873103014,0.020979020979021,10,0.001998001998002,TRUE,0.527260040481325,1000,2230,36,"differential_object_marking","by_session","session_6",6,NA,NA,FALSE,"exploratory"
434,0.533434538452043,0.499629703188129,0.532220786875778,0.022977022977023,10,0.001998001998002,TRUE,0.527260040481325,1000,2230,36,"differential_object_marking","by_session","session_6",6,NA,NA,FALSE,"exploratory"
438,0.538015466970815,0.499504391780996,0.533201873501964,0.012987012987013,10,0.001998001998002,TRUE,0.527260040481325,1000,2230,36,"differential_object_marking","by_session","session_6",6,NA,NA,FALSE,"exploratory"
442,0.527386279815009,0.500007565125433,0.532679654035368,0.0589410589410589,10,0.001998001998002,TRUE,0.527260040481325,1000,2230,36,"differential_object_marking","by_session","session_6",6,NA,NA,FALSE,"exploratory"
446,0.530454051304827,0.500115938696833,0.532741073292482,0.037962037962038,10,0.001998001998002,TRUE,0.527260040481325,1000,2230,36,"differential_object_marking","by_session","session_6",6,NA,NA,FALSE,"exploratory"
450,0.519855221262332,0.500240524821761,0.531932915158289,0.131868131868132,NA,NA,FALSE,0.527260040481325,1000,2230,36,"differential_object_marking","by_session","session_6",6,NA,NA,FALSE,"exploratory"
454,0.517680266734979,0.500176164118757,0.532026896150901,0.150849150849151,NA,NA,FALSE,0.527260040481325,1000,2230,36,"differential_object_marking","by_session","session_6",6,NA,NA,FALSE,"exploratory"
458,0.523265734820269,0.500059273593042,0.534751325568113,0.0859140859140859,NA,NA,FALSE,0.527260040481325,1000,2230,36,"differential_object_marking","by_session","session_6",6,NA,NA,FALSE,"exploratory"
462,0.526044151830977,0.499966344239201,0.534283726600692,0.0649350649350649,NA,NA,FALSE,0.527260040481325,1000,2230,36,"differential_object_marking","by_session","session_6",6,NA,NA,FALSE,"exploratory"
466,0.533412783993971,0.499843126218939,0.532463176324411,0.023976023976024,11,0.002997002997003,TRUE,0.527260040481325,1000,2230,36,"differential_object_marking","by_session","session_6",6,NA,NA,FALSE,"exploratory"
470,0.540594851702726,0.499910375957587,0.532051344232816,0.010989010989011,11,0.002997002997003,TRUE,0.527260040481325,1000,2230,36,"differential_object_marking","by_session","session_6",6,NA,NA,FALSE,"exploratory"
474,0.535317289061915,0.500320938813814,0.532657739879916,0.01998001998002,11,0.002997002997003,TRUE,0.527260040481325,1000,2230,36,"differential_object_marking","by_session","session_6",6,NA,NA,FALSE,"exploratory"
478,0.534101917327588,0.500422407922664,0.533260819819467,0.01998001998002,11,0.002997002997003,TRUE,0.527260040481325,1000,2230,36,"differential_object_marking","by_session","session_6",6,NA,NA,FALSE,"exploratory"
482,0.538756732658311,0.500478372895232,0.531727226436789,0.00799200799200799,11,0.002997002997003,TRUE,0.527260040481325,1000,2230,36,"differential_object_marking","by_session","session_6",6,NA,NA,FALSE,"exploratory"
486,0.543615968174237,0.50061983620316,0.53448799592627,0.00799200799200799,11,0.002997002997003,TRUE,0.527260040481325,1000,2230,36,"differential_object_marking","by_session","session_6",6,NA,NA,FALSE,"exploratory"
490,0.539282039540811,0.500690255382154,0.532658772775096,0.010989010989011,11,0.002997002997003,TRUE,0.527260040481325,1000,2230,36,"differential_object_marking","by_session","session_6",6,NA,NA,FALSE,"exploratory"
494,0.539199875223566,0.500730000535992,0.531321949002183,0.010989010989011,11,0.002997002997003,TRUE,0.527260040481325,1000,2230,36,"differential_object_marking","by_session","session_6",6,NA,NA,FALSE,"exploratory"
498,0.537912026651106,0.500963211710393,0.532953902987332,0.012987012987013,11,0.002997002997003,TRUE,0.527260040481325,1000,2230,36,"differential_object_marking","by_session","session_6",6,NA,NA,FALSE,"exploratory"
502,0.535859536781809,0.501193005998366,0.53390373829867,0.017982017982018,11,0.002997002997003,TRUE,0.527260040481325,1000,2230,36,"differential_object_marking","by_session","session_6",6,NA,NA,FALSE,"exploratory"
506,0.543740589503637,0.501275122459662,0.533376681035426,0.003996003996004,11,0.002997002997003,TRUE,0.527260040481325,1000,2230,36,"differential_object_marking","by_session","session_6",6,NA,NA,FALSE,"exploratory"
510,0.542454438119719,0.500563956259979,0.533005071344389,0.00699300699300699,11,0.002997002997003,TRUE,0.527260040481325,1000,2230,36,"differential_object_marking","by_session","session_6",6,NA,NA,FALSE,"exploratory"
514,0.548268315007821,0.499766279660742,0.5322506778659,0.000999000999000999,11,0.002997002997003,TRUE,0.527260040481325,1000,2230,36,"differential_object_marking","by_session","session_6",6,NA,NA,FALSE,"exploratory"
518,0.541483447412641,0.499719088115536,0.533139638372673,0.004995004995005,11,0.002997002997003,TRUE,0.527260040481325,1000,2230,36,"differential_object_marking","by_session","session_6",6,NA,NA,FALSE,"exploratory"
522,0.549864763983438,0.499868610458631,0.532610397965272,0.001998001998002,11,0.002997002997003,TRUE,0.527260040481325,1000,2230,36,"differential_object_marking","by_session","session_6",6,NA,NA,FALSE,"exploratory"
526,0.545190364179227,0.499994124116469,0.532652563384788,0.003996003996004,11,0.002997002997003,TRUE,0.527260040481325,1000,2230,36,"differential_object_marking","by_session","session_6",6,NA,NA,FALSE,"exploratory"
530,0.542738590923738,0.499702161514153,0.532637729364761,0.003996003996004,11,0.002997002997003,TRUE,0.527260040481325,1000,2230,36,"differential_object_marking","by_session","session_6",6,NA,NA,FALSE,"exploratory"
534,0.547923437794019,0.499761257643135,0.532749282263421,0.000999000999000999,11,0.002997002997003,TRUE,0.527260040481325,1000,2230,36,"differential_object_marking","by_session","session_6",6,NA,NA,FALSE,"exploratory"
538,0.544133268478025,0.499994995431408,0.532988328953804,0.001998001998002,11,0.002997002997003,TRUE,0.527260040481325,1000,2230,36,"differential_object_marking","by_session","session_6",6,NA,NA,FALSE,"exploratory"
542,0.543320634769651,0.500298925154213,0.532186707436832,0.00599400599400599,11,0.002997002997003,TRUE,0.527260040481325,1000,2230,36,"differential_object_marking","by_session","session_6",6,NA,NA,FALSE,"exploratory"
546,0.543277061730692,0.500755366195576,0.532285777687831,0.00599400599400599,11,0.002997002997003,TRUE,0.527260040481325,1000,2230,36,"differential_object_marking","by_session","session_6",6,NA,NA,FALSE,"exploratory"
550,0.538909268943359,0.500628504232366,0.532288390609615,0.011988011988012,11,0.002997002997003,TRUE,0.527260040481325,1000,2230,36,"differential_object_marking","by_session","session_6",6,NA,NA,FALSE,"exploratory"
554,0.535697020127532,0.500582443242084,0.531208376920553,0.013986013986014,11,0.002997002997003,TRUE,0.527260040481325,1000,2230,36,"differential_object_marking","by_session","session_6",6,NA,NA,FALSE,"exploratory"
558,0.530348633869112,0.500478932260572,0.530840921516531,0.028971028971029,11,0.002997002997003,TRUE,0.527260040481325,1000,2230,36,"differential_object_marking","by_session","session_6",6,NA,NA,FALSE,"exploratory"
562,0.527040760623657,0.500046342131539,0.531163851400122,0.046953046953047,NA,NA,FALSE,0.527260040481325,1000,2230,36,"differential_object_marking","by_session","session_6",6,NA,NA,FALSE,"exploratory"
566,0.539361256798753,0.500051532326435,0.533602111409053,0.011988011988012,12,0.003996003996004,TRUE,0.527260040481325,1000,2230,36,"differential_object_marking","by_session","session_6",6,NA,NA,FALSE,"exploratory"
570,0.543822761044628,0.500115199216613,0.534086639312045,0.00699300699300699,12,0.003996003996004,TRUE,0.527260040481325,1000,2230,36,"differential_object_marking","by_session","session_6",6,NA,NA,FALSE,"exploratory"
574,0.55312159999777,0.500286861018486,0.534235315033784,0.002997002997003,12,0.003996003996004,TRUE,0.527260040481325,1000,2230,36,"differential_object_marking","by_session","session_6",6,NA,NA,FALSE,"exploratory"
578,0.566948753580097,0.500238138205483,0.533570741248622,0.000999000999000999,12,0.003996003996004,TRUE,0.527260040481325,1000,2230,36,"differential_object_marking","by_session","session_6",6,NA,NA,FALSE,"exploratory"
582,0.565426944950522,0.500021387800749,0.532818253746962,0.001998001998002,12,0.003996003996004,TRUE,0.527260040481325,1000,2230,36,"differential_object_marking","by_session","session_6",6,NA,NA,FALSE,"exploratory"
586,0.546115248752823,0.50020437335053,0.533643805252106,0.002997002997003,12,0.003996003996004,TRUE,0.527260040481325,1000,2230,36,"differential_object_marking","by_session","session_6",6,NA,NA,FALSE,"exploratory"
590,0.543227154027789,0.500014433307552,0.531382310850232,0.00599400599400599,12,0.003996003996004,TRUE,0.527260040481325,1000,2230,36,"differential_object_marking","by_session","session_6",6,NA,NA,FALSE,"exploratory"
594,0.549586556139249,0.499905319274972,0.530587756696577,0.002997002997003,12,0.003996003996004,TRUE,0.527260040481325,1000,2230,36,"differential_object_marking","by_session","session_6",6,NA,NA,FALSE,"exploratory"
598,0.553424941450699,0.500330464468404,0.53284462754977,0.000999000999000999,12,0.003996003996004,TRUE,0.527260040481325,1000,2230,36,"differential_object_marking","by_session","session_6",6,NA,NA,FALSE,"exploratory"
602,0.551279012596228,0.500473032021177,0.532698442062071,0.002997002997003,12,0.003996003996004,TRUE,0.527260040481325,1000,2230,36,"differential_object_marking","by_session","session_6",6,NA,NA,FALSE,"exploratory"
606,0.535997268414731,0.500643100892607,0.533524145288179,0.018981018981019,12,0.003996003996004,TRUE,0.527260040481325,1000,2230,36,"differential_object_marking","by_session","session_6",6,NA,NA,FALSE,"exploratory"
610,0.530947152440604,0.500507189062101,0.534678649092552,0.041958041958042,12,0.003996003996004,TRUE,0.527260040481325,1000,2230,36,"differential_object_marking","by_session","session_6",6,NA,NA,FALSE,"exploratory"
614,0.520172937118611,0.500478441816562,0.534416472035297,0.128871128871129,NA,NA,FALSE,0.527260040481325,1000,2230,36,"differential_object_marking","by_session","session_6",6,NA,NA,FALSE,"exploratory"
618,0.521396058949412,0.501112817528779,0.534731284202743,0.112887112887113,NA,NA,FALSE,0.527260040481325,1000,2230,36,"differential_object_marking","by_session","session_6",6,NA,NA,FALSE,"exploratory"
622,0.520112669461185,0.501024370009605,0.534681979999854,0.128871128871129,NA,NA,FALSE,0.527260040481325,1000,2230,36,"differential_object_marking","by_session","session_6",6,NA,NA,FALSE,"exploratory"
626,0.52036852772007,0.500647050066366,0.534652583503402,0.117882117882118,NA,NA,FALSE,0.527260040481325,1000,2230,36,"differential_object_marking","by_session","session_6",6,NA,NA,FALSE,"exploratory"
630,0.509713388324425,0.500468284348871,0.533711465047788,0.291708291708292,NA,NA,FALSE,0.527260040481325,1000,2230,36,"differential_object_marking","by_session","session_6",6,NA,NA,FALSE,"exploratory"
634,0.500255488448718,0.500065511460034,0.533371298712732,0.514485514485514,NA,NA,FALSE,0.527260040481325,1000,2230,36,"differential_object_marking","by_session","session_6",6,NA,NA,FALSE,"exploratory"
638,0.49997219199816,0.499878039083621,0.531783327950754,0.522477522477522,NA,NA,FALSE,0.527260040481325,1000,2230,36,"differential_object_marking","by_session","session_6",6,NA,NA,FALSE,"exploratory"
642,0.513274238362567,0.499699296320134,0.533636399617831,0.206793206793207,NA,NA,FALSE,0.527260040481325,1000,2230,36,"differential_object_marking","by_session","session_6",6,NA,NA,FALSE,"exploratory"
646,0.517266982578434,0.499672173672268,0.531924304711624,0.148851148851149,NA,NA,FALSE,0.527260040481325,1000,2230,36,"differential_object_marking","by_session","session_6",6,NA,NA,FALSE,"exploratory"
650,0.526462310856758,0.499820429148203,0.531624085866648,0.0569430569430569,NA,NA,FALSE,0.527260040481325,1000,2230,36,"differential_object_marking","by_session","session_6",6,NA,NA,FALSE,"exploratory"
654,0.526358838073075,0.500009636970387,0.532967231789915,0.0579420579420579,NA,NA,FALSE,0.527260040481325,1000,2230,36,"differential_object_marking","by_session","session_6",6,NA,NA,FALSE,"exploratory"
658,0.526780853920627,0.499371131190276,0.532020041811285,0.0529470529470529,NA,NA,FALSE,0.527260040481325,1000,2230,36,"differential_object_marking","by_session","session_6",6,NA,NA,FALSE,"exploratory"
662,0.535644767117713,0.498976104374586,0.530272825881966,0.00899100899100899,13,0.002997002997003,TRUE,0.527260040481325,1000,2230,36,"differential_object_marking","by_session","session_6",6,NA,NA,FALSE,"exploratory"
666,0.533407460047988,0.498941186357364,0.530735093722961,0.016983016983017,13,0.002997002997003,TRUE,0.527260040481325,1000,2230,36,"differential_object_marking","by_session","session_6",6,NA,NA,FALSE,"exploratory"
670,0.534208543536888,0.498765001487428,0.530159874161767,0.015984015984016,13,0.002997002997003,TRUE,0.527260040481325,1000,2230,36,"differential_object_marking","by_session","session_6",6,NA,NA,FALSE,"exploratory"
674,0.533502995068909,0.499262347442858,0.531473767188767,0.016983016983017,13,0.002997002997003,TRUE,0.527260040481325,1000,2230,36,"differential_object_marking","by_session","session_6",6,NA,NA,FALSE,"exploratory"
678,0.544532023848025,0.499199629988105,0.532588145902487,0.002997002997003,13,0.002997002997003,TRUE,0.527260040481325,1000,2230,36,"differential_object_marking","by_session","session_6",6,NA,NA,FALSE,"exploratory"
682,0.548856713581313,0.499461141804626,0.532528002050639,0.000999000999000999,13,0.002997002997003,TRUE,0.527260040481325,1000,2230,36,"differential_object_marking","by_session","session_6",6,NA,NA,FALSE,"exploratory"
686,0.550610512594712,0.499305605002791,0.531156309812309,0.000999000999000999,13,0.002997002997003,TRUE,0.527260040481325,1000,2230,36,"differential_object_marking","by_session","session_6",6,NA,NA,FALSE,"exploratory"
690,0.538767748787628,0.499557386599992,0.532036962509851,0.010989010989011,13,0.002997002997003,TRUE,0.527260040481325,1000,2230,36,"differential_object_marking","by_session","session_6",6,NA,NA,FALSE,"exploratory"
694,0.53994883888842,0.499757869571853,0.532602414585023,0.00599400599400599,13,0.002997002997003,TRUE,0.527260040481325,1000,2230,36,"differential_object_marking","by_session","session_6",6,NA,NA,FALSE,"exploratory"
698,0.535611280083529,0.499455311156431,0.532054083569329,0.011988011988012,13,0.002997002997003,TRUE,0.527260040481325,1000,2230,36,"differential_object_marking","by_session","session_6",6,NA,NA,FALSE,"exploratory"
702,0.535333797622201,0.499267096612071,0.531844118302734,0.018981018981019,13,0.002997002997003,TRUE,0.527260040481325,1000,2230,36,"differential_object_marking","by_session","session_6",6,NA,NA,FALSE,"exploratory"
706,0.542406207826983,0.499460514549121,0.533342400165744,0.00599400599400599,13,0.002997002997003,TRUE,0.527260040481325,1000,2230,36,"differential_object_marking","by_session","session_6",6,NA,NA,FALSE,"exploratory"
710,0.548479648515864,0.499615831154458,0.532686909687843,0.001998001998002,13,0.002997002997003,TRUE,0.527260040481325,1000,2230,36,"differential_object_marking","by_session","session_6",6,NA,NA,FALSE,"exploratory"
714,0.550529298109171,0.499715478527937,0.531673623627208,0.000999000999000999,13,0.002997002997003,TRUE,0.527260040481325,1000,2230,36,"differential_object_marking","by_session","session_6",6,NA,NA,FALSE,"exploratory"
718,0.555636316465767,0.500042962830931,0.532552973540414,0.000999000999000999,13,0.002997002997003,TRUE,0.527260040481325,1000,2230,36,"differential_object_marking","by_session","session_6",6,NA,NA,FALSE,"exploratory"
722,0.554520113285813,0.500312285365668,0.53146689443178,0.000999000999000999,13,0.002997002997003,TRUE,0.527260040481325,1000,2230,36,"differential_object_marking","by_session","session_6",6,NA,NA,FALSE,"exploratory"
726,0.554133319096792,0.500117554348016,0.531066518108921,0.001998001998002,13,0.002997002997003,TRUE,0.527260040481325,1000,2230,36,"differential_object_marking","by_session","session_6",6,NA,NA,FALSE,"exploratory"
730,0.552080351032819,0.500087229272198,0.531752888295447,0.001998001998002,13,0.002997002997003,TRUE,0.527260040481325,1000,2230,36,"differential_object_marking","by_session","session_6",6,NA,NA,FALSE,"exploratory"
734,0.531608823758758,0.500427312906616,0.532164285460051,0.026973026973027,13,0.002997002997003,TRUE,0.527260040481325,1000,2230,36,"differential_object_marking","by_session","session_6",6,NA,NA,FALSE,"exploratory"
738,0.51972339991704,0.50076156518041,0.530854478612407,0.137862137862138,NA,NA,FALSE,0.527260040481325,1000,2230,36,"differential_object_marking","by_session","session_6",6,NA,NA,FALSE,"exploratory"
742,0.51115313077695,0.501073097100594,0.532738106043284,0.287712287712288,NA,NA,FALSE,0.527260040481325,1000,2230,36,"differential_object_marking","by_session","session_6",6,NA,NA,FALSE,"exploratory"
746,0.515964073195551,0.500804343174447,0.532272877007249,0.193806193806194,NA,NA,FALSE,0.527260040481325,1000,2230,36,"differential_object_marking","by_session","session_6",6,NA,NA,FALSE,"exploratory"
750,0.509467623673732,0.500681421433507,0.531481391436011,0.313686313686314,NA,NA,FALSE,0.527260040481325,1000,2230,36,"differential_object_marking","by_session","session_6",6,NA,NA,FALSE,"exploratory"
754,0.507888558373966,0.500598259903422,0.531367544178789,0.343656343656344,NA,NA,FALSE,0.527260040481325,1000,2230,36,"differential_object_marking","by_session","session_6",6,NA,NA,FALSE,"exploratory"
758,0.505218005025004,0.500945404251671,0.532214357725774,0.396603396603397,NA,NA,FALSE,0.527260040481325,1000,2230,36,"differential_object_marking","by_session","session_6",6,NA,NA,FALSE,"exploratory"
762,0.509739328429935,0.500935611341399,0.532533396589917,0.308691308691309,NA,NA,FALSE,0.527260040481325,1000,2230,36,"differential_object_marking","by_session","session_6",6,NA,NA,FALSE,"exploratory"
766,0.513362673978497,0.501109903367173,0.532558682558432,0.221778221778222,NA,NA,FALSE,0.527260040481325,1000,2230,36,"differential_object_marking","by_session","session_6",6,NA,NA,FALSE,"exploratory"
770,0.530878356670392,0.501231591674067,0.53294592949727,0.035964035964036,14,0.0839160839160839,FALSE,0.527260040481325,1000,2230,36,"differential_object_marking","by_session","session_6",6,NA,NA,FALSE,"exploratory"
774,0.538175607550769,0.501397954338801,0.533908078878366,0.015984015984016,14,0.0839160839160839,FALSE,0.527260040481325,1000,2230,36,"differential_object_marking","by_session","session_6",6,NA,NA,FALSE,"exploratory"
778,0.53547628479792,0.50117821247264,0.53291641315022,0.018981018981019,14,0.0839160839160839,FALSE,0.527260040481325,1000,2230,36,"differential_object_marking","by_session","session_6",6,NA,NA,FALSE,"exploratory"
782,0.531728154169906,0.50007878905163,0.535049158927953,0.044955044955045,14,0.0839160839160839,FALSE,0.527260040481325,1000,2230,36,"differential_object_marking","by_session","session_6",6,NA,NA,FALSE,"exploratory"
786,0.533580987698341,0.499677870644139,0.532851046351241,0.023976023976024,14,0.0839160839160839,FALSE,0.527260040481325,1000,2230,36,"differential_object_marking","by_session","session_6",6,NA,NA,FALSE,"exploratory"
790,0.540339162779582,0.499821058344768,0.534918265133235,0.00799200799200799,14,0.0839160839160839,FALSE,0.527260040481325,1000,2230,36,"differential_object_marking","by_session","session_6",6,NA,NA,FALSE,"exploratory"
794,0.54821732653806,0.500093095823857,0.533316513609381,0.000999000999000999,14,0.0839160839160839,FALSE,0.527260040481325,1000,2230,36,"differential_object_marking","by_session","session_6",6,NA,NA,FALSE,"exploratory"
798,0.544754005825981,0.500195878541891,0.532381677093587,0.003996003996004,14,0.0839160839160839,FALSE,0.527260040481325,1000,2230,36,"differential_object_marking","by_session","session_6",6,NA,NA,FALSE,"exploratory"
802,0.529792863876129,0.500199247424397,0.532162724360208,0.037962037962038,14,0.0839160839160839,FALSE,0.527260040481325,1000,2230,36,"differential_object_marking","by_session","session_6",6,NA,NA,FALSE,"exploratory"
806,0.524614309023227,0.499961012344557,0.530989652819395,0.0709290709290709,NA,NA,FALSE,0.527260040481325,1000,2230,36,"differential_object_marking","by_session","session_6",6,NA,NA,FALSE,"exploratory"
810,0.515614576207414,0.500128003829609,0.532385122772806,0.178821178821179,NA,NA,FALSE,0.527260040481325,1000,2230,36,"differential_object_marking","by_session","session_6",6,NA,NA,FALSE,"exploratory"
814,0.517298123871298,0.499846187960622,0.533340710811498,0.128871128871129,NA,NA,FALSE,0.527260040481325,1000,2230,36,"differential_object_marking","by_session","session_6",6,NA,NA,FALSE,"exploratory"
818,0.518465305234482,0.49958915382589,0.533244029736652,0.12987012987013,NA,NA,FALSE,0.527260040481325,1000,2230,36,"differential_object_marking","by_session","session_6",6,NA,NA,FALSE,"exploratory"
822,0.519060440334386,0.49981944497124,0.533944038345183,0.135864135864136,NA,NA,FALSE,0.527260040481325,1000,2230,36,"differential_object_marking","by_session","session_6",6,NA,NA,FALSE,"exploratory"
826,0.521757377596309,0.499696598175158,0.532079119246378,0.0979020979020979,NA,NA,FALSE,0.527260040481325,1000,2230,36,"differential_object_marking","by_session","session_6",6,NA,NA,FALSE,"exploratory"
830,0.528574326109479,0.499958666036412,0.531865402525936,0.041958041958042,15,0.773226773226773,FALSE,0.527260040481325,1000,2230,36,"differential_object_marking","by_session","session_6",6,NA,NA,FALSE,"exploratory"
834,0.53303404844753,0.499763047635664,0.533064264767052,0.027972027972028,15,0.773226773226773,FALSE,0.527260040481325,1000,2230,36,"differential_object_marking","by_session","session_6",6,NA,NA,FALSE,"exploratory"
838,0.531292375381831,0.500012731504778,0.532474998787005,0.031968031968032,15,0.773226773226773,FALSE,0.527260040481325,1000,2230,36,"differential_object_marking","by_session","session_6",6,NA,NA,FALSE,"exploratory"
842,0.51997322143003,0.500157699270541,0.531938458692713,0.125874125874126,NA,NA,FALSE,0.527260040481325,1000,2230,36,"differential_object_marking","by_session","session_6",6,NA,NA,FALSE,"exploratory"
846,0.510370508427888,0.500009012370593,0.532682536675476,0.284715284715285,NA,NA,FALSE,0.527260040481325,1000,2230,36,"differential_object_marking","by_session","session_6",6,NA,NA,FALSE,"exploratory"
850,0.498949727530211,0.500113718999254,0.533259977664203,0.533466533466533,NA,NA,FALSE,0.527260040481325,1000,2230,36,"differential_object_marking","by_session","session_6",6,NA,NA,FALSE,"exploratory"
854,0.494504218591743,0.499827925199791,0.53198733921827,0.627372627372627,NA,NA,FALSE,0.527260040481325,1000,2230,36,"differential_object_marking","by_session","session_6",6,NA,NA,FALSE,"exploratory"
858,0.503282316928738,0.500065295307091,0.531801148141487,0.442557442557443,NA,NA,FALSE,0.527260040481325,1000,2230,36,"differential_object_marking","by_session","session_6",6,NA,NA,FALSE,"exploratory"
862,0.528483987515641,0.500012080262705,0.530572537633444,0.031968031968032,16,0.79020979020979,FALSE,0.527260040481325,1000,2230,36,"differential_object_marking","by_session","session_6",6,NA,NA,FALSE,"exploratory"
866,0.528393745165488,0.499540916390314,0.53178092216063,0.03996003996004,16,0.79020979020979,FALSE,0.527260040481325,1000,2230,36,"differential_object_marking","by_session","session_6",6,NA,NA,FALSE,"exploratory"
870,0.535267313876099,0.499668310247823,0.531965920840858,0.015984015984016,16,0.79020979020979,FALSE,0.527260040481325,1000,2230,36,"differential_object_marking","by_session","session_6",6,NA,NA,FALSE,"exploratory"
874,0.520545407513371,0.499396009646864,0.532879909502656,0.0979020979020979,NA,NA,FALSE,0.527260040481325,1000,2230,36,"differential_object_marking","by_session","session_6",6,NA,NA,FALSE,"exploratory"
878,0.515509367587658,0.499666553013976,0.532319866126868,0.187812187812188,NA,NA,FALSE,0.527260040481325,1000,2230,36,"differential_object_marking","by_session","session_6",6,NA,NA,FALSE,"exploratory"
882,0.524545779300228,0.500362644658152,0.53285025030405,0.0859140859140859,NA,NA,FALSE,0.527260040481325,1000,2230,36,"differential_object_marking","by_session","session_6",6,NA,NA,FALSE,"exploratory"
886,0.523913822432657,0.500562646845791,0.531848841867223,0.0789210789210789,NA,NA,FALSE,0.527260040481325,1000,2230,36,"differential_object_marking","by_session","session_6",6,NA,NA,FALSE,"exploratory"
890,0.531620170164831,0.500107618758354,0.530744517303687,0.022977022977023,17,0.164835164835165,FALSE,0.527260040481325,1000,2230,36,"differential_object_marking","by_session","session_6",6,NA,NA,FALSE,"exploratory"
894,0.536971098540731,0.499757627834824,0.531365226470609,0.010989010989011,17,0.164835164835165,FALSE,0.527260040481325,1000,2230,36,"differential_object_marking","by_session","session_6",6,NA,NA,FALSE,"exploratory"
898,0.533139085297059,0.499603365358465,0.53122294454078,0.018981018981019,17,0.164835164835165,FALSE,0.527260040481325,1000,2230,36,"differential_object_marking","by_session","session_6",6,NA,NA,FALSE,"exploratory"
902,0.53171542523404,0.499074761707036,0.532886891431694,0.032967032967033,17,0.164835164835165,FALSE,0.527260040481325,1000,2230,36,"differential_object_marking","by_session","session_6",6,NA,NA,FALSE,"exploratory"
906,0.534031702602522,0.498862859852834,0.532334324161383,0.020979020979021,17,0.164835164835165,FALSE,0.527260040481325,1000,2230,36,"differential_object_marking","by_session","session_6",6,NA,NA,FALSE,"exploratory"
910,0.539444765548215,0.498981524412134,0.531266447777483,0.00899100899100899,17,0.164835164835165,FALSE,0.527260040481325,1000,2230,36,"differential_object_marking","by_session","session_6",6,NA,NA,FALSE,"exploratory"
914,0.538878716612063,0.49933995752307,0.532384300221502,0.00799200799200799,17,0.164835164835165,FALSE,0.527260040481325,1000,2230,36,"differential_object_marking","by_session","session_6",6,NA,NA,FALSE,"exploratory"
918,0.535914659007844,0.499107032839033,0.530642407848651,0.010989010989011,17,0.164835164835165,FALSE,0.527260040481325,1000,2230,36,"differential_object_marking","by_session","session_6",6,NA,NA,FALSE,"exploratory"
922,0.528441764761898,0.498939574394941,0.530276450455457,0.037962037962038,17,0.164835164835165,FALSE,0.527260040481325,1000,2230,36,"differential_object_marking","by_session","session_6",6,NA,NA,FALSE,"exploratory"
926,0.512829752357512,0.49882902590594,0.530205437215879,0.206793206793207,NA,NA,FALSE,0.527260040481325,1000,2230,36,"differential_object_marking","by_session","session_6",6,NA,NA,FALSE,"exploratory"
930,0.509009633179632,0.498870266559002,0.529768377362061,0.283716283716284,NA,NA,FALSE,0.527260040481325,1000,2230,36,"differential_object_marking","by_session","session_6",6,NA,NA,FALSE,"exploratory"
934,0.510460301385379,0.499158027173326,0.530481097247434,0.261738261738262,NA,NA,FALSE,0.527260040481325,1000,2230,36,"differential_object_marking","by_session","session_6",6,NA,NA,FALSE,"exploratory"
938,0.510305618584225,0.499508538288794,0.531803655027612,0.272727272727273,NA,NA,FALSE,0.527260040481325,1000,2230,36,"differential_object_marking","by_session","session_6",6,NA,NA,FALSE,"exploratory"
942,0.516865255142367,0.499479491379711,0.530583339704725,0.164835164835165,NA,NA,FALSE,0.527260040481325,1000,2230,36,"differential_object_marking","by_session","session_6",6,NA,NA,FALSE,"exploratory"
946,0.509675353746436,0.499586734201468,0.530887748746873,0.281718281718282,NA,NA,FALSE,0.527260040481325,1000,2230,36,"differential_object_marking","by_session","session_6",6,NA,NA,FALSE,"exploratory"
950,0.510847127774642,0.499710633078619,0.531848891363272,0.261738261738262,NA,NA,FALSE,0.527260040481325,1000,2230,36,"differential_object_marking","by_session","session_6",6,NA,NA,FALSE,"exploratory"
954,0.52292368396488,0.499787041173946,0.530500357426811,0.0849150849150849,NA,NA,FALSE,0.527260040481325,1000,2230,36,"differential_object_marking","by_session","session_6",6,NA,NA,FALSE,"exploratory"
958,0.531533558260027,0.499639253393877,0.531956870696597,0.027972027972028,18,0.235764235764236,FALSE,0.527260040481325,1000,2230,36,"differential_object_marking","by_session","session_6",6,NA,NA,FALSE,"exploratory"
962,0.53148857582042,0.499486420421511,0.530587164601293,0.022977022977023,18,0.235764235764236,FALSE,0.527260040481325,1000,2230,36,"differential_object_marking","by_session","session_6",6,NA,NA,FALSE,"exploratory"
966,0.532453979574787,0.499724820485403,0.531555821259809,0.023976023976024,18,0.235764235764236,FALSE,0.527260040481325,1000,2230,36,"differential_object_marking","by_session","session_6",6,NA,NA,FALSE,"exploratory"
970,0.53767442683359,0.499729774866583,0.531796062728433,0.00999000999000999,18,0.235764235764236,FALSE,0.527260040481325,1000,2230,36,"differential_object_marking","by_session","session_6",6,NA,NA,FALSE,"exploratory"
974,0.539901908722227,0.499204205469291,0.530421634780348,0.00599400599400599,18,0.235764235764236,FALSE,0.527260040481325,1000,2230,36,"differential_object_marking","by_session","session_6",6,NA,NA,FALSE,"exploratory"
978,0.540725906685674,0.499481158120354,0.532281497926863,0.00599400599400599,18,0.235764235764236,FALSE,0.527260040481325,1000,2230,36,"differential_object_marking","by_session","session_6",6,NA,NA,FALSE,"exploratory"
982,0.527702930470848,0.499457664820945,0.532614092612675,0.047952047952048,18,0.235764235764236,FALSE,0.527260040481325,1000,2230,36,"differential_object_marking","by_session","session_6",6,NA,NA,FALSE,"exploratory"
986,0.52701435407416,0.499402272546953,0.532600679445515,0.04995004995005,NA,NA,FALSE,0.527260040481325,1000,2230,36,"differential_object_marking","by_session","session_6",6,NA,NA,FALSE,"exploratory"
990,0.517837494658471,0.498723559537376,0.529899027789595,0.120879120879121,NA,NA,FALSE,0.527260040481325,1000,2230,36,"differential_object_marking","by_session","session_6",6,NA,NA,FALSE,"exploratory"
994,0.521092705954144,0.498455409035022,0.529264604133436,0.0859140859140859,NA,NA,FALSE,0.527260040481325,1000,2230,36,"differential_object_marking","by_session","session_6",6,NA,NA,FALSE,"exploratory"
998,0.526566148432789,0.498185048084559,0.530767255022709,0.041958041958042,NA,NA,FALSE,0.527260040481325,1000,2230,36,"differential_object_marking","by_session","session_6",6,NA,NA,FALSE,"exploratory"
1002,0.533714167742142,0.498143607713317,0.530035856555751,0.014985014985015,19,0.002997002997003,TRUE,0.527260040481325,1000,2230,36,"differential_object_marking","by_session","session_6",6,NA,NA,FALSE,"exploratory"
1006,0.540427851000338,0.498269220388835,0.529914339887104,0.00699300699300699,19,0.002997002997003,TRUE,0.527260040481325,1000,2230,36,"differential_object_marking","by_session","session_6",6,NA,NA,FALSE,"exploratory"
1010,0.533383445923634,0.498719702612711,0.530389998767053,0.018981018981019,19,0.002997002997003,TRUE,0.527260040481325,1000,2230,36,"differential_object_marking","by_session","session_6",6,NA,NA,FALSE,"exploratory"
1014,0.529930734701069,0.499278616324557,0.529735979626298,0.025974025974026,19,0.002997002997003,TRUE,0.527260040481325,1000,2230,36,"differential_object_marking","by_session","session_6",6,NA,NA,FALSE,"exploratory"
1018,0.531321704954857,0.499356159225336,0.530596561810193,0.020979020979021,19,0.002997002997003,TRUE,0.527260040481325,1000,2230,36,"differential_object_marking","by_session","session_6",6,NA,NA,FALSE,"exploratory"
1022,0.541460258620293,0.499487665963024,0.532813219409723,0.00599400599400599,19,0.002997002997003,TRUE,0.527260040481325,1000,2230,36,"differential_object_marking","by_session","session_6",6,NA,NA,FALSE,"exploratory"
1026,0.545583101799522,0.499546456952459,0.530334132921956,0.002997002997003,19,0.002997002997003,TRUE,0.527260040481325,1000,2230,36,"differential_object_marking","by_session","session_6",6,NA,NA,FALSE,"exploratory"
1030,0.548417507063147,0.499532913286499,0.530961769879148,0.001998001998002,19,0.002997002997003,TRUE,0.527260040481325,1000,2230,36,"differential_object_marking","by_session","session_6",6,NA,NA,FALSE,"exploratory"
1034,0.552478551949972,0.499345174253755,0.531767313681943,0.000999000999000999,19,0.002997002997003,TRUE,0.527260040481325,1000,2230,36,"differential_object_marking","by_session","session_6",6,NA,NA,FALSE,"exploratory"
1038,0.550763534076286,0.49940710340546,0.531843154299527,0.000999000999000999,19,0.002997002997003,TRUE,0.527260040481325,1000,2230,36,"differential_object_marking","by_session","session_6",6,NA,NA,FALSE,"exploratory"
1042,0.544889623074608,0.499002216744926,0.531647987866355,0.001998001998002,19,0.002997002997003,TRUE,0.527260040481325,1000,2230,36,"differential_object_marking","by_session","session_6",6,NA,NA,FALSE,"exploratory"
1046,0.543248613721264,0.49872752813536,0.530346518921962,0.003996003996004,19,0.002997002997003,TRUE,0.527260040481325,1000,2230,36,"differential_object_marking","by_session","session_6",6,NA,NA,FALSE,"exploratory"
1050,0.54198546357429,0.498397500056374,0.532625631322258,0.004995004995005,19,0.002997002997003,TRUE,0.527260040481325,1000,2230,36,"differential_object_marking","by_session","session_6",6,NA,NA,FALSE,"exploratory"
1054,0.541199130632554,0.498210996844333,0.530124096110557,0.003996003996004,19,0.002997002997003,TRUE,0.527260040481325,1000,2230,36,"differential_object_marking","by_session","session_6",6,NA,NA,FALSE,"exploratory"
1058,0.54993446149532,0.498701782560011,0.530341796687976,0.000999000999000999,19,0.002997002997003,TRUE,0.527260040481325,1000,2230,36,"differential_object_marking","by_session","session_6",6,NA,NA,FALSE,"exploratory"
1062,0.544422518176137,0.498825423722871,0.529846617970089,0.001998001998002,19,0.002997002997003,TRUE,0.527260040481325,1000,2230,36,"differential_object_marking","by_session","session_6",6,NA,NA,FALSE,"exploratory"
1066,0.533627752574414,0.499373801205042,0.530738400598607,0.015984015984016,19,0.002997002997003,TRUE,0.527260040481325,1000,2230,36,"differential_object_marking","by_session","session_6",6,NA,NA,FALSE,"exploratory"
1070,0.527308489588972,0.499630763177381,0.531709840202205,0.045954045954046,19,0.002997002997003,TRUE,0.527260040481325,1000,2230,36,"differential_object_marking","by_session","session_6",6,NA,NA,FALSE,"exploratory"
1074,0.533707051632485,0.499782738083912,0.531374992137247,0.01998001998002,19,0.002997002997003,TRUE,0.527260040481325,1000,2230,36,"differential_object_marking","by_session","session_6",6,NA,NA,FALSE,"exploratory"
1078,0.540943384459538,0.499779081360074,0.530627899553054,0.00999000999000999,19,0.002997002997003,TRUE,0.527260040481325,1000,2230,36,"differential_object_marking","by_session","session_6",6,NA,NA,FALSE,"exploratory"
1082,0.540458944784466,0.499990193954309,0.531099597964303,0.00799200799200799,19,0.002997002997003,TRUE,0.527260040481325,1000,2230,36,"differential_object_marking","by_session","session_6",6,NA,NA,FALSE,"exploratory"
1086,0.538148738847363,0.499556661021219,0.531919595150266,0.00899100899100899,19,0.002997002997003,TRUE,0.527260040481325,1000,2230,36,"differential_object_marking","by_session","session_6",6,NA,NA,FALSE,"exploratory"
1090,0.528222195096225,0.499576917033929,0.531653469883916,0.043956043956044,19,0.002997002997003,TRUE,0.527260040481325,1000,2230,36,"differential_object_marking","by_session","session_6",6,NA,NA,FALSE,"exploratory"
1094,0.537016365416976,0.499886197541274,0.531197279443387,0.00699300699300699,19,0.002997002997003,TRUE,0.527260040481325,1000,2230,36,"differential_object_marking","by_session","session_6",6,NA,NA,FALSE,"exploratory"
1098,0.53506415628152,0.50027292247567,0.530176794464838,0.00999000999000999,19,0.002997002997003,TRUE,0.527260040481325,1000,2230,36,"differential_object_marking","by_session","session_6",6,NA,NA,FALSE,"exploratory"
-98,0.561876209975881,0.499843806472176,0.53484380455811,0.000999000999000999,1,0.021978021978022,TRUE,0.531222772401126,1000,1683,26,"differential_object_marking","by_session_language","session_3_Mini-English",3,"Mini-English",NA,FALSE,"exploratory"
-94,0.5471703378074,0.499740913422383,0.535988463018596,0.003996003996004,1,0.021978021978022,TRUE,0.531222772401126,1000,1683,26,"differential_object_marking","by_session_language","session_3_Mini-English",3,"Mini-English",NA,FALSE,"exploratory"
-90,0.541805820976736,0.499589200300909,0.534102149221633,0.00999000999000999,1,0.021978021978022,TRUE,0.531222772401126,1000,1683,26,"differential_object_marking","by_session_language","session_3_Mini-English",3,"Mini-English",NA,FALSE,"exploratory"
-86,0.553010760360269,0.500133064205979,0.533872161885748,0.001998001998002,1,0.021978021978022,TRUE,0.531222772401126,1000,1683,26,"differential_object_marking","by_session_language","session_3_Mini-English",3,"Mini-English",NA,FALSE,"exploratory"
-82,0.563734551818346,0.500287087316292,0.536347166037253,0.000999000999000999,1,0.021978021978022,TRUE,0.531222772401126,1000,1683,26,"differential_object_marking","by_session_language","session_3_Mini-English",3,"Mini-English",NA,FALSE,"exploratory"
-78,0.561041890282031,0.500373519830466,0.537955505003284,0.000999000999000999,1,0.021978021978022,TRUE,0.531222772401126,1000,1683,26,"differential_object_marking","by_session_language","session_3_Mini-English",3,"Mini-English",NA,FALSE,"exploratory"
-74,0.554108975891002,0.500407605342211,0.537252139639933,0.001998001998002,1,0.021978021978022,TRUE,0.531222772401126,1000,1683,26,"differential_object_marking","by_session_language","session_3_Mini-English",3,"Mini-English",NA,FALSE,"exploratory"
-70,0.540474301839796,0.501080347560541,0.537854903098076,0.015984015984016,1,0.021978021978022,TRUE,0.531222772401126,1000,1683,26,"differential_object_marking","by_session_language","session_3_Mini-English",3,"Mini-English",NA,FALSE,"exploratory"
-66,0.510117748741663,0.501328920740175,0.536454023918585,0.332667332667333,NA,NA,FALSE,0.531222772401126,1000,1683,26,"differential_object_marking","by_session_language","session_3_Mini-English",3,"Mini-English",NA,FALSE,"exploratory"
-62,0.52663785903706,0.50114100708832,0.535751195958821,0.0959040959040959,NA,NA,FALSE,0.531222772401126,1000,1683,26,"differential_object_marking","by_session_language","session_3_Mini-English",3,"Mini-English",NA,FALSE,"exploratory"
-58,0.517412016700546,0.500855333865771,0.536885638504782,0.193806193806194,NA,NA,FALSE,0.531222772401126,1000,1683,26,"differential_object_marking","by_session_language","session_3_Mini-English",3,"Mini-English",NA,FALSE,"exploratory"
-54,0.503303561485247,0.499907815730017,0.534953967882572,0.456543456543457,NA,NA,FALSE,0.531222772401126,1000,1683,26,"differential_object_marking","by_session_language","session_3_Mini-English",3,"Mini-English",NA,FALSE,"exploratory"
-50,0.515251660124231,0.499804780643085,0.535820689453429,0.215784215784216,NA,NA,FALSE,0.531222772401126,1000,1683,26,"differential_object_marking","by_session_language","session_3_Mini-English",3,"Mini-English",NA,FALSE,"exploratory"
-46,0.529742093156365,0.500027306351538,0.536015269791133,0.0559440559440559,NA,NA,FALSE,0.531222772401126,1000,1683,26,"differential_object_marking","by_session_language","session_3_Mini-English",3,"Mini-English",NA,FALSE,"exploratory"
-42,0.530142966904358,0.500333659339134,0.534751912353502,0.0579420579420579,NA,NA,FALSE,0.531222772401126,1000,1683,26,"differential_object_marking","by_session_language","session_3_Mini-English",3,"Mini-English",NA,FALSE,"exploratory"
-38,0.530674604927183,0.499972159031757,0.534355818284444,0.043956043956044,NA,NA,FALSE,0.531222772401126,1000,1683,26,"differential_object_marking","by_session_language","session_3_Mini-English",3,"Mini-English",NA,FALSE,"exploratory"
-34,0.520958646255988,0.500036358554529,0.536367279197433,0.141858141858142,NA,NA,FALSE,0.531222772401126,1000,1683,26,"differential_object_marking","by_session_language","session_3_Mini-English",3,"Mini-English",NA,FALSE,"exploratory"
-30,0.533828186818863,0.500440350791153,0.533989931147652,0.027972027972028,2,0.152847152847153,FALSE,0.531222772401126,1000,1683,26,"differential_object_marking","by_session_language","session_3_Mini-English",3,"Mini-English",NA,FALSE,"exploratory"
-26,0.551337213044088,0.500629310051714,0.536908661066318,0.003996003996004,2,0.152847152847153,FALSE,0.531222772401126,1000,1683,26,"differential_object_marking","by_session_language","session_3_Mini-English",3,"Mini-English",NA,FALSE,"exploratory"
-22,0.559490227794981,0.500539463931055,0.537740724532834,0.000999000999000999,2,0.152847152847153,FALSE,0.531222772401126,1000,1683,26,"differential_object_marking","by_session_language","session_3_Mini-English",3,"Mini-English",NA,FALSE,"exploratory"
-18,0.556691535087996,0.50027923273638,0.534993391693277,0.001998001998002,2,0.152847152847153,FALSE,0.531222772401126,1000,1683,26,"differential_object_marking","by_session_language","session_3_Mini-English",3,"Mini-English",NA,FALSE,"exploratory"
-14,0.534525245963037,0.500216182084122,0.534758401221024,0.027972027972028,2,0.152847152847153,FALSE,0.531222772401126,1000,1683,26,"differential_object_marking","by_session_language","session_3_Mini-English",3,"Mini-English",NA,FALSE,"exploratory"
-10,0.524157925833964,0.499714835471409,0.5361793305794,0.0949050949050949,NA,NA,FALSE,0.531222772401126,1000,1683,26,"differential_object_marking","by_session_language","session_3_Mini-English",3,"Mini-English",NA,FALSE,"exploratory"
-6,0.525735378983851,0.499779395325129,0.534949143768495,0.0869130869130869,NA,NA,FALSE,0.531222772401126,1000,1683,26,"differential_object_marking","by_session_language","session_3_Mini-English",3,"Mini-English",NA,FALSE,"exploratory"
-2,0.518718677332605,0.499620356401033,0.534951306434794,0.168831168831169,NA,NA,FALSE,0.531222772401126,1000,1683,26,"differential_object_marking","by_session_language","session_3_Mini-English",3,"Mini-English",NA,FALSE,"exploratory"
2,0.510672171695406,0.499769681744893,0.536137758694844,0.2997002997003,NA,NA,FALSE,0.531222772401126,1000,1683,26,"differential_object_marking","by_session_language","session_3_Mini-English",3,"Mini-English",NA,FALSE,"exploratory"
6,0.503831221168371,0.499758328564097,0.536202974173761,0.424575424575425,NA,NA,FALSE,0.531222772401126,1000,1683,26,"differential_object_marking","by_session_language","session_3_Mini-English",3,"Mini-English",NA,FALSE,"exploratory"
10,0.499479926966008,0.49971294541033,0.536030932365306,0.511488511488511,NA,NA,FALSE,0.531222772401126,1000,1683,26,"differential_object_marking","by_session_language","session_3_Mini-English",3,"Mini-English",NA,FALSE,"exploratory"
14,0.497853748473931,0.499571795235022,0.533297846818033,0.545454545454545,NA,NA,FALSE,0.531222772401126,1000,1683,26,"differential_object_marking","by_session_language","session_3_Mini-English",3,"Mini-English",NA,FALSE,"exploratory"
18,0.501241351337213,0.499771497650473,0.535201196761975,0.467532467532468,NA,NA,FALSE,0.531222772401126,1000,1683,26,"differential_object_marking","by_session_language","session_3_Mini-English",3,"Mini-English",NA,FALSE,"exploratory"
22,0.509985601742093,0.499946101100961,0.534383966833311,0.292707292707293,NA,NA,FALSE,0.531222772401126,1000,1683,26,"differential_object_marking","by_session_language","session_3_Mini-English",3,"Mini-English",NA,FALSE,"exploratory"
26,0.516486027629829,0.500104277392311,0.53441323752655,0.188811188811189,NA,NA,FALSE,0.531222772401126,1000,1683,26,"differential_object_marking","by_session_language","session_3_Mini-English",3,"Mini-English",NA,FALSE,"exploratory"
30,0.535061618217801,0.500311605597277,0.535651114733126,0.02997002997003,3,0.765234765234765,FALSE,0.531222772401126,1000,1683,26,"differential_object_marking","by_session_language","session_3_Mini-English",3,"Mini-English",NA,FALSE,"exploratory"
34,0.533848015944601,0.500219540670408,0.534035460108465,0.027972027972028,3,0.765234765234765,FALSE,0.531222772401126,1000,1683,26,"differential_object_marking","by_session_language","session_3_Mini-English",3,"Mini-English",NA,FALSE,"exploratory"
38,0.538908461328568,0.499583355300886,0.533005329827253,0.012987012987013,3,0.765234765234765,FALSE,0.531222772401126,1000,1683,26,"differential_object_marking","by_session_language","session_3_Mini-English",3,"Mini-English",NA,FALSE,"exploratory"
42,0.530613200445091,0.499458940467736,0.533219254036525,0.044955044955045,NA,NA,FALSE,0.531222772401126,1000,1683,26,"differential_object_marking","by_session_language","session_3_Mini-English",3,"Mini-English",NA,FALSE,"exploratory"
46,0.524561341108156,0.499755904129823,0.535912872715924,0.0939060939060939,NA,NA,FALSE,0.531222772401126,1000,1683,26,"differential_object_marking","by_session_language","session_3_Mini-English",3,"Mini-English",NA,FALSE,"exploratory"
50,0.522287110785615,0.499903552490044,0.537885656865386,0.117882117882118,NA,NA,FALSE,0.531222772401126,1000,1683,26,"differential_object_marking","by_session_language","session_3_Mini-English",3,"Mini-English",NA,FALSE,"exploratory"
54,0.527201283794685,0.499939379265858,0.535765054576219,0.0759240759240759,NA,NA,FALSE,0.531222772401126,1000,1683,26,"differential_object_marking","by_session_language","session_3_Mini-English",3,"Mini-English",NA,FALSE,"exploratory"
58,0.536170444944215,0.499923540084136,0.536863589153859,0.027972027972028,4,0.611388611388611,FALSE,0.531222772401126,1000,1683,26,"differential_object_marking","by_session_language","session_3_Mini-English",3,"Mini-English",NA,FALSE,"exploratory"
62,0.54608041494685,0.499888725030075,0.535917930331376,0.00899100899100899,4,0.611388611388611,FALSE,0.531222772401126,1000,1683,26,"differential_object_marking","by_session_language","session_3_Mini-English",3,"Mini-English",NA,FALSE,"exploratory"
66,0.534455475974567,0.500437374866478,0.535213415218955,0.032967032967033,4,0.611388611388611,FALSE,0.531222772401126,1000,1683,26,"differential_object_marking","by_session_language","session_3_Mini-English",3,"Mini-English",NA,FALSE,"exploratory"
70,0.530778585236343,0.501188755000719,0.538310865261702,0.048951048951049,NA,NA,FALSE,0.531222772401126,1000,1683,26,"differential_object_marking","by_session_language","session_3_Mini-English",3,"Mini-English",NA,FALSE,"exploratory"
74,0.544982623440788,0.501209380088897,0.537600561091319,0.00899100899100899,5,0.193806193806194,FALSE,0.531222772401126,1000,1683,26,"differential_object_marking","by_session_language","session_3_Mini-English",3,"Mini-English",NA,FALSE,"exploratory"
78,0.551150148555157,0.500840789724487,0.536820346162585,0.000999000999000999,5,0.193806193806194,FALSE,0.531222772401126,1000,1683,26,"differential_object_marking","by_session_language","session_3_Mini-English",3,"Mini-English",NA,FALSE,"exploratory"
82,0.550461819604915,0.500621186775505,0.535591128141814,0.003996003996004,5,0.193806193806194,FALSE,0.531222772401126,1000,1683,26,"differential_object_marking","by_session_language","session_3_Mini-English",3,"Mini-English",NA,FALSE,"exploratory"
86,0.543259368200319,0.500048416915068,0.534958280354422,0.00599400599400599,5,0.193806193806194,FALSE,0.531222772401126,1000,1683,26,"differential_object_marking","by_session_language","session_3_Mini-English",3,"Mini-English",NA,FALSE,"exploratory"
90,0.537357874423082,0.499870457968354,0.534513364130191,0.018981018981019,5,0.193806193806194,FALSE,0.531222772401126,1000,1683,26,"differential_object_marking","by_session_language","session_3_Mini-English",3,"Mini-English",NA,FALSE,"exploratory"
94,0.526870097552345,0.499916889703689,0.534487009153581,0.0699300699300699,NA,NA,FALSE,0.531222772401126,1000,1683,26,"differential_object_marking","by_session_language","session_3_Mini-English",3,"Mini-English",NA,FALSE,"exploratory"
98,0.520091872861912,0.499582088382075,0.533177831601212,0.125874125874126,NA,NA,FALSE,0.531222772401126,1000,1683,26,"differential_object_marking","by_session_language","session_3_Mini-English",3,"Mini-English",NA,FALSE,"exploratory"
102,0.514822584863119,0.499534865894766,0.533663968248955,0.215784215784216,NA,NA,FALSE,0.531222772401126,1000,1683,26,"differential_object_marking","by_session_language","session_3_Mini-English",3,"Mini-English",NA,FALSE,"exploratory"
106,0.516167008484809,0.499360733855339,0.534771140506706,0.186813186813187,NA,NA,FALSE,0.531222772401126,1000,1683,26,"differential_object_marking","by_session_language","session_3_Mini-English",3,"Mini-English",NA,FALSE,"exploratory"
110,0.527592177626217,0.500092701176317,0.534454201192167,0.0769230769230769,NA,NA,FALSE,0.531222772401126,1000,1683,26,"differential_object_marking","by_session_language","session_3_Mini-English",3,"Mini-English",NA,FALSE,"exploratory"
114,0.529548099277636,0.50035024143126,0.53652991614492,0.0619380619380619,NA,NA,FALSE,0.531222772401126,1000,1683,26,"differential_object_marking","by_session_language","session_3_Mini-English",3,"Mini-English",NA,FALSE,"exploratory"
118,0.521318685076536,0.500835839855137,0.538742337066962,0.135864135864136,NA,NA,FALSE,0.531222772401126,1000,1683,26,"differential_object_marking","by_session_language","session_3_Mini-English",3,"Mini-English",NA,FALSE,"exploratory"
122,0.519830835731897,0.500741631629575,0.537762624490497,0.163836163836164,NA,NA,FALSE,0.531222772401126,1000,1683,26,"differential_object_marking","by_session_language","session_3_Mini-English",3,"Mini-English",NA,FALSE,"exploratory"
126,0.522247123180616,0.500272465649108,0.534677231817117,0.127872127872128,NA,NA,FALSE,0.531222772401126,1000,1683,26,"differential_object_marking","by_session_language","session_3_Mini-English",3,"Mini-English",NA,FALSE,"exploratory"
130,0.534246204002224,0.500564669115493,0.536107260643398,0.033966033966034,6,0.594405594405594,FALSE,0.531222772401126,1000,1683,26,"differential_object_marking","by_session_language","session_3_Mini-English",3,"Mini-English",NA,FALSE,"exploratory"
134,0.537402597621978,0.500698506224218,0.536625000448301,0.022977022977023,6,0.594405594405594,FALSE,0.531222772401126,1000,1683,26,"differential_object_marking","by_session_language","session_3_Mini-English",3,"Mini-English",NA,FALSE,"exploratory"
138,0.545117382094594,0.500203030428603,0.537771357926579,0.00699300699300699,6,0.594405594405594,FALSE,0.531222772401126,1000,1683,26,"differential_object_marking","by_session_language","session_3_Mini-English",3,"Mini-English",NA,FALSE,"exploratory"
142,0.531932763770701,0.499581657537306,0.535431429672661,0.041958041958042,6,0.594405594405594,FALSE,0.531222772401126,1000,1683,26,"differential_object_marking","by_session_language","session_3_Mini-English",3,"Mini-English",NA,FALSE,"exploratory"
146,0.522070898964336,0.499882132402489,0.534488289626491,0.124875124875125,NA,NA,FALSE,0.531222772401126,1000,1683,26,"differential_object_marking","by_session_language","session_3_Mini-English",3,"Mini-English",NA,FALSE,"exploratory"
150,0.502608228820758,0.500273483855249,0.535697583008437,0.455544455544456,NA,NA,FALSE,0.531222772401126,1000,1683,26,"differential_object_marking","by_session_language","session_3_Mini-English",3,"Mini-English",NA,FALSE,"exploratory"
154,0.498797512952968,0.501770801075402,0.537176702101911,0.561438561438561,NA,NA,FALSE,0.531222772401126,1000,1683,26,"differential_object_marking","by_session_language","session_3_Mini-English",3,"Mini-English",NA,FALSE,"exploratory"
158,0.514631811520447,0.501908250756953,0.538665301312079,0.268731268731269,NA,NA,FALSE,0.531222772401126,1000,1683,26,"differential_object_marking","by_session_language","session_3_Mini-English",3,"Mini-English",NA,FALSE,"exploratory"
162,0.528045403656921,0.501729350043204,0.536086582249391,0.0779220779220779,NA,NA,FALSE,0.531222772401126,1000,1683,26,"differential_object_marking","by_session_language","session_3_Mini-English",3,"Mini-English",NA,FALSE,"exploratory"
166,0.534206055126557,0.501207069846639,0.537285245068459,0.034965034965035,7,0.034965034965035,TRUE,0.531222772401126,1000,1683,26,"differential_object_marking","by_session_language","session_3_Mini-English",3,"Mini-English",NA,FALSE,"exploratory"
170,0.544396455809729,0.500956892861518,0.538151493526157,0.013986013986014,7,0.034965034965035,TRUE,0.531222772401126,1000,1683,26,"differential_object_marking","by_session_language","session_3_Mini-English",3,"Mini-English",NA,FALSE,"exploratory"
174,0.543868857344524,0.500834359293669,0.539172503594725,0.012987012987013,7,0.034965034965035,TRUE,0.531222772401126,1000,1683,26,"differential_object_marking","by_session_language","session_3_Mini-English",3,"Mini-English",NA,FALSE,"exploratory"
178,0.534479366569331,0.500801587996137,0.536985955056322,0.034965034965035,7,0.034965034965035,TRUE,0.531222772401126,1000,1683,26,"differential_object_marking","by_session_language","session_3_Mini-English",3,"Mini-English",NA,FALSE,"exploratory"
182,0.540086097895497,0.500548645103062,0.538548421027679,0.022977022977023,7,0.034965034965035,TRUE,0.531222772401126,1000,1683,26,"differential_object_marking","by_session_language","session_3_Mini-English",3,"Mini-English",NA,FALSE,"exploratory"
186,0.557089376464649,0.500368927754898,0.538351402797806,0.002997002997003,7,0.034965034965035,TRUE,0.531222772401126,1000,1683,26,"differential_object_marking","by_session_language","session_3_Mini-English",3,"Mini-English",NA,FALSE,"exploratory"
190,0.554486729974543,0.500334459162364,0.539229536715606,0.003996003996004,7,0.034965034965035,TRUE,0.531222772401126,1000,1683,26,"differential_object_marking","by_session_language","session_3_Mini-English",3,"Mini-English",NA,FALSE,"exploratory"
194,0.554861454912063,0.500560385171209,0.537752278624206,0.003996003996004,7,0.034965034965035,TRUE,0.531222772401126,1000,1683,26,"differential_object_marking","by_session_language","session_3_Mini-English",3,"Mini-English",NA,FALSE,"exploratory"
198,0.556984840761053,0.499963216772307,0.536806644597985,0.001998001998002,7,0.034965034965035,TRUE,0.531222772401126,1000,1683,26,"differential_object_marking","by_session_language","session_3_Mini-English",3,"Mini-English",NA,FALSE,"exploratory"
202,0.540050078700392,0.499849754625283,0.536534991347695,0.012987012987013,7,0.034965034965035,TRUE,0.531222772401126,1000,1683,26,"differential_object_marking","by_session_language","session_3_Mini-English",3,"Mini-English",NA,FALSE,"exploratory"
206,0.519779044113804,0.500103240048671,0.535963307905975,0.163836163836164,NA,NA,FALSE,0.531222772401126,1000,1683,26,"differential_object_marking","by_session_language","session_3_Mini-English",3,"Mini-English",NA,FALSE,"exploratory"
210,0.527206740324932,0.500233377829112,0.537108394332188,0.0919080919080919,NA,NA,FALSE,0.531222772401126,1000,1683,26,"differential_object_marking","by_session_language","session_3_Mini-English",3,"Mini-English",NA,FALSE,"exploratory"
214,0.545086218563254,0.500360057160262,0.536584192075445,0.00599400599400599,8,0.000999000999000999,TRUE,0.531222772401126,1000,1683,26,"differential_object_marking","by_session_language","session_3_Mini-English",3,"Mini-English",NA,FALSE,"exploratory"
218,0.553283110970699,0.50029642262443,0.535594089071528,0.003996003996004,8,0.000999000999000999,TRUE,0.531222772401126,1000,1683,26,"differential_object_marking","by_session_language","session_3_Mini-English",3,"Mini-English",NA,FALSE,"exploratory"
222,0.567198406802114,0.500246145410175,0.536217951954554,0.000999000999000999,8,0.000999000999000999,TRUE,0.531222772401126,1000,1683,26,"differential_object_marking","by_session_language","session_3_Mini-English",3,"Mini-English",NA,FALSE,"exploratory"
226,0.577319513437002,0.500982443198241,0.536454612251563,0.000999000999000999,8,0.000999000999000999,TRUE,0.531222772401126,1000,1683,26,"differential_object_marking","by_session_language","session_3_Mini-English",3,"Mini-English",NA,FALSE,"exploratory"
230,0.580430084960366,0.501668387288406,0.538708729067964,0.000999000999000999,8,0.000999000999000999,TRUE,0.531222772401126,1000,1683,26,"differential_object_marking","by_session_language","session_3_Mini-English",3,"Mini-English",NA,FALSE,"exploratory"
234,0.577606545383837,0.501676232510676,0.538870301077481,0.000999000999000999,8,0.000999000999000999,TRUE,0.531222772401126,1000,1683,26,"differential_object_marking","by_session_language","session_3_Mini-English",3,"Mini-English",NA,FALSE,"exploratory"
238,0.579912396594338,0.50131341106169,0.537472580645428,0.000999000999000999,8,0.000999000999000999,TRUE,0.531222772401126,1000,1683,26,"differential_object_marking","by_session_language","session_3_Mini-English",3,"Mini-English",NA,FALSE,"exploratory"
242,0.583588890050028,0.501242207267286,0.53584370308005,0.000999000999000999,8,0.000999000999000999,TRUE,0.531222772401126,1000,1683,26,"differential_object_marking","by_session_language","session_3_Mini-English",3,"Mini-English",NA,FALSE,"exploratory"
246,0.602124162363304,0.500742221368269,0.535887730690338,0.000999000999000999,8,0.000999000999000999,TRUE,0.531222772401126,1000,1683,26,"differential_object_marking","by_session_language","session_3_Mini-English",3,"Mini-English",NA,FALSE,"exploratory"
250,0.607145533235782,0.500727745905639,0.537803773114026,0.000999000999000999,8,0.000999000999000999,TRUE,0.531222772401126,1000,1683,26,"differential_object_marking","by_session_language","session_3_Mini-English",3,"Mini-English",NA,FALSE,"exploratory"
254,0.608955954507836,0.500389932681447,0.53410702441991,0.000999000999000999,8,0.000999000999000999,TRUE,0.531222772401126,1000,1683,26,"differential_object_marking","by_session_language","session_3_Mini-English",3,"Mini-English",NA,FALSE,"exploratory"
258,0.613824996468545,0.500572879475564,0.537385988426919,0.000999000999000999,8,0.000999000999000999,TRUE,0.531222772401126,1000,1683,26,"differential_object_marking","by_session_language","session_3_Mini-English",3,"Mini-English",NA,FALSE,"exploratory"
262,0.588226537824931,0.501123532359063,0.538562387964584,0.000999000999000999,8,0.000999000999000999,TRUE,0.531222772401126,1000,1683,26,"differential_object_marking","by_session_language","session_3_Mini-English",3,"Mini-English",NA,FALSE,"exploratory"
266,0.579398500990878,0.500995091921685,0.540170430596773,0.000999000999000999,8,0.000999000999000999,TRUE,0.531222772401126,1000,1683,26,"differential_object_marking","by_session_language","session_3_Mini-English",3,"Mini-English",NA,FALSE,"exploratory"
270,0.579409646162183,0.501371144115074,0.540676627435886,0.000999000999000999,8,0.000999000999000999,TRUE,0.531222772401126,1000,1683,26,"differential_object_marking","by_session_language","session_3_Mini-English",3,"Mini-English",NA,FALSE,"exploratory"
274,0.578314733924222,0.50152179762408,0.539345252766904,0.000999000999000999,8,0.000999000999000999,TRUE,0.531222772401126,1000,1683,26,"differential_object_marking","by_session_language","session_3_Mini-English",3,"Mini-English",NA,FALSE,"exploratory"
278,0.572800833152774,0.50131444955359,0.536282936252376,0.000999000999000999,8,0.000999000999000999,TRUE,0.531222772401126,1000,1683,26,"differential_object_marking","by_session_language","session_3_Mini-English",3,"Mini-English",NA,FALSE,"exploratory"
282,0.552494957741187,0.500896071267984,0.535817537486112,0.003996003996004,8,0.000999000999000999,TRUE,0.531222772401126,1000,1683,26,"differential_object_marking","by_session_language","session_3_Mini-English",3,"Mini-English",NA,FALSE,"exploratory"
286,0.541553184162715,0.500198367317744,0.536748503973459,0.015984015984016,8,0.000999000999000999,TRUE,0.531222772401126,1000,1683,26,"differential_object_marking","by_session_language","session_3_Mini-English",3,"Mini-English",NA,FALSE,"exploratory"
290,0.552819446612318,0.499713483127622,0.53696436048538,0.003996003996004,8,0.000999000999000999,TRUE,0.531222772401126,1000,1683,26,"differential_object_marking","by_session_language","session_3_Mini-English",3,"Mini-English",NA,FALSE,"exploratory"
294,0.554943505787,0.499921796719009,0.536252936817785,0.001998001998002,8,0.000999000999000999,TRUE,0.531222772401126,1000,1683,26,"differential_object_marking","by_session_language","session_3_Mini-English",3,"Mini-English",NA,FALSE,"exploratory"
298,0.566269738189661,0.500033087078016,0.537693381151551,0.000999000999000999,8,0.000999000999000999,TRUE,0.531222772401126,1000,1683,26,"differential_object_marking","by_session_language","session_3_Mini-English",3,"Mini-English",NA,FALSE,"exploratory"
302,0.555631386630559,0.499901150115516,0.536571972001093,0.001998001998002,8,0.000999000999000999,TRUE,0.531222772401126,1000,1683,26,"differential_object_marking","by_session_language","session_3_Mini-English",3,"Mini-English",NA,FALSE,"exploratory"
306,0.554736549651098,0.499996215059451,0.535647400790079,0.000999000999000999,8,0.000999000999000999,TRUE,0.531222772401126,1000,1683,26,"differential_object_marking","by_session_language","session_3_Mini-English",3,"Mini-English",NA,FALSE,"exploratory"
310,0.557283003769515,0.50026180919955,0.537380388859514,0.000999000999000999,8,0.000999000999000999,TRUE,0.531222772401126,1000,1683,26,"differential_object_marking","by_session_language","session_3_Mini-English",3,"Mini-English",NA,FALSE,"exploratory"
314,0.556794664067721,0.500498896819608,0.539060022825745,0.001998001998002,8,0.000999000999000999,TRUE,0.531222772401126,1000,1683,26,"differential_object_marking","by_session_language","session_3_Mini-English",3,"Mini-English",NA,FALSE,"exploratory"
318,0.554772390169444,0.500211435891292,0.539278055762463,0.001998001998002,8,0.000999000999000999,TRUE,0.531222772401126,1000,1683,26,"differential_object_marking","by_session_language","session_3_Mini-English",3,"Mini-English",NA,FALSE,"exploratory"
322,0.553690431768206,0.500309695366858,0.537611056218603,0.002997002997003,8,0.000999000999000999,TRUE,0.531222772401126,1000,1683,26,"differential_object_marking","by_session_language","session_3_Mini-English",3,"Mini-English",NA,FALSE,"exploratory"
326,0.552481018421683,0.500173361527641,0.538525641258126,0.001998001998002,8,0.000999000999000999,TRUE,0.531222772401126,1000,1683,26,"differential_object_marking","by_session_language","session_3_Mini-English",3,"Mini-English",NA,FALSE,"exploratory"
330,0.558688421610502,0.499926396463346,0.536038314324053,0.000999000999000999,8,0.000999000999000999,TRUE,0.531222772401126,1000,1683,26,"differential_object_marking","by_session_language","session_3_Mini-English",3,"Mini-English",NA,FALSE,"exploratory"
334,0.572490426462467,0.499768870127872,0.5369578116547,0.000999000999000999,8,0.000999000999000999,TRUE,0.531222772401126,1000,1683,26,"differential_object_marking","by_session_language","session_3_Mini-English",3,"Mini-English",NA,FALSE,"exploratory"
338,0.579869648947264,0.499708037952327,0.537813410905471,0.000999000999000999,8,0.000999000999000999,TRUE,0.531222772401126,1000,1683,26,"differential_object_marking","by_session_language","session_3_Mini-English",3,"Mini-English",NA,FALSE,"exploratory"
342,0.587448426633669,0.499993616500198,0.536093605993551,0.000999000999000999,8,0.000999000999000999,TRUE,0.531222772401126,1000,1683,26,"differential_object_marking","by_session_language","session_3_Mini-English",3,"Mini-English",NA,FALSE,"exploratory"
346,0.588025831439451,0.500194492798727,0.53731423748151,0.000999000999000999,8,0.000999000999000999,TRUE,0.531222772401126,1000,1683,26,"differential_object_marking","by_session_language","session_3_Mini-English",3,"Mini-English",NA,FALSE,"exploratory"
350,0.580392304042456,0.500445969302854,0.53693057934928,0.000999000999000999,8,0.000999000999000999,TRUE,0.531222772401126,1000,1683,26,"differential_object_marking","by_session_language","session_3_Mini-English",3,"Mini-English",NA,FALSE,"exploratory"
354,0.561089162004148,0.500748003386182,0.534610481788827,0.000999000999000999,8,0.000999000999000999,TRUE,0.531222772401126,1000,1683,26,"differential_object_marking","by_session_language","session_3_Mini-English",3,"Mini-English",NA,FALSE,"exploratory"
358,0.547051642769669,0.50073337450196,0.536831304354522,0.00899100899100899,8,0.000999000999000999,TRUE,0.531222772401126,1000,1683,26,"differential_object_marking","by_session_language","session_3_Mini-English",3,"Mini-English",NA,FALSE,"exploratory"
362,0.529535223026948,0.500935822226084,0.53733119045104,0.0689310689310689,NA,NA,FALSE,0.531222772401126,1000,1683,26,"differential_object_marking","by_session_language","session_3_Mini-English",3,"Mini-English",NA,FALSE,"exploratory"
366,0.534937922407507,0.501136390452582,0.538354454601246,0.03996003996004,9,0.935064935064935,FALSE,0.531222772401126,1000,1683,26,"differential_object_marking","by_session_language","session_3_Mini-English",3,"Mini-English",NA,FALSE,"exploratory"
370,0.509764785059191,0.50126186159147,0.537619205628048,0.33966033966034,NA,NA,FALSE,0.531222772401126,1000,1683,26,"differential_object_marking","by_session_language","session_3_Mini-English",3,"Mini-English",NA,FALSE,"exploratory"
374,0.512025732703908,0.500891905023238,0.536679299063794,0.303696303696304,NA,NA,FALSE,0.531222772401126,1000,1683,26,"differential_object_marking","by_session_language","session_3_Mini-English",3,"Mini-English",NA,FALSE,"exploratory"
378,0.519775586629287,0.500314326126497,0.536859314992167,0.154845154845155,NA,NA,FALSE,0.531222772401126,1000,1683,26,"differential_object_marking","by_session_language","session_3_Mini-English",3,"Mini-English",NA,FALSE,"exploratory"
382,0.533565522496788,0.499875180144372,0.538218300130101,0.041958041958042,10,0.234765234765235,FALSE,0.531222772401126,1000,1683,26,"differential_object_marking","by_session_language","session_3_Mini-English",3,"Mini-English",NA,FALSE,"exploratory"
386,0.543443768704841,0.499782752522288,0.538067074763759,0.00999000999000999,10,0.234765234765235,FALSE,0.531222772401126,1000,1683,26,"differential_object_marking","by_session_language","session_3_Mini-English",3,"Mini-English",NA,FALSE,"exploratory"
390,0.543817850498562,0.500680830118646,0.537686510832879,0.011988011988012,10,0.234765234765235,FALSE,0.531222772401126,1000,1683,26,"differential_object_marking","by_session_language","session_3_Mini-English",3,"Mini-English",NA,FALSE,"exploratory"
394,0.542773212621915,0.500347239177775,0.535273082541899,0.00999000999000999,10,0.234765234765235,FALSE,0.531222772401126,1000,1683,26,"differential_object_marking","by_session_language","session_3_Mini-English",3,"Mini-English",NA,FALSE,"exploratory"
398,0.546492881168113,0.500536924332702,0.534539281045587,0.00699300699300699,10,0.234765234765235,FALSE,0.531222772401126,1000,1683,26,"differential_object_marking","by_session_language","session_3_Mini-English",3,"Mini-English",NA,FALSE,"exploratory"
402,0.536407787675488,0.500542854684461,0.53760532770149,0.026973026973027,10,0.234765234765235,FALSE,0.531222772401126,1000,1683,26,"differential_object_marking","by_session_language","session_3_Mini-English",3,"Mini-English",NA,FALSE,"exploratory"
406,0.534670154062355,0.50021300882778,0.534610248409877,0.025974025974026,10,0.234765234765235,FALSE,0.531222772401126,1000,1683,26,"differential_object_marking","by_session_language","session_3_Mini-English",3,"Mini-English",NA,FALSE,"exploratory"
410,0.527057498499814,0.499849897125006,0.535742744220731,0.0739260739260739,NA,NA,FALSE,0.531222772401126,1000,1683,26,"differential_object_marking","by_session_language","session_3_Mini-English",3,"Mini-English",NA,FALSE,"exploratory"
414,0.513873754082625,0.500111249355013,0.537446223128037,0.244755244755245,NA,NA,FALSE,0.531222772401126,1000,1683,26,"differential_object_marking","by_session_language","session_3_Mini-English",3,"Mini-English",NA,FALSE,"exploratory"
418,0.502486096511602,0.500083033414207,0.536786130820228,0.463536463536464,NA,NA,FALSE,0.531222772401126,1000,1683,26,"differential_object_marking","by_session_language","session_3_Mini-English",3,"Mini-English",NA,FALSE,"exploratory"
422,0.499551523794422,0.499869369201894,0.536314998571023,0.505494505494505,NA,NA,FALSE,0.531222772401126,1000,1683,26,"differential_object_marking","by_session_language","session_3_Mini-English",3,"Mini-English",NA,FALSE,"exploratory"
426,0.502642871512513,0.500059363077538,0.53580960583234,0.452547452547453,NA,NA,FALSE,0.531222772401126,1000,1683,26,"differential_object_marking","by_session_language","session_3_Mini-English",3,"Mini-English",NA,FALSE,"exploratory"
430,0.501017609284916,0.500908639138276,0.536268413139072,0.500499500499501,NA,NA,FALSE,0.531222772401126,1000,1683,26,"differential_object_marking","by_session_language","session_3_Mini-English",3,"Mini-English",NA,FALSE,"exploratory"
434,0.500630812174943,0.500757892748701,0.537847100248126,0.522477522477522,NA,NA,FALSE,0.531222772401126,1000,1683,26,"differential_object_marking","by_session_language","session_3_Mini-English",3,"Mini-English",NA,FALSE,"exploratory"
438,0.514885670193072,0.500427316585644,0.535942240388185,0.24975024975025,NA,NA,FALSE,0.531222772401126,1000,1683,26,"differential_object_marking","by_session_language","session_3_Mini-English",3,"Mini-English",NA,FALSE,"exploratory"
442,0.519430385648179,0.500237025880362,0.537046392158961,0.174825174825175,NA,NA,FALSE,0.531222772401126,1000,1683,26,"differential_object_marking","by_session_language","session_3_Mini-English",3,"Mini-English",NA,FALSE,"exploratory"
446,0.514762373565911,0.499980250119371,0.538278286860115,0.220779220779221,NA,NA,FALSE,0.531222772401126,1000,1683,26,"differential_object_marking","by_session_language","session_3_Mini-English",3,"Mini-English",NA,FALSE,"exploratory"
450,0.514752212687699,0.500363511485627,0.536767556141878,0.227772227772228,NA,NA,FALSE,0.531222772401126,1000,1683,26,"differential_object_marking","by_session_language","session_3_Mini-English",3,"Mini-English",NA,FALSE,"exploratory"
454,0.506497336461394,0.500545026615273,0.533923024082292,0.390609390609391,NA,NA,FALSE,0.531222772401126,1000,1683,26,"differential_object_marking","by_session_language","session_3_Mini-English",3,"Mini-English",NA,FALSE,"exploratory"
458,0.500539617153147,0.500924441366697,0.53741727417381,0.522477522477522,NA,NA,FALSE,0.531222772401126,1000,1683,26,"differential_object_marking","by_session_language","session_3_Mini-English",3,"Mini-English",NA,FALSE,"exploratory"
462,0.495620382820566,0.500638206526609,0.539065232262411,0.621378621378621,NA,NA,FALSE,0.531222772401126,1000,1683,26,"differential_object_marking","by_session_language","session_3_Mini-English",3,"Mini-English",NA,FALSE,"exploratory"
466,0.50395032239587,0.500338493049035,0.536167431635566,0.446553446553447,NA,NA,FALSE,0.531222772401126,1000,1683,26,"differential_object_marking","by_session_language","session_3_Mini-English",3,"Mini-English",NA,FALSE,"exploratory"
470,0.517936055099854,0.500491797698266,0.535072732957865,0.188811188811189,NA,NA,FALSE,0.531222772401126,1000,1683,26,"differential_object_marking","by_session_language","session_3_Mini-English",3,"Mini-English",NA,FALSE,"exploratory"
474,0.53916754260348,0.500499457662575,0.536496641563982,0.016983016983017,11,0.869130869130869,FALSE,0.531222772401126,1000,1683,26,"differential_object_marking","by_session_language","session_3_Mini-English",3,"Mini-English",NA,FALSE,"exploratory"
478,0.528342518438711,0.50053992056319,0.537901915374247,0.0789210789210789,NA,NA,FALSE,0.531222772401126,1000,1683,26,"differential_object_marking","by_session_language","session_3_Mini-English",3,"Mini-English",NA,FALSE,"exploratory"
482,0.512245637810887,0.500463303271785,0.539964741306175,0.283716283716284,NA,NA,FALSE,0.531222772401126,1000,1683,26,"differential_object_marking","by_session_language","session_3_Mini-English",3,"Mini-English",NA,FALSE,"exploratory"
486,0.520742351328241,0.500371800595934,0.540618517904849,0.147852147852148,NA,NA,FALSE,0.531222772401126,1000,1683,26,"differential_object_marking","by_session_language","session_3_Mini-English",3,"Mini-English",NA,FALSE,"exploratory"
490,0.534302515200261,0.500512665212156,0.537480228375518,0.038961038961039,12,0.911088911088911,FALSE,0.531222772401126,1000,1683,26,"differential_object_marking","by_session_language","session_3_Mini-English",3,"Mini-English",NA,FALSE,"exploratory"
494,0.532862311943929,0.500359928988401,0.535962624158515,0.042957042957043,12,0.911088911088911,FALSE,0.531222772401126,1000,1683,26,"differential_object_marking","by_session_language","session_3_Mini-English",3,"Mini-English",NA,FALSE,"exploratory"
498,0.522859021856581,0.501084402528514,0.536630492872276,0.122877122877123,NA,NA,FALSE,0.531222772401126,1000,1683,26,"differential_object_marking","by_session_language","session_3_Mini-English",3,"Mini-English",NA,FALSE,"exploratory"
502,0.508879107319313,0.501021257344832,0.537878020818165,0.363636363636364,NA,NA,FALSE,0.531222772401126,1000,1683,26,"differential_object_marking","by_session_language","session_3_Mini-English",3,"Mini-English",NA,FALSE,"exploratory"
506,0.503791640091366,0.500572015240547,0.538352752329725,0.442557442557443,NA,NA,FALSE,0.531222772401126,1000,1683,26,"differential_object_marking","by_session_language","session_3_Mini-English",3,"Mini-English",NA,FALSE,"exploratory"
510,0.509931297912694,0.500560537575699,0.536871635692866,0.318681318681319,NA,NA,FALSE,0.531222772401126,1000,1683,26,"differential_object_marking","by_session_language","session_3_Mini-English",3,"Mini-English",NA,FALSE,"exploratory"
514,0.516477722984583,0.500438741359387,0.538584186263172,0.206793206793207,NA,NA,FALSE,0.531222772401126,1000,1683,26,"differential_object_marking","by_session_language","session_3_Mini-English",3,"Mini-English",NA,FALSE,"exploratory"
518,0.515370870742012,0.5001546368672,0.538651629595501,0.217782217782218,NA,NA,FALSE,0.531222772401126,1000,1683,26,"differential_object_marking","by_session_language","session_3_Mini-English",3,"Mini-English",NA,FALSE,"exploratory"
522,0.515176714774537,0.49990036289914,0.536727728269169,0.212787212787213,NA,NA,FALSE,0.531222772401126,1000,1683,26,"differential_object_marking","by_session_language","session_3_Mini-English",3,"Mini-English",NA,FALSE,"exploratory"
526,0.529320947477592,0.500613939495873,0.534324138414426,0.0659340659340659,NA,NA,FALSE,0.531222772401126,1000,1683,26,"differential_object_marking","by_session_language","session_3_Mini-English",3,"Mini-English",NA,FALSE,"exploratory"
530,0.530240397622423,0.500939123311206,0.537855718610938,0.0609390609390609,NA,NA,FALSE,0.531222772401126,1000,1683,26,"differential_object_marking","by_session_language","session_3_Mini-English",3,"Mini-English",NA,FALSE,"exploratory"
534,0.542007988940415,0.5009017515653,0.538892974563057,0.014985014985015,13,0.435564435564436,FALSE,0.531222772401126,1000,1683,26,"differential_object_marking","by_session_language","session_3_Mini-English",3,"Mini-English",NA,FALSE,"exploratory"
538,0.547836701367875,0.500358143371068,0.538155756232341,0.00699300699300699,13,0.435564435564436,FALSE,0.531222772401126,1000,1683,26,"differential_object_marking","by_session_language","session_3_Mini-English",3,"Mini-English",NA,FALSE,"exploratory"
542,0.540839914562314,0.500374193036833,0.539219358761452,0.01998001998002,13,0.435564435564436,FALSE,0.531222772401126,1000,1683,26,"differential_object_marking","by_session_language","session_3_Mini-English",3,"Mini-English",NA,FALSE,"exploratory"
546,0.528898037339902,0.49994724570263,0.536705364215082,0.0649350649350649,NA,NA,FALSE,0.531222772401126,1000,1683,26,"differential_object_marking","by_session_language","session_3_Mini-English",3,"Mini-English",NA,FALSE,"exploratory"
550,0.525245654337033,0.50017642235769,0.536771413099204,0.0959040959040959,NA,NA,FALSE,0.531222772401126,1000,1683,26,"differential_object_marking","by_session_language","session_3_Mini-English",3,"Mini-English",NA,FALSE,"exploratory"
554,0.531126011770344,0.499924060672326,0.535784270041769,0.050949050949051,NA,NA,FALSE,0.531222772401126,1000,1683,26,"differential_object_marking","by_session_language","session_3_Mini-English",3,"Mini-English",NA,FALSE,"exploratory"
558,0.548877783028471,0.499553367842054,0.537497170066628,0.00599400599400599,14,0.003996003996004,TRUE,0.531222772401126,1000,1683,26,"differential_object_marking","by_session_language","session_3_Mini-English",3,"Mini-English",NA,FALSE,"exploratory"
562,0.563701212368593,0.499541388241418,0.535850206417686,0.000999000999000999,14,0.003996003996004,TRUE,0.531222772401126,1000,1683,26,"differential_object_marking","by_session_language","session_3_Mini-English",3,"Mini-English",NA,FALSE,"exploratory"
566,0.567946695700862,0.499356209611185,0.534180310759103,0.000999000999000999,14,0.003996003996004,TRUE,0.531222772401126,1000,1683,26,"differential_object_marking","by_session_language","session_3_Mini-English",3,"Mini-English",NA,FALSE,"exploratory"
570,0.566944568730668,0.499090463725056,0.537741166022577,0.000999000999000999,14,0.003996003996004,TRUE,0.531222772401126,1000,1683,26,"differential_object_marking","by_session_language","session_3_Mini-English",3,"Mini-English",NA,FALSE,"exploratory"
574,0.567473378370672,0.499257676608461,0.533920053888256,0.000999000999000999,14,0.003996003996004,TRUE,0.531222772401126,1000,1683,26,"differential_object_marking","by_session_language","session_3_Mini-English",3,"Mini-English",NA,FALSE,"exploratory"
578,0.562820339145339,0.499557915553272,0.536611251082326,0.000999000999000999,14,0.003996003996004,TRUE,0.531222772401126,1000,1683,26,"differential_object_marking","by_session_language","session_3_Mini-English",3,"Mini-English",NA,FALSE,"exploratory"
582,0.560732862863106,0.499333656252133,0.537344530616084,0.001998001998002,14,0.003996003996004,TRUE,0.531222772401126,1000,1683,26,"differential_object_marking","by_session_language","session_3_Mini-English",3,"Mini-English",NA,FALSE,"exploratory"
586,0.561816756379597,0.499225780623987,0.538531968383829,0.001998001998002,14,0.003996003996004,TRUE,0.531222772401126,1000,1683,26,"differential_object_marking","by_session_language","session_3_Mini-English",3,"Mini-English",NA,FALSE,"exploratory"
590,0.543556292907264,0.499600693669259,0.536665369845456,0.010989010989011,14,0.003996003996004,TRUE,0.531222772401126,1000,1683,26,"differential_object_marking","by_session_language","session_3_Mini-English",3,"Mini-English",NA,FALSE,"exploratory"
594,0.526370109844505,0.500276566192105,0.536362799346929,0.0949050949050949,NA,NA,FALSE,0.531222772401126,1000,1683,26,"differential_object_marking","by_session_language","session_3_Mini-English",3,"Mini-English",NA,FALSE,"exploratory"
598,0.512741221171861,0.500733958459195,0.538289142509744,0.286713286713287,NA,NA,FALSE,0.531222772401126,1000,1683,26,"differential_object_marking","by_session_language","session_3_Mini-English",3,"Mini-English",NA,FALSE,"exploratory"
602,0.511366315353142,0.500877182492393,0.53978530678773,0.310689310689311,NA,NA,FALSE,0.531222772401126,1000,1683,26,"differential_object_marking","by_session_language","session_3_Mini-English",3,"Mini-English",NA,FALSE,"exploratory"
606,0.510660348554431,0.501060479931006,0.538536569920827,0.336663336663337,NA,NA,FALSE,0.531222772401126,1000,1683,26,"differential_object_marking","by_session_language","session_3_Mini-English",3,"Mini-English",NA,FALSE,"exploratory"
610,0.523941734669768,0.500971086467468,0.538107954983939,0.10989010989011,NA,NA,FALSE,0.531222772401126,1000,1683,26,"differential_object_marking","by_session_language","session_3_Mini-English",3,"Mini-English",NA,FALSE,"exploratory"
614,0.530894679888408,0.500741980507274,0.536522092755288,0.051948051948052,NA,NA,FALSE,0.531222772401126,1000,1683,26,"differential_object_marking","by_session_language","session_3_Mini-English",3,"Mini-English",NA,FALSE,"exploratory"
618,0.543559065060887,0.500697323521183,0.537529249411737,0.012987012987013,15,0.345654345654346,FALSE,0.531222772401126,1000,1683,26,"differential_object_marking","by_session_language","session_3_Mini-English",3,"Mini-English",NA,FALSE,"exploratory"
622,0.539031399540294,0.500782981813484,0.536217286845545,0.018981018981019,15,0.345654345654346,FALSE,0.531222772401126,1000,1683,26,"differential_object_marking","by_session_language","session_3_Mini-English",3,"Mini-English",NA,FALSE,"exploratory"
626,0.549333816750132,0.500725598349455,0.536013336473447,0.003996003996004,15,0.345654345654346,FALSE,0.531222772401126,1000,1683,26,"differential_object_marking","by_session_language","session_3_Mini-English",3,"Mini-English",NA,FALSE,"exploratory"
630,0.53881052232986,0.50066508390995,0.535706650183125,0.01998001998002,15,0.345654345654346,FALSE,0.531222772401126,1000,1683,26,"differential_object_marking","by_session_language","session_3_Mini-English",3,"Mini-English",NA,FALSE,"exploratory"
634,0.532834733511851,0.500748477328197,0.537609999527041,0.041958041958042,15,0.345654345654346,FALSE,0.531222772401126,1000,1683,26,"differential_object_marking","by_session_language","session_3_Mini-English",3,"Mini-English",NA,FALSE,"exploratory"
638,0.524149104525255,0.500670433556273,0.53549433571373,0.110889110889111,NA,NA,FALSE,0.531222772401126,1000,1683,26,"differential_object_marking","by_session_language","session_3_Mini-English",3,"Mini-English",NA,FALSE,"exploratory"
642,0.513722519716075,0.500585353088757,0.536902679416013,0.264735264735265,NA,NA,FALSE,0.531222772401126,1000,1683,26,"differential_object_marking","by_session_language","session_3_Mini-English",3,"Mini-English",NA,FALSE,"exploratory"
646,0.52214702394226,0.500428881144034,0.537544523528648,0.145854145854146,NA,NA,FALSE,0.531222772401126,1000,1683,26,"differential_object_marking","by_session_language","session_3_Mini-English",3,"Mini-English",NA,FALSE,"exploratory"
650,0.52424211683653,0.500094663265623,0.538319245780449,0.105894105894106,NA,NA,FALSE,0.531222772401126,1000,1683,26,"differential_object_marking","by_session_language","session_3_Mini-English",3,"Mini-English",NA,FALSE,"exploratory"
654,0.537225589886927,0.499959753071985,0.537455053581721,0.027972027972028,16,0.002997002997003,TRUE,0.531222772401126,1000,1683,26,"differential_object_marking","by_session_language","session_3_Mini-English",3,"Mini-English",NA,FALSE,"exploratory"
658,0.538361562064232,0.500201603158604,0.538298728287674,0.025974025974026,16,0.002997002997003,TRUE,0.531222772401126,1000,1683,26,"differential_object_marking","by_session_language","session_3_Mini-English",3,"Mini-English",NA,FALSE,"exploratory"
662,0.547358767760476,0.500237147755856,0.536065272388847,0.00699300699300699,16,0.002997002997003,TRUE,0.531222772401126,1000,1683,26,"differential_object_marking","by_session_language","session_3_Mini-English",3,"Mini-English",NA,FALSE,"exploratory"
666,0.555860445414225,0.50033136290455,0.534929637882528,0.001998001998002,16,0.002997002997003,TRUE,0.531222772401126,1000,1683,26,"differential_object_marking","by_session_language","session_3_Mini-English",3,"Mini-English",NA,FALSE,"exploratory"
670,0.557848594010295,0.500118223864087,0.535135932271104,0.000999000999000999,16,0.002997002997003,TRUE,0.531222772401126,1000,1683,26,"differential_object_marking","by_session_language","session_3_Mini-English",3,"Mini-English",NA,FALSE,"exploratory"
674,0.554138223772824,0.500274274379514,0.536224966673425,0.001998001998002,16,0.002997002997003,TRUE,0.531222772401126,1000,1683,26,"differential_object_marking","by_session_language","session_3_Mini-English",3,"Mini-English",NA,FALSE,"exploratory"
678,0.55089038349045,0.500107202389627,0.53376866209909,0.003996003996004,16,0.002997002997003,TRUE,0.531222772401126,1000,1683,26,"differential_object_marking","by_session_language","session_3_Mini-English",3,"Mini-English",NA,FALSE,"exploratory"
682,0.552206944643996,0.500323793420679,0.534561255815513,0.002997002997003,16,0.002997002997003,TRUE,0.531222772401126,1000,1683,26,"differential_object_marking","by_session_language","session_3_Mini-English",3,"Mini-English",NA,FALSE,"exploratory"
686,0.562070173148111,0.500161608025508,0.535039496925806,0.001998001998002,16,0.002997002997003,TRUE,0.531222772401126,1000,1683,26,"differential_object_marking","by_session_language","session_3_Mini-English",3,"Mini-English",NA,FALSE,"exploratory"
690,0.574146893780756,0.500578997490008,0.538743954474521,0.001998001998002,16,0.002997002997003,TRUE,0.531222772401126,1000,1683,26,"differential_object_marking","by_session_language","session_3_Mini-English",3,"Mini-English",NA,FALSE,"exploratory"
694,0.57604528186707,0.500703564883161,0.538157536723449,0.000999000999000999,16,0.002997002997003,TRUE,0.531222772401126,1000,1683,26,"differential_object_marking","by_session_language","session_3_Mini-English",3,"Mini-English",NA,FALSE,"exploratory"
698,0.566335141297545,0.500192392112537,0.53686948274074,0.000999000999000999,16,0.002997002997003,TRUE,0.531222772401126,1000,1683,26,"differential_object_marking","by_session_language","session_3_Mini-English",3,"Mini-English",NA,FALSE,"exploratory"
702,0.543452358027832,0.499871675524299,0.535996625101693,0.00599400599400599,16,0.002997002997003,TRUE,0.531222772401126,1000,1683,26,"differential_object_marking","by_session_language","session_3_Mini-English",3,"Mini-English",NA,FALSE,"exploratory"
706,0.533728118546248,0.499386401325242,0.534305660898116,0.028971028971029,16,0.002997002997003,TRUE,0.531222772401126,1000,1683,26,"differential_object_marking","by_session_language","session_3_Mini-English",3,"Mini-English",NA,FALSE,"exploratory"
710,0.526929554451858,0.499186697561424,0.536193627887912,0.0759240759240759,NA,NA,FALSE,0.531222772401126,1000,1683,26,"differential_object_marking","by_session_language","session_3_Mini-English",3,"Mini-English",NA,FALSE,"exploratory"
714,0.530691119933323,0.499111410917084,0.537983615523158,0.051948051948052,NA,NA,FALSE,0.531222772401126,1000,1683,26,"differential_object_marking","by_session_language","session_3_Mini-English",3,"Mini-English",NA,FALSE,"exploratory"
718,0.525233018285578,0.499477734488539,0.536113593766619,0.0899100899100899,NA,NA,FALSE,0.531222772401126,1000,1683,26,"differential_object_marking","by_session_language","session_3_Mini-English",3,"Mini-English",NA,FALSE,"exploratory"
722,0.516671362548327,0.499728647670552,0.536041044447548,0.182817182817183,NA,NA,FALSE,0.531222772401126,1000,1683,26,"differential_object_marking","by_session_language","session_3_Mini-English",3,"Mini-English",NA,FALSE,"exploratory"
726,0.525054006975214,0.499948883894796,0.535033177991914,0.0999000999000999,NA,NA,FALSE,0.531222772401126,1000,1683,26,"differential_object_marking","by_session_language","session_3_Mini-English",3,"Mini-English",NA,FALSE,"exploratory"
730,0.51458577379255,0.500054073885147,0.537384758807582,0.225774225774226,NA,NA,FALSE,0.531222772401126,1000,1683,26,"differential_object_marking","by_session_language","session_3_Mini-English",3,"Mini-English",NA,FALSE,"exploratory"
734,0.521826052493604,0.5005154859933,0.535810643295417,0.137862137862138,NA,NA,FALSE,0.531222772401126,1000,1683,26,"differential_object_marking","by_session_language","session_3_Mini-English",3,"Mini-English",NA,FALSE,"exploratory"
738,0.517629874210346,0.500499425576917,0.536545357581679,0.180819180819181,NA,NA,FALSE,0.531222772401126,1000,1683,26,"differential_object_marking","by_session_language","session_3_Mini-English",3,"Mini-English",NA,FALSE,"exploratory"
742,0.523979629207429,0.500288180789102,0.535431967082244,0.102897102897103,NA,NA,FALSE,0.531222772401126,1000,1683,26,"differential_object_marking","by_session_language","session_3_Mini-English",3,"Mini-English",NA,FALSE,"exploratory"
746,0.524361269049683,0.500567123475662,0.535375042541603,0.108891108891109,NA,NA,FALSE,0.531222772401126,1000,1683,26,"differential_object_marking","by_session_language","session_3_Mini-English",3,"Mini-English",NA,FALSE,"exploratory"
750,0.522534231921805,0.500339961017249,0.537791233043749,0.120879120879121,NA,NA,FALSE,0.531222772401126,1000,1683,26,"differential_object_marking","by_session_language","session_3_Mini-English",3,"Mini-English",NA,FALSE,"exploratory"
754,0.520178252128271,0.500628730607031,0.537662318528313,0.155844155844156,NA,NA,FALSE,0.531222772401126,1000,1683,26,"differential_object_marking","by_session_language","session_3_Mini-English",3,"Mini-English",NA,FALSE,"exploratory"
758,0.526890914655148,0.500602927823431,0.53620931430984,0.0849150849150849,NA,NA,FALSE,0.531222772401126,1000,1683,26,"differential_object_marking","by_session_language","session_3_Mini-English",3,"Mini-English",NA,FALSE,"exploratory"
762,0.542736593779199,0.50045417529004,0.535944528118404,0.010989010989011,17,0.017982017982018,TRUE,0.531222772401126,1000,1683,26,"differential_object_marking","by_session_language","session_3_Mini-English",3,"Mini-English",NA,FALSE,"exploratory"
766,0.549055605090064,0.500050815718891,0.535227186639508,0.002997002997003,17,0.017982017982018,TRUE,0.531222772401126,1000,1683,26,"differential_object_marking","by_session_language","session_3_Mini-English",3,"Mini-English",NA,FALSE,"exploratory"
770,0.543967324206748,0.499932896673807,0.53364442951711,0.00599400599400599,17,0.017982017982018,TRUE,0.531222772401126,1000,1683,26,"differential_object_marking","by_session_language","session_3_Mini-English",3,"Mini-English",NA,FALSE,"exploratory"
774,0.543614984396333,0.499287443407714,0.535037175901464,0.00699300699300699,17,0.017982017982018,TRUE,0.531222772401126,1000,1683,26,"differential_object_marking","by_session_language","session_3_Mini-English",3,"Mini-English",NA,FALSE,"exploratory"
778,0.54787678562938,0.499333895504451,0.536550800175894,0.003996003996004,17,0.017982017982018,TRUE,0.531222772401126,1000,1683,26,"differential_object_marking","by_session_language","session_3_Mini-English",3,"Mini-English",NA,FALSE,"exploratory"
782,0.559504839938008,0.499627324508914,0.535066634971927,0.000999000999000999,17,0.017982017982018,TRUE,0.531222772401126,1000,1683,26,"differential_object_marking","by_session_language","session_3_Mini-English",3,"Mini-English",NA,FALSE,"exploratory"
786,0.556750790216842,0.499294768143463,0.537310677751928,0.001998001998002,17,0.017982017982018,TRUE,0.531222772401126,1000,1683,26,"differential_object_marking","by_session_language","session_3_Mini-English",3,"Mini-English",NA,FALSE,"exploratory"
790,0.546263098648434,0.499437771981456,0.536747164139179,0.00899100899100899,17,0.017982017982018,TRUE,0.531222772401126,1000,1683,26,"differential_object_marking","by_session_language","session_3_Mini-English",3,"Mini-English",NA,FALSE,"exploratory"
794,0.540200799276917,0.499470192727081,0.536312168967805,0.014985014985015,17,0.017982017982018,TRUE,0.531222772401126,1000,1683,26,"differential_object_marking","by_session_language","session_3_Mini-English",3,"Mini-English",NA,FALSE,"exploratory"
798,0.537446294455602,0.499449078544172,0.535391420244491,0.014985014985015,17,0.017982017982018,TRUE,0.531222772401126,1000,1683,26,"differential_object_marking","by_session_language","session_3_Mini-English",3,"Mini-English",NA,FALSE,"exploratory"
802,0.545609003772382,0.499652308727108,0.535855304032734,0.00999000999000999,17,0.017982017982018,TRUE,0.531222772401126,1000,1683,26,"differential_object_marking","by_session_language","session_3_Mini-English",3,"Mini-English",NA,FALSE,"exploratory"
806,0.541300585576366,0.499629035536229,0.53469982455896,0.010989010989011,17,0.017982017982018,TRUE,0.531222772401126,1000,1683,26,"differential_object_marking","by_session_language","session_3_Mini-English",3,"Mini-English",NA,FALSE,"exploratory"
810,0.535435529127475,0.499528923074071,0.533954782014563,0.021978021978022,17,0.017982017982018,TRUE,0.531222772401126,1000,1683,26,"differential_object_marking","by_session_language","session_3_Mini-English",3,"Mini-English",NA,FALSE,"exploratory"
814,0.529855139057715,0.499802124740469,0.535526865106129,0.051948051948052,NA,NA,FALSE,0.531222772401126,1000,1683,26,"differential_object_marking","by_session_language","session_3_Mini-English",3,"Mini-English",NA,FALSE,"exploratory"
818,0.523013007273578,0.500144951326908,0.535976259168213,0.115884115884116,NA,NA,FALSE,0.531222772401126,1000,1683,26,"differential_object_marking","by_session_language","session_3_Mini-English",3,"Mini-English",NA,FALSE,"exploratory"
822,0.532733478068841,0.500121411192972,0.536635977011195,0.047952047952048,18,0.218781218781219,FALSE,0.531222772401126,1000,1683,26,"differential_object_marking","by_session_language","session_3_Mini-English",3,"Mini-English",NA,FALSE,"exploratory"
826,0.53275739654938,0.50038419002685,0.536072311585004,0.040959040959041,18,0.218781218781219,FALSE,0.531222772401126,1000,1683,26,"differential_object_marking","by_session_language","session_3_Mini-English",3,"Mini-English",NA,FALSE,"exploratory"
830,0.547057374408806,0.500446870592529,0.534236317684412,0.00599400599400599,18,0.218781218781219,FALSE,0.531222772401126,1000,1683,26,"differential_object_marking","by_session_language","session_3_Mini-English",3,"Mini-English",NA,FALSE,"exploratory"
834,0.554659568877284,0.500581156167117,0.535608479553552,0.000999000999000999,18,0.218781218781219,FALSE,0.531222772401126,1000,1683,26,"differential_object_marking","by_session_language","session_3_Mini-English",3,"Mini-English",NA,FALSE,"exploratory"
838,0.545054331560285,0.500618135177645,0.535930972186575,0.00699300699300699,18,0.218781218781219,FALSE,0.531222772401126,1000,1683,26,"differential_object_marking","by_session_language","session_3_Mini-English",3,"Mini-English",NA,FALSE,"exploratory"
842,0.536770180558233,0.50062326104908,0.535060427867137,0.018981018981019,18,0.218781218781219,FALSE,0.531222772401126,1000,1683,26,"differential_object_marking","by_session_language","session_3_Mini-English",3,"Mini-English",NA,FALSE,"exploratory"
846,0.53545522944637,0.501053749262166,0.535232980495557,0.024975024975025,18,0.218781218781219,FALSE,0.531222772401126,1000,1683,26,"differential_object_marking","by_session_language","session_3_Mini-English",3,"Mini-English",NA,FALSE,"exploratory"
850,0.528081362566253,0.500900231279665,0.534004257190673,0.0599400599400599,NA,NA,FALSE,0.531222772401126,1000,1683,26,"differential_object_marking","by_session_language","session_3_Mini-English",3,"Mini-English",NA,FALSE,"exploratory"
854,0.538140703167431,0.500007248390169,0.535166815957403,0.016983016983017,19,0.141858141858142,FALSE,0.531222772401126,1000,1683,26,"differential_object_marking","by_session_language","session_3_Mini-English",3,"Mini-English",NA,FALSE,"exploratory"
858,0.553548875016245,0.500090316000615,0.53712217490219,0.003996003996004,19,0.141858141858142,FALSE,0.531222772401126,1000,1683,26,"differential_object_marking","by_session_language","session_3_Mini-English",3,"Mini-English",NA,FALSE,"exploratory"
862,0.555999824529697,0.500469742126324,0.538438891502759,0.001998001998002,19,0.141858141858142,FALSE,0.531222772401126,1000,1683,26,"differential_object_marking","by_session_language","session_3_Mini-English",3,"Mini-English",NA,FALSE,"exploratory"
866,0.546942578990311,0.500413564966864,0.539772728976045,0.00899100899100899,19,0.141858141858142,FALSE,0.531222772401126,1000,1683,26,"differential_object_marking","by_session_language","session_3_Mini-English",3,"Mini-English",NA,FALSE,"exploratory"
870,0.542779897461594,0.50017508761528,0.539158108876476,0.011988011988012,19,0.141858141858142,FALSE,0.531222772401126,1000,1683,26,"differential_object_marking","by_session_language","session_3_Mini-English",3,"Mini-English",NA,FALSE,"exploratory"
874,0.532887368885878,0.499809359053681,0.536684125365619,0.044955044955045,19,0.141858141858142,FALSE,0.531222772401126,1000,1683,26,"differential_object_marking","by_session_language","session_3_Mini-English",3,"Mini-English",NA,FALSE,"exploratory"
878,0.533992367994517,0.499674495918815,0.536725967142227,0.03996003996004,19,0.141858141858142,FALSE,0.531222772401126,1000,1683,26,"differential_object_marking","by_session_language","session_3_Mini-English",3,"Mini-English",NA,FALSE,"exploratory"
882,0.530849861645485,0.500082244013809,0.537044220688568,0.0589410589410589,NA,NA,FALSE,0.531222772401126,1000,1683,26,"differential_object_marking","by_session_language","session_3_Mini-English",3,"Mini-English",NA,FALSE,"exploratory"
886,0.527145784135575,0.50054790485558,0.536842131908423,0.0869130869130869,NA,NA,FALSE,0.531222772401126,1000,1683,26,"differential_object_marking","by_session_language","session_3_Mini-English",3,"Mini-English",NA,FALSE,"exploratory"
890,0.517037948835911,0.500709471434328,0.537337578437703,0.211788211788212,NA,NA,FALSE,0.531222772401126,1000,1683,26,"differential_object_marking","by_session_language","session_3_Mini-English",3,"Mini-English",NA,FALSE,"exploratory"
894,0.495604056464161,0.500086529374815,0.535963534212336,0.598401598401598,NA,NA,FALSE,0.531222772401126,1000,1683,26,"differential_object_marking","by_session_language","session_3_Mini-English",3,"Mini-English",NA,FALSE,"exploratory"
898,0.498902866000843,0.49984176225752,0.535410777708279,0.527472527472527,NA,NA,FALSE,0.531222772401126,1000,1683,26,"differential_object_marking","by_session_language","session_3_Mini-English",3,"Mini-English",NA,FALSE,"exploratory"
902,0.50639857377248,0.500422436628652,0.536145533986136,0.384615384615385,NA,NA,FALSE,0.531222772401126,1000,1683,26,"differential_object_marking","by_session_language","session_3_Mini-English",3,"Mini-English",NA,FALSE,"exploratory"
906,0.518605789502665,0.500995422932535,0.538022916147958,0.18981018981019,NA,NA,FALSE,0.531222772401126,1000,1683,26,"differential_object_marking","by_session_language","session_3_Mini-English",3,"Mini-English",NA,FALSE,"exploratory"
910,0.536320353184441,0.501449567586477,0.538116812040225,0.036963036963037,20,0.0689310689310689,FALSE,0.531222772401126,1000,1683,26,"differential_object_marking","by_session_language","session_3_Mini-English",3,"Mini-English",NA,FALSE,"exploratory"
914,0.553595491803666,0.501667922885245,0.539672132677974,0.004995004995005,20,0.0689310689310689,FALSE,0.531222772401126,1000,1683,26,"differential_object_marking","by_session_language","session_3_Mini-English",3,"Mini-English",NA,FALSE,"exploratory"
918,0.560149677653073,0.501266074606935,0.540340697095085,0.001998001998002,20,0.0689310689310689,FALSE,0.531222772401126,1000,1683,26,"differential_object_marking","by_session_language","session_3_Mini-English",3,"Mini-English",NA,FALSE,"exploratory"
922,0.551843274743377,0.501085936903584,0.539165610435116,0.002997002997003,20,0.0689310689310689,FALSE,0.531222772401126,1000,1683,26,"differential_object_marking","by_session_language","session_3_Mini-English",3,"Mini-English",NA,FALSE,"exploratory"
926,0.548491242905559,0.50151293207848,0.53920134438687,0.00599400599400599,20,0.0689310689310689,FALSE,0.531222772401126,1000,1683,26,"differential_object_marking","by_session_language","session_3_Mini-English",3,"Mini-English",NA,FALSE,"exploratory"
930,0.544409693796722,0.50115471268778,0.536963117162027,0.010989010989011,20,0.0689310689310689,FALSE,0.531222772401126,1000,1683,26,"differential_object_marking","by_session_language","session_3_Mini-English",3,"Mini-English",NA,FALSE,"exploratory"
934,0.537759942782707,0.501131289174565,0.537325920726922,0.024975024975025,20,0.0689310689310689,FALSE,0.531222772401126,1000,1683,26,"differential_object_marking","by_session_language","session_3_Mini-English",3,"Mini-English",NA,FALSE,"exploratory"
938,0.529268106859807,0.501144901380887,0.536040149963088,0.0679320679320679,NA,NA,FALSE,0.531222772401126,1000,1683,26,"differential_object_marking","by_session_language","session_3_Mini-English",3,"Mini-English",NA,FALSE,"exploratory"
942,0.540883340972721,0.500848162377918,0.53840249471625,0.017982017982018,21,0.424575424575425,FALSE,0.531222772401126,1000,1683,26,"differential_object_marking","by_session_language","session_3_Mini-English",3,"Mini-English",NA,FALSE,"exploratory"
946,0.540962140674928,0.500676341288947,0.537582839147271,0.014985014985015,21,0.424575424575425,FALSE,0.531222772401126,1000,1683,26,"differential_object_marking","by_session_language","session_3_Mini-English",3,"Mini-English",NA,FALSE,"exploratory"
950,0.542778334473695,0.501278925731878,0.536626089506964,0.013986013986014,21,0.424575424575425,FALSE,0.531222772401126,1000,1683,26,"differential_object_marking","by_session_language","session_3_Mini-English",3,"Mini-English",NA,FALSE,"exploratory"
954,0.538718419412695,0.501558323383654,0.536445819774006,0.01998001998002,21,0.424575424575425,FALSE,0.531222772401126,1000,1683,26,"differential_object_marking","by_session_language","session_3_Mini-English",3,"Mini-English",NA,FALSE,"exploratory"
958,0.525311812764841,0.501468291832623,0.53556808298557,0.102897102897103,NA,NA,FALSE,0.531222772401126,1000,1683,26,"differential_object_marking","by_session_language","session_3_Mini-English",3,"Mini-English",NA,FALSE,"exploratory"
962,0.530120146128167,0.501050898841237,0.537323889351067,0.0599400599400599,NA,NA,FALSE,0.531222772401126,1000,1683,26,"differential_object_marking","by_session_language","session_3_Mini-English",3,"Mini-English",NA,FALSE,"exploratory"
966,0.53277695547904,0.500345806614912,0.537495254105624,0.044955044955045,22,0.180819180819181,FALSE,0.531222772401126,1000,1683,26,"differential_object_marking","by_session_language","session_3_Mini-English",3,"Mini-English",NA,FALSE,"exploratory"
970,0.537466183639448,0.500378240289046,0.537782221042829,0.027972027972028,22,0.180819180819181,FALSE,0.531222772401126,1000,1683,26,"differential_object_marking","by_session_language","session_3_Mini-English",3,"Mini-English",NA,FALSE,"exploratory"
974,0.55301909406994,0.500296109481758,0.538188102256072,0.004995004995005,22,0.180819180819181,FALSE,0.531222772401126,1000,1683,26,"differential_object_marking","by_session_language","session_3_Mini-English",3,"Mini-English",NA,FALSE,"exploratory"
978,0.546020604446385,0.500564531363787,0.537153909690964,0.011988011988012,22,0.180819180819181,FALSE,0.531222772401126,1000,1683,26,"differential_object_marking","by_session_language","session_3_Mini-English",3,"Mini-English",NA,FALSE,"exploratory"
982,0.550176093342381,0.500545390626613,0.539338898041882,0.00699300699300699,22,0.180819180819181,FALSE,0.531222772401126,1000,1683,26,"differential_object_marking","by_session_language","session_3_Mini-English",3,"Mini-English",NA,FALSE,"exploratory"
986,0.541064414160238,0.50045038164942,0.537748199046754,0.017982017982018,22,0.180819180819181,FALSE,0.531222772401126,1000,1683,26,"differential_object_marking","by_session_language","session_3_Mini-English",3,"Mini-English",NA,FALSE,"exploratory"
990,0.527981205736932,0.500320090707425,0.537346641479029,0.0759240759240759,NA,NA,FALSE,0.531222772401126,1000,1683,26,"differential_object_marking","by_session_language","session_3_Mini-English",3,"Mini-English",NA,FALSE,"exploratory"
994,0.520315424604409,0.500756508714743,0.540369714280763,0.157842157842158,NA,NA,FALSE,0.531222772401126,1000,1683,26,"differential_object_marking","by_session_language","session_3_Mini-English",3,"Mini-English",NA,FALSE,"exploratory"
998,0.514874899881622,0.500731479810951,0.537744100377034,0.252747252747253,NA,NA,FALSE,0.531222772401126,1000,1683,26,"differential_object_marking","by_session_language","session_3_Mini-English",3,"Mini-English",NA,FALSE,"exploratory"
1002,0.526846315136032,0.500352498739454,0.540366265745278,0.0959040959040959,NA,NA,FALSE,0.531222772401126,1000,1683,26,"differential_object_marking","by_session_language","session_3_Mini-English",3,"Mini-English",NA,FALSE,"exploratory"
1006,0.536852522479785,0.50015352720778,0.538627619877293,0.034965034965035,23,0.043956043956044,TRUE,0.531222772401126,1000,1683,26,"differential_object_marking","by_session_language","session_3_Mini-English",3,"Mini-English",NA,FALSE,"exploratory"
1010,0.539837965742704,0.500072362067439,0.537360957166347,0.018981018981019,23,0.043956043956044,TRUE,0.531222772401126,1000,1683,26,"differential_object_marking","by_session_language","session_3_Mini-English",3,"Mini-English",NA,FALSE,"exploratory"
1014,0.545118628633895,0.499987071758408,0.536649124628065,0.00999000999000999,23,0.043956043956044,TRUE,0.531222772401126,1000,1683,26,"differential_object_marking","by_session_language","session_3_Mini-English",3,"Mini-English",NA,FALSE,"exploratory"
1018,0.553492560110228,0.500122671454246,0.537434980459948,0.001998001998002,23,0.043956043956044,TRUE,0.531222772401126,1000,1683,26,"differential_object_marking","by_session_language","session_3_Mini-English",3,"Mini-English",NA,FALSE,"exploratory"
1022,0.563908665371438,0.499818234790309,0.537637323591052,0.000999000999000999,23,0.043956043956044,TRUE,0.531222772401126,1000,1683,26,"differential_object_marking","by_session_language","session_3_Mini-English",3,"Mini-English",NA,FALSE,"exploratory"
1026,0.558323483178983,0.499836408548452,0.53562828662806,0.002997002997003,23,0.043956043956044,TRUE,0.531222772401126,1000,1683,26,"differential_object_marking","by_session_language","session_3_Mini-English",3,"Mini-English",NA,FALSE,"exploratory"
1030,0.549188046800026,0.49994890596689,0.536841885249278,0.00799200799200799,23,0.043956043956044,TRUE,0.531222772401126,1000,1683,26,"differential_object_marking","by_session_language","session_3_Mini-English",3,"Mini-English",NA,FALSE,"exploratory"
1034,0.541210702651793,0.499853917837078,0.537219320259538,0.015984015984016,23,0.043956043956044,TRUE,0.531222772401126,1000,1683,26,"differential_object_marking","by_session_language","session_3_Mini-English",3,"Mini-English",NA,FALSE,"exploratory"
1038,0.523247401203491,0.500272305909689,0.536918352597188,0.118881118881119,NA,NA,FALSE,0.531222772401126,1000,1683,26,"differential_object_marking","by_session_language","session_3_Mini-English",3,"Mini-English",NA,FALSE,"exploratory"
1042,0.526982774044586,0.500656738758252,0.537187892075051,0.0849150849150849,NA,NA,FALSE,0.531222772401126,1000,1683,26,"differential_object_marking","by_session_language","session_3_Mini-English",3,"Mini-English",NA,FALSE,"exploratory"
1046,0.538765834985135,0.50119996218287,0.536532190202468,0.020979020979021,24,0.508491508491508,FALSE,0.531222772401126,1000,1683,26,"differential_object_marking","by_session_language","session_3_Mini-English",3,"Mini-English",NA,FALSE,"exploratory"
1050,0.541634761541628,0.501308516370468,0.536587738146172,0.012987012987013,24,0.508491508491508,FALSE,0.531222772401126,1000,1683,26,"differential_object_marking","by_session_language","session_3_Mini-English",3,"Mini-English",NA,FALSE,"exploratory"
1054,0.540081319516633,0.501398171431696,0.536994610128914,0.017982017982018,24,0.508491508491508,FALSE,0.531222772401126,1000,1683,26,"differential_object_marking","by_session_language","session_3_Mini-English",3,"Mini-English",NA,FALSE,"exploratory"
1058,0.532727766067675,0.500903905756307,0.536430662897912,0.043956043956044,24,0.508491508491508,FALSE,0.531222772401126,1000,1683,26,"differential_object_marking","by_session_language","session_3_Mini-English",3,"Mini-English",NA,FALSE,"exploratory"
1062,0.533931394986457,0.500177498259202,0.535929359497839,0.033966033966034,24,0.508491508491508,FALSE,0.531222772401126,1000,1683,26,"differential_object_marking","by_session_language","session_3_Mini-English",3,"Mini-English",NA,FALSE,"exploratory"
1066,0.528677624149157,0.499812820853526,0.536232684261954,0.0539460539460539,NA,NA,FALSE,0.531222772401126,1000,1683,26,"differential_object_marking","by_session_language","session_3_Mini-English",3,"Mini-English",NA,FALSE,"exploratory"
1070,0.530474029934607,0.499956379728063,0.536230936242824,0.0539460539460539,NA,NA,FALSE,0.531222772401126,1000,1683,26,"differential_object_marking","by_session_language","session_3_Mini-English",3,"Mini-English",NA,FALSE,"exploratory"
1074,0.524699899192632,0.500563989290263,0.537131254657275,0.0929070929070929,NA,NA,FALSE,0.531222772401126,1000,1683,26,"differential_object_marking","by_session_language","session_3_Mini-English",3,"Mini-English",NA,FALSE,"exploratory"
1078,0.522635213475962,0.501530930407858,0.535269682608493,0.112887112887113,NA,NA,FALSE,0.531222772401126,1000,1683,26,"differential_object_marking","by_session_language","session_3_Mini-English",3,"Mini-English",NA,FALSE,"exploratory"
1082,0.515277569699993,0.501775318496915,0.537008875628204,0.248751248751249,NA,NA,FALSE,0.531222772401126,1000,1683,26,"differential_object_marking","by_session_language","session_3_Mini-English",3,"Mini-English",NA,FALSE,"exploratory"
1086,0.514845435781747,0.501397429632531,0.53795354870855,0.256743256743257,NA,NA,FALSE,0.531222772401126,1000,1683,26,"differential_object_marking","by_session_language","session_3_Mini-English",3,"Mini-English",NA,FALSE,"exploratory"
1090,0.52364466943137,0.500859813268801,0.537322971478105,0.120879120879121,NA,NA,FALSE,0.531222772401126,1000,1683,26,"differential_object_marking","by_session_language","session_3_Mini-English",3,"Mini-English",NA,FALSE,"exploratory"
1094,0.523951742765868,0.500854642922866,0.535167208410934,0.105894105894106,NA,NA,FALSE,0.531222772401126,1000,1683,26,"differential_object_marking","by_session_language","session_3_Mini-English",3,"Mini-English",NA,FALSE,"exploratory"
1098,0.53111459036846,0.500750629022142,0.535180764716438,0.044955044955045,NA,NA,FALSE,0.531222772401126,1000,1683,26,"differential_object_marking","by_session_language","session_3_Mini-English",3,"Mini-English",NA,FALSE,"exploratory"
-98,0.577066244245055,0.499356393357628,0.539147381314289,0.000999000999000999,1,0.023976023976024,TRUE,0.53181202759139,1000,1616,26,"differential_object_marking","by_session_language","session_3_Mini-Norwegian",3,"Mini-Norwegian",NA,FALSE,"exploratory"
-94,0.554926212578372,0.499374628835306,0.537228638001152,0.002997002997003,1,0.023976023976024,TRUE,0.53181202759139,1000,1616,26,"differential_object_marking","by_session_language","session_3_Mini-Norwegian",3,"Mini-Norwegian",NA,FALSE,"exploratory"
-90,0.542487556319079,0.499695369590344,0.535425015823551,0.013986013986014,1,0.023976023976024,TRUE,0.53181202759139,1000,1616,26,"differential_object_marking","by_session_language","session_3_Mini-Norwegian",3,"Mini-Norwegian",NA,FALSE,"exploratory"
-86,0.550269442935885,0.499802804310649,0.539411273584789,0.004995004995005,1,0.023976023976024,TRUE,0.53181202759139,1000,1616,26,"differential_object_marking","by_session_language","session_3_Mini-Norwegian",3,"Mini-Norwegian",NA,FALSE,"exploratory"
-82,0.56912420716889,0.499361256609857,0.536317634025816,0.000999000999000999,1,0.023976023976024,TRUE,0.53181202759139,1000,1616,26,"differential_object_marking","by_session_language","session_3_Mini-Norwegian",3,"Mini-Norwegian",NA,FALSE,"exploratory"
-78,0.570327162795356,0.49909616742907,0.536206984559777,0.000999000999000999,1,0.023976023976024,TRUE,0.53181202759139,1000,1616,26,"differential_object_marking","by_session_language","session_3_Mini-Norwegian",3,"Mini-Norwegian",NA,FALSE,"exploratory"
-74,0.543710464106696,0.499234708718777,0.538125626443357,0.011988011988012,1,0.023976023976024,TRUE,0.53181202759139,1000,1616,26,"differential_object_marking","by_session_language","session_3_Mini-Norwegian",3,"Mini-Norwegian",NA,FALSE,"exploratory"
-70,0.512028648349079,0.499527955035923,0.538333459297966,0.268731268731269,NA,NA,FALSE,0.53181202759139,1000,1616,26,"differential_object_marking","by_session_language","session_3_Mini-Norwegian",3,"Mini-Norwegian",NA,FALSE,"exploratory"
-66,0.507750039177242,0.499689652173656,0.54003587464699,0.34965034965035,NA,NA,FALSE,0.53181202759139,1000,1616,26,"differential_object_marking","by_session_language","session_3_Mini-Norwegian",3,"Mini-Norwegian",NA,FALSE,"exploratory"
-62,0.500581736178794,0.49970608682859,0.535268549993613,0.502497502497502,NA,NA,FALSE,0.53181202759139,1000,1616,26,"differential_object_marking","by_session_language","session_3_Mini-Norwegian",3,"Mini-Norwegian",NA,FALSE,"exploratory"
-58,0.50020960222829,0.499607490867932,0.536153033222545,0.491508491508492,NA,NA,FALSE,0.53181202759139,1000,1616,26,"differential_object_marking","by_session_language","session_3_Mini-Norwegian",3,"Mini-Norwegian",NA,FALSE,"exploratory"
-54,0.505672437589899,0.499579368234057,0.535212521422549,0.406593406593407,NA,NA,FALSE,0.53181202759139,1000,1616,26,"differential_object_marking","by_session_language","session_3_Mini-Norwegian",3,"Mini-Norwegian",NA,FALSE,"exploratory"
-50,0.515116184259339,0.499920571069688,0.536595260725894,0.230769230769231,NA,NA,FALSE,0.53181202759139,1000,1616,26,"differential_object_marking","by_session_language","session_3_Mini-Norwegian",3,"Mini-Norwegian",NA,FALSE,"exploratory"
-46,0.51771695572183,0.500203952882899,0.536536294747199,0.196803196803197,NA,NA,FALSE,0.53181202759139,1000,1616,26,"differential_object_marking","by_session_language","session_3_Mini-Norwegian",3,"Mini-Norwegian",NA,FALSE,"exploratory"
-42,0.495720058559348,0.500024339998659,0.538239175278823,0.583416583416583,NA,NA,FALSE,0.53181202759139,1000,1616,26,"differential_object_marking","by_session_language","session_3_Mini-Norwegian",3,"Mini-Norwegian",NA,FALSE,"exploratory"
-38,0.471481639381464,0.499962218426515,0.536868467318459,0.926073926073926,NA,NA,FALSE,0.53181202759139,1000,1616,26,"differential_object_marking","by_session_language","session_3_Mini-Norwegian",3,"Mini-Norwegian",NA,FALSE,"exploratory"
-34,0.496163921596518,0.499598384195038,0.539507355263586,0.569430569430569,NA,NA,FALSE,0.53181202759139,1000,1616,26,"differential_object_marking","by_session_language","session_3_Mini-Norwegian",3,"Mini-Norwegian",NA,FALSE,"exploratory"
-30,0.533668837252576,0.499181439368283,0.53645863535999,0.03996003996004,2,0.000999000999000999,TRUE,0.53181202759139,1000,1616,26,"differential_object_marking","by_session_language","session_3_Mini-Norwegian",3,"Mini-Norwegian",NA,FALSE,"exploratory"
-26,0.563145720973129,0.49958010357387,0.536435218419768,0.000999000999000999,2,0.000999000999000999,TRUE,0.53181202759139,1000,1616,26,"differential_object_marking","by_session_language","session_3_Mini-Norwegian",3,"Mini-Norwegian",NA,FALSE,"exploratory"
-22,0.562569153492554,0.499956756103943,0.535995113031322,0.000999000999000999,2,0.000999000999000999,TRUE,0.53181202759139,1000,1616,26,"differential_object_marking","by_session_language","session_3_Mini-Norwegian",3,"Mini-Norwegian",NA,FALSE,"exploratory"
-18,0.549157861679329,0.499729044673635,0.535078964109372,0.004995004995005,2,0.000999000999000999,TRUE,0.53181202759139,1000,1616,26,"differential_object_marking","by_session_language","session_3_Mini-Norwegian",3,"Mini-Norwegian",NA,FALSE,"exploratory"
-14,0.558080559733531,0.49993102852541,0.536305770759324,0.000999000999000999,2,0.000999000999000999,TRUE,0.53181202759139,1000,1616,26,"differential_object_marking","by_session_language","session_3_Mini-Norwegian",3,"Mini-Norwegian",NA,FALSE,"exploratory"
-10,0.563594897958777,0.500037425740915,0.539118615714032,0.000999000999000999,2,0.000999000999000999,TRUE,0.53181202759139,1000,1616,26,"differential_object_marking","by_session_language","session_3_Mini-Norwegian",3,"Mini-Norwegian",NA,FALSE,"exploratory"
-6,0.541240203821305,0.500133821312289,0.53891212781818,0.017982017982018,2,0.000999000999000999,TRUE,0.53181202759139,1000,1616,26,"differential_object_marking","by_session_language","session_3_Mini-Norwegian",3,"Mini-Norwegian",NA,FALSE,"exploratory"
-2,0.53885843279467,0.499870790987379,0.5363727782295,0.01998001998002,2,0.000999000999000999,TRUE,0.53181202759139,1000,1616,26,"differential_object_marking","by_session_language","session_3_Mini-Norwegian",3,"Mini-Norwegian",NA,FALSE,"exploratory"
2,0.549688610802383,0.499747717459317,0.537210784462256,0.00599400599400599,2,0.000999000999000999,TRUE,0.53181202759139,1000,1616,26,"differential_object_marking","by_session_language","session_3_Mini-Norwegian",3,"Mini-Norwegian",NA,FALSE,"exploratory"
6,0.557308166646211,0.499578056108406,0.537400583118886,0.000999000999000999,2,0.000999000999000999,TRUE,0.53181202759139,1000,1616,26,"differential_object_marking","by_session_language","session_3_Mini-Norwegian",3,"Mini-Norwegian",NA,FALSE,"exploratory"
10,0.547807166297064,0.498977189119741,0.535408443882743,0.002997002997003,2,0.000999000999000999,TRUE,0.53181202759139,1000,1616,26,"differential_object_marking","by_session_language","session_3_Mini-Norwegian",3,"Mini-Norwegian",NA,FALSE,"exploratory"
14,0.554935840198532,0.498877428288001,0.536854974275881,0.000999000999000999,2,0.000999000999000999,TRUE,0.53181202759139,1000,1616,26,"differential_object_marking","by_session_language","session_3_Mini-Norwegian",3,"Mini-Norwegian",NA,FALSE,"exploratory"
18,0.570255709242252,0.49872912370071,0.536988058642769,0.000999000999000999,2,0.000999000999000999,TRUE,0.53181202759139,1000,1616,26,"differential_object_marking","by_session_language","session_3_Mini-Norwegian",3,"Mini-Norwegian",NA,FALSE,"exploratory"
22,0.578569359712068,0.499054597388407,0.538248197212062,0.000999000999000999,2,0.000999000999000999,TRUE,0.53181202759139,1000,1616,26,"differential_object_marking","by_session_language","session_3_Mini-Norwegian",3,"Mini-Norwegian",NA,FALSE,"exploratory"
26,0.581350886301068,0.499619431915868,0.53723287187055,0.000999000999000999,2,0.000999000999000999,TRUE,0.53181202759139,1000,1616,26,"differential_object_marking","by_session_language","session_3_Mini-Norwegian",3,"Mini-Norwegian",NA,FALSE,"exploratory"
30,0.587297064080471,0.499815551180395,0.536948090985037,0.000999000999000999,2,0.000999000999000999,TRUE,0.53181202759139,1000,1616,26,"differential_object_marking","by_session_language","session_3_Mini-Norwegian",3,"Mini-Norwegian",NA,FALSE,"exploratory"
34,0.578107375858544,0.499763383060316,0.537744320794304,0.000999000999000999,2,0.000999000999000999,TRUE,0.53181202759139,1000,1616,26,"differential_object_marking","by_session_language","session_3_Mini-Norwegian",3,"Mini-Norwegian",NA,FALSE,"exploratory"
38,0.565514943890205,0.499414409525927,0.536036511041201,0.000999000999000999,2,0.000999000999000999,TRUE,0.53181202759139,1000,1616,26,"differential_object_marking","by_session_language","session_3_Mini-Norwegian",3,"Mini-Norwegian",NA,FALSE,"exploratory"
42,0.55895489061748,0.499012695414183,0.534799049306571,0.000999000999000999,2,0.000999000999000999,TRUE,0.53181202759139,1000,1616,26,"differential_object_marking","by_session_language","session_3_Mini-Norwegian",3,"Mini-Norwegian",NA,FALSE,"exploratory"
46,0.568703377183678,0.499244784229062,0.534213451834007,0.000999000999000999,2,0.000999000999000999,TRUE,0.53181202759139,1000,1616,26,"differential_object_marking","by_session_language","session_3_Mini-Norwegian",3,"Mini-Norwegian",NA,FALSE,"exploratory"
50,0.582854319348968,0.499932409076021,0.534947495413559,0.000999000999000999,2,0.000999000999000999,TRUE,0.53181202759139,1000,1616,26,"differential_object_marking","by_session_language","session_3_Mini-Norwegian",3,"Mini-Norwegian",NA,FALSE,"exploratory"
54,0.575321892019534,0.500243772763873,0.537087919093203,0.000999000999000999,2,0.000999000999000999,TRUE,0.53181202759139,1000,1616,26,"differential_object_marking","by_session_language","session_3_Mini-Norwegian",3,"Mini-Norwegian",NA,FALSE,"exploratory"
58,0.573416765172857,0.499247756666742,0.537950061658097,0.000999000999000999,2,0.000999000999000999,TRUE,0.53181202759139,1000,1616,26,"differential_object_marking","by_session_language","session_3_Mini-Norwegian",3,"Mini-Norwegian",NA,FALSE,"exploratory"
62,0.563106392516793,0.49822320876435,0.536659800529422,0.001998001998002,2,0.000999000999000999,TRUE,0.53181202759139,1000,1616,26,"differential_object_marking","by_session_language","session_3_Mini-Norwegian",3,"Mini-Norwegian",NA,FALSE,"exploratory"
66,0.553649602763198,0.4986166135317,0.534930589071447,0.001998001998002,2,0.000999000999000999,TRUE,0.53181202759139,1000,1616,26,"differential_object_marking","by_session_language","session_3_Mini-Norwegian",3,"Mini-Norwegian",NA,FALSE,"exploratory"
70,0.543286721956396,0.498927979899754,0.535533998730518,0.00899100899100899,2,0.000999000999000999,TRUE,0.53181202759139,1000,1616,26,"differential_object_marking","by_session_language","session_3_Mini-Norwegian",3,"Mini-Norwegian",NA,FALSE,"exploratory"
74,0.531710564573675,0.499049369709756,0.535662025721434,0.04995004995005,NA,NA,FALSE,0.53181202759139,1000,1616,26,"differential_object_marking","by_session_language","session_3_Mini-Norwegian",3,"Mini-Norwegian",NA,FALSE,"exploratory"
78,0.524968261886383,0.499356545542735,0.537310500880229,0.102897102897103,NA,NA,FALSE,0.53181202759139,1000,1616,26,"differential_object_marking","by_session_language","session_3_Mini-Norwegian",3,"Mini-Norwegian",NA,FALSE,"exploratory"
82,0.537866656294578,0.49995835805815,0.536777783927959,0.021978021978022,3,0.000999000999000999,TRUE,0.53181202759139,1000,1616,26,"differential_object_marking","by_session_language","session_3_Mini-Norwegian",3,"Mini-Norwegian",NA,FALSE,"exploratory"
86,0.538717636158158,0.500120041773822,0.538307594085946,0.025974025974026,3,0.000999000999000999,TRUE,0.53181202759139,1000,1616,26,"differential_object_marking","by_session_language","session_3_Mini-Norwegian",3,"Mini-Norwegian",NA,FALSE,"exploratory"
90,0.546355464463899,0.500172494632515,0.53807012834545,0.00899100899100899,3,0.000999000999000999,TRUE,0.53181202759139,1000,1616,26,"differential_object_marking","by_session_language","session_3_Mini-Norwegian",3,"Mini-Norwegian",NA,FALSE,"exploratory"
94,0.548419482508207,0.500193686905299,0.538604847260019,0.00699300699300699,3,0.000999000999000999,TRUE,0.53181202759139,1000,1616,26,"differential_object_marking","by_session_language","session_3_Mini-Norwegian",3,"Mini-Norwegian",NA,FALSE,"exploratory"
98,0.55349387573199,0.500758421894085,0.540546690242575,0.003996003996004,3,0.000999000999000999,TRUE,0.53181202759139,1000,1616,26,"differential_object_marking","by_session_language","session_3_Mini-Norwegian",3,"Mini-Norwegian",NA,FALSE,"exploratory"
102,0.545496096412689,0.501001255304806,0.538850737452705,0.00999000999000999,3,0.000999000999000999,TRUE,0.53181202759139,1000,1616,26,"differential_object_marking","by_session_language","session_3_Mini-Norwegian",3,"Mini-Norwegian",NA,FALSE,"exploratory"
106,0.543596257761733,0.500849258940134,0.537211479572851,0.00699300699300699,3,0.000999000999000999,TRUE,0.53181202759139,1000,1616,26,"differential_object_marking","by_session_language","session_3_Mini-Norwegian",3,"Mini-Norwegian",NA,FALSE,"exploratory"
110,0.540179687311003,0.500096207709,0.538471495859016,0.016983016983017,3,0.000999000999000999,TRUE,0.53181202759139,1000,1616,26,"differential_object_marking","by_session_language","session_3_Mini-Norwegian",3,"Mini-Norwegian",NA,FALSE,"exploratory"
114,0.545681775781135,0.500283405643176,0.538099198702204,0.00799200799200799,3,0.000999000999000999,TRUE,0.53181202759139,1000,1616,26,"differential_object_marking","by_session_language","session_3_Mini-Norwegian",3,"Mini-Norwegian",NA,FALSE,"exploratory"
118,0.547320606230475,0.500569141356611,0.538682142580669,0.00699300699300699,3,0.000999000999000999,TRUE,0.53181202759139,1000,1616,26,"differential_object_marking","by_session_language","session_3_Mini-Norwegian",3,"Mini-Norwegian",NA,FALSE,"exploratory"
122,0.555085423689078,0.500903259153006,0.53758893149064,0.00599400599400599,3,0.000999000999000999,TRUE,0.53181202759139,1000,1616,26,"differential_object_marking","by_session_language","session_3_Mini-Norwegian",3,"Mini-Norwegian",NA,FALSE,"exploratory"
126,0.570817627966679,0.501060311882944,0.53919185823998,0.000999000999000999,3,0.000999000999000999,TRUE,0.53181202759139,1000,1616,26,"differential_object_marking","by_session_language","session_3_Mini-Norwegian",3,"Mini-Norwegian",NA,FALSE,"exploratory"
130,0.585239627409216,0.500728286659814,0.538671888555667,0.000999000999000999,3,0.000999000999000999,TRUE,0.53181202759139,1000,1616,26,"differential_object_marking","by_session_language","session_3_Mini-Norwegian",3,"Mini-Norwegian",NA,FALSE,"exploratory"
134,0.582233183239332,0.500450683877798,0.538831492877613,0.000999000999000999,3,0.000999000999000999,TRUE,0.53181202759139,1000,1616,26,"differential_object_marking","by_session_language","session_3_Mini-Norwegian",3,"Mini-Norwegian",NA,FALSE,"exploratory"
138,0.581866532409788,0.500064720571452,0.53762175704862,0.000999000999000999,3,0.000999000999000999,TRUE,0.53181202759139,1000,1616,26,"differential_object_marking","by_session_language","session_3_Mini-Norwegian",3,"Mini-Norwegian",NA,FALSE,"exploratory"
142,0.578057582488462,0.499737632846582,0.537623799696248,0.000999000999000999,3,0.000999000999000999,TRUE,0.53181202759139,1000,1616,26,"differential_object_marking","by_session_language","session_3_Mini-Norwegian",3,"Mini-Norwegian",NA,FALSE,"exploratory"
146,0.570649231249041,0.499799038476754,0.536332855906757,0.000999000999000999,3,0.000999000999000999,TRUE,0.53181202759139,1000,1616,26,"differential_object_marking","by_session_language","session_3_Mini-Norwegian",3,"Mini-Norwegian",NA,FALSE,"exploratory"
150,0.575196288927171,0.500090891858085,0.536281647137654,0.000999000999000999,3,0.000999000999000999,TRUE,0.53181202759139,1000,1616,26,"differential_object_marking","by_session_language","session_3_Mini-Norwegian",3,"Mini-Norwegian",NA,FALSE,"exploratory"
154,0.569737056807115,0.499819070029828,0.537566221808544,0.000999000999000999,3,0.000999000999000999,TRUE,0.53181202759139,1000,1616,26,"differential_object_marking","by_session_language","session_3_Mini-Norwegian",3,"Mini-Norwegian",NA,FALSE,"exploratory"
158,0.572655201056601,0.499565309608179,0.535611152786947,0.000999000999000999,3,0.000999000999000999,TRUE,0.53181202759139,1000,1616,26,"differential_object_marking","by_session_language","session_3_Mini-Norwegian",3,"Mini-Norwegian",NA,FALSE,"exploratory"
162,0.577939850786776,0.49979219705459,0.539267847581233,0.000999000999000999,3,0.000999000999000999,TRUE,0.53181202759139,1000,1616,26,"differential_object_marking","by_session_language","session_3_Mini-Norwegian",3,"Mini-Norwegian",NA,FALSE,"exploratory"
166,0.589031228841505,0.499889483771174,0.539631830446291,0.000999000999000999,3,0.000999000999000999,TRUE,0.53181202759139,1000,1616,26,"differential_object_marking","by_session_language","session_3_Mini-Norwegian",3,"Mini-Norwegian",NA,FALSE,"exploratory"
170,0.596050087718397,0.500155866562556,0.538284374707303,0.000999000999000999,3,0.000999000999000999,TRUE,0.53181202759139,1000,1616,26,"differential_object_marking","by_session_language","session_3_Mini-Norwegian",3,"Mini-Norwegian",NA,FALSE,"exploratory"
174,0.600929219325268,0.500427916696692,0.538267605081818,0.000999000999000999,3,0.000999000999000999,TRUE,0.53181202759139,1000,1616,26,"differential_object_marking","by_session_language","session_3_Mini-Norwegian",3,"Mini-Norwegian",NA,FALSE,"exploratory"
178,0.593739522104959,0.500552782813984,0.536718820580469,0.000999000999000999,3,0.000999000999000999,TRUE,0.53181202759139,1000,1616,26,"differential_object_marking","by_session_language","session_3_Mini-Norwegian",3,"Mini-Norwegian",NA,FALSE,"exploratory"
182,0.591856953456547,0.500556985662376,0.537084956099268,0.000999000999000999,3,0.000999000999000999,TRUE,0.53181202759139,1000,1616,26,"differential_object_marking","by_session_language","session_3_Mini-Norwegian",3,"Mini-Norwegian",NA,FALSE,"exploratory"
186,0.580744370226186,0.499908079943273,0.536234305071632,0.000999000999000999,3,0.000999000999000999,TRUE,0.53181202759139,1000,1616,26,"differential_object_marking","by_session_language","session_3_Mini-Norwegian",3,"Mini-Norwegian",NA,FALSE,"exploratory"
190,0.576032954156787,0.49962223746704,0.538478484181895,0.000999000999000999,3,0.000999000999000999,TRUE,0.53181202759139,1000,1616,26,"differential_object_marking","by_session_language","session_3_Mini-Norwegian",3,"Mini-Norwegian",NA,FALSE,"exploratory"
194,0.579331825141947,0.499711206767226,0.536741307760939,0.000999000999000999,3,0.000999000999000999,TRUE,0.53181202759139,1000,1616,26,"differential_object_marking","by_session_language","session_3_Mini-Norwegian",3,"Mini-Norwegian",NA,FALSE,"exploratory"
198,0.594110896832984,0.499486652905501,0.537940689949271,0.000999000999000999,3,0.000999000999000999,TRUE,0.53181202759139,1000,1616,26,"differential_object_marking","by_session_language","session_3_Mini-Norwegian",3,"Mini-Norwegian",NA,FALSE,"exploratory"
202,0.591072136808523,0.49888725152441,0.536543895246468,0.000999000999000999,3,0.000999000999000999,TRUE,0.53181202759139,1000,1616,26,"differential_object_marking","by_session_language","session_3_Mini-Norwegian",3,"Mini-Norwegian",NA,FALSE,"exploratory"
206,0.598759427766657,0.499023970212612,0.535408837787831,0.000999000999000999,3,0.000999000999000999,TRUE,0.53181202759139,1000,1616,26,"differential_object_marking","by_session_language","session_3_Mini-Norwegian",3,"Mini-Norwegian",NA,FALSE,"exploratory"
210,0.598324684380113,0.499462220573762,0.537978657894778,0.000999000999000999,3,0.000999000999000999,TRUE,0.53181202759139,1000,1616,26,"differential_object_marking","by_session_language","session_3_Mini-Norwegian",3,"Mini-Norwegian",NA,FALSE,"exploratory"
214,0.598631736801291,0.500071447238449,0.536894845867374,0.000999000999000999,3,0.000999000999000999,TRUE,0.53181202759139,1000,1616,26,"differential_object_marking","by_session_language","session_3_Mini-Norwegian",3,"Mini-Norwegian",NA,FALSE,"exploratory"
218,0.594356031026941,0.500248200331371,0.53538733228619,0.000999000999000999,3,0.000999000999000999,TRUE,0.53181202759139,1000,1616,26,"differential_object_marking","by_session_language","session_3_Mini-Norwegian",3,"Mini-Norwegian",NA,FALSE,"exploratory"
222,0.585247713851794,0.50025847161437,0.538214457845214,0.000999000999000999,3,0.000999000999000999,TRUE,0.53181202759139,1000,1616,26,"differential_object_marking","by_session_language","session_3_Mini-Norwegian",3,"Mini-Norwegian",NA,FALSE,"exploratory"
226,0.578266474153907,0.500036892571624,0.538491455512909,0.000999000999000999,3,0.000999000999000999,TRUE,0.53181202759139,1000,1616,26,"differential_object_marking","by_session_language","session_3_Mini-Norwegian",3,"Mini-Norwegian",NA,FALSE,"exploratory"
230,0.56828556772917,0.499877404437101,0.538190837558635,0.000999000999000999,3,0.000999000999000999,TRUE,0.53181202759139,1000,1616,26,"differential_object_marking","by_session_language","session_3_Mini-Norwegian",3,"Mini-Norwegian",NA,FALSE,"exploratory"
234,0.569044190992727,0.500180699635976,0.537729728290221,0.000999000999000999,3,0.000999000999000999,TRUE,0.53181202759139,1000,1616,26,"differential_object_marking","by_session_language","session_3_Mini-Norwegian",3,"Mini-Norwegian",NA,FALSE,"exploratory"
238,0.57570423655998,0.500574991207114,0.538040387120687,0.000999000999000999,3,0.000999000999000999,TRUE,0.53181202759139,1000,1616,26,"differential_object_marking","by_session_language","session_3_Mini-Norwegian",3,"Mini-Norwegian",NA,FALSE,"exploratory"
242,0.586774120467632,0.500863846453355,0.537066744256712,0.000999000999000999,3,0.000999000999000999,TRUE,0.53181202759139,1000,1616,26,"differential_object_marking","by_session_language","session_3_Mini-Norwegian",3,"Mini-Norwegian",NA,FALSE,"exploratory"
246,0.589070613875918,0.500265333538033,0.537711880869224,0.000999000999000999,3,0.000999000999000999,TRUE,0.53181202759139,1000,1616,26,"differential_object_marking","by_session_language","session_3_Mini-Norwegian",3,"Mini-Norwegian",NA,FALSE,"exploratory"
250,0.587798242130928,0.499598344981348,0.53955424859993,0.000999000999000999,3,0.000999000999000999,TRUE,0.53181202759139,1000,1616,26,"differential_object_marking","by_session_language","session_3_Mini-Norwegian",3,"Mini-Norwegian",NA,FALSE,"exploratory"
254,0.588247123899263,0.499793540612045,0.537074595560255,0.000999000999000999,3,0.000999000999000999,TRUE,0.53181202759139,1000,1616,26,"differential_object_marking","by_session_language","session_3_Mini-Norwegian",3,"Mini-Norwegian",NA,FALSE,"exploratory"
258,0.585913374013233,0.499962886462942,0.53637942551976,0.000999000999000999,3,0.000999000999000999,TRUE,0.53181202759139,1000,1616,26,"differential_object_marking","by_session_language","session_3_Mini-Norwegian",3,"Mini-Norwegian",NA,FALSE,"exploratory"
262,0.585319516478927,0.499698987143636,0.535797046607734,0.000999000999000999,3,0.000999000999000999,TRUE,0.53181202759139,1000,1616,26,"differential_object_marking","by_session_language","session_3_Mini-Norwegian",3,"Mini-Norwegian",NA,FALSE,"exploratory"
266,0.583206694657206,0.499697034271719,0.538100559025377,0.000999000999000999,3,0.000999000999000999,TRUE,0.53181202759139,1000,1616,26,"differential_object_marking","by_session_language","session_3_Mini-Norwegian",3,"Mini-Norwegian",NA,FALSE,"exploratory"
270,0.580848553992237,0.500001376630163,0.539334470973339,0.000999000999000999,3,0.000999000999000999,TRUE,0.53181202759139,1000,1616,26,"differential_object_marking","by_session_language","session_3_Mini-Norwegian",3,"Mini-Norwegian",NA,FALSE,"exploratory"
274,0.574028226028753,0.500375215430871,0.536896719669774,0.000999000999000999,3,0.000999000999000999,TRUE,0.53181202759139,1000,1616,26,"differential_object_marking","by_session_language","session_3_Mini-Norwegian",3,"Mini-Norwegian",NA,FALSE,"exploratory"
278,0.575087412426702,0.500583577127984,0.536202735232982,0.000999000999000999,3,0.000999000999000999,TRUE,0.53181202759139,1000,1616,26,"differential_object_marking","by_session_language","session_3_Mini-Norwegian",3,"Mini-Norwegian",NA,FALSE,"exploratory"
282,0.568986568542041,0.501045259928068,0.53673642975525,0.000999000999000999,3,0.000999000999000999,TRUE,0.53181202759139,1000,1616,26,"differential_object_marking","by_session_language","session_3_Mini-Norwegian",3,"Mini-Norwegian",NA,FALSE,"exploratory"
286,0.559848401530086,0.500727872681855,0.537491578427446,0.000999000999000999,3,0.000999000999000999,TRUE,0.53181202759139,1000,1616,26,"differential_object_marking","by_session_language","session_3_Mini-Norwegian",3,"Mini-Norwegian",NA,FALSE,"exploratory"
290,0.561988048587961,0.500380375136422,0.536335966613103,0.000999000999000999,3,0.000999000999000999,TRUE,0.53181202759139,1000,1616,26,"differential_object_marking","by_session_language","session_3_Mini-Norwegian",3,"Mini-Norwegian",NA,FALSE,"exploratory"
294,0.579658212966318,0.500409998419467,0.538677338769145,0.000999000999000999,3,0.000999000999000999,TRUE,0.53181202759139,1000,1616,26,"differential_object_marking","by_session_language","session_3_Mini-Norwegian",3,"Mini-Norwegian",NA,FALSE,"exploratory"
298,0.580665338228117,0.500746200215533,0.53841486081926,0.000999000999000999,3,0.000999000999000999,TRUE,0.53181202759139,1000,1616,26,"differential_object_marking","by_session_language","session_3_Mini-Norwegian",3,"Mini-Norwegian",NA,FALSE,"exploratory"
302,0.583433875253239,0.501115248849449,0.537293106529228,0.000999000999000999,3,0.000999000999000999,TRUE,0.53181202759139,1000,1616,26,"differential_object_marking","by_session_language","session_3_Mini-Norwegian",3,"Mini-Norwegian",NA,FALSE,"exploratory"
306,0.59259014303097,0.500618372270978,0.536079015789719,0.000999000999000999,3,0.000999000999000999,TRUE,0.53181202759139,1000,1616,26,"differential_object_marking","by_session_language","session_3_Mini-Norwegian",3,"Mini-Norwegian",NA,FALSE,"exploratory"
310,0.582095116248789,0.499987277001558,0.539948751861169,0.000999000999000999,3,0.000999000999000999,TRUE,0.53181202759139,1000,1616,26,"differential_object_marking","by_session_language","session_3_Mini-Norwegian",3,"Mini-Norwegian",NA,FALSE,"exploratory"
314,0.575245390664909,0.499281646150237,0.536721497692313,0.000999000999000999,3,0.000999000999000999,TRUE,0.53181202759139,1000,1616,26,"differential_object_marking","by_session_language","session_3_Mini-Norwegian",3,"Mini-Norwegian",NA,FALSE,"exploratory"
318,0.562431106018901,0.499055426712933,0.537536759051122,0.000999000999000999,3,0.000999000999000999,TRUE,0.53181202759139,1000,1616,26,"differential_object_marking","by_session_language","session_3_Mini-Norwegian",3,"Mini-Norwegian",NA,FALSE,"exploratory"
322,0.563515876340364,0.499064070218461,0.536884565015325,0.000999000999000999,3,0.000999000999000999,TRUE,0.53181202759139,1000,1616,26,"differential_object_marking","by_session_language","session_3_Mini-Norwegian",3,"Mini-Norwegian",NA,FALSE,"exploratory"
326,0.561520233690446,0.499393484841573,0.536733524303905,0.000999000999000999,3,0.000999000999000999,TRUE,0.53181202759139,1000,1616,26,"differential_object_marking","by_session_language","session_3_Mini-Norwegian",3,"Mini-Norwegian",NA,FALSE,"exploratory"
330,0.564848534108698,0.500201419456908,0.537475772437016,0.000999000999000999,3,0.000999000999000999,TRUE,0.53181202759139,1000,1616,26,"differential_object_marking","by_session_language","session_3_Mini-Norwegian",3,"Mini-Norwegian",NA,FALSE,"exploratory"
334,0.576187316954277,0.500099186597088,0.537452149448467,0.000999000999000999,3,0.000999000999000999,TRUE,0.53181202759139,1000,1616,26,"differential_object_marking","by_session_language","session_3_Mini-Norwegian",3,"Mini-Norwegian",NA,FALSE,"exploratory"
338,0.577191389430745,0.499686087509096,0.535576019650178,0.000999000999000999,3,0.000999000999000999,TRUE,0.53181202759139,1000,1616,26,"differential_object_marking","by_session_language","session_3_Mini-Norwegian",3,"Mini-Norwegian",NA,FALSE,"exploratory"
342,0.565734204007271,0.499150947930845,0.536142318323063,0.000999000999000999,3,0.000999000999000999,TRUE,0.53181202759139,1000,1616,26,"differential_object_marking","by_session_language","session_3_Mini-Norwegian",3,"Mini-Norwegian",NA,FALSE,"exploratory"
346,0.567744098196183,0.499019535458811,0.536910753209091,0.000999000999000999,3,0.000999000999000999,TRUE,0.53181202759139,1000,1616,26,"differential_object_marking","by_session_language","session_3_Mini-Norwegian",3,"Mini-Norwegian",NA,FALSE,"exploratory"
350,0.568147624288671,0.49917746790355,0.536259519695669,0.000999000999000999,3,0.000999000999000999,TRUE,0.53181202759139,1000,1616,26,"differential_object_marking","by_session_language","session_3_Mini-Norwegian",3,"Mini-Norwegian",NA,FALSE,"exploratory"
354,0.572382212546997,0.499416971886725,0.535149377972147,0.000999000999000999,3,0.000999000999000999,TRUE,0.53181202759139,1000,1616,26,"differential_object_marking","by_session_language","session_3_Mini-Norwegian",3,"Mini-Norwegian",NA,FALSE,"exploratory"
358,0.582659620297074,0.499856346941097,0.535734586286355,0.000999000999000999,3,0.000999000999000999,TRUE,0.53181202759139,1000,1616,26,"differential_object_marking","by_session_language","session_3_Mini-Norwegian",3,"Mini-Norwegian",NA,FALSE,"exploratory"
362,0.588911614295545,0.500259884486606,0.53691025602405,0.000999000999000999,3,0.000999000999000999,TRUE,0.53181202759139,1000,1616,26,"differential_object_marking","by_session_language","session_3_Mini-Norwegian",3,"Mini-Norwegian",NA,FALSE,"exploratory"
366,0.575474540765838,0.500907560654534,0.538576347009237,0.000999000999000999,3,0.000999000999000999,TRUE,0.53181202759139,1000,1616,26,"differential_object_marking","by_session_language","session_3_Mini-Norwegian",3,"Mini-Norwegian",NA,FALSE,"exploratory"
370,0.578800991056265,0.50087897661804,0.538139191764593,0.000999000999000999,3,0.000999000999000999,TRUE,0.53181202759139,1000,1616,26,"differential_object_marking","by_session_language","session_3_Mini-Norwegian",3,"Mini-Norwegian",NA,FALSE,"exploratory"
374,0.572725756152169,0.500644062714585,0.537267010798032,0.000999000999000999,3,0.000999000999000999,TRUE,0.53181202759139,1000,1616,26,"differential_object_marking","by_session_language","session_3_Mini-Norwegian",3,"Mini-Norwegian",NA,FALSE,"exploratory"
378,0.580551642741957,0.500017735895931,0.538563395844563,0.000999000999000999,3,0.000999000999000999,TRUE,0.53181202759139,1000,1616,26,"differential_object_marking","by_session_language","session_3_Mini-Norwegian",3,"Mini-Norwegian",NA,FALSE,"exploratory"
382,0.598033652539768,0.500074787006542,0.539032620515849,0.000999000999000999,3,0.000999000999000999,TRUE,0.53181202759139,1000,1616,26,"differential_object_marking","by_session_language","session_3_Mini-Norwegian",3,"Mini-Norwegian",NA,FALSE,"exploratory"
386,0.60365655048903,0.50042267530895,0.54013989373539,0.000999000999000999,3,0.000999000999000999,TRUE,0.53181202759139,1000,1616,26,"differential_object_marking","by_session_language","session_3_Mini-Norwegian",3,"Mini-Norwegian",NA,FALSE,"exploratory"
390,0.603001182184203,0.499877414650697,0.537030672371606,0.000999000999000999,3,0.000999000999000999,TRUE,0.53181202759139,1000,1616,26,"differential_object_marking","by_session_language","session_3_Mini-Norwegian",3,"Mini-Norwegian",NA,FALSE,"exploratory"
394,0.5951730105607,0.499431903665209,0.537221091373212,0.000999000999000999,3,0.000999000999000999,TRUE,0.53181202759139,1000,1616,26,"differential_object_marking","by_session_language","session_3_Mini-Norwegian",3,"Mini-Norwegian",NA,FALSE,"exploratory"
398,0.589951035514275,0.499612340889156,0.535339539259151,0.000999000999000999,3,0.000999000999000999,TRUE,0.53181202759139,1000,1616,26,"differential_object_marking","by_session_language","session_3_Mini-Norwegian",3,"Mini-Norwegian",NA,FALSE,"exploratory"
402,0.588600828074424,0.499949559022907,0.53699436605359,0.000999000999000999,3,0.000999000999000999,TRUE,0.53181202759139,1000,1616,26,"differential_object_marking","by_session_language","session_3_Mini-Norwegian",3,"Mini-Norwegian",NA,FALSE,"exploratory"
406,0.594858684851093,0.500323897357439,0.53595346712951,0.000999000999000999,3,0.000999000999000999,TRUE,0.53181202759139,1000,1616,26,"differential_object_marking","by_session_language","session_3_Mini-Norwegian",3,"Mini-Norwegian",NA,FALSE,"exploratory"
410,0.595938508147897,0.500154329515419,0.536636446762522,0.000999000999000999,3,0.000999000999000999,TRUE,0.53181202759139,1000,1616,26,"differential_object_marking","by_session_language","session_3_Mini-Norwegian",3,"Mini-Norwegian",NA,FALSE,"exploratory"
414,0.594494967193277,0.500466370506062,0.537095102147886,0.000999000999000999,3,0.000999000999000999,TRUE,0.53181202759139,1000,1616,26,"differential_object_marking","by_session_language","session_3_Mini-Norwegian",3,"Mini-Norwegian",NA,FALSE,"exploratory"
418,0.596680897711522,0.50062695306137,0.537323215584522,0.000999000999000999,3,0.000999000999000999,TRUE,0.53181202759139,1000,1616,26,"differential_object_marking","by_session_language","session_3_Mini-Norwegian",3,"Mini-Norwegian",NA,FALSE,"exploratory"
422,0.596018381017954,0.50103058400343,0.539176490722966,0.000999000999000999,3,0.000999000999000999,TRUE,0.53181202759139,1000,1616,26,"differential_object_marking","by_session_language","session_3_Mini-Norwegian",3,"Mini-Norwegian",NA,FALSE,"exploratory"
426,0.596339087483659,0.500822167050364,0.537618034694657,0.000999000999000999,3,0.000999000999000999,TRUE,0.53181202759139,1000,1616,26,"differential_object_marking","by_session_language","session_3_Mini-Norwegian",3,"Mini-Norwegian",NA,FALSE,"exploratory"
430,0.591614539850135,0.500522238404652,0.539402105219906,0.000999000999000999,3,0.000999000999000999,TRUE,0.53181202759139,1000,1616,26,"differential_object_marking","by_session_language","session_3_Mini-Norwegian",3,"Mini-Norwegian",NA,FALSE,"exploratory"
434,0.598186756975014,0.50086890269192,0.53884219278236,0.000999000999000999,3,0.000999000999000999,TRUE,0.53181202759139,1000,1616,26,"differential_object_marking","by_session_language","session_3_Mini-Norwegian",3,"Mini-Norwegian",NA,FALSE,"exploratory"
438,0.602049240349364,0.500613391912979,0.537053042632776,0.000999000999000999,3,0.000999000999000999,TRUE,0.53181202759139,1000,1616,26,"differential_object_marking","by_session_language","session_3_Mini-Norwegian",3,"Mini-Norwegian",NA,FALSE,"exploratory"
442,0.601178339507804,0.500388276833173,0.537993577986451,0.000999000999000999,3,0.000999000999000999,TRUE,0.53181202759139,1000,1616,26,"differential_object_marking","by_session_language","session_3_Mini-Norwegian",3,"Mini-Norwegian",NA,FALSE,"exploratory"
446,0.592602213992882,0.500656845480491,0.539734552791325,0.000999000999000999,3,0.000999000999000999,TRUE,0.53181202759139,1000,1616,26,"differential_object_marking","by_session_language","session_3_Mini-Norwegian",3,"Mini-Norwegian",NA,FALSE,"exploratory"
450,0.576966289264291,0.501013302346114,0.540260258674995,0.000999000999000999,3,0.000999000999000999,TRUE,0.53181202759139,1000,1616,26,"differential_object_marking","by_session_language","session_3_Mini-Norwegian",3,"Mini-Norwegian",NA,FALSE,"exploratory"
454,0.572725262683807,0.50148074997323,0.540654237992171,0.000999000999000999,3,0.000999000999000999,TRUE,0.53181202759139,1000,1616,26,"differential_object_marking","by_session_language","session_3_Mini-Norwegian",3,"Mini-Norwegian",NA,FALSE,"exploratory"
458,0.578365223166776,0.50113809862577,0.53945553677461,0.000999000999000999,3,0.000999000999000999,TRUE,0.53181202759139,1000,1616,26,"differential_object_marking","by_session_language","session_3_Mini-Norwegian",3,"Mini-Norwegian",NA,FALSE,"exploratory"
462,0.590746736699412,0.500457668452859,0.539168133868105,0.000999000999000999,3,0.000999000999000999,TRUE,0.53181202759139,1000,1616,26,"differential_object_marking","by_session_language","session_3_Mini-Norwegian",3,"Mini-Norwegian",NA,FALSE,"exploratory"
466,0.595115925932359,0.49986626593728,0.538522699199495,0.000999000999000999,3,0.000999000999000999,TRUE,0.53181202759139,1000,1616,26,"differential_object_marking","by_session_language","session_3_Mini-Norwegian",3,"Mini-Norwegian",NA,FALSE,"exploratory"
470,0.601986658690491,0.499390459641635,0.536786814617584,0.000999000999000999,3,0.000999000999000999,TRUE,0.53181202759139,1000,1616,26,"differential_object_marking","by_session_language","session_3_Mini-Norwegian",3,"Mini-Norwegian",NA,FALSE,"exploratory"
474,0.599113883234136,0.499203940550421,0.536522133868174,0.000999000999000999,3,0.000999000999000999,TRUE,0.53181202759139,1000,1616,26,"differential_object_marking","by_session_language","session_3_Mini-Norwegian",3,"Mini-Norwegian",NA,FALSE,"exploratory"
478,0.595814593359145,0.499641537383741,0.535645421803267,0.000999000999000999,3,0.000999000999000999,TRUE,0.53181202759139,1000,1616,26,"differential_object_marking","by_session_language","session_3_Mini-Norwegian",3,"Mini-Norwegian",NA,FALSE,"exploratory"
482,0.593282349685828,0.499854439265568,0.536868935156305,0.000999000999000999,3,0.000999000999000999,TRUE,0.53181202759139,1000,1616,26,"differential_object_marking","by_session_language","session_3_Mini-Norwegian",3,"Mini-Norwegian",NA,FALSE,"exploratory"
486,0.585806187103422,0.499786021151471,0.538148453579569,0.000999000999000999,3,0.000999000999000999,TRUE,0.53181202759139,1000,1616,26,"differential_object_marking","by_session_language","session_3_Mini-Norwegian",3,"Mini-Norwegian",NA,FALSE,"exploratory"
490,0.578243028885833,0.499825768042299,0.539156635829015,0.000999000999000999,3,0.000999000999000999,TRUE,0.53181202759139,1000,1616,26,"differential_object_marking","by_session_language","session_3_Mini-Norwegian",3,"Mini-Norwegian",NA,FALSE,"exploratory"
494,0.576850107550783,0.499777234946419,0.53635664322968,0.000999000999000999,3,0.000999000999000999,TRUE,0.53181202759139,1000,1616,26,"differential_object_marking","by_session_language","session_3_Mini-Norwegian",3,"Mini-Norwegian",NA,FALSE,"exploratory"
498,0.575331475576708,0.499876236722951,0.536263426251318,0.000999000999000999,3,0.000999000999000999,TRUE,0.53181202759139,1000,1616,26,"differential_object_marking","by_session_language","session_3_Mini-Norwegian",3,"Mini-Norwegian",NA,FALSE,"exploratory"
502,0.580737293079293,0.500236486398164,0.536671959687349,0.000999000999000999,3,0.000999000999000999,TRUE,0.53181202759139,1000,1616,26,"differential_object_marking","by_session_language","session_3_Mini-Norwegian",3,"Mini-Norwegian",NA,FALSE,"exploratory"
506,0.593584422020513,0.500855797977753,0.538349795394818,0.000999000999000999,3,0.000999000999000999,TRUE,0.53181202759139,1000,1616,26,"differential_object_marking","by_session_language","session_3_Mini-Norwegian",3,"Mini-Norwegian",NA,FALSE,"exploratory"
510,0.580132759898278,0.500763961418061,0.537777996118049,0.000999000999000999,3,0.000999000999000999,TRUE,0.53181202759139,1000,1616,26,"differential_object_marking","by_session_language","session_3_Mini-Norwegian",3,"Mini-Norwegian",NA,FALSE,"exploratory"
514,0.58254400594315,0.500503610395066,0.538430339183542,0.000999000999000999,3,0.000999000999000999,TRUE,0.53181202759139,1000,1616,26,"differential_object_marking","by_session_language","session_3_Mini-Norwegian",3,"Mini-Norwegian",NA,FALSE,"exploratory"
518,0.599450361171482,0.500606203036856,0.538270619181807,0.000999000999000999,3,0.000999000999000999,TRUE,0.53181202759139,1000,1616,26,"differential_object_marking","by_session_language","session_3_Mini-Norwegian",3,"Mini-Norwegian",NA,FALSE,"exploratory"
522,0.604912424257341,0.500560444551455,0.538810095077549,0.000999000999000999,3,0.000999000999000999,TRUE,0.53181202759139,1000,1616,26,"differential_object_marking","by_session_language","session_3_Mini-Norwegian",3,"Mini-Norwegian",NA,FALSE,"exploratory"
526,0.603598659252999,0.500294627887562,0.537424079633744,0.000999000999000999,3,0.000999000999000999,TRUE,0.53181202759139,1000,1616,26,"differential_object_marking","by_session_language","session_3_Mini-Norwegian",3,"Mini-Norwegian",NA,FALSE,"exploratory"
530,0.602120239690582,0.50039477834689,0.538535222597358,0.000999000999000999,3,0.000999000999000999,TRUE,0.53181202759139,1000,1616,26,"differential_object_marking","by_session_language","session_3_Mini-Norwegian",3,"Mini-Norwegian",NA,FALSE,"exploratory"
534,0.592224520886917,0.500427673907906,0.538511202523131,0.000999000999000999,3,0.000999000999000999,TRUE,0.53181202759139,1000,1616,26,"differential_object_marking","by_session_language","session_3_Mini-Norwegian",3,"Mini-Norwegian",NA,FALSE,"exploratory"
538,0.584174218069125,0.500155577391191,0.536598092254255,0.000999000999000999,3,0.000999000999000999,TRUE,0.53181202759139,1000,1616,26,"differential_object_marking","by_session_language","session_3_Mini-Norwegian",3,"Mini-Norwegian",NA,FALSE,"exploratory"
542,0.570296895473564,0.500187398671271,0.535246455780163,0.000999000999000999,3,0.000999000999000999,TRUE,0.53181202759139,1000,1616,26,"differential_object_marking","by_session_language","session_3_Mini-Norwegian",3,"Mini-Norwegian",NA,FALSE,"exploratory"
546,0.557039165880792,0.499714256263164,0.536067451737615,0.001998001998002,3,0.000999000999000999,TRUE,0.53181202759139,1000,1616,26,"differential_object_marking","by_session_language","session_3_Mini-Norwegian",3,"Mini-Norwegian",NA,FALSE,"exploratory"
550,0.556694245549098,0.499749097505083,0.534729118881101,0.000999000999000999,3,0.000999000999000999,TRUE,0.53181202759139,1000,1616,26,"differential_object_marking","by_session_language","session_3_Mini-Norwegian",3,"Mini-Norwegian",NA,FALSE,"exploratory"
554,0.54712301663693,0.500684598577014,0.535109351472064,0.00599400599400599,3,0.000999000999000999,TRUE,0.53181202759139,1000,1616,26,"differential_object_marking","by_session_language","session_3_Mini-Norwegian",3,"Mini-Norwegian",NA,FALSE,"exploratory"
558,0.54796898732496,0.500344259693345,0.536314596217157,0.003996003996004,3,0.000999000999000999,TRUE,0.53181202759139,1000,1616,26,"differential_object_marking","by_session_language","session_3_Mini-Norwegian",3,"Mini-Norwegian",NA,FALSE,"exploratory"
562,0.543104644137405,0.500294138471333,0.534669836734492,0.00999000999000999,3,0.000999000999000999,TRUE,0.53181202759139,1000,1616,26,"differential_object_marking","by_session_language","session_3_Mini-Norwegian",3,"Mini-Norwegian",NA,FALSE,"exploratory"
566,0.54721522023754,0.500512314770533,0.535957053388556,0.00599400599400599,3,0.000999000999000999,TRUE,0.53181202759139,1000,1616,26,"differential_object_marking","by_session_language","session_3_Mini-Norwegian",3,"Mini-Norwegian",NA,FALSE,"exploratory"
570,0.555136072906568,0.500410368495721,0.534571425131303,0.004995004995005,3,0.000999000999000999,TRUE,0.53181202759139,1000,1616,26,"differential_object_marking","by_session_language","session_3_Mini-Norwegian",3,"Mini-Norwegian",NA,FALSE,"exploratory"
574,0.554607331162041,0.500675252135255,0.536532020302066,0.002997002997003,3,0.000999000999000999,TRUE,0.53181202759139,1000,1616,26,"differential_object_marking","by_session_language","session_3_Mini-Norwegian",3,"Mini-Norwegian",NA,FALSE,"exploratory"
578,0.561114571451449,0.500501897554321,0.538122422269988,0.000999000999000999,3,0.000999000999000999,TRUE,0.53181202759139,1000,1616,26,"differential_object_marking","by_session_language","session_3_Mini-Norwegian",3,"Mini-Norwegian",NA,FALSE,"exploratory"
582,0.558605053675751,0.499863487940074,0.537102918214026,0.000999000999000999,3,0.000999000999000999,TRUE,0.53181202759139,1000,1616,26,"differential_object_marking","by_session_language","session_3_Mini-Norwegian",3,"Mini-Norwegian",NA,FALSE,"exploratory"
586,0.558269738660479,0.499210251367768,0.537422508698971,0.000999000999000999,3,0.000999000999000999,TRUE,0.53181202759139,1000,1616,26,"differential_object_marking","by_session_language","session_3_Mini-Norwegian",3,"Mini-Norwegian",NA,FALSE,"exploratory"
590,0.554284673735438,0.499454910281557,0.538460472400007,0.000999000999000999,3,0.000999000999000999,TRUE,0.53181202759139,1000,1616,26,"differential_object_marking","by_session_language","session_3_Mini-Norwegian",3,"Mini-Norwegian",NA,FALSE,"exploratory"
594,0.558513916258275,0.499815095758692,0.539314156191123,0.000999000999000999,3,0.000999000999000999,TRUE,0.53181202759139,1000,1616,26,"differential_object_marking","by_session_language","session_3_Mini-Norwegian",3,"Mini-Norwegian",NA,FALSE,"exploratory"
598,0.567670073503498,0.50056668229579,0.539667406429596,0.000999000999000999,3,0.000999000999000999,TRUE,0.53181202759139,1000,1616,26,"differential_object_marking","by_session_language","session_3_Mini-Norwegian",3,"Mini-Norwegian",NA,FALSE,"exploratory"
602,0.570776465818797,0.501311720600266,0.539108481748094,0.000999000999000999,3,0.000999000999000999,TRUE,0.53181202759139,1000,1616,26,"differential_object_marking","by_session_language","session_3_Mini-Norwegian",3,"Mini-Norwegian",NA,FALSE,"exploratory"
606,0.578884806951891,0.501162941898498,0.537478413149133,0.000999000999000999,3,0.000999000999000999,TRUE,0.53181202759139,1000,1616,26,"differential_object_marking","by_session_language","session_3_Mini-Norwegian",3,"Mini-Norwegian",NA,FALSE,"exploratory"
610,0.569560707192635,0.500799920565582,0.539773320402214,0.000999000999000999,3,0.000999000999000999,TRUE,0.53181202759139,1000,1616,26,"differential_object_marking","by_session_language","session_3_Mini-Norwegian",3,"Mini-Norwegian",NA,FALSE,"exploratory"
614,0.556824518063163,0.500296712615543,0.539867980807827,0.000999000999000999,3,0.000999000999000999,TRUE,0.53181202759139,1000,1616,26,"differential_object_marking","by_session_language","session_3_Mini-Norwegian",3,"Mini-Norwegian",NA,FALSE,"exploratory"
618,0.540743067870475,0.500150956200636,0.537943775037829,0.010989010989011,3,0.000999000999000999,TRUE,0.53181202759139,1000,1616,26,"differential_object_marking","by_session_language","session_3_Mini-Norwegian",3,"Mini-Norwegian",NA,FALSE,"exploratory"
622,0.537131238396627,0.500058734841118,0.536016078136957,0.024975024975025,3,0.000999000999000999,TRUE,0.53181202759139,1000,1616,26,"differential_object_marking","by_session_language","session_3_Mini-Norwegian",3,"Mini-Norwegian",NA,FALSE,"exploratory"
626,0.531382652327674,0.500194299626579,0.53722346553279,0.0539460539460539,NA,NA,FALSE,0.53181202759139,1000,1616,26,"differential_object_marking","by_session_language","session_3_Mini-Norwegian",3,"Mini-Norwegian",NA,FALSE,"exploratory"
630,0.539040586538449,0.499887588203642,0.534487341681872,0.014985014985015,4,0.012987012987013,TRUE,0.53181202759139,1000,1616,26,"differential_object_marking","by_session_language","session_3_Mini-Norwegian",3,"Mini-Norwegian",NA,FALSE,"exploratory"
634,0.53755705209519,0.499851636534897,0.533791559654083,0.015984015984016,4,0.012987012987013,TRUE,0.53181202759139,1000,1616,26,"differential_object_marking","by_session_language","session_3_Mini-Norwegian",3,"Mini-Norwegian",NA,FALSE,"exploratory"
638,0.548742015080858,0.499621751630063,0.533789710409102,0.003996003996004,4,0.012987012987013,TRUE,0.53181202759139,1000,1616,26,"differential_object_marking","by_session_language","session_3_Mini-Norwegian",3,"Mini-Norwegian",NA,FALSE,"exploratory"
642,0.548457976296446,0.499585458343946,0.534481288385584,0.003996003996004,4,0.012987012987013,TRUE,0.53181202759139,1000,1616,26,"differential_object_marking","by_session_language","session_3_Mini-Norwegian",3,"Mini-Norwegian",NA,FALSE,"exploratory"
646,0.547203337805763,0.500089472166339,0.536375387087888,0.003996003996004,4,0.012987012987013,TRUE,0.53181202759139,1000,1616,26,"differential_object_marking","by_session_language","session_3_Mini-Norwegian",3,"Mini-Norwegian",NA,FALSE,"exploratory"
650,0.54374490182061,0.50018523965779,0.53662064550255,0.00899100899100899,4,0.012987012987013,TRUE,0.53181202759139,1000,1616,26,"differential_object_marking","by_session_language","session_3_Mini-Norwegian",3,"Mini-Norwegian",NA,FALSE,"exploratory"
654,0.547972862195677,0.500118954728069,0.535090346408569,0.003996003996004,4,0.012987012987013,TRUE,0.53181202759139,1000,1616,26,"differential_object_marking","by_session_language","session_3_Mini-Norwegian",3,"Mini-Norwegian",NA,FALSE,"exploratory"
658,0.550634148254835,0.500493082125137,0.534304761687646,0.00699300699300699,4,0.012987012987013,TRUE,0.53181202759139,1000,1616,26,"differential_object_marking","by_session_language","session_3_Mini-Norwegian",3,"Mini-Norwegian",NA,FALSE,"exploratory"
662,0.553333254343919,0.500730504852586,0.536721656270786,0.004995004995005,4,0.012987012987013,TRUE,0.53181202759139,1000,1616,26,"differential_object_marking","by_session_language","session_3_Mini-Norwegian",3,"Mini-Norwegian",NA,FALSE,"exploratory"
666,0.56112734395558,0.500779289703702,0.535175895609157,0.001998001998002,4,0.012987012987013,TRUE,0.53181202759139,1000,1616,26,"differential_object_marking","by_session_language","session_3_Mini-Norwegian",3,"Mini-Norwegian",NA,FALSE,"exploratory"
670,0.570710580600745,0.500537748594769,0.536495762877724,0.000999000999000999,4,0.012987012987013,TRUE,0.53181202759139,1000,1616,26,"differential_object_marking","by_session_language","session_3_Mini-Norwegian",3,"Mini-Norwegian",NA,FALSE,"exploratory"
674,0.556479146910226,0.500525653254134,0.535492231857479,0.000999000999000999,4,0.012987012987013,TRUE,0.53181202759139,1000,1616,26,"differential_object_marking","by_session_language","session_3_Mini-Norwegian",3,"Mini-Norwegian",NA,FALSE,"exploratory"
678,0.543654571208563,0.500539803500522,0.537191901533392,0.00999000999000999,4,0.012987012987013,TRUE,0.53181202759139,1000,1616,26,"differential_object_marking","by_session_language","session_3_Mini-Norwegian",3,"Mini-Norwegian",NA,FALSE,"exploratory"
682,0.530188239376743,0.501285218185878,0.539272747000436,0.0689310689310689,NA,NA,FALSE,0.53181202759139,1000,1616,26,"differential_object_marking","by_session_language","session_3_Mini-Norwegian",3,"Mini-Norwegian",NA,FALSE,"exploratory"
686,0.531052194908144,0.501392018269787,0.539592255293484,0.0699300699300699,NA,NA,FALSE,0.53181202759139,1000,1616,26,"differential_object_marking","by_session_language","session_3_Mini-Norwegian",3,"Mini-Norwegian",NA,FALSE,"exploratory"
690,0.525419216774691,0.500908396497495,0.541971517091064,0.111888111888112,NA,NA,FALSE,0.53181202759139,1000,1616,26,"differential_object_marking","by_session_language","session_3_Mini-Norwegian",3,"Mini-Norwegian",NA,FALSE,"exploratory"
694,0.540924157291725,0.501089635007342,0.540712249179832,0.025974025974026,5,0.022977022977023,TRUE,0.53181202759139,1000,1616,26,"differential_object_marking","by_session_language","session_3_Mini-Norwegian",3,"Mini-Norwegian",NA,FALSE,"exploratory"
698,0.55237001761207,0.500872763089079,0.538713944012123,0.004995004995005,5,0.022977022977023,TRUE,0.53181202759139,1000,1616,26,"differential_object_marking","by_session_language","session_3_Mini-Norwegian",3,"Mini-Norwegian",NA,FALSE,"exploratory"
702,0.552268927279758,0.501014114327391,0.539471916067991,0.00599400599400599,5,0.022977022977023,TRUE,0.53181202759139,1000,1616,26,"differential_object_marking","by_session_language","session_3_Mini-Norwegian",3,"Mini-Norwegian",NA,FALSE,"exploratory"
706,0.538053841147367,0.501288812447588,0.538256249117156,0.028971028971029,5,0.022977022977023,TRUE,0.53181202759139,1000,1616,26,"differential_object_marking","by_session_language","session_3_Mini-Norwegian",3,"Mini-Norwegian",NA,FALSE,"exploratory"
710,0.540634463519213,0.500617211169433,0.538559103596293,0.018981018981019,5,0.022977022977023,TRUE,0.53181202759139,1000,1616,26,"differential_object_marking","by_session_language","session_3_Mini-Norwegian",3,"Mini-Norwegian",NA,FALSE,"exploratory"
714,0.536889230250348,0.500313109550384,0.540431171117417,0.035964035964036,5,0.022977022977023,TRUE,0.53181202759139,1000,1616,26,"differential_object_marking","by_session_language","session_3_Mini-Norwegian",3,"Mini-Norwegian",NA,FALSE,"exploratory"
718,0.531930454845421,0.499896018805836,0.538662927162154,0.0559440559440559,5,0.022977022977023,TRUE,0.53181202759139,1000,1616,26,"differential_object_marking","by_session_language","session_3_Mini-Norwegian",3,"Mini-Norwegian",NA,FALSE,"exploratory"
722,0.53505237935063,0.499656316438093,0.537002940402162,0.037962037962038,5,0.022977022977023,TRUE,0.53181202759139,1000,1616,26,"differential_object_marking","by_session_language","session_3_Mini-Norwegian",3,"Mini-Norwegian",NA,FALSE,"exploratory"
726,0.549012720398417,0.499740827389109,0.536732734593818,0.00699300699300699,5,0.022977022977023,TRUE,0.53181202759139,1000,1616,26,"differential_object_marking","by_session_language","session_3_Mini-Norwegian",3,"Mini-Norwegian",NA,FALSE,"exploratory"
730,0.553356373508122,0.500204669080244,0.538793574679689,0.003996003996004,5,0.022977022977023,TRUE,0.53181202759139,1000,1616,26,"differential_object_marking","by_session_language","session_3_Mini-Norwegian",3,"Mini-Norwegian",NA,FALSE,"exploratory"
734,0.547042671220376,0.500256377973747,0.537410073924997,0.00999000999000999,5,0.022977022977023,TRUE,0.53181202759139,1000,1616,26,"differential_object_marking","by_session_language","session_3_Mini-Norwegian",3,"Mini-Norwegian",NA,FALSE,"exploratory"
738,0.547819279864316,0.499971249597907,0.539523717201813,0.00799200799200799,5,0.022977022977023,TRUE,0.53181202759139,1000,1616,26,"differential_object_marking","by_session_language","session_3_Mini-Norwegian",3,"Mini-Norwegian",NA,FALSE,"exploratory"
742,0.548331906448197,0.500406933296377,0.539287294014397,0.010989010989011,5,0.022977022977023,TRUE,0.53181202759139,1000,1616,26,"differential_object_marking","by_session_language","session_3_Mini-Norwegian",3,"Mini-Norwegian",NA,FALSE,"exploratory"
746,0.548286437818907,0.500668271075136,0.540403469244774,0.011988011988012,5,0.022977022977023,TRUE,0.53181202759139,1000,1616,26,"differential_object_marking","by_session_language","session_3_Mini-Norwegian",3,"Mini-Norwegian",NA,FALSE,"exploratory"
750,0.537575309843103,0.500540151662928,0.54053594339398,0.035964035964036,5,0.022977022977023,TRUE,0.53181202759139,1000,1616,26,"differential_object_marking","by_session_language","session_3_Mini-Norwegian",3,"Mini-Norwegian",NA,FALSE,"exploratory"
754,0.538798188543698,0.499983289843065,0.539493608276259,0.026973026973027,5,0.022977022977023,TRUE,0.53181202759139,1000,1616,26,"differential_object_marking","by_session_language","session_3_Mini-Norwegian",3,"Mini-Norwegian",NA,FALSE,"exploratory"
758,0.526129345621488,0.499454781194995,0.53819011239646,0.0899100899100899,NA,NA,FALSE,0.53181202759139,1000,1616,26,"differential_object_marking","by_session_language","session_3_Mini-Norwegian",3,"Mini-Norwegian",NA,FALSE,"exploratory"
762,0.519838001680409,0.499696029908645,0.538897888613114,0.138861138861139,NA,NA,FALSE,0.53181202759139,1000,1616,26,"differential_object_marking","by_session_language","session_3_Mini-Norwegian",3,"Mini-Norwegian",NA,FALSE,"exploratory"
766,0.525061232487022,0.500097343018951,0.537182919216846,0.0859140859140859,NA,NA,FALSE,0.53181202759139,1000,1616,26,"differential_object_marking","by_session_language","session_3_Mini-Norwegian",3,"Mini-Norwegian",NA,FALSE,"exploratory"
770,0.531217464670918,0.50047881206773,0.536683829382059,0.048951048951049,NA,NA,FALSE,0.53181202759139,1000,1616,26,"differential_object_marking","by_session_language","session_3_Mini-Norwegian",3,"Mini-Norwegian",NA,FALSE,"exploratory"
774,0.539492219183402,0.500311013154943,0.536464702610869,0.021978021978022,6,0.000999000999000999,TRUE,0.53181202759139,1000,1616,26,"differential_object_marking","by_session_language","session_3_Mini-Norwegian",3,"Mini-Norwegian",NA,FALSE,"exploratory"
778,0.544029481153328,0.500410530637583,0.536474299154447,0.00999000999000999,6,0.000999000999000999,TRUE,0.53181202759139,1000,1616,26,"differential_object_marking","by_session_language","session_3_Mini-Norwegian",3,"Mini-Norwegian",NA,FALSE,"exploratory"
782,0.540602950869843,0.500393795797305,0.538033249150235,0.018981018981019,6,0.000999000999000999,TRUE,0.53181202759139,1000,1616,26,"differential_object_marking","by_session_language","session_3_Mini-Norwegian",3,"Mini-Norwegian",NA,FALSE,"exploratory"
786,0.554338019464332,0.500341416127313,0.538071055335535,0.002997002997003,6,0.000999000999000999,TRUE,0.53181202759139,1000,1616,26,"differential_object_marking","by_session_language","session_3_Mini-Norwegian",3,"Mini-Norwegian",NA,FALSE,"exploratory"
790,0.559034427057406,0.500177263147789,0.538726628580806,0.001998001998002,6,0.000999000999000999,TRUE,0.53181202759139,1000,1616,26,"differential_object_marking","by_session_language","session_3_Mini-Norwegian",3,"Mini-Norwegian",NA,FALSE,"exploratory"
794,0.561181736635055,0.500370434909269,0.538768313110929,0.001998001998002,6,0.000999000999000999,TRUE,0.53181202759139,1000,1616,26,"differential_object_marking","by_session_language","session_3_Mini-Norwegian",3,"Mini-Norwegian",NA,FALSE,"exploratory"
798,0.567687826450902,0.500537938657039,0.537196659602931,0.000999000999000999,6,0.000999000999000999,TRUE,0.53181202759139,1000,1616,26,"differential_object_marking","by_session_language","session_3_Mini-Norwegian",3,"Mini-Norwegian",NA,FALSE,"exploratory"
802,0.572724522363921,0.500236401555002,0.53834692487768,0.000999000999000999,6,0.000999000999000999,TRUE,0.53181202759139,1000,1616,26,"differential_object_marking","by_session_language","session_3_Mini-Norwegian",3,"Mini-Norwegian",NA,FALSE,"exploratory"
806,0.578756498912286,0.500121341637986,0.537954356858296,0.000999000999000999,6,0.000999000999000999,TRUE,0.53181202759139,1000,1616,26,"differential_object_marking","by_session_language","session_3_Mini-Norwegian",3,"Mini-Norwegian",NA,FALSE,"exploratory"
810,0.57216899092361,0.500076925009909,0.535721060460314,0.000999000999000999,6,0.000999000999000999,TRUE,0.53181202759139,1000,1616,26,"differential_object_marking","by_session_language","session_3_Mini-Norwegian",3,"Mini-Norwegian",NA,FALSE,"exploratory"
814,0.564345499736748,0.500392530856611,0.536971653936641,0.001998001998002,6,0.000999000999000999,TRUE,0.53181202759139,1000,1616,26,"differential_object_marking","by_session_language","session_3_Mini-Norwegian",3,"Mini-Norwegian",NA,FALSE,"exploratory"
818,0.555873776172406,0.50047373207857,0.540997538870494,0.00599400599400599,6,0.000999000999000999,TRUE,0.53181202759139,1000,1616,26,"differential_object_marking","by_session_language","session_3_Mini-Norwegian",3,"Mini-Norwegian",NA,FALSE,"exploratory"
822,0.555723075870387,0.500094417430623,0.54129040046439,0.001998001998002,6,0.000999000999000999,TRUE,0.53181202759139,1000,1616,26,"differential_object_marking","by_session_language","session_3_Mini-Norwegian",3,"Mini-Norwegian",NA,FALSE,"exploratory"
826,0.542002262991914,0.499647233338936,0.540757561114509,0.018981018981019,6,0.000999000999000999,TRUE,0.53181202759139,1000,1616,26,"differential_object_marking","by_session_language","session_3_Mini-Norwegian",3,"Mini-Norwegian",NA,FALSE,"exploratory"
830,0.535875608594127,0.499678899100637,0.539453841980861,0.036963036963037,6,0.000999000999000999,TRUE,0.53181202759139,1000,1616,26,"differential_object_marking","by_session_language","session_3_Mini-Norwegian",3,"Mini-Norwegian",NA,FALSE,"exploratory"
834,0.545215033626124,0.499298330431256,0.53539763652689,0.00799200799200799,6,0.000999000999000999,TRUE,0.53181202759139,1000,1616,26,"differential_object_marking","by_session_language","session_3_Mini-Norwegian",3,"Mini-Norwegian",NA,FALSE,"exploratory"
838,0.542049678479167,0.49924087471661,0.534109680516397,0.00999000999000999,6,0.000999000999000999,TRUE,0.53181202759139,1000,1616,26,"differential_object_marking","by_session_language","session_3_Mini-Norwegian",3,"Mini-Norwegian",NA,FALSE,"exploratory"
842,0.539005462810438,0.499294137247383,0.535470374349109,0.015984015984016,6,0.000999000999000999,TRUE,0.53181202759139,1000,1616,26,"differential_object_marking","by_session_language","session_3_Mini-Norwegian",3,"Mini-Norwegian",NA,FALSE,"exploratory"
846,0.546718985479942,0.499653595329417,0.536918557684799,0.004995004995005,6,0.000999000999000999,TRUE,0.53181202759139,1000,1616,26,"differential_object_marking","by_session_language","session_3_Mini-Norwegian",3,"Mini-Norwegian",NA,FALSE,"exploratory"
850,0.560516066192449,0.499280460787308,0.536115037736041,0.000999000999000999,6,0.000999000999000999,TRUE,0.53181202759139,1000,1616,26,"differential_object_marking","by_session_language","session_3_Mini-Norwegian",3,"Mini-Norwegian",NA,FALSE,"exploratory"
854,0.554808677109307,0.499271769226615,0.536086926863086,0.000999000999000999,6,0.000999000999000999,TRUE,0.53181202759139,1000,1616,26,"differential_object_marking","by_session_language","session_3_Mini-Norwegian",3,"Mini-Norwegian",NA,FALSE,"exploratory"
858,0.552009475197227,0.499288510549797,0.537559160499266,0.001998001998002,6,0.000999000999000999,TRUE,0.53181202759139,1000,1616,26,"differential_object_marking","by_session_language","session_3_Mini-Norwegian",3,"Mini-Norwegian",NA,FALSE,"exploratory"
862,0.556276425884598,0.499844039462497,0.53683157086876,0.002997002997003,6,0.000999000999000999,TRUE,0.53181202759139,1000,1616,26,"differential_object_marking","by_session_language","session_3_Mini-Norwegian",3,"Mini-Norwegian",NA,FALSE,"exploratory"
866,0.565668549148515,0.5003001201585,0.536016781932655,0.000999000999000999,6,0.000999000999000999,TRUE,0.53181202759139,1000,1616,26,"differential_object_marking","by_session_language","session_3_Mini-Norwegian",3,"Mini-Norwegian",NA,FALSE,"exploratory"
870,0.557301856573375,0.500833758316471,0.534437077027448,0.000999000999000999,6,0.000999000999000999,TRUE,0.53181202759139,1000,1616,26,"differential_object_marking","by_session_language","session_3_Mini-Norwegian",3,"Mini-Norwegian",NA,FALSE,"exploratory"
874,0.557559305069439,0.500821431023952,0.535742955851737,0.001998001998002,6,0.000999000999000999,TRUE,0.53181202759139,1000,1616,26,"differential_object_marking","by_session_language","session_3_Mini-Norwegian",3,"Mini-Norwegian",NA,FALSE,"exploratory"
878,0.558679510264559,0.500500377210902,0.536025332910853,0.000999000999000999,6,0.000999000999000999,TRUE,0.53181202759139,1000,1616,26,"differential_object_marking","by_session_language","session_3_Mini-Norwegian",3,"Mini-Norwegian",NA,FALSE,"exploratory"
882,0.558196444022962,0.499714162010407,0.536500555150495,0.000999000999000999,6,0.000999000999000999,TRUE,0.53181202759139,1000,1616,26,"differential_object_marking","by_session_language","session_3_Mini-Norwegian",3,"Mini-Norwegian",NA,FALSE,"exploratory"
886,0.551335162751699,0.49953201618238,0.537721426161165,0.001998001998002,6,0.000999000999000999,TRUE,0.53181202759139,1000,1616,26,"differential_object_marking","by_session_language","session_3_Mini-Norwegian",3,"Mini-Norwegian",NA,FALSE,"exploratory"
890,0.548160383791726,0.499755151119546,0.537576567010713,0.002997002997003,6,0.000999000999000999,TRUE,0.53181202759139,1000,1616,26,"differential_object_marking","by_session_language","session_3_Mini-Norwegian",3,"Mini-Norwegian",NA,FALSE,"exploratory"
894,0.538510516744342,0.499942820068554,0.538608791714155,0.026973026973027,6,0.000999000999000999,TRUE,0.53181202759139,1000,1616,26,"differential_object_marking","by_session_language","session_3_Mini-Norwegian",3,"Mini-Norwegian",NA,FALSE,"exploratory"
898,0.546589506482288,0.499957868055543,0.536244543721566,0.00899100899100899,6,0.000999000999000999,TRUE,0.53181202759139,1000,1616,26,"differential_object_marking","by_session_language","session_3_Mini-Norwegian",3,"Mini-Norwegian",NA,FALSE,"exploratory"
902,0.553305419534109,0.500387982295963,0.536999346573151,0.002997002997003,6,0.000999000999000999,TRUE,0.53181202759139,1000,1616,26,"differential_object_marking","by_session_language","session_3_Mini-Norwegian",3,"Mini-Norwegian",NA,FALSE,"exploratory"
906,0.555302565990757,0.500731538736755,0.536778560969319,0.001998001998002,6,0.000999000999000999,TRUE,0.53181202759139,1000,1616,26,"differential_object_marking","by_session_language","session_3_Mini-Norwegian",3,"Mini-Norwegian",NA,FALSE,"exploratory"
910,0.55907250887655,0.501054671789882,0.537027995757553,0.001998001998002,6,0.000999000999000999,TRUE,0.53181202759139,1000,1616,26,"differential_object_marking","by_session_language","session_3_Mini-Norwegian",3,"Mini-Norwegian",NA,FALSE,"exploratory"
914,0.565006399204798,0.501049341243076,0.537838242291479,0.000999000999000999,6,0.000999000999000999,TRUE,0.53181202759139,1000,1616,26,"differential_object_marking","by_session_language","session_3_Mini-Norwegian",3,"Mini-Norwegian",NA,FALSE,"exploratory"
918,0.565299744906752,0.500880042800647,0.536202528797231,0.000999000999000999,6,0.000999000999000999,TRUE,0.53181202759139,1000,1616,26,"differential_object_marking","by_session_language","session_3_Mini-Norwegian",3,"Mini-Norwegian",NA,FALSE,"exploratory"
922,0.562565329567244,0.500905658911906,0.537482192000733,0.000999000999000999,6,0.000999000999000999,TRUE,0.53181202759139,1000,1616,26,"differential_object_marking","by_session_language","session_3_Mini-Norwegian",3,"Mini-Norwegian",NA,FALSE,"exploratory"
926,0.549302835968206,0.500923027852052,0.537328855579596,0.003996003996004,6,0.000999000999000999,TRUE,0.53181202759139,1000,1616,26,"differential_object_marking","by_session_language","session_3_Mini-Norwegian",3,"Mini-Norwegian",NA,FALSE,"exploratory"
930,0.545209914112221,0.500860016410052,0.537945155533056,0.00999000999000999,6,0.000999000999000999,TRUE,0.53181202759139,1000,1616,26,"differential_object_marking","by_session_language","session_3_Mini-Norwegian",3,"Mini-Norwegian",NA,FALSE,"exploratory"
934,0.545862857149297,0.500709182321338,0.537118325607078,0.010989010989011,6,0.000999000999000999,TRUE,0.53181202759139,1000,1616,26,"differential_object_marking","by_session_language","session_3_Mini-Norwegian",3,"Mini-Norwegian",NA,FALSE,"exploratory"
938,0.541463744350335,0.500974003420004,0.536134907737938,0.014985014985015,6,0.000999000999000999,TRUE,0.53181202759139,1000,1616,26,"differential_object_marking","by_session_language","session_3_Mini-Norwegian",3,"Mini-Norwegian",NA,FALSE,"exploratory"
942,0.533967919004439,0.501461010836334,0.536701785987887,0.038961038961039,6,0.000999000999000999,TRUE,0.53181202759139,1000,1616,26,"differential_object_marking","by_session_language","session_3_Mini-Norwegian",3,"Mini-Norwegian",NA,FALSE,"exploratory"
946,0.532344402973126,0.501135767174414,0.538287959796176,0.048951048951049,6,0.000999000999000999,TRUE,0.53181202759139,1000,1616,26,"differential_object_marking","by_session_language","session_3_Mini-Norwegian",3,"Mini-Norwegian",NA,FALSE,"exploratory"
950,0.53351236291873,0.500991706007369,0.536455750169083,0.043956043956044,6,0.000999000999000999,TRUE,0.53181202759139,1000,1616,26,"differential_object_marking","by_session_language","session_3_Mini-Norwegian",3,"Mini-Norwegian",NA,FALSE,"exploratory"
954,0.528007027851256,0.500089502509803,0.53549301996021,0.0649350649350649,NA,NA,FALSE,0.53181202759139,1000,1616,26,"differential_object_marking","by_session_language","session_3_Mini-Norwegian",3,"Mini-Norwegian",NA,FALSE,"exploratory"
958,0.534578706696596,0.499408000489109,0.533368638038795,0.020979020979021,7,0.000999000999000999,TRUE,0.53181202759139,1000,1616,26,"differential_object_marking","by_session_language","session_3_Mini-Norwegian",3,"Mini-Norwegian",NA,FALSE,"exploratory"
962,0.53702366914937,0.499157542481697,0.53432958304537,0.020979020979021,7,0.000999000999000999,TRUE,0.53181202759139,1000,1616,26,"differential_object_marking","by_session_language","session_3_Mini-Norwegian",3,"Mini-Norwegian",NA,FALSE,"exploratory"
966,0.54686538326776,0.49930133441682,0.536533285035869,0.004995004995005,7,0.000999000999000999,TRUE,0.53181202759139,1000,1616,26,"differential_object_marking","by_session_language","session_3_Mini-Norwegian",3,"Mini-Norwegian",NA,FALSE,"exploratory"
970,0.561151524139146,0.499701189753009,0.536738781863483,0.001998001998002,7,0.000999000999000999,TRUE,0.53181202759139,1000,1616,26,"differential_object_marking","by_session_language","session_3_Mini-Norwegian",3,"Mini-Norwegian",NA,FALSE,"exploratory"
974,0.553708359450038,0.499651567845536,0.535729690108023,0.001998001998002,7,0.000999000999000999,TRUE,0.53181202759139,1000,1616,26,"differential_object_marking","by_session_language","session_3_Mini-Norwegian",3,"Mini-Norwegian",NA,FALSE,"exploratory"
978,0.552118313800871,0.500310261733616,0.536613656126238,0.001998001998002,7,0.000999000999000999,TRUE,0.53181202759139,1000,1616,26,"differential_object_marking","by_session_language","session_3_Mini-Norwegian",3,"Mini-Norwegian",NA,FALSE,"exploratory"
982,0.550262293031261,0.500198009184302,0.53694957985755,0.00699300699300699,7,0.000999000999000999,TRUE,0.53181202759139,1000,1616,26,"differential_object_marking","by_session_language","session_3_Mini-Norwegian",3,"Mini-Norwegian",NA,FALSE,"exploratory"
986,0.55001220812741,0.50027493724961,0.53629503363715,0.004995004995005,7,0.000999000999000999,TRUE,0.53181202759139,1000,1616,26,"differential_object_marking","by_session_language","session_3_Mini-Norwegian",3,"Mini-Norwegian",NA,FALSE,"exploratory"
990,0.547379086352728,0.500341829386984,0.536402090051039,0.00799200799200799,7,0.000999000999000999,TRUE,0.53181202759139,1000,1616,26,"differential_object_marking","by_session_language","session_3_Mini-Norwegian",3,"Mini-Norwegian",NA,FALSE,"exploratory"
994,0.552069720487983,0.500293611786264,0.537301088480992,0.00599400599400599,7,0.000999000999000999,TRUE,0.53181202759139,1000,1616,26,"differential_object_marking","by_session_language","session_3_Mini-Norwegian",3,"Mini-Norwegian",NA,FALSE,"exploratory"
998,0.543788380065211,0.500511267437517,0.540217458434664,0.013986013986014,7,0.000999000999000999,TRUE,0.53181202759139,1000,1616,26,"differential_object_marking","by_session_language","session_3_Mini-Norwegian",3,"Mini-Norwegian",NA,FALSE,"exploratory"
1002,0.552517357125521,0.500495589779272,0.538845942324247,0.003996003996004,7,0.000999000999000999,TRUE,0.53181202759139,1000,1616,26,"differential_object_marking","by_session_language","session_3_Mini-Norwegian",3,"Mini-Norwegian",NA,FALSE,"exploratory"
1006,0.547779122884283,0.500676250941614,0.538060911811001,0.010989010989011,7,0.000999000999000999,TRUE,0.53181202759139,1000,1616,26,"differential_object_marking","by_session_language","session_3_Mini-Norwegian",3,"Mini-Norwegian",NA,FALSE,"exploratory"
1010,0.545109860830429,0.500816278673702,0.536515259369581,0.012987012987013,7,0.000999000999000999,TRUE,0.53181202759139,1000,1616,26,"differential_object_marking","by_session_language","session_3_Mini-Norwegian",3,"Mini-Norwegian",NA,FALSE,"exploratory"
1014,0.549640164853662,0.500740343188624,0.537787728446572,0.00699300699300699,7,0.000999000999000999,TRUE,0.53181202759139,1000,1616,26,"differential_object_marking","by_session_language","session_3_Mini-Norwegian",3,"Mini-Norwegian",NA,FALSE,"exploratory"
1018,0.545846844644357,0.500533913362867,0.539205215710617,0.00999000999000999,7,0.000999000999000999,TRUE,0.53181202759139,1000,1616,26,"differential_object_marking","by_session_language","session_3_Mini-Norwegian",3,"Mini-Norwegian",NA,FALSE,"exploratory"
1022,0.546017671213921,0.500782065662672,0.538530793304145,0.00999000999000999,7,0.000999000999000999,TRUE,0.53181202759139,1000,1616,26,"differential_object_marking","by_session_language","session_3_Mini-Norwegian",3,"Mini-Norwegian",NA,FALSE,"exploratory"
1026,0.548813507734524,0.500665744459029,0.537884603106763,0.00599400599400599,7,0.000999000999000999,TRUE,0.53181202759139,1000,1616,26,"differential_object_marking","by_session_language","session_3_Mini-Norwegian",3,"Mini-Norwegian",NA,FALSE,"exploratory"
1030,0.555073238730529,0.500748007401292,0.537316589882521,0.002997002997003,7,0.000999000999000999,TRUE,0.53181202759139,1000,1616,26,"differential_object_marking","by_session_language","session_3_Mini-Norwegian",3,"Mini-Norwegian",NA,FALSE,"exploratory"
1034,0.551115934652161,0.500646904882871,0.538006678745993,0.00599400599400599,7,0.000999000999000999,TRUE,0.53181202759139,1000,1616,26,"differential_object_marking","by_session_language","session_3_Mini-Norwegian",3,"Mini-Norwegian",NA,FALSE,"exploratory"
1038,0.547173087897193,0.499988497118108,0.538203598086943,0.00699300699300699,7,0.000999000999000999,TRUE,0.53181202759139,1000,1616,26,"differential_object_marking","by_session_language","session_3_Mini-Norwegian",3,"Mini-Norwegian",NA,FALSE,"exploratory"
1042,0.536336443204912,0.500275055357806,0.537461099954112,0.030969030969031,7,0.000999000999000999,TRUE,0.53181202759139,1000,1616,26,"differential_object_marking","by_session_language","session_3_Mini-Norwegian",3,"Mini-Norwegian",NA,FALSE,"exploratory"
1046,0.539832071613096,0.50053291817475,0.538769040911281,0.020979020979021,7,0.000999000999000999,TRUE,0.53181202759139,1000,1616,26,"differential_object_marking","by_session_language","session_3_Mini-Norwegian",3,"Mini-Norwegian",NA,FALSE,"exploratory"
1050,0.550948262306536,0.500788394470808,0.538480017435901,0.004995004995005,7,0.000999000999000999,TRUE,0.53181202759139,1000,1616,26,"differential_object_marking","by_session_language","session_3_Mini-Norwegian",3,"Mini-Norwegian",NA,FALSE,"exploratory"
1054,0.557855288802544,0.500725087342219,0.537405447271469,0.001998001998002,7,0.000999000999000999,TRUE,0.53181202759139,1000,1616,26,"differential_object_marking","by_session_language","session_3_Mini-Norwegian",3,"Mini-Norwegian",NA,FALSE,"exploratory"
1058,0.563333368132457,0.500980529593748,0.536889028066653,0.001998001998002,7,0.000999000999000999,TRUE,0.53181202759139,1000,1616,26,"differential_object_marking","by_session_language","session_3_Mini-Norwegian",3,"Mini-Norwegian",NA,FALSE,"exploratory"
1062,0.557852964731418,0.500985835754695,0.535932807204085,0.001998001998002,7,0.000999000999000999,TRUE,0.53181202759139,1000,1616,26,"differential_object_marking","by_session_language","session_3_Mini-Norwegian",3,"Mini-Norwegian",NA,FALSE,"exploratory"
1066,0.555389045153129,0.500498405896286,0.534038067303279,0.000999000999000999,7,0.000999000999000999,TRUE,0.53181202759139,1000,1616,26,"differential_object_marking","by_session_language","session_3_Mini-Norwegian",3,"Mini-Norwegian",NA,FALSE,"exploratory"
1070,0.551942174952774,0.500238777398882,0.534123893364802,0.000999000999000999,7,0.000999000999000999,TRUE,0.53181202759139,1000,1616,26,"differential_object_marking","by_session_language","session_3_Mini-Norwegian",3,"Mini-Norwegian",NA,FALSE,"exploratory"
1074,0.569347061521913,0.499914162990154,0.534380994454703,0.000999000999000999,7,0.000999000999000999,TRUE,0.53181202759139,1000,1616,26,"differential_object_marking","by_session_language","session_3_Mini-Norwegian",3,"Mini-Norwegian",NA,FALSE,"exploratory"
1078,0.580204082308085,0.499934632170128,0.536523430628219,0.000999000999000999,7,0.000999000999000999,TRUE,0.53181202759139,1000,1616,26,"differential_object_marking","by_session_language","session_3_Mini-Norwegian",3,"Mini-Norwegian",NA,FALSE,"exploratory"
1082,0.584623824918704,0.500363029082971,0.534748515172187,0.000999000999000999,7,0.000999000999000999,TRUE,0.53181202759139,1000,1616,26,"differential_object_marking","by_session_language","session_3_Mini-Norwegian",3,"Mini-Norwegian",NA,FALSE,"exploratory"
1086,0.583270044487131,0.500722491725461,0.534858038724682,0.000999000999000999,7,0.000999000999000999,TRUE,0.53181202759139,1000,1616,26,"differential_object_marking","by_session_language","session_3_Mini-Norwegian",3,"Mini-Norwegian",NA,FALSE,"exploratory"
1090,0.583944033758593,0.500943964080303,0.536315967676838,0.000999000999000999,7,0.000999000999000999,TRUE,0.53181202759139,1000,1616,26,"differential_object_marking","by_session_language","session_3_Mini-Norwegian",3,"Mini-Norwegian",NA,FALSE,"exploratory"
1094,0.577188185041085,0.501075516523127,0.536191154611401,0.000999000999000999,7,0.000999000999000999,TRUE,0.53181202759139,1000,1616,26,"differential_object_marking","by_session_language","session_3_Mini-Norwegian",3,"Mini-Norwegian",NA,FALSE,"exploratory"
1098,0.569827487811777,0.500572348193003,0.535970684221633,0.000999000999000999,7,0.000999000999000999,TRUE,0.53181202759139,1000,1616,26,"differential_object_marking","by_session_language","session_3_Mini-Norwegian",3,"Mini-Norwegian",NA,FALSE,"exploratory"
-98,0.575308690785997,0.500744029473948,0.538482376752661,0.000999000999000999,1,0.017982017982018,TRUE,0.532282642154936,1000,1618,27,"differential_object_marking","by_session_language","session_4_Mini-English",4,"Mini-English",NA,FALSE,"exploratory"
-94,0.581076375953365,0.500086414026274,0.535419214735228,0.000999000999000999,1,0.017982017982018,TRUE,0.532282642154936,1000,1618,27,"differential_object_marking","by_session_language","session_4_Mini-English",4,"Mini-English",NA,FALSE,"exploratory"
-90,0.577615013865946,0.500165565475136,0.539129162686879,0.000999000999000999,1,0.017982017982018,TRUE,0.532282642154936,1000,1618,27,"differential_object_marking","by_session_language","session_4_Mini-English",4,"Mini-English",NA,FALSE,"exploratory"
-86,0.554754922140593,0.500012634060165,0.538398522883026,0.000999000999000999,1,0.017982017982018,TRUE,0.532282642154936,1000,1618,27,"differential_object_marking","by_session_language","session_4_Mini-English",4,"Mini-English",NA,FALSE,"exploratory"
-82,0.533293319553102,0.499963754223533,0.536443470557554,0.041958041958042,1,0.017982017982018,TRUE,0.532282642154936,1000,1618,27,"differential_object_marking","by_session_language","session_4_Mini-English",4,"Mini-English",NA,FALSE,"exploratory"
-78,0.504004196737793,0.500618285190902,0.536114153071413,0.44955044955045,NA,NA,FALSE,0.532282642154936,1000,1618,27,"differential_object_marking","by_session_language","session_4_Mini-English",4,"Mini-English",NA,FALSE,"exploratory"
-74,0.478379154018833,0.500622595854664,0.536705466250584,0.874125874125874,NA,NA,FALSE,0.532282642154936,1000,1618,27,"differential_object_marking","by_session_language","session_4_Mini-English",4,"Mini-English",NA,FALSE,"exploratory"
-70,0.491326388606535,0.500630744536147,0.53767402472488,0.69030969030969,NA,NA,FALSE,0.532282642154936,1000,1618,27,"differential_object_marking","by_session_language","session_4_Mini-English",4,"Mini-English",NA,FALSE,"exploratory"
-66,0.497841221485596,0.500694358183961,0.53640245661399,0.584415584415584,NA,NA,FALSE,0.532282642154936,1000,1618,27,"differential_object_marking","by_session_language","session_4_Mini-English",4,"Mini-English",NA,FALSE,"exploratory"
-62,0.497260261748931,0.500694296915055,0.537037545420711,0.586413586413586,NA,NA,FALSE,0.532282642154936,1000,1618,27,"differential_object_marking","by_session_language","session_4_Mini-English",4,"Mini-English",NA,FALSE,"exploratory"
-58,0.487884678061943,0.499888397382168,0.53750111514774,0.713286713286713,NA,NA,FALSE,0.532282642154936,1000,1618,27,"differential_object_marking","by_session_language","session_4_Mini-English",4,"Mini-English",NA,FALSE,"exploratory"
-54,0.497201312008462,0.499148601062433,0.537357283694897,0.559440559440559,NA,NA,FALSE,0.532282642154936,1000,1618,27,"differential_object_marking","by_session_language","session_4_Mini-English",4,"Mini-English",NA,FALSE,"exploratory"
-50,0.49291604575737,0.499106535157728,0.538988548867238,0.636363636363636,NA,NA,FALSE,0.532282642154936,1000,1618,27,"differential_object_marking","by_session_language","session_4_Mini-English",4,"Mini-English",NA,FALSE,"exploratory"
-46,0.470545367174505,0.499898161724076,0.540463520851247,0.927072927072927,NA,NA,FALSE,0.532282642154936,1000,1618,27,"differential_object_marking","by_session_language","session_4_Mini-English",4,"Mini-English",NA,FALSE,"exploratory"
-42,0.462888785834661,0.50034561046354,0.538844743773926,0.965034965034965,NA,NA,FALSE,0.532282642154936,1000,1618,27,"differential_object_marking","by_session_language","session_4_Mini-English",4,"Mini-English",NA,FALSE,"exploratory"
-38,0.485501759749854,0.499528523369243,0.538421416164774,0.753246753246753,NA,NA,FALSE,0.532282642154936,1000,1618,27,"differential_object_marking","by_session_language","session_4_Mini-English",4,"Mini-English",NA,FALSE,"exploratory"
-34,0.492109571932097,0.500055492687999,0.540439252679291,0.647352647352647,NA,NA,FALSE,0.532282642154936,1000,1618,27,"differential_object_marking","by_session_language","session_4_Mini-English",4,"Mini-English",NA,FALSE,"exploratory"
-30,0.484984110348865,0.501174609219706,0.53780848288608,0.797202797202797,NA,NA,FALSE,0.532282642154936,1000,1618,27,"differential_object_marking","by_session_language","session_4_Mini-English",4,"Mini-English",NA,FALSE,"exploratory"
-26,0.501602072810561,0.50136621278888,0.537067434509998,0.510489510489511,NA,NA,FALSE,0.532282642154936,1000,1618,27,"differential_object_marking","by_session_language","session_4_Mini-English",4,"Mini-English",NA,FALSE,"exploratory"
-22,0.53109683450757,0.501303127067832,0.536959714778136,0.0659340659340659,NA,NA,FALSE,0.532282642154936,1000,1618,27,"differential_object_marking","by_session_language","session_4_Mini-English",4,"Mini-English",NA,FALSE,"exploratory"
-18,0.561945438021231,0.500854641221735,0.537712662305148,0.001998001998002,2,0.00999000999000999,TRUE,0.532282642154936,1000,1618,27,"differential_object_marking","by_session_language","session_4_Mini-English",4,"Mini-English",NA,FALSE,"exploratory"
-14,0.572886586958738,0.500659545108537,0.538609100436867,0.000999000999000999,2,0.00999000999000999,TRUE,0.532282642154936,1000,1618,27,"differential_object_marking","by_session_language","session_4_Mini-English",4,"Mini-English",NA,FALSE,"exploratory"
-10,0.568503054006197,0.500492557430196,0.540065346824798,0.000999000999000999,2,0.00999000999000999,TRUE,0.532282642154936,1000,1618,27,"differential_object_marking","by_session_language","session_4_Mini-English",4,"Mini-English",NA,FALSE,"exploratory"
-6,0.550386613175841,0.499527245160261,0.538015732468713,0.003996003996004,2,0.00999000999000999,TRUE,0.532282642154936,1000,1618,27,"differential_object_marking","by_session_language","session_4_Mini-English",4,"Mini-English",NA,FALSE,"exploratory"
-2,0.554471973748938,0.499527748426015,0.536924803006675,0.002997002997003,2,0.00999000999000999,TRUE,0.532282642154936,1000,1618,27,"differential_object_marking","by_session_language","session_4_Mini-English",4,"Mini-English",NA,FALSE,"exploratory"
2,0.561513008561386,0.499746978475686,0.534740739384556,0.000999000999000999,2,0.00999000999000999,TRUE,0.532282642154936,1000,1618,27,"differential_object_marking","by_session_language","session_4_Mini-English",4,"Mini-English",NA,FALSE,"exploratory"
6,0.556918874225376,0.499679413782601,0.5370761718207,0.001998001998002,2,0.00999000999000999,TRUE,0.532282642154936,1000,1618,27,"differential_object_marking","by_session_language","session_4_Mini-English",4,"Mini-English",NA,FALSE,"exploratory"
10,0.539496971667678,0.49940405587453,0.537648101572739,0.020979020979021,2,0.00999000999000999,TRUE,0.532282642154936,1000,1618,27,"differential_object_marking","by_session_language","session_4_Mini-English",4,"Mini-English",NA,FALSE,"exploratory"
14,0.516761717654982,0.499332452611813,0.538210157396344,0.192807192807193,NA,NA,FALSE,0.532282642154936,1000,1618,27,"differential_object_marking","by_session_language","session_4_Mini-English",4,"Mini-English",NA,FALSE,"exploratory"
18,0.501693161308928,0.499953198996832,0.538185758034588,0.49050949050949,NA,NA,FALSE,0.532282642154936,1000,1618,27,"differential_object_marking","by_session_language","session_4_Mini-English",4,"Mini-English",NA,FALSE,"exploratory"
22,0.494992042187909,0.500610354894208,0.536496614588774,0.613386613386613,NA,NA,FALSE,0.532282642154936,1000,1618,27,"differential_object_marking","by_session_language","session_4_Mini-English",4,"Mini-English",NA,FALSE,"exploratory"
26,0.49810725565536,0.501003067863892,0.538193498072046,0.581418581418581,NA,NA,FALSE,0.532282642154936,1000,1618,27,"differential_object_marking","by_session_language","session_4_Mini-English",4,"Mini-English",NA,FALSE,"exploratory"
30,0.497936047706776,0.500224363407465,0.539016240290459,0.558441558441558,NA,NA,FALSE,0.532282642154936,1000,1618,27,"differential_object_marking","by_session_language","session_4_Mini-English",4,"Mini-English",NA,FALSE,"exploratory"
34,0.516852746418654,0.500159457257827,0.537051871295125,0.200799200799201,NA,NA,FALSE,0.532282642154936,1000,1618,27,"differential_object_marking","by_session_language","session_4_Mini-English",4,"Mini-English",NA,FALSE,"exploratory"
38,0.536966083769888,0.499915462197133,0.537980358269607,0.030969030969031,3,0.021978021978022,TRUE,0.532282642154936,1000,1618,27,"differential_object_marking","by_session_language","session_4_Mini-English",4,"Mini-English",NA,FALSE,"exploratory"
42,0.543043437743123,0.499840972017663,0.537622523560664,0.012987012987013,3,0.021978021978022,TRUE,0.532282642154936,1000,1618,27,"differential_object_marking","by_session_language","session_4_Mini-English",4,"Mini-English",NA,FALSE,"exploratory"
46,0.556018520279916,0.499525280266755,0.53740303428135,0.000999000999000999,3,0.021978021978022,TRUE,0.532282642154936,1000,1618,27,"differential_object_marking","by_session_language","session_4_Mini-English",4,"Mini-English",NA,FALSE,"exploratory"
50,0.5604199083739,0.499484347786603,0.536976295346428,0.000999000999000999,3,0.021978021978022,TRUE,0.532282642154936,1000,1618,27,"differential_object_marking","by_session_language","session_4_Mini-English",4,"Mini-English",NA,FALSE,"exploratory"
54,0.563832944054972,0.500033740635389,0.537781484733239,0.000999000999000999,3,0.021978021978022,TRUE,0.532282642154936,1000,1618,27,"differential_object_marking","by_session_language","session_4_Mini-English",4,"Mini-English",NA,FALSE,"exploratory"
58,0.565463195175947,0.500168045366847,0.537723540154485,0.000999000999000999,3,0.021978021978022,TRUE,0.532282642154936,1000,1618,27,"differential_object_marking","by_session_language","session_4_Mini-English",4,"Mini-English",NA,FALSE,"exploratory"
62,0.54762569548918,0.499731254188128,0.537776330061923,0.00699300699300699,3,0.021978021978022,TRUE,0.532282642154936,1000,1618,27,"differential_object_marking","by_session_language","session_4_Mini-English",4,"Mini-English",NA,FALSE,"exploratory"
66,0.533639173985532,0.49978567181566,0.53743164727847,0.037962037962038,3,0.021978021978022,TRUE,0.532282642154936,1000,1618,27,"differential_object_marking","by_session_language","session_4_Mini-English",4,"Mini-English",NA,FALSE,"exploratory"
70,0.516086091102641,0.499877453315994,0.537484459319383,0.218781218781219,NA,NA,FALSE,0.532282642154936,1000,1618,27,"differential_object_marking","by_session_language","session_4_Mini-English",4,"Mini-English",NA,FALSE,"exploratory"
74,0.50270554570845,0.499949154557672,0.537647721549324,0.457542457542458,NA,NA,FALSE,0.532282642154936,1000,1618,27,"differential_object_marking","by_session_language","session_4_Mini-English",4,"Mini-English",NA,FALSE,"exploratory"
78,0.507779312326503,0.500121176873956,0.536215697067098,0.376623376623377,NA,NA,FALSE,0.532282642154936,1000,1618,27,"differential_object_marking","by_session_language","session_4_Mini-English",4,"Mini-English",NA,FALSE,"exploratory"
82,0.521513539340238,0.499923900452325,0.539605624608921,0.136863136863137,NA,NA,FALSE,0.532282642154936,1000,1618,27,"differential_object_marking","by_session_language","session_4_Mini-English",4,"Mini-English",NA,FALSE,"exploratory"
86,0.525099521927801,0.500982200607549,0.539395343219082,0.127872127872128,NA,NA,FALSE,0.532282642154936,1000,1618,27,"differential_object_marking","by_session_language","session_4_Mini-English",4,"Mini-English",NA,FALSE,"exploratory"
90,0.521769455598109,0.502228440490057,0.540683230485999,0.182817182817183,NA,NA,FALSE,0.532282642154936,1000,1618,27,"differential_object_marking","by_session_language","session_4_Mini-English",4,"Mini-English",NA,FALSE,"exploratory"
94,0.524095432461016,0.5025362612804,0.542011985803314,0.143856143856144,NA,NA,FALSE,0.532282642154936,1000,1618,27,"differential_object_marking","by_session_language","session_4_Mini-English",4,"Mini-English",NA,FALSE,"exploratory"
98,0.537701433997228,0.501698528416845,0.539365456158589,0.030969030969031,4,0.804195804195804,FALSE,0.532282642154936,1000,1618,27,"differential_object_marking","by_session_language","session_4_Mini-English",4,"Mini-English",NA,FALSE,"exploratory"
102,0.533219992632581,0.500623162363371,0.535932543772694,0.037962037962038,4,0.804195804195804,FALSE,0.532282642154936,1000,1618,27,"differential_object_marking","by_session_language","session_4_Mini-English",4,"Mini-English",NA,FALSE,"exploratory"
106,0.538032510570184,0.499976472580931,0.536254520746818,0.022977022977023,4,0.804195804195804,FALSE,0.532282642154936,1000,1618,27,"differential_object_marking","by_session_language","session_4_Mini-English",4,"Mini-English",NA,FALSE,"exploratory"
110,0.5283588174896,0.499725061774431,0.534607824723507,0.0669330669330669,NA,NA,FALSE,0.532282642154936,1000,1618,27,"differential_object_marking","by_session_language","session_4_Mini-English",4,"Mini-English",NA,FALSE,"exploratory"
114,0.542357312376253,0.500298505686318,0.536609864184927,0.012987012987013,5,0.172827172827173,FALSE,0.532282642154936,1000,1618,27,"differential_object_marking","by_session_language","session_4_Mini-English",4,"Mini-English",NA,FALSE,"exploratory"
118,0.554162713744796,0.500232363186116,0.53723950610016,0.001998001998002,5,0.172827172827173,FALSE,0.532282642154936,1000,1618,27,"differential_object_marking","by_session_language","session_4_Mini-English",4,"Mini-English",NA,FALSE,"exploratory"
122,0.554771455935069,0.500627415051983,0.537089319506841,0.002997002997003,5,0.172827172827173,FALSE,0.532282642154936,1000,1618,27,"differential_object_marking","by_session_language","session_4_Mini-English",4,"Mini-English",NA,FALSE,"exploratory"
126,0.543548149828249,0.50074758057381,0.537084379898286,0.011988011988012,5,0.172827172827173,FALSE,0.532282642154936,1000,1618,27,"differential_object_marking","by_session_language","session_4_Mini-English",4,"Mini-English",NA,FALSE,"exploratory"
130,0.538780266816039,0.50075250680508,0.537552871971919,0.023976023976024,5,0.172827172827173,FALSE,0.532282642154936,1000,1618,27,"differential_object_marking","by_session_language","session_4_Mini-English",4,"Mini-English",NA,FALSE,"exploratory"
134,0.532332552618558,0.500141732940109,0.537477106333493,0.0599400599400599,5,0.172827172827173,FALSE,0.532282642154936,1000,1618,27,"differential_object_marking","by_session_language","session_4_Mini-English",4,"Mini-English",NA,FALSE,"exploratory"
138,0.50712655626989,0.500753004139332,0.537292283302364,0.384615384615385,NA,NA,FALSE,0.532282642154936,1000,1618,27,"differential_object_marking","by_session_language","session_4_Mini-English",4,"Mini-English",NA,FALSE,"exploratory"
142,0.519254072252821,0.500377957918174,0.536518425828123,0.177822177822178,NA,NA,FALSE,0.532282642154936,1000,1618,27,"differential_object_marking","by_session_language","session_4_Mini-English",4,"Mini-English",NA,FALSE,"exploratory"
146,0.540878437922814,0.500376146980301,0.53930313618891,0.021978021978022,6,0.000999000999000999,TRUE,0.532282642154936,1000,1618,27,"differential_object_marking","by_session_language","session_4_Mini-English",4,"Mini-English",NA,FALSE,"exploratory"
150,0.546963875906891,0.500727016306894,0.539247551052542,0.00599400599400599,6,0.000999000999000999,TRUE,0.532282642154936,1000,1618,27,"differential_object_marking","by_session_language","session_4_Mini-English",4,"Mini-English",NA,FALSE,"exploratory"
154,0.539312453960968,0.500376438392149,0.538121904692039,0.01998001998002,6,0.000999000999000999,TRUE,0.532282642154936,1000,1618,27,"differential_object_marking","by_session_language","session_4_Mini-English",4,"Mini-English",NA,FALSE,"exploratory"
158,0.54743663319942,0.500262817220758,0.537543748555476,0.00599400599400599,6,0.000999000999000999,TRUE,0.532282642154936,1000,1618,27,"differential_object_marking","by_session_language","session_4_Mini-English",4,"Mini-English",NA,FALSE,"exploratory"
162,0.541201119354174,0.500632886185183,0.538176250333186,0.016983016983017,6,0.000999000999000999,TRUE,0.532282642154936,1000,1618,27,"differential_object_marking","by_session_language","session_4_Mini-English",4,"Mini-English",NA,FALSE,"exploratory"
166,0.553958513324129,0.50039790851842,0.539637616356538,0.000999000999000999,6,0.000999000999000999,TRUE,0.532282642154936,1000,1618,27,"differential_object_marking","by_session_language","session_4_Mini-English",4,"Mini-English",NA,FALSE,"exploratory"
170,0.568739956774914,0.499891772603982,0.541156247557911,0.000999000999000999,6,0.000999000999000999,TRUE,0.532282642154936,1000,1618,27,"differential_object_marking","by_session_language","session_4_Mini-English",4,"Mini-English",NA,FALSE,"exploratory"
174,0.56530461850499,0.499664839489223,0.538725845642105,0.000999000999000999,6,0.000999000999000999,TRUE,0.532282642154936,1000,1618,27,"differential_object_marking","by_session_language","session_4_Mini-English",4,"Mini-English",NA,FALSE,"exploratory"
178,0.570798938477541,0.498627880094366,0.53784672263286,0.000999000999000999,6,0.000999000999000999,TRUE,0.532282642154936,1000,1618,27,"differential_object_marking","by_session_language","session_4_Mini-English",4,"Mini-English",NA,FALSE,"exploratory"
182,0.555157242244258,0.498012352263076,0.537898089680554,0.001998001998002,6,0.000999000999000999,TRUE,0.532282642154936,1000,1618,27,"differential_object_marking","by_session_language","session_4_Mini-English",4,"Mini-English",NA,FALSE,"exploratory"
186,0.553682437710095,0.498372618701688,0.539855744649296,0.002997002997003,6,0.000999000999000999,TRUE,0.532282642154936,1000,1618,27,"differential_object_marking","by_session_language","session_4_Mini-English",4,"Mini-English",NA,FALSE,"exploratory"
190,0.548068870025163,0.499200970245099,0.537301547823533,0.00599400599400599,6,0.000999000999000999,TRUE,0.532282642154936,1000,1618,27,"differential_object_marking","by_session_language","session_4_Mini-English",4,"Mini-English",NA,FALSE,"exploratory"
194,0.540685640388687,0.499789953305658,0.536187379478714,0.014985014985015,6,0.000999000999000999,TRUE,0.532282642154936,1000,1618,27,"differential_object_marking","by_session_language","session_4_Mini-English",4,"Mini-English",NA,FALSE,"exploratory"
198,0.548862130352185,0.499727483661857,0.539148526019008,0.004995004995005,6,0.000999000999000999,TRUE,0.532282642154936,1000,1618,27,"differential_object_marking","by_session_language","session_4_Mini-English",4,"Mini-English",NA,FALSE,"exploratory"
202,0.565159752706599,0.499409375629675,0.538854298153414,0.000999000999000999,6,0.000999000999000999,TRUE,0.532282642154936,1000,1618,27,"differential_object_marking","by_session_language","session_4_Mini-English",4,"Mini-English",NA,FALSE,"exploratory"
206,0.574427768274944,0.499669862257288,0.537866397991564,0.000999000999000999,6,0.000999000999000999,TRUE,0.532282642154936,1000,1618,27,"differential_object_marking","by_session_language","session_4_Mini-English",4,"Mini-English",NA,FALSE,"exploratory"
210,0.559329475604423,0.500056532292196,0.538482084573087,0.003996003996004,6,0.000999000999000999,TRUE,0.532282642154936,1000,1618,27,"differential_object_marking","by_session_language","session_4_Mini-English",4,"Mini-English",NA,FALSE,"exploratory"
214,0.567055760122859,0.500051690605069,0.538354307906489,0.000999000999000999,6,0.000999000999000999,TRUE,0.532282642154936,1000,1618,27,"differential_object_marking","by_session_language","session_4_Mini-English",4,"Mini-English",NA,FALSE,"exploratory"
218,0.576511590487662,0.50019231473229,0.538124236374497,0.000999000999000999,6,0.000999000999000999,TRUE,0.532282642154936,1000,1618,27,"differential_object_marking","by_session_language","session_4_Mini-English",4,"Mini-English",NA,FALSE,"exploratory"
222,0.590167795373836,0.501134460055498,0.537989040696565,0.000999000999000999,6,0.000999000999000999,TRUE,0.532282642154936,1000,1618,27,"differential_object_marking","by_session_language","session_4_Mini-English",4,"Mini-English",NA,FALSE,"exploratory"
226,0.587987638737036,0.501703260920006,0.538332695522359,0.000999000999000999,6,0.000999000999000999,TRUE,0.532282642154936,1000,1618,27,"differential_object_marking","by_session_language","session_4_Mini-English",4,"Mini-English",NA,FALSE,"exploratory"
230,0.586788114494914,0.501278042213342,0.540644204299577,0.000999000999000999,6,0.000999000999000999,TRUE,0.532282642154936,1000,1618,27,"differential_object_marking","by_session_language","session_4_Mini-English",4,"Mini-English",NA,FALSE,"exploratory"
234,0.592348005401682,0.50103824828681,0.540150780653132,0.000999000999000999,6,0.000999000999000999,TRUE,0.532282642154936,1000,1618,27,"differential_object_marking","by_session_language","session_4_Mini-English",4,"Mini-English",NA,FALSE,"exploratory"
238,0.596924244672353,0.501069610419068,0.537014364467617,0.000999000999000999,6,0.000999000999000999,TRUE,0.532282642154936,1000,1618,27,"differential_object_marking","by_session_language","session_4_Mini-English",4,"Mini-English",NA,FALSE,"exploratory"
242,0.607272600857869,0.501064250403613,0.536573270898284,0.000999000999000999,6,0.000999000999000999,TRUE,0.532282642154936,1000,1618,27,"differential_object_marking","by_session_language","session_4_Mini-English",4,"Mini-English",NA,FALSE,"exploratory"
246,0.610924326457466,0.500805691116378,0.538705808914119,0.000999000999000999,6,0.000999000999000999,TRUE,0.532282642154936,1000,1618,27,"differential_object_marking","by_session_language","session_4_Mini-English",4,"Mini-English",NA,FALSE,"exploratory"
250,0.596495174481169,0.500620459513425,0.53730335758192,0.000999000999000999,6,0.000999000999000999,TRUE,0.532282642154936,1000,1618,27,"differential_object_marking","by_session_language","session_4_Mini-English",4,"Mini-English",NA,FALSE,"exploratory"
254,0.579170376245899,0.50138000662237,0.539035028271404,0.000999000999000999,6,0.000999000999000999,TRUE,0.532282642154936,1000,1618,27,"differential_object_marking","by_session_language","session_4_Mini-English",4,"Mini-English",NA,FALSE,"exploratory"
258,0.572711665974363,0.500867469567314,0.537830999285166,0.000999000999000999,6,0.000999000999000999,TRUE,0.532282642154936,1000,1618,27,"differential_object_marking","by_session_language","session_4_Mini-English",4,"Mini-English",NA,FALSE,"exploratory"
262,0.5709236934281,0.500727105853246,0.538130081556335,0.000999000999000999,6,0.000999000999000999,TRUE,0.532282642154936,1000,1618,27,"differential_object_marking","by_session_language","session_4_Mini-English",4,"Mini-English",NA,FALSE,"exploratory"
266,0.564597558051382,0.500701882005715,0.539117521376239,0.001998001998002,6,0.000999000999000999,TRUE,0.532282642154936,1000,1618,27,"differential_object_marking","by_session_language","session_4_Mini-English",4,"Mini-English",NA,FALSE,"exploratory"
270,0.561308864371309,0.500641626852059,0.540693631051632,0.000999000999000999,6,0.000999000999000999,TRUE,0.532282642154936,1000,1618,27,"differential_object_marking","by_session_language","session_4_Mini-English",4,"Mini-English",NA,FALSE,"exploratory"
274,0.562871076421379,0.50047819198999,0.53902314800886,0.000999000999000999,6,0.000999000999000999,TRUE,0.532282642154936,1000,1618,27,"differential_object_marking","by_session_language","session_4_Mini-English",4,"Mini-English",NA,FALSE,"exploratory"
278,0.572493743996171,0.500030929998282,0.537715855883603,0.000999000999000999,6,0.000999000999000999,TRUE,0.532282642154936,1000,1618,27,"differential_object_marking","by_session_language","session_4_Mini-English",4,"Mini-English",NA,FALSE,"exploratory"
282,0.581553040820601,0.499838668975849,0.537217402767691,0.000999000999000999,6,0.000999000999000999,TRUE,0.532282642154936,1000,1618,27,"differential_object_marking","by_session_language","session_4_Mini-English",4,"Mini-English",NA,FALSE,"exploratory"
286,0.579572102845244,0.499608945885195,0.538570720129305,0.000999000999000999,6,0.000999000999000999,TRUE,0.532282642154936,1000,1618,27,"differential_object_marking","by_session_language","session_4_Mini-English",4,"Mini-English",NA,FALSE,"exploratory"
290,0.56702619695213,0.500134554638427,0.538953669743193,0.000999000999000999,6,0.000999000999000999,TRUE,0.532282642154936,1000,1618,27,"differential_object_marking","by_session_language","session_4_Mini-English",4,"Mini-English",NA,FALSE,"exploratory"
294,0.561047156348806,0.500212524264507,0.539463969630901,0.000999000999000999,6,0.000999000999000999,TRUE,0.532282642154936,1000,1618,27,"differential_object_marking","by_session_language","session_4_Mini-English",4,"Mini-English",NA,FALSE,"exploratory"
298,0.560426983680261,0.499718814823635,0.537070898920807,0.000999000999000999,6,0.000999000999000999,TRUE,0.532282642154936,1000,1618,27,"differential_object_marking","by_session_language","session_4_Mini-English",4,"Mini-English",NA,FALSE,"exploratory"
302,0.554400883986335,0.499718929466161,0.53638562839542,0.002997002997003,6,0.000999000999000999,TRUE,0.532282642154936,1000,1618,27,"differential_object_marking","by_session_language","session_4_Mini-English",4,"Mini-English",NA,FALSE,"exploratory"
306,0.555466663732323,0.500273410685373,0.539346667547819,0.001998001998002,6,0.000999000999000999,TRUE,0.532282642154936,1000,1618,27,"differential_object_marking","by_session_language","session_4_Mini-English",4,"Mini-English",NA,FALSE,"exploratory"
310,0.558647427823267,0.50123064677939,0.539143673724166,0.003996003996004,6,0.000999000999000999,TRUE,0.532282642154936,1000,1618,27,"differential_object_marking","by_session_language","session_4_Mini-English",4,"Mini-English",NA,FALSE,"exploratory"
314,0.568974714977108,0.501580541458156,0.541501010881109,0.000999000999000999,6,0.000999000999000999,TRUE,0.532282642154936,1000,1618,27,"differential_object_marking","by_session_language","session_4_Mini-English",4,"Mini-English",NA,FALSE,"exploratory"
318,0.55966069979933,0.501178349311068,0.536999483119434,0.002997002997003,6,0.000999000999000999,TRUE,0.532282642154936,1000,1618,27,"differential_object_marking","by_session_language","session_4_Mini-English",4,"Mini-English",NA,FALSE,"exploratory"
322,0.560513511344103,0.500418578838875,0.535746650789049,0.001998001998002,6,0.000999000999000999,TRUE,0.532282642154936,1000,1618,27,"differential_object_marking","by_session_language","session_4_Mini-English",4,"Mini-English",NA,FALSE,"exploratory"
326,0.556489697189712,0.500098148833876,0.538912131846595,0.002997002997003,6,0.000999000999000999,TRUE,0.532282642154936,1000,1618,27,"differential_object_marking","by_session_language","session_4_Mini-English",4,"Mini-English",NA,FALSE,"exploratory"
330,0.548388628565799,0.499838760552317,0.538696052199334,0.00799200799200799,6,0.000999000999000999,TRUE,0.532282642154936,1000,1618,27,"differential_object_marking","by_session_language","session_4_Mini-English",4,"Mini-English",NA,FALSE,"exploratory"
334,0.55122463777515,0.499687931343785,0.537767037827558,0.004995004995005,6,0.000999000999000999,TRUE,0.532282642154936,1000,1618,27,"differential_object_marking","by_session_language","session_4_Mini-English",4,"Mini-English",NA,FALSE,"exploratory"
338,0.559675734696178,0.499458163929142,0.536869077789526,0.001998001998002,6,0.000999000999000999,TRUE,0.532282642154936,1000,1618,27,"differential_object_marking","by_session_language","session_4_Mini-English",4,"Mini-English",NA,FALSE,"exploratory"
342,0.552131497177751,0.499356680078437,0.536604212020068,0.001998001998002,6,0.000999000999000999,TRUE,0.532282642154936,1000,1618,27,"differential_object_marking","by_session_language","session_4_Mini-English",4,"Mini-English",NA,FALSE,"exploratory"
346,0.546609847277343,0.499687174140777,0.536880421382198,0.003996003996004,6,0.000999000999000999,TRUE,0.532282642154936,1000,1618,27,"differential_object_marking","by_session_language","session_4_Mini-English",4,"Mini-English",NA,FALSE,"exploratory"
350,0.547719161689005,0.499716436710913,0.53803917370159,0.001998001998002,6,0.000999000999000999,TRUE,0.532282642154936,1000,1618,27,"differential_object_marking","by_session_language","session_4_Mini-English",4,"Mini-English",NA,FALSE,"exploratory"
354,0.54808800605855,0.500142206064428,0.537124982732992,0.003996003996004,6,0.000999000999000999,TRUE,0.532282642154936,1000,1618,27,"differential_object_marking","by_session_language","session_4_Mini-English",4,"Mini-English",NA,FALSE,"exploratory"
358,0.548194681992712,0.500395445532492,0.536304930508706,0.00699300699300699,6,0.000999000999000999,TRUE,0.532282642154936,1000,1618,27,"differential_object_marking","by_session_language","session_4_Mini-English",4,"Mini-English",NA,FALSE,"exploratory"
362,0.546415872650047,0.49999540261754,0.536088519113503,0.00599400599400599,6,0.000999000999000999,TRUE,0.532282642154936,1000,1618,27,"differential_object_marking","by_session_language","session_4_Mini-English",4,"Mini-English",NA,FALSE,"exploratory"
366,0.543503933489583,0.499788863830833,0.535670482701147,0.003996003996004,6,0.000999000999000999,TRUE,0.532282642154936,1000,1618,27,"differential_object_marking","by_session_language","session_4_Mini-English",4,"Mini-English",NA,FALSE,"exploratory"
370,0.540987051394919,0.49986672662376,0.535084278295618,0.010989010989011,6,0.000999000999000999,TRUE,0.532282642154936,1000,1618,27,"differential_object_marking","by_session_language","session_4_Mini-English",4,"Mini-English",NA,FALSE,"exploratory"
374,0.524359334072553,0.499950433938934,0.536148607754646,0.101898101898102,NA,NA,FALSE,0.532282642154936,1000,1618,27,"differential_object_marking","by_session_language","session_4_Mini-English",4,"Mini-English",NA,FALSE,"exploratory"
378,0.514407233465276,0.500120551063832,0.536332150876602,0.254745254745255,NA,NA,FALSE,0.532282642154936,1000,1618,27,"differential_object_marking","by_session_language","session_4_Mini-English",4,"Mini-English",NA,FALSE,"exploratory"
382,0.528744549859595,0.499757288823482,0.53828280532158,0.0709290709290709,NA,NA,FALSE,0.532282642154936,1000,1618,27,"differential_object_marking","by_session_language","session_4_Mini-English",4,"Mini-English",NA,FALSE,"exploratory"
386,0.542609787247611,0.499782618966728,0.538566680496796,0.016983016983017,7,0.233766233766234,FALSE,0.532282642154936,1000,1618,27,"differential_object_marking","by_session_language","session_4_Mini-English",4,"Mini-English",NA,FALSE,"exploratory"
390,0.549479879646579,0.50039447019763,0.539278110862403,0.004995004995005,7,0.233766233766234,FALSE,0.532282642154936,1000,1618,27,"differential_object_marking","by_session_language","session_4_Mini-English",4,"Mini-English",NA,FALSE,"exploratory"
394,0.550927419494363,0.500191456662775,0.539602892760607,0.003996003996004,7,0.233766233766234,FALSE,0.532282642154936,1000,1618,27,"differential_object_marking","by_session_language","session_4_Mini-English",4,"Mini-English",NA,FALSE,"exploratory"
398,0.544287886633822,0.500006234940718,0.53591957731099,0.011988011988012,7,0.233766233766234,FALSE,0.532282642154936,1000,1618,27,"differential_object_marking","by_session_language","session_4_Mini-English",4,"Mini-English",NA,FALSE,"exploratory"
402,0.534960706776876,0.499225939494398,0.537073509404607,0.036963036963037,7,0.233766233766234,FALSE,0.532282642154936,1000,1618,27,"differential_object_marking","by_session_language","session_4_Mini-English",4,"Mini-English",NA,FALSE,"exploratory"
406,0.528728490736495,0.499470865176675,0.538387373889824,0.0819180819180819,NA,NA,FALSE,0.532282642154936,1000,1618,27,"differential_object_marking","by_session_language","session_4_Mini-English",4,"Mini-English",NA,FALSE,"exploratory"
410,0.52135400647544,0.49948678195956,0.535824155117655,0.153846153846154,NA,NA,FALSE,0.532282642154936,1000,1618,27,"differential_object_marking","by_session_language","session_4_Mini-English",4,"Mini-English",NA,FALSE,"exploratory"
414,0.531051092631132,0.499549058234811,0.538608995520333,0.0569430569430569,NA,NA,FALSE,0.532282642154936,1000,1618,27,"differential_object_marking","by_session_language","session_4_Mini-English",4,"Mini-English",NA,FALSE,"exploratory"
418,0.552900244013512,0.499982904055207,0.537873593305449,0.002997002997003,8,0.00599400599400599,TRUE,0.532282642154936,1000,1618,27,"differential_object_marking","by_session_language","session_4_Mini-English",4,"Mini-English",NA,FALSE,"exploratory"
422,0.564767186963073,0.500226032478604,0.537959065615649,0.000999000999000999,8,0.00599400599400599,TRUE,0.532282642154936,1000,1618,27,"differential_object_marking","by_session_language","session_4_Mini-English",4,"Mini-English",NA,FALSE,"exploratory"
426,0.566457631636949,0.500353098785524,0.540203366365696,0.000999000999000999,8,0.00599400599400599,TRUE,0.532282642154936,1000,1618,27,"differential_object_marking","by_session_language","session_4_Mini-English",4,"Mini-English",NA,FALSE,"exploratory"
430,0.559927425969936,0.499915650231551,0.538681935173425,0.000999000999000999,8,0.00599400599400599,TRUE,0.532282642154936,1000,1618,27,"differential_object_marking","by_session_language","session_4_Mini-English",4,"Mini-English",NA,FALSE,"exploratory"
434,0.551634730554108,0.499798098884902,0.538217153244572,0.00599400599400599,8,0.00599400599400599,TRUE,0.532282642154936,1000,1618,27,"differential_object_marking","by_session_language","session_4_Mini-English",4,"Mini-English",NA,FALSE,"exploratory"
438,0.546731173846009,0.499415387236794,0.538718668107324,0.017982017982018,8,0.00599400599400599,TRUE,0.532282642154936,1000,1618,27,"differential_object_marking","by_session_language","session_4_Mini-English",4,"Mini-English",NA,FALSE,"exploratory"
442,0.536258431922849,0.49925245458426,0.537872820944952,0.035964035964036,8,0.00599400599400599,TRUE,0.532282642154936,1000,1618,27,"differential_object_marking","by_session_language","session_4_Mini-English",4,"Mini-English",NA,FALSE,"exploratory"
446,0.543037103950427,0.499656549021708,0.538636214535632,0.012987012987013,8,0.00599400599400599,TRUE,0.532282642154936,1000,1618,27,"differential_object_marking","by_session_language","session_4_Mini-English",4,"Mini-English",NA,FALSE,"exploratory"
450,0.538102827517605,0.499968171175755,0.537666827698758,0.023976023976024,8,0.00599400599400599,TRUE,0.532282642154936,1000,1618,27,"differential_object_marking","by_session_language","session_4_Mini-English",4,"Mini-English",NA,FALSE,"exploratory"
454,0.546360999281197,0.499995864332505,0.538113622193698,0.00599400599400599,8,0.00599400599400599,TRUE,0.532282642154936,1000,1618,27,"differential_object_marking","by_session_language","session_4_Mini-English",4,"Mini-English",NA,FALSE,"exploratory"
458,0.550677458411184,0.499758824161887,0.536051182685894,0.003996003996004,8,0.00599400599400599,TRUE,0.532282642154936,1000,1618,27,"differential_object_marking","by_session_language","session_4_Mini-English",4,"Mini-English",NA,FALSE,"exploratory"
462,0.549205174862059,0.500250519080752,0.536192088826447,0.00599400599400599,8,0.00599400599400599,TRUE,0.532282642154936,1000,1618,27,"differential_object_marking","by_session_language","session_4_Mini-English",4,"Mini-English",NA,FALSE,"exploratory"
466,0.543136772233936,0.500476507107026,0.539165709118995,0.014985014985015,8,0.00599400599400599,TRUE,0.532282642154936,1000,1618,27,"differential_object_marking","by_session_language","session_4_Mini-English",4,"Mini-English",NA,FALSE,"exploratory"
470,0.53700977129525,0.500585988023202,0.538669722831619,0.034965034965035,8,0.00599400599400599,TRUE,0.532282642154936,1000,1618,27,"differential_object_marking","by_session_language","session_4_Mini-English",4,"Mini-English",NA,FALSE,"exploratory"
474,0.544901445479962,0.500334539181994,0.536494798391796,0.00899100899100899,8,0.00599400599400599,TRUE,0.532282642154936,1000,1618,27,"differential_object_marking","by_session_language","session_4_Mini-English",4,"Mini-English",NA,FALSE,"exploratory"
478,0.545128949934228,0.500486459454141,0.537139074311052,0.00999000999000999,8,0.00599400599400599,TRUE,0.532282642154936,1000,1618,27,"differential_object_marking","by_session_language","session_4_Mini-English",4,"Mini-English",NA,FALSE,"exploratory"
482,0.556597039394816,0.500354849834788,0.541512834570959,0.002997002997003,8,0.00599400599400599,TRUE,0.532282642154936,1000,1618,27,"differential_object_marking","by_session_language","session_4_Mini-English",4,"Mini-English",NA,FALSE,"exploratory"
486,0.546620331161739,0.500219566164393,0.54153334162392,0.012987012987013,8,0.00599400599400599,TRUE,0.532282642154936,1000,1618,27,"differential_object_marking","by_session_language","session_4_Mini-English",4,"Mini-English",NA,FALSE,"exploratory"
490,0.539302705376208,0.50042981677273,0.540153185762332,0.02997002997003,8,0.00599400599400599,TRUE,0.532282642154936,1000,1618,27,"differential_object_marking","by_session_language","session_4_Mini-English",4,"Mini-English",NA,FALSE,"exploratory"
494,0.528876263356509,0.500290913006377,0.538856079091314,0.0819180819180819,NA,NA,FALSE,0.532282642154936,1000,1618,27,"differential_object_marking","by_session_language","session_4_Mini-English",4,"Mini-English",NA,FALSE,"exploratory"
498,0.534803116022314,0.49979766076145,0.538542288863663,0.046953046953047,9,0.000999000999000999,TRUE,0.532282642154936,1000,1618,27,"differential_object_marking","by_session_language","session_4_Mini-English",4,"Mini-English",NA,FALSE,"exploratory"
502,0.543902490048051,0.499560353285828,0.538234862125577,0.013986013986014,9,0.000999000999000999,TRUE,0.532282642154936,1000,1618,27,"differential_object_marking","by_session_language","session_4_Mini-English",4,"Mini-English",NA,FALSE,"exploratory"
506,0.540664865964621,0.499866326714298,0.538860881275867,0.020979020979021,9,0.000999000999000999,TRUE,0.532282642154936,1000,1618,27,"differential_object_marking","by_session_language","session_4_Mini-English",4,"Mini-English",NA,FALSE,"exploratory"
510,0.537813923259999,0.49948717031918,0.536847662475495,0.023976023976024,9,0.000999000999000999,TRUE,0.532282642154936,1000,1618,27,"differential_object_marking","by_session_language","session_4_Mini-English",4,"Mini-English",NA,FALSE,"exploratory"
514,0.541124545652354,0.499827410140048,0.536802675341812,0.012987012987013,9,0.000999000999000999,TRUE,0.532282642154936,1000,1618,27,"differential_object_marking","by_session_language","session_4_Mini-English",4,"Mini-English",NA,FALSE,"exploratory"
518,0.546314580887397,0.499876545482333,0.537787966928785,0.010989010989011,9,0.000999000999000999,TRUE,0.532282642154936,1000,1618,27,"differential_object_marking","by_session_language","session_4_Mini-English",4,"Mini-English",NA,FALSE,"exploratory"
522,0.556136642453461,0.499802633731223,0.53696214945119,0.000999000999000999,9,0.000999000999000999,TRUE,0.532282642154936,1000,1618,27,"differential_object_marking","by_session_language","session_4_Mini-English",4,"Mini-English",NA,FALSE,"exploratory"
526,0.572659445424802,0.499710816170806,0.534108486969406,0.000999000999000999,9,0.000999000999000999,TRUE,0.532282642154936,1000,1618,27,"differential_object_marking","by_session_language","session_4_Mini-English",4,"Mini-English",NA,FALSE,"exploratory"
530,0.597218622637858,0.499765116698911,0.536372148430745,0.000999000999000999,9,0.000999000999000999,TRUE,0.532282642154936,1000,1618,27,"differential_object_marking","by_session_language","session_4_Mini-English",4,"Mini-English",NA,FALSE,"exploratory"
534,0.607796317284732,0.500121384431792,0.537679374504941,0.000999000999000999,9,0.000999000999000999,TRUE,0.532282642154936,1000,1618,27,"differential_object_marking","by_session_language","session_4_Mini-English",4,"Mini-English",NA,FALSE,"exploratory"
538,0.587730773457357,0.500275950167925,0.53927867050972,0.000999000999000999,9,0.000999000999000999,TRUE,0.532282642154936,1000,1618,27,"differential_object_marking","by_session_language","session_4_Mini-English",4,"Mini-English",NA,FALSE,"exploratory"
542,0.55632942508933,0.500685058525394,0.53879527301416,0.004995004995005,9,0.000999000999000999,TRUE,0.532282642154936,1000,1618,27,"differential_object_marking","by_session_language","session_4_Mini-English",4,"Mini-English",NA,FALSE,"exploratory"
546,0.551572181772173,0.500585640614529,0.538057898357777,0.004995004995005,9,0.000999000999000999,TRUE,0.532282642154936,1000,1618,27,"differential_object_marking","by_session_language","session_4_Mini-English",4,"Mini-English",NA,FALSE,"exploratory"
550,0.567666297453324,0.500285400689934,0.538408679199622,0.000999000999000999,9,0.000999000999000999,TRUE,0.532282642154936,1000,1618,27,"differential_object_marking","by_session_language","session_4_Mini-English",4,"Mini-English",NA,FALSE,"exploratory"
554,0.565731903063443,0.499831402345918,0.534650654881952,0.000999000999000999,9,0.000999000999000999,TRUE,0.532282642154936,1000,1618,27,"differential_object_marking","by_session_language","session_4_Mini-English",4,"Mini-English",NA,FALSE,"exploratory"
558,0.554221697177871,0.500047210055419,0.535649044117828,0.001998001998002,9,0.000999000999000999,TRUE,0.532282642154936,1000,1618,27,"differential_object_marking","by_session_language","session_4_Mini-English",4,"Mini-English",NA,FALSE,"exploratory"
562,0.552560405945835,0.500256756749234,0.537544754165512,0.001998001998002,9,0.000999000999000999,TRUE,0.532282642154936,1000,1618,27,"differential_object_marking","by_session_language","session_4_Mini-English",4,"Mini-English",NA,FALSE,"exploratory"
566,0.548303735280468,0.500407647130465,0.538274944330704,0.00599400599400599,9,0.000999000999000999,TRUE,0.532282642154936,1000,1618,27,"differential_object_marking","by_session_language","session_4_Mini-English",4,"Mini-English",NA,FALSE,"exploratory"
570,0.555059893698296,0.500645248907854,0.536562940497181,0.000999000999000999,9,0.000999000999000999,TRUE,0.532282642154936,1000,1618,27,"differential_object_marking","by_session_language","session_4_Mini-English",4,"Mini-English",NA,FALSE,"exploratory"
574,0.552800500651239,0.500673984450173,0.536186300738734,0.002997002997003,9,0.000999000999000999,TRUE,0.532282642154936,1000,1618,27,"differential_object_marking","by_session_language","session_4_Mini-English",4,"Mini-English",NA,FALSE,"exploratory"
578,0.545995496955807,0.500383890377294,0.535502405367225,0.004995004995005,9,0.000999000999000999,TRUE,0.532282642154936,1000,1618,27,"differential_object_marking","by_session_language","session_4_Mini-English",4,"Mini-English",NA,FALSE,"exploratory"
582,0.543050228045251,0.500862651742184,0.536089850383708,0.011988011988012,9,0.000999000999000999,TRUE,0.532282642154936,1000,1618,27,"differential_object_marking","by_session_language","session_4_Mini-English",4,"Mini-English",NA,FALSE,"exploratory"
586,0.540832463487692,0.501157172671131,0.537207055293188,0.018981018981019,9,0.000999000999000999,TRUE,0.532282642154936,1000,1618,27,"differential_object_marking","by_session_language","session_4_Mini-English",4,"Mini-English",NA,FALSE,"exploratory"
590,0.543395560378408,0.500430855947707,0.539056565497091,0.010989010989011,9,0.000999000999000999,TRUE,0.532282642154936,1000,1618,27,"differential_object_marking","by_session_language","session_4_Mini-English",4,"Mini-English",NA,FALSE,"exploratory"
594,0.551043766034182,0.499506659999571,0.537716852754886,0.004995004995005,9,0.000999000999000999,TRUE,0.532282642154936,1000,1618,27,"differential_object_marking","by_session_language","session_4_Mini-English",4,"Mini-English",NA,FALSE,"exploratory"
598,0.558154767933963,0.49947064269434,0.537751520844583,0.001998001998002,9,0.000999000999000999,TRUE,0.532282642154936,1000,1618,27,"differential_object_marking","by_session_language","session_4_Mini-English",4,"Mini-English",NA,FALSE,"exploratory"
602,0.560956792566212,0.500019839417766,0.53849206872411,0.000999000999000999,9,0.000999000999000999,TRUE,0.532282642154936,1000,1618,27,"differential_object_marking","by_session_language","session_4_Mini-English",4,"Mini-English",NA,FALSE,"exploratory"
606,0.581811502570667,0.500480231177594,0.535454418756363,0.000999000999000999,9,0.000999000999000999,TRUE,0.532282642154936,1000,1618,27,"differential_object_marking","by_session_language","session_4_Mini-English",4,"Mini-English",NA,FALSE,"exploratory"
610,0.576896581794938,0.500440051680779,0.536872202424036,0.000999000999000999,9,0.000999000999000999,TRUE,0.532282642154936,1000,1618,27,"differential_object_marking","by_session_language","session_4_Mini-English",4,"Mini-English",NA,FALSE,"exploratory"
614,0.557771959927753,0.500362615025888,0.537033769981502,0.000999000999000999,9,0.000999000999000999,TRUE,0.532282642154936,1000,1618,27,"differential_object_marking","by_session_language","session_4_Mini-English",4,"Mini-English",NA,FALSE,"exploratory"
618,0.55271234356448,0.500558882767168,0.538256322708946,0.001998001998002,9,0.000999000999000999,TRUE,0.532282642154936,1000,1618,27,"differential_object_marking","by_session_language","session_4_Mini-English",4,"Mini-English",NA,FALSE,"exploratory"
622,0.551170921817478,0.500747201084218,0.539081148065334,0.004995004995005,9,0.000999000999000999,TRUE,0.532282642154936,1000,1618,27,"differential_object_marking","by_session_language","session_4_Mini-English",4,"Mini-English",NA,FALSE,"exploratory"
626,0.547581017038395,0.500524631066487,0.540256731998377,0.00799200799200799,9,0.000999000999000999,TRUE,0.532282642154936,1000,1618,27,"differential_object_marking","by_session_language","session_4_Mini-English",4,"Mini-English",NA,FALSE,"exploratory"
630,0.553151045485253,0.500481411005021,0.536362770942404,0.002997002997003,9,0.000999000999000999,TRUE,0.532282642154936,1000,1618,27,"differential_object_marking","by_session_language","session_4_Mini-English",4,"Mini-English",NA,FALSE,"exploratory"
634,0.567923689205111,0.500529735416287,0.536670817973287,0.000999000999000999,9,0.000999000999000999,TRUE,0.532282642154936,1000,1618,27,"differential_object_marking","by_session_language","session_4_Mini-English",4,"Mini-English",NA,FALSE,"exploratory"
638,0.574344646531567,0.500040887770619,0.535107599258821,0.000999000999000999,9,0.000999000999000999,TRUE,0.532282642154936,1000,1618,27,"differential_object_marking","by_session_language","session_4_Mini-English",4,"Mini-English",NA,FALSE,"exploratory"
642,0.568217728933325,0.500206501665923,0.539336188261292,0.000999000999000999,9,0.000999000999000999,TRUE,0.532282642154936,1000,1618,27,"differential_object_marking","by_session_language","session_4_Mini-English",4,"Mini-English",NA,FALSE,"exploratory"
646,0.54285760786312,0.499859840284277,0.537694203345986,0.018981018981019,9,0.000999000999000999,TRUE,0.532282642154936,1000,1618,27,"differential_object_marking","by_session_language","session_4_Mini-English",4,"Mini-English",NA,FALSE,"exploratory"
650,0.523449666274486,0.500000717959089,0.537446828777755,0.117882117882118,NA,NA,FALSE,0.532282642154936,1000,1618,27,"differential_object_marking","by_session_language","session_4_Mini-English",4,"Mini-English",NA,FALSE,"exploratory"
654,0.533403741760348,0.499860512977322,0.536766107465441,0.045954045954046,10,0.955044955044955,FALSE,0.532282642154936,1000,1618,27,"differential_object_marking","by_session_language","session_4_Mini-English",4,"Mini-English",NA,FALSE,"exploratory"
658,0.533112155799208,0.499928008002235,0.537148131020009,0.043956043956044,10,0.955044955044955,FALSE,0.532282642154936,1000,1618,27,"differential_object_marking","by_session_language","session_4_Mini-English",4,"Mini-English",NA,FALSE,"exploratory"
662,0.528602881288605,0.500195706573318,0.538970873171753,0.0849150849150849,NA,NA,FALSE,0.532282642154936,1000,1618,27,"differential_object_marking","by_session_language","session_4_Mini-English",4,"Mini-English",NA,FALSE,"exploratory"
666,0.526176156320027,0.499492046167702,0.538812391755403,0.0919080919080919,NA,NA,FALSE,0.532282642154936,1000,1618,27,"differential_object_marking","by_session_language","session_4_Mini-English",4,"Mini-English",NA,FALSE,"exploratory"
670,0.533584695574162,0.500172512234464,0.537387946115041,0.04995004995005,11,0.956043956043956,FALSE,0.532282642154936,1000,1618,27,"differential_object_marking","by_session_language","session_4_Mini-English",4,"Mini-English",NA,FALSE,"exploratory"
674,0.532551876835412,0.500139773656607,0.538608565032972,0.0569430569430569,11,0.956043956043956,FALSE,0.532282642154936,1000,1618,27,"differential_object_marking","by_session_language","session_4_Mini-English",4,"Mini-English",NA,FALSE,"exploratory"
678,0.52769977545385,0.499847919316112,0.537798289162201,0.0799200799200799,NA,NA,FALSE,0.532282642154936,1000,1618,27,"differential_object_marking","by_session_language","session_4_Mini-English",4,"Mini-English",NA,FALSE,"exploratory"
682,0.524550213987273,0.49989007156098,0.538232359944357,0.114885114885115,NA,NA,FALSE,0.532282642154936,1000,1618,27,"differential_object_marking","by_session_language","session_4_Mini-English",4,"Mini-English",NA,FALSE,"exploratory"
686,0.516163655380838,0.499806927061123,0.538864941666211,0.228771228771229,NA,NA,FALSE,0.532282642154936,1000,1618,27,"differential_object_marking","by_session_language","session_4_Mini-English",4,"Mini-English",NA,FALSE,"exploratory"
690,0.530705038711392,0.499890925309382,0.536903824638279,0.0649350649350649,NA,NA,FALSE,0.532282642154936,1000,1618,27,"differential_object_marking","by_session_language","session_4_Mini-English",4,"Mini-English",NA,FALSE,"exploratory"
694,0.523352031619685,0.500085648375383,0.537996312119296,0.122877122877123,NA,NA,FALSE,0.532282642154936,1000,1618,27,"differential_object_marking","by_session_language","session_4_Mini-English",4,"Mini-English",NA,FALSE,"exploratory"
698,0.528375461023229,0.499908242410905,0.539405623008353,0.0729270729270729,NA,NA,FALSE,0.532282642154936,1000,1618,27,"differential_object_marking","by_session_language","session_4_Mini-English",4,"Mini-English",NA,FALSE,"exploratory"
702,0.525931144114724,0.499727353849001,0.540063027059584,0.0929070929070929,NA,NA,FALSE,0.532282642154936,1000,1618,27,"differential_object_marking","by_session_language","session_4_Mini-English",4,"Mini-English",NA,FALSE,"exploratory"
706,0.530920527196356,0.500033714417637,0.537224674962894,0.0599400599400599,NA,NA,FALSE,0.532282642154936,1000,1618,27,"differential_object_marking","by_session_language","session_4_Mini-English",4,"Mini-English",NA,FALSE,"exploratory"
710,0.531346841550873,0.499792611576949,0.537447888897762,0.050949050949051,NA,NA,FALSE,0.532282642154936,1000,1618,27,"differential_object_marking","by_session_language","session_4_Mini-English",4,"Mini-English",NA,FALSE,"exploratory"
714,0.529015841039154,0.49953770010975,0.535847089772619,0.0579420579420579,NA,NA,FALSE,0.532282642154936,1000,1618,27,"differential_object_marking","by_session_language","session_4_Mini-English",4,"Mini-English",NA,FALSE,"exploratory"
718,0.52238066591194,0.499275466975598,0.535636262231163,0.121878121878122,NA,NA,FALSE,0.532282642154936,1000,1618,27,"differential_object_marking","by_session_language","session_4_Mini-English",4,"Mini-English",NA,FALSE,"exploratory"
722,0.519030584768458,0.499602473739174,0.536513233417034,0.163836163836164,NA,NA,FALSE,0.532282642154936,1000,1618,27,"differential_object_marking","by_session_language","session_4_Mini-English",4,"Mini-English",NA,FALSE,"exploratory"
726,0.516969773937461,0.499912557563098,0.536950119973305,0.207792207792208,NA,NA,FALSE,0.532282642154936,1000,1618,27,"differential_object_marking","by_session_language","session_4_Mini-English",4,"Mini-English",NA,FALSE,"exploratory"
730,0.526400346530322,0.500292971331288,0.537162175159161,0.0779220779220779,NA,NA,FALSE,0.532282642154936,1000,1618,27,"differential_object_marking","by_session_language","session_4_Mini-English",4,"Mini-English",NA,FALSE,"exploratory"
734,0.537347551793682,0.50019992310035,0.53802690519396,0.02997002997003,12,0.0529470529470529,FALSE,0.532282642154936,1000,1618,27,"differential_object_marking","by_session_language","session_4_Mini-English",4,"Mini-English",NA,FALSE,"exploratory"
738,0.552507564731815,0.500372892612611,0.535501238232885,0.002997002997003,12,0.0529470529470529,FALSE,0.532282642154936,1000,1618,27,"differential_object_marking","by_session_language","session_4_Mini-English",4,"Mini-English",NA,FALSE,"exploratory"
742,0.551106381528807,0.499673325254697,0.53536009472812,0.004995004995005,12,0.0529470529470529,FALSE,0.532282642154936,1000,1618,27,"differential_object_marking","by_session_language","session_4_Mini-English",4,"Mini-English",NA,FALSE,"exploratory"
746,0.547072434768581,0.500096358657178,0.536090647087686,0.00899100899100899,12,0.0529470529470529,FALSE,0.532282642154936,1000,1618,27,"differential_object_marking","by_session_language","session_4_Mini-English",4,"Mini-English",NA,FALSE,"exploratory"
750,0.545174228269577,0.500425033563464,0.538090892818931,0.014985014985015,12,0.0529470529470529,FALSE,0.532282642154936,1000,1618,27,"differential_object_marking","by_session_language","session_4_Mini-English",4,"Mini-English",NA,FALSE,"exploratory"
754,0.548990256027423,0.50043369424322,0.537258930383337,0.002997002997003,12,0.0529470529470529,FALSE,0.532282642154936,1000,1618,27,"differential_object_marking","by_session_language","session_4_Mini-English",4,"Mini-English",NA,FALSE,"exploratory"
758,0.550587822667543,0.500371043287129,0.535091786874392,0.001998001998002,12,0.0529470529470529,FALSE,0.532282642154936,1000,1618,27,"differential_object_marking","by_session_language","session_4_Mini-English",4,"Mini-English",NA,FALSE,"exploratory"
762,0.541833755422009,0.500559324951264,0.53847850800077,0.014985014985015,12,0.0529470529470529,FALSE,0.532282642154936,1000,1618,27,"differential_object_marking","by_session_language","session_4_Mini-English",4,"Mini-English",NA,FALSE,"exploratory"
766,0.526530262053295,0.500603755442022,0.538317474509326,0.0979020979020979,NA,NA,FALSE,0.532282642154936,1000,1618,27,"differential_object_marking","by_session_language","session_4_Mini-English",4,"Mini-English",NA,FALSE,"exploratory"
770,0.513631338351603,0.500414243766906,0.537891739746613,0.265734265734266,NA,NA,FALSE,0.532282642154936,1000,1618,27,"differential_object_marking","by_session_language","session_4_Mini-English",4,"Mini-English",NA,FALSE,"exploratory"
774,0.508676369058496,0.500180437081984,0.537684289673442,0.341658341658342,NA,NA,FALSE,0.532282642154936,1000,1618,27,"differential_object_marking","by_session_language","session_4_Mini-English",4,"Mini-English",NA,FALSE,"exploratory"
778,0.494039153437971,0.499497178741331,0.537581726223775,0.606393606393606,NA,NA,FALSE,0.532282642154936,1000,1618,27,"differential_object_marking","by_session_language","session_4_Mini-English",4,"Mini-English",NA,FALSE,"exploratory"
782,0.486741279859252,0.499285957845864,0.54035536662778,0.725274725274725,NA,NA,FALSE,0.532282642154936,1000,1618,27,"differential_object_marking","by_session_language","session_4_Mini-English",4,"Mini-English",NA,FALSE,"exploratory"
786,0.498495767626253,0.499726711321315,0.537499868152943,0.522477522477522,NA,NA,FALSE,0.532282642154936,1000,1618,27,"differential_object_marking","by_session_language","session_4_Mini-English",4,"Mini-English",NA,FALSE,"exploratory"
790,0.488988765546287,0.49978481549588,0.537999846027192,0.7002997002997,NA,NA,FALSE,0.532282642154936,1000,1618,27,"differential_object_marking","by_session_language","session_4_Mini-English",4,"Mini-English",NA,FALSE,"exploratory"
794,0.490517633221844,0.500821282256587,0.539807710227304,0.696303696303696,NA,NA,FALSE,0.532282642154936,1000,1618,27,"differential_object_marking","by_session_language","session_4_Mini-English",4,"Mini-English",NA,FALSE,"exploratory"
798,0.500380008452923,0.500993694554015,0.537324443808863,0.506493506493506,NA,NA,FALSE,0.532282642154936,1000,1618,27,"differential_object_marking","by_session_language","session_4_Mini-English",4,"Mini-English",NA,FALSE,"exploratory"
802,0.508446399435775,0.500666646588788,0.539924577414779,0.332667332667333,NA,NA,FALSE,0.532282642154936,1000,1618,27,"differential_object_marking","by_session_language","session_4_Mini-English",4,"Mini-English",NA,FALSE,"exploratory"
806,0.509890381223128,0.50040447824669,0.538589672062388,0.331668331668332,NA,NA,FALSE,0.532282642154936,1000,1618,27,"differential_object_marking","by_session_language","session_4_Mini-English",4,"Mini-English",NA,FALSE,"exploratory"
810,0.515514430095642,0.500351078903354,0.537719260304621,0.242757242757243,NA,NA,FALSE,0.532282642154936,1000,1618,27,"differential_object_marking","by_session_language","session_4_Mini-English",4,"Mini-English",NA,FALSE,"exploratory"
814,0.51783085709715,0.50040579778088,0.538526475648739,0.200799200799201,NA,NA,FALSE,0.532282642154936,1000,1618,27,"differential_object_marking","by_session_language","session_4_Mini-English",4,"Mini-English",NA,FALSE,"exploratory"
818,0.533037451589038,0.500520591606269,0.538107357576765,0.047952047952048,13,0.87012987012987,FALSE,0.532282642154936,1000,1618,27,"differential_object_marking","by_session_language","session_4_Mini-English",4,"Mini-English",NA,FALSE,"exploratory"
822,0.538963893180165,0.500403872505611,0.538643317614604,0.025974025974026,13,0.87012987012987,FALSE,0.532282642154936,1000,1618,27,"differential_object_marking","by_session_language","session_4_Mini-English",4,"Mini-English",NA,FALSE,"exploratory"
826,0.526860563000358,0.500330940781746,0.538454476478966,0.0989010989010989,NA,NA,FALSE,0.532282642154936,1000,1618,27,"differential_object_marking","by_session_language","session_4_Mini-English",4,"Mini-English",NA,FALSE,"exploratory"
830,0.517714787807248,0.500803110855119,0.539294063858843,0.197802197802198,NA,NA,FALSE,0.532282642154936,1000,1618,27,"differential_object_marking","by_session_language","session_4_Mini-English",4,"Mini-English",NA,FALSE,"exploratory"
834,0.523980959577315,0.500843526470444,0.539490708264961,0.130869130869131,NA,NA,FALSE,0.532282642154936,1000,1618,27,"differential_object_marking","by_session_language","session_4_Mini-English",4,"Mini-English",NA,FALSE,"exploratory"
838,0.525357311540903,0.500447848767177,0.538220189153307,0.103896103896104,NA,NA,FALSE,0.532282642154936,1000,1618,27,"differential_object_marking","by_session_language","session_4_Mini-English",4,"Mini-English",NA,FALSE,"exploratory"
842,0.516854628071199,0.500424735106603,0.540465068644335,0.207792207792208,NA,NA,FALSE,0.532282642154936,1000,1618,27,"differential_object_marking","by_session_language","session_4_Mini-English",4,"Mini-English",NA,FALSE,"exploratory"
846,0.515516035842888,0.50044143000309,0.541049577380719,0.230769230769231,NA,NA,FALSE,0.532282642154936,1000,1618,27,"differential_object_marking","by_session_language","session_4_Mini-English",4,"Mini-English",NA,FALSE,"exploratory"
850,0.513077075910077,0.500795583952714,0.539409684869341,0.276723276723277,NA,NA,FALSE,0.532282642154936,1000,1618,27,"differential_object_marking","by_session_language","session_4_Mini-English",4,"Mini-English",NA,FALSE,"exploratory"
854,0.513116087817979,0.500700846629407,0.539182211831912,0.27972027972028,NA,NA,FALSE,0.532282642154936,1000,1618,27,"differential_object_marking","by_session_language","session_4_Mini-English",4,"Mini-English",NA,FALSE,"exploratory"
858,0.501743279180413,0.500224541923315,0.537668582734687,0.481518481518482,NA,NA,FALSE,0.532282642154936,1000,1618,27,"differential_object_marking","by_session_language","session_4_Mini-English",4,"Mini-English",NA,FALSE,"exploratory"
862,0.4806773618067,0.500035494354551,0.538382170043866,0.823176823176823,NA,NA,FALSE,0.532282642154936,1000,1618,27,"differential_object_marking","by_session_language","session_4_Mini-English",4,"Mini-English",NA,FALSE,"exploratory"
866,0.485828018180113,0.500027801244691,0.540369882904595,0.762237762237762,NA,NA,FALSE,0.532282642154936,1000,1618,27,"differential_object_marking","by_session_language","session_4_Mini-English",4,"Mini-English",NA,FALSE,"exploratory"
870,0.494810241465237,0.500360455926618,0.53612681795729,0.621378621378621,NA,NA,FALSE,0.532282642154936,1000,1618,27,"differential_object_marking","by_session_language","session_4_Mini-English",4,"Mini-English",NA,FALSE,"exploratory"
874,0.508893757243633,0.500546097405738,0.540201698157479,0.333666333666334,NA,NA,FALSE,0.532282642154936,1000,1618,27,"differential_object_marking","by_session_language","session_4_Mini-English",4,"Mini-English",NA,FALSE,"exploratory"
878,0.51339567050988,0.501275770306496,0.538312943594566,0.271728271728272,NA,NA,FALSE,0.532282642154936,1000,1618,27,"differential_object_marking","by_session_language","session_4_Mini-English",4,"Mini-English",NA,FALSE,"exploratory"
882,0.515591942693441,0.50099002903594,0.538773825617337,0.222777222777223,NA,NA,FALSE,0.532282642154936,1000,1618,27,"differential_object_marking","by_session_language","session_4_Mini-English",4,"Mini-English",NA,FALSE,"exploratory"
886,0.506802866802129,0.500820527939273,0.539421457057704,0.387612387612388,NA,NA,FALSE,0.532282642154936,1000,1618,27,"differential_object_marking","by_session_language","session_4_Mini-English",4,"Mini-English",NA,FALSE,"exploratory"
890,0.508135267385963,0.50011373875806,0.54087619703552,0.348651348651349,NA,NA,FALSE,0.532282642154936,1000,1618,27,"differential_object_marking","by_session_language","session_4_Mini-English",4,"Mini-English",NA,FALSE,"exploratory"
894,0.51468621537037,0.499732509389851,0.538251598155703,0.223776223776224,NA,NA,FALSE,0.532282642154936,1000,1618,27,"differential_object_marking","by_session_language","session_4_Mini-English",4,"Mini-English",NA,FALSE,"exploratory"
898,0.517367062358627,0.499215807731878,0.537166434811592,0.174825174825175,NA,NA,FALSE,0.532282642154936,1000,1618,27,"differential_object_marking","by_session_language","session_4_Mini-English",4,"Mini-English",NA,FALSE,"exploratory"
902,0.516431492692241,0.499350409622455,0.535926698240097,0.190809190809191,NA,NA,FALSE,0.532282642154936,1000,1618,27,"differential_object_marking","by_session_language","session_4_Mini-English",4,"Mini-English",NA,FALSE,"exploratory"
906,0.523251875025804,0.499402072661007,0.536906327648702,0.115884115884116,NA,NA,FALSE,0.532282642154936,1000,1618,27,"differential_object_marking","by_session_language","session_4_Mini-English",4,"Mini-English",NA,FALSE,"exploratory"
910,0.526945452966475,0.499664637359374,0.5381901858284,0.0939060939060939,NA,NA,FALSE,0.532282642154936,1000,1618,27,"differential_object_marking","by_session_language","session_4_Mini-English",4,"Mini-English",NA,FALSE,"exploratory"
914,0.528521222366999,0.49968182085606,0.536532426830698,0.0839160839160839,NA,NA,FALSE,0.532282642154936,1000,1618,27,"differential_object_marking","by_session_language","session_4_Mini-English",4,"Mini-English",NA,FALSE,"exploratory"
918,0.533250555342608,0.499954008738343,0.537652779269126,0.03996003996004,14,0.962037962037962,FALSE,0.532282642154936,1000,1618,27,"differential_object_marking","by_session_language","session_4_Mini-English",4,"Mini-English",NA,FALSE,"exploratory"
922,0.53071366779331,0.500023983166625,0.537921097942938,0.0589410589410589,NA,NA,FALSE,0.532282642154936,1000,1618,27,"differential_object_marking","by_session_language","session_4_Mini-English",4,"Mini-English",NA,FALSE,"exploratory"
926,0.528862944783581,0.499822610255346,0.53879935863548,0.0759240759240759,NA,NA,FALSE,0.532282642154936,1000,1618,27,"differential_object_marking","by_session_language","session_4_Mini-English",4,"Mini-English",NA,FALSE,"exploratory"
930,0.523161740766171,0.499447679526701,0.537659889303379,0.126873126873127,NA,NA,FALSE,0.532282642154936,1000,1618,27,"differential_object_marking","by_session_language","session_4_Mini-English",4,"Mini-English",NA,FALSE,"exploratory"
934,0.523192723994837,0.499447098049803,0.538561003836805,0.115884115884116,NA,NA,FALSE,0.532282642154936,1000,1618,27,"differential_object_marking","by_session_language","session_4_Mini-English",4,"Mini-English",NA,FALSE,"exploratory"
938,0.517207355571774,0.49953081033299,0.537956948234672,0.178821178821179,NA,NA,FALSE,0.532282642154936,1000,1618,27,"differential_object_marking","by_session_language","session_4_Mini-English",4,"Mini-English",NA,FALSE,"exploratory"
942,0.520043253967966,0.499753737014967,0.536167540266909,0.145854145854146,NA,NA,FALSE,0.532282642154936,1000,1618,27,"differential_object_marking","by_session_language","session_4_Mini-English",4,"Mini-English",NA,FALSE,"exploratory"
946,0.525150331871653,0.499681726438974,0.535504223042653,0.0999000999000999,NA,NA,FALSE,0.532282642154936,1000,1618,27,"differential_object_marking","by_session_language","session_4_Mini-English",4,"Mini-English",NA,FALSE,"exploratory"
950,0.530420311123595,0.499485866445323,0.534457722823837,0.047952047952048,NA,NA,FALSE,0.532282642154936,1000,1618,27,"differential_object_marking","by_session_language","session_4_Mini-English",4,"Mini-English",NA,FALSE,"exploratory"
954,0.541310456904258,0.499161325538845,0.536767812822155,0.010989010989011,15,0.842157842157842,FALSE,0.532282642154936,1000,1618,27,"differential_object_marking","by_session_language","session_4_Mini-English",4,"Mini-English",NA,FALSE,"exploratory"
958,0.53022124873782,0.499498060798499,0.536623496776864,0.0589410589410589,NA,NA,FALSE,0.532282642154936,1000,1618,27,"differential_object_marking","by_session_language","session_4_Mini-English",4,"Mini-English",NA,FALSE,"exploratory"
962,0.504378019381746,0.499705709130482,0.538405431467816,0.42957042957043,NA,NA,FALSE,0.532282642154936,1000,1618,27,"differential_object_marking","by_session_language","session_4_Mini-English",4,"Mini-English",NA,FALSE,"exploratory"
966,0.481345258602178,0.499136092989912,0.535712323471086,0.818181818181818,NA,NA,FALSE,0.532282642154936,1000,1618,27,"differential_object_marking","by_session_language","session_4_Mini-English",4,"Mini-English",NA,FALSE,"exploratory"
970,0.492942331293575,0.499355744708968,0.535998365602266,0.64035964035964,NA,NA,FALSE,0.532282642154936,1000,1618,27,"differential_object_marking","by_session_language","session_4_Mini-English",4,"Mini-English",NA,FALSE,"exploratory"
974,0.505497769220938,0.499186376077138,0.535979379323204,0.3996003996004,NA,NA,FALSE,0.532282642154936,1000,1618,27,"differential_object_marking","by_session_language","session_4_Mini-English",4,"Mini-English",NA,FALSE,"exploratory"
978,0.507824806593601,0.50033960933801,0.538381448505945,0.377622377622378,NA,NA,FALSE,0.532282642154936,1000,1618,27,"differential_object_marking","by_session_language","session_4_Mini-English",4,"Mini-English",NA,FALSE,"exploratory"
982,0.521977602953546,0.500462162554093,0.539225643294826,0.136863136863137,NA,NA,FALSE,0.532282642154936,1000,1618,27,"differential_object_marking","by_session_language","session_4_Mini-English",4,"Mini-English",NA,FALSE,"exploratory"
986,0.523979397756957,0.500011342264169,0.5392463345948,0.120879120879121,NA,NA,FALSE,0.532282642154936,1000,1618,27,"differential_object_marking","by_session_language","session_4_Mini-English",4,"Mini-English",NA,FALSE,"exploratory"
990,0.506132122727869,0.499424317255417,0.537822158292386,0.384615384615385,NA,NA,FALSE,0.532282642154936,1000,1618,27,"differential_object_marking","by_session_language","session_4_Mini-English",4,"Mini-English",NA,FALSE,"exploratory"
994,0.49923190577062,0.498846615721048,0.536357391112809,0.523476523476524,NA,NA,FALSE,0.532282642154936,1000,1618,27,"differential_object_marking","by_session_language","session_4_Mini-English",4,"Mini-English",NA,FALSE,"exploratory"
998,0.497049625764209,0.499649214490103,0.537495743900365,0.579420579420579,NA,NA,FALSE,0.532282642154936,1000,1618,27,"differential_object_marking","by_session_language","session_4_Mini-English",4,"Mini-English",NA,FALSE,"exploratory"
1002,0.503104743731571,0.499700023840856,0.538591406011055,0.438561438561439,NA,NA,FALSE,0.532282642154936,1000,1618,27,"differential_object_marking","by_session_language","session_4_Mini-English",4,"Mini-English",NA,FALSE,"exploratory"
1006,0.50150363176087,0.499916083294073,0.537530653312328,0.472527472527473,NA,NA,FALSE,0.532282642154936,1000,1618,27,"differential_object_marking","by_session_language","session_4_Mini-English",4,"Mini-English",NA,FALSE,"exploratory"
1010,0.501889014368864,0.500018993526876,0.535888015449764,0.466533466533467,NA,NA,FALSE,0.532282642154936,1000,1618,27,"differential_object_marking","by_session_language","session_4_Mini-English",4,"Mini-English",NA,FALSE,"exploratory"
1014,0.520055448917113,0.500424917697364,0.536834355947291,0.150849150849151,NA,NA,FALSE,0.532282642154936,1000,1618,27,"differential_object_marking","by_session_language","session_4_Mini-English",4,"Mini-English",NA,FALSE,"exploratory"
1018,0.510463531964848,0.5004059053405,0.533892677504379,0.303696303696304,NA,NA,FALSE,0.532282642154936,1000,1618,27,"differential_object_marking","by_session_language","session_4_Mini-English",4,"Mini-English",NA,FALSE,"exploratory"
1022,0.506935807406985,0.500078337041052,0.536093634957294,0.377622377622378,NA,NA,FALSE,0.532282642154936,1000,1618,27,"differential_object_marking","by_session_language","session_4_Mini-English",4,"Mini-English",NA,FALSE,"exploratory"
1026,0.501654993095637,0.500152806588619,0.539979847923035,0.484515484515485,NA,NA,FALSE,0.532282642154936,1000,1618,27,"differential_object_marking","by_session_language","session_4_Mini-English",4,"Mini-English",NA,FALSE,"exploratory"
1030,0.501660985412878,0.49966932001066,0.539016428896166,0.477522477522478,NA,NA,FALSE,0.532282642154936,1000,1618,27,"differential_object_marking","by_session_language","session_4_Mini-English",4,"Mini-English",NA,FALSE,"exploratory"
1034,0.507424744870496,0.500135009666931,0.539044313339894,0.363636363636364,NA,NA,FALSE,0.532282642154936,1000,1618,27,"differential_object_marking","by_session_language","session_4_Mini-English",4,"Mini-English",NA,FALSE,"exploratory"
1038,0.50924288119077,0.500231871662348,0.540112282458797,0.330669330669331,NA,NA,FALSE,0.532282642154936,1000,1618,27,"differential_object_marking","by_session_language","session_4_Mini-English",4,"Mini-English",NA,FALSE,"exploratory"
1042,0.503925802989589,0.500297992873226,0.536857674064512,0.443556443556444,NA,NA,FALSE,0.532282642154936,1000,1618,27,"differential_object_marking","by_session_language","session_4_Mini-English",4,"Mini-English",NA,FALSE,"exploratory"
1046,0.513076104123125,0.500161254396396,0.537884050413151,0.262737262737263,NA,NA,FALSE,0.532282642154936,1000,1618,27,"differential_object_marking","by_session_language","session_4_Mini-English",4,"Mini-English",NA,FALSE,"exploratory"
1050,0.515656949220425,0.500156419688058,0.537871546874615,0.234765234765235,NA,NA,FALSE,0.532282642154936,1000,1618,27,"differential_object_marking","by_session_language","session_4_Mini-English",4,"Mini-English",NA,FALSE,"exploratory"
1054,0.518701847210157,0.500407989452376,0.539433940186352,0.181818181818182,NA,NA,FALSE,0.532282642154936,1000,1618,27,"differential_object_marking","by_session_language","session_4_Mini-English",4,"Mini-English",NA,FALSE,"exploratory"
1058,0.533677424134745,0.500016110995427,0.540503906149279,0.0529470529470529,16,0.958041958041958,FALSE,0.532282642154936,1000,1618,27,"differential_object_marking","by_session_language","session_4_Mini-English",4,"Mini-English",NA,FALSE,"exploratory"
1062,0.531306150068767,0.499967775392568,0.539330748445249,0.0579420579420579,NA,NA,FALSE,0.532282642154936,1000,1618,27,"differential_object_marking","by_session_language","session_4_Mini-English",4,"Mini-English",NA,FALSE,"exploratory"
1066,0.52981346237571,0.500428326180336,0.537574682861712,0.0789210789210789,NA,NA,FALSE,0.532282642154936,1000,1618,27,"differential_object_marking","by_session_language","session_4_Mini-English",4,"Mini-English",NA,FALSE,"exploratory"
1070,0.525808966953163,0.500538899207562,0.541118396571339,0.105894105894106,NA,NA,FALSE,0.532282642154936,1000,1618,27,"differential_object_marking","by_session_language","session_4_Mini-English",4,"Mini-English",NA,FALSE,"exploratory"
1074,0.511337657586107,0.500813744608515,0.540508758601104,0.320679320679321,NA,NA,FALSE,0.532282642154936,1000,1618,27,"differential_object_marking","by_session_language","session_4_Mini-English",4,"Mini-English",NA,FALSE,"exploratory"
1078,0.512606905147232,0.501289033147708,0.538266924614627,0.30969030969031,NA,NA,FALSE,0.532282642154936,1000,1618,27,"differential_object_marking","by_session_language","session_4_Mini-English",4,"Mini-English",NA,FALSE,"exploratory"
1082,0.511729950827148,0.501235778581661,0.53928217453612,0.324675324675325,NA,NA,FALSE,0.532282642154936,1000,1618,27,"differential_object_marking","by_session_language","session_4_Mini-English",4,"Mini-English",NA,FALSE,"exploratory"
1086,0.514878865344349,0.500669202114715,0.537774375993309,0.251748251748252,NA,NA,FALSE,0.532282642154936,1000,1618,27,"differential_object_marking","by_session_language","session_4_Mini-English",4,"Mini-English",NA,FALSE,"exploratory"
1090,0.512374391057357,0.500637048249153,0.539091124478545,0.287712287712288,NA,NA,FALSE,0.532282642154936,1000,1618,27,"differential_object_marking","by_session_language","session_4_Mini-English",4,"Mini-English",NA,FALSE,"exploratory"
1094,0.501818316505291,0.500570725869295,0.537519459004812,0.500499500499501,NA,NA,FALSE,0.532282642154936,1000,1618,27,"differential_object_marking","by_session_language","session_4_Mini-English",4,"Mini-English",NA,FALSE,"exploratory"
1098,0.502898041032626,0.500194105533359,0.537364945971871,0.454545454545455,NA,NA,FALSE,0.532282642154936,1000,1618,27,"differential_object_marking","by_session_language","session_4_Mini-English",4,"Mini-English",NA,FALSE,"exploratory"
-98,0.602272615921412,0.500626985189493,0.533310707053425,0.000999000999000999,1,0.013986013986014,TRUE,0.529210602597935,1000,1868,28,"differential_object_marking","by_session_language","session_4_Mini-Norwegian",4,"Mini-Norwegian",NA,FALSE,"exploratory"
-94,0.594889543795932,0.499768069377019,0.533362584147508,0.000999000999000999,1,0.013986013986014,TRUE,0.529210602597935,1000,1868,28,"differential_object_marking","by_session_language","session_4_Mini-Norwegian",4,"Mini-Norwegian",NA,FALSE,"exploratory"
-90,0.570678069145404,0.499634863884228,0.532546096337861,0.000999000999000999,1,0.013986013986014,TRUE,0.529210602597935,1000,1868,28,"differential_object_marking","by_session_language","session_4_Mini-Norwegian",4,"Mini-Norwegian",NA,FALSE,"exploratory"
-86,0.547409817753432,0.500022254781393,0.531659789126527,0.001998001998002,1,0.013986013986014,TRUE,0.529210602597935,1000,1868,28,"differential_object_marking","by_session_language","session_4_Mini-Norwegian",4,"Mini-Norwegian",NA,FALSE,"exploratory"
-82,0.534955436142868,0.499824660020082,0.536454510184372,0.028971028971029,1,0.013986013986014,TRUE,0.529210602597935,1000,1868,28,"differential_object_marking","by_session_language","session_4_Mini-Norwegian",4,"Mini-Norwegian",NA,FALSE,"exploratory"
-78,0.520313272908483,0.49979610524531,0.535283162442881,0.137862137862138,NA,NA,FALSE,0.529210602597935,1000,1868,28,"differential_object_marking","by_session_language","session_4_Mini-Norwegian",4,"Mini-Norwegian",NA,FALSE,"exploratory"
-74,0.502948491327686,0.500233266893356,0.536984199155321,0.42957042957043,NA,NA,FALSE,0.529210602597935,1000,1868,28,"differential_object_marking","by_session_language","session_4_Mini-Norwegian",4,"Mini-Norwegian",NA,FALSE,"exploratory"
-70,0.489422755033341,0.499895749013195,0.533744186707078,0.724275724275724,NA,NA,FALSE,0.529210602597935,1000,1868,28,"differential_object_marking","by_session_language","session_4_Mini-Norwegian",4,"Mini-Norwegian",NA,FALSE,"exploratory"
-66,0.499196043789321,0.499840316620424,0.533192789076491,0.529470529470529,NA,NA,FALSE,0.529210602597935,1000,1868,28,"differential_object_marking","by_session_language","session_4_Mini-Norwegian",4,"Mini-Norwegian",NA,FALSE,"exploratory"
-62,0.502893201172374,0.499408802985894,0.533550034290542,0.432567432567433,NA,NA,FALSE,0.529210602597935,1000,1868,28,"differential_object_marking","by_session_language","session_4_Mini-Norwegian",4,"Mini-Norwegian",NA,FALSE,"exploratory"
-58,0.497598407049832,0.499134115512986,0.533514187503652,0.559440559440559,NA,NA,FALSE,0.529210602597935,1000,1868,28,"differential_object_marking","by_session_language","session_4_Mini-Norwegian",4,"Mini-Norwegian",NA,FALSE,"exploratory"
-54,0.474346808591479,0.499438758481441,0.532921949085578,0.918081918081918,NA,NA,FALSE,0.529210602597935,1000,1868,28,"differential_object_marking","by_session_language","session_4_Mini-Norwegian",4,"Mini-Norwegian",NA,FALSE,"exploratory"
-50,0.448768862555998,0.500048234111097,0.532599308821833,0.995004995004995,NA,NA,FALSE,0.529210602597935,1000,1868,28,"differential_object_marking","by_session_language","session_4_Mini-Norwegian",4,"Mini-Norwegian",NA,FALSE,"exploratory"
-46,0.441464132899991,0.499721189789033,0.533792369686622,0.998001998001998,NA,NA,FALSE,0.529210602597935,1000,1868,28,"differential_object_marking","by_session_language","session_4_Mini-Norwegian",4,"Mini-Norwegian",NA,FALSE,"exploratory"
-42,0.475847416673838,0.498863247538445,0.533076443013111,0.888111888111888,NA,NA,FALSE,0.529210602597935,1000,1868,28,"differential_object_marking","by_session_language","session_4_Mini-Norwegian",4,"Mini-Norwegian",NA,FALSE,"exploratory"
-38,0.500204724291446,0.498947796461081,0.532239016524183,0.485514485514486,NA,NA,FALSE,0.529210602597935,1000,1868,28,"differential_object_marking","by_session_language","session_4_Mini-Norwegian",4,"Mini-Norwegian",NA,FALSE,"exploratory"
-34,0.533087254624478,0.499134628861131,0.534130375006735,0.028971028971029,2,0.012987012987013,TRUE,0.529210602597935,1000,1868,28,"differential_object_marking","by_session_language","session_4_Mini-Norwegian",4,"Mini-Norwegian",NA,FALSE,"exploratory"
-30,0.549242819999073,0.499014809402184,0.531377017097053,0.003996003996004,2,0.012987012987013,TRUE,0.529210602597935,1000,1868,28,"differential_object_marking","by_session_language","session_4_Mini-Norwegian",4,"Mini-Norwegian",NA,FALSE,"exploratory"
-26,0.560066113687694,0.498787530692505,0.533352810203364,0.000999000999000999,2,0.012987012987013,TRUE,0.529210602597935,1000,1868,28,"differential_object_marking","by_session_language","session_4_Mini-Norwegian",4,"Mini-Norwegian",NA,FALSE,"exploratory"
-22,0.550547379858088,0.499171554824767,0.532689732185543,0.000999000999000999,2,0.012987012987013,TRUE,0.529210602597935,1000,1868,28,"differential_object_marking","by_session_language","session_4_Mini-Norwegian",4,"Mini-Norwegian",NA,FALSE,"exploratory"
-18,0.549358799842943,0.499377405022007,0.531691842390939,0.001998001998002,2,0.012987012987013,TRUE,0.529210602597935,1000,1868,28,"differential_object_marking","by_session_language","session_4_Mini-Norwegian",4,"Mini-Norwegian",NA,FALSE,"exploratory"
-14,0.538067542470518,0.500109330421992,0.534922529956178,0.010989010989011,2,0.012987012987013,TRUE,0.529210602597935,1000,1868,28,"differential_object_marking","by_session_language","session_4_Mini-Norwegian",4,"Mini-Norwegian",NA,FALSE,"exploratory"
-10,0.536366968861274,0.500560809696018,0.535295737105165,0.025974025974026,2,0.012987012987013,TRUE,0.529210602597935,1000,1868,28,"differential_object_marking","by_session_language","session_4_Mini-Norwegian",4,"Mini-Norwegian",NA,FALSE,"exploratory"
-6,0.549125041509804,0.500610144306644,0.533217277687643,0.001998001998002,2,0.012987012987013,TRUE,0.529210602597935,1000,1868,28,"differential_object_marking","by_session_language","session_4_Mini-Norwegian",4,"Mini-Norwegian",NA,FALSE,"exploratory"
-2,0.55639299301124,0.500181056351995,0.533493514394799,0.000999000999000999,2,0.012987012987013,TRUE,0.529210602597935,1000,1868,28,"differential_object_marking","by_session_language","session_4_Mini-Norwegian",4,"Mini-Norwegian",NA,FALSE,"exploratory"
2,0.556947946324413,0.500224623959779,0.536909641419319,0.000999000999000999,2,0.012987012987013,TRUE,0.529210602597935,1000,1868,28,"differential_object_marking","by_session_language","session_4_Mini-Norwegian",4,"Mini-Norwegian",NA,FALSE,"exploratory"
6,0.548936866464303,0.50059647070697,0.537437863685965,0.003996003996004,2,0.012987012987013,TRUE,0.529210602597935,1000,1868,28,"differential_object_marking","by_session_language","session_4_Mini-Norwegian",4,"Mini-Norwegian",NA,FALSE,"exploratory"
10,0.523095946787153,0.50054874911422,0.536425333485003,0.108891108891109,NA,NA,FALSE,0.529210602597935,1000,1868,28,"differential_object_marking","by_session_language","session_4_Mini-Norwegian",4,"Mini-Norwegian",NA,FALSE,"exploratory"
14,0.512017563143498,0.500034960262562,0.534554240648544,0.254745254745255,NA,NA,FALSE,0.529210602597935,1000,1868,28,"differential_object_marking","by_session_language","session_4_Mini-Norwegian",4,"Mini-Norwegian",NA,FALSE,"exploratory"
18,0.514318752264893,0.499902939105842,0.534647683928812,0.230769230769231,NA,NA,FALSE,0.529210602597935,1000,1868,28,"differential_object_marking","by_session_language","session_4_Mini-Norwegian",4,"Mini-Norwegian",NA,FALSE,"exploratory"
22,0.511212164374013,0.499708842315423,0.534037340248108,0.271728271728272,NA,NA,FALSE,0.529210602597935,1000,1868,28,"differential_object_marking","by_session_language","session_4_Mini-Norwegian",4,"Mini-Norwegian",NA,FALSE,"exploratory"
26,0.520254767236556,0.499332866013871,0.531560253226517,0.121878121878122,NA,NA,FALSE,0.529210602597935,1000,1868,28,"differential_object_marking","by_session_language","session_4_Mini-Norwegian",4,"Mini-Norwegian",NA,FALSE,"exploratory"
30,0.509490807782683,0.499417306690259,0.530778373173833,0.318681318681319,NA,NA,FALSE,0.529210602597935,1000,1868,28,"differential_object_marking","by_session_language","session_4_Mini-Norwegian",4,"Mini-Norwegian",NA,FALSE,"exploratory"
34,0.496972324861002,0.499532730994114,0.532257161043606,0.573426573426573,NA,NA,FALSE,0.529210602597935,1000,1868,28,"differential_object_marking","by_session_language","session_4_Mini-Norwegian",4,"Mini-Norwegian",NA,FALSE,"exploratory"
38,0.506169783579924,0.499714731252543,0.532057977550254,0.384615384615385,NA,NA,FALSE,0.529210602597935,1000,1868,28,"differential_object_marking","by_session_language","session_4_Mini-Norwegian",4,"Mini-Norwegian",NA,FALSE,"exploratory"
42,0.514595906023566,0.499939746782338,0.532709144134536,0.207792207792208,NA,NA,FALSE,0.529210602597935,1000,1868,28,"differential_object_marking","by_session_language","session_4_Mini-Norwegian",4,"Mini-Norwegian",NA,FALSE,"exploratory"
46,0.528324025157728,0.499530996325863,0.53374196212844,0.0619380619380619,NA,NA,FALSE,0.529210602597935,1000,1868,28,"differential_object_marking","by_session_language","session_4_Mini-Norwegian",4,"Mini-Norwegian",NA,FALSE,"exploratory"
50,0.526372563600336,0.500172323536527,0.533574591843874,0.0649350649350649,NA,NA,FALSE,0.529210602597935,1000,1868,28,"differential_object_marking","by_session_language","session_4_Mini-Norwegian",4,"Mini-Norwegian",NA,FALSE,"exploratory"
54,0.535367888319784,0.500347150235727,0.533349504533573,0.018981018981019,3,0.0849150849150849,FALSE,0.529210602597935,1000,1868,28,"differential_object_marking","by_session_language","session_4_Mini-Norwegian",4,"Mini-Norwegian",NA,FALSE,"exploratory"
58,0.555215219519509,0.499954277980978,0.533068715617457,0.000999000999000999,3,0.0849150849150849,FALSE,0.529210602597935,1000,1868,28,"differential_object_marking","by_session_language","session_4_Mini-Norwegian",4,"Mini-Norwegian",NA,FALSE,"exploratory"
62,0.558507082643883,0.499947394799344,0.533134692951904,0.000999000999000999,3,0.0849150849150849,FALSE,0.529210602597935,1000,1868,28,"differential_object_marking","by_session_language","session_4_Mini-Norwegian",4,"Mini-Norwegian",NA,FALSE,"exploratory"
66,0.550211510582636,0.499811554148984,0.534521484628748,0.001998001998002,3,0.0849150849150849,FALSE,0.529210602597935,1000,1868,28,"differential_object_marking","by_session_language","session_4_Mini-Norwegian",4,"Mini-Norwegian",NA,FALSE,"exploratory"
70,0.539030116892977,0.499878666472157,0.536919203037698,0.016983016983017,3,0.0849150849150849,FALSE,0.529210602597935,1000,1868,28,"differential_object_marking","by_session_language","session_4_Mini-Norwegian",4,"Mini-Norwegian",NA,FALSE,"exploratory"
74,0.527792332357443,0.500176081845433,0.533749522959843,0.0679320679320679,NA,NA,FALSE,0.529210602597935,1000,1868,28,"differential_object_marking","by_session_language","session_4_Mini-Norwegian",4,"Mini-Norwegian",NA,FALSE,"exploratory"
78,0.522900292578382,0.500175681545054,0.534041276505538,0.111888111888112,NA,NA,FALSE,0.529210602597935,1000,1868,28,"differential_object_marking","by_session_language","session_4_Mini-Norwegian",4,"Mini-Norwegian",NA,FALSE,"exploratory"
82,0.517884125052148,0.500006575030802,0.53573500720013,0.15984015984016,NA,NA,FALSE,0.529210602597935,1000,1868,28,"differential_object_marking","by_session_language","session_4_Mini-Norwegian",4,"Mini-Norwegian",NA,FALSE,"exploratory"
86,0.518914013619799,0.499984082766637,0.536721275195586,0.157842157842158,NA,NA,FALSE,0.529210602597935,1000,1868,28,"differential_object_marking","by_session_language","session_4_Mini-Norwegian",4,"Mini-Norwegian",NA,FALSE,"exploratory"
90,0.518055003442364,0.50003767603564,0.535717104635442,0.172827172827173,NA,NA,FALSE,0.529210602597935,1000,1868,28,"differential_object_marking","by_session_language","session_4_Mini-Norwegian",4,"Mini-Norwegian",NA,FALSE,"exploratory"
94,0.523200101037198,0.499869979517341,0.535014998521182,0.102897102897103,NA,NA,FALSE,0.529210602597935,1000,1868,28,"differential_object_marking","by_session_language","session_4_Mini-Norwegian",4,"Mini-Norwegian",NA,FALSE,"exploratory"
98,0.51229865121498,0.499838438721691,0.532832426201396,0.27972027972028,NA,NA,FALSE,0.529210602597935,1000,1868,28,"differential_object_marking","by_session_language","session_4_Mini-Norwegian",4,"Mini-Norwegian",NA,FALSE,"exploratory"
102,0.505418991747096,0.499604566788429,0.533556873331916,0.387612387612388,NA,NA,FALSE,0.529210602597935,1000,1868,28,"differential_object_marking","by_session_language","session_4_Mini-Norwegian",4,"Mini-Norwegian",NA,FALSE,"exploratory"
106,0.515397827069453,0.499630548931388,0.534264961536266,0.217782217782218,NA,NA,FALSE,0.529210602597935,1000,1868,28,"differential_object_marking","by_session_language","session_4_Mini-Norwegian",4,"Mini-Norwegian",NA,FALSE,"exploratory"
110,0.53159773377646,0.49962604084904,0.535546724421355,0.038961038961039,4,0.885114885114885,FALSE,0.529210602597935,1000,1868,28,"differential_object_marking","by_session_language","session_4_Mini-Norwegian",4,"Mini-Norwegian",NA,FALSE,"exploratory"
114,0.531930985730149,0.499994620239364,0.537003523705121,0.042957042957043,4,0.885114885114885,FALSE,0.529210602597935,1000,1868,28,"differential_object_marking","by_session_language","session_4_Mini-Norwegian",4,"Mini-Norwegian",NA,FALSE,"exploratory"
118,0.521123372850192,0.49985842291985,0.53808813822703,0.116883116883117,NA,NA,FALSE,0.529210602597935,1000,1868,28,"differential_object_marking","by_session_language","session_4_Mini-Norwegian",4,"Mini-Norwegian",NA,FALSE,"exploratory"
122,0.504416432393416,0.500147135288679,0.536914172855329,0.420579420579421,NA,NA,FALSE,0.529210602597935,1000,1868,28,"differential_object_marking","by_session_language","session_4_Mini-Norwegian",4,"Mini-Norwegian",NA,FALSE,"exploratory"
126,0.504029717211676,0.50003074351462,0.535858567828873,0.423576423576424,NA,NA,FALSE,0.529210602597935,1000,1868,28,"differential_object_marking","by_session_language","session_4_Mini-Norwegian",4,"Mini-Norwegian",NA,FALSE,"exploratory"
130,0.51366722707769,0.499951764236047,0.535254999984572,0.230769230769231,NA,NA,FALSE,0.529210602597935,1000,1868,28,"differential_object_marking","by_session_language","session_4_Mini-Norwegian",4,"Mini-Norwegian",NA,FALSE,"exploratory"
134,0.520004378857458,0.499912775023496,0.533754069427391,0.136863136863137,NA,NA,FALSE,0.529210602597935,1000,1868,28,"differential_object_marking","by_session_language","session_4_Mini-Norwegian",4,"Mini-Norwegian",NA,FALSE,"exploratory"
138,0.523009195031119,0.499839930025518,0.53267968056097,0.0869130869130869,NA,NA,FALSE,0.529210602597935,1000,1868,28,"differential_object_marking","by_session_language","session_4_Mini-Norwegian",4,"Mini-Norwegian",NA,FALSE,"exploratory"
142,0.523758337975828,0.49958408320032,0.533670578173009,0.0779220779220779,NA,NA,FALSE,0.529210602597935,1000,1868,28,"differential_object_marking","by_session_language","session_4_Mini-Norwegian",4,"Mini-Norwegian",NA,FALSE,"exploratory"
146,0.527000083132518,0.499519034657917,0.533581296185865,0.0539460539460539,NA,NA,FALSE,0.529210602597935,1000,1868,28,"differential_object_marking","by_session_language","session_4_Mini-Norwegian",4,"Mini-Norwegian",NA,FALSE,"exploratory"
150,0.530494418240105,0.499715291728693,0.531852967878401,0.032967032967033,5,0.959040959040959,FALSE,0.529210602597935,1000,1868,28,"differential_object_marking","by_session_language","session_4_Mini-Norwegian",4,"Mini-Norwegian",NA,FALSE,"exploratory"
154,0.522142597026635,0.500139843378553,0.534838458840324,0.101898101898102,NA,NA,FALSE,0.529210602597935,1000,1868,28,"differential_object_marking","by_session_language","session_4_Mini-Norwegian",4,"Mini-Norwegian",NA,FALSE,"exploratory"
158,0.532447219429125,0.50040205959193,0.534621834000086,0.036963036963037,6,0.0799200799200799,FALSE,0.529210602597935,1000,1868,28,"differential_object_marking","by_session_language","session_4_Mini-Norwegian",4,"Mini-Norwegian",NA,FALSE,"exploratory"
162,0.53126633295848,0.500465882215458,0.534668116423869,0.044955044955045,6,0.0799200799200799,FALSE,0.529210602597935,1000,1868,28,"differential_object_marking","by_session_language","session_4_Mini-Norwegian",4,"Mini-Norwegian",NA,FALSE,"exploratory"
166,0.537052034777711,0.500291811519787,0.532654494843934,0.014985014985015,6,0.0799200799200799,FALSE,0.529210602597935,1000,1868,28,"differential_object_marking","by_session_language","session_4_Mini-Norwegian",4,"Mini-Norwegian",NA,FALSE,"exploratory"
170,0.539529681708597,0.50028879436127,0.535120907103309,0.012987012987013,6,0.0799200799200799,FALSE,0.529210602597935,1000,1868,28,"differential_object_marking","by_session_language","session_4_Mini-Norwegian",4,"Mini-Norwegian",NA,FALSE,"exploratory"
174,0.54343636690774,0.499947534406103,0.534908447422796,0.00699300699300699,6,0.0799200799200799,FALSE,0.529210602597935,1000,1868,28,"differential_object_marking","by_session_language","session_4_Mini-Norwegian",4,"Mini-Norwegian",NA,FALSE,"exploratory"
178,0.55224111829171,0.499644766417318,0.532392247600699,0.003996003996004,6,0.0799200799200799,FALSE,0.529210602597935,1000,1868,28,"differential_object_marking","by_session_language","session_4_Mini-Norwegian",4,"Mini-Norwegian",NA,FALSE,"exploratory"
182,0.54988086499066,0.500256403766729,0.533321820547403,0.003996003996004,6,0.0799200799200799,FALSE,0.529210602597935,1000,1868,28,"differential_object_marking","by_session_language","session_4_Mini-Norwegian",4,"Mini-Norwegian",NA,FALSE,"exploratory"
186,0.539507019181289,0.500035574478657,0.534041656820662,0.00599400599400599,6,0.0799200799200799,FALSE,0.529210602597935,1000,1868,28,"differential_object_marking","by_session_language","session_4_Mini-Norwegian",4,"Mini-Norwegian",NA,FALSE,"exploratory"
190,0.533020295691003,0.500175169643856,0.533631716772089,0.030969030969031,6,0.0799200799200799,FALSE,0.529210602597935,1000,1868,28,"differential_object_marking","by_session_language","session_4_Mini-Norwegian",4,"Mini-Norwegian",NA,FALSE,"exploratory"
194,0.521992334494665,0.500041674634568,0.533472154047364,0.121878121878122,NA,NA,FALSE,0.529210602597935,1000,1868,28,"differential_object_marking","by_session_language","session_4_Mini-Norwegian",4,"Mini-Norwegian",NA,FALSE,"exploratory"
198,0.522395657025661,0.500462579554137,0.534621895715039,0.10989010989011,NA,NA,FALSE,0.529210602597935,1000,1868,28,"differential_object_marking","by_session_language","session_4_Mini-Norwegian",4,"Mini-Norwegian",NA,FALSE,"exploratory"
202,0.519302997605434,0.500710341862165,0.534153038819334,0.15984015984016,NA,NA,FALSE,0.529210602597935,1000,1868,28,"differential_object_marking","by_session_language","session_4_Mini-Norwegian",4,"Mini-Norwegian",NA,FALSE,"exploratory"
206,0.507848115248202,0.50027625087062,0.534350158404227,0.34965034965035,NA,NA,FALSE,0.529210602597935,1000,1868,28,"differential_object_marking","by_session_language","session_4_Mini-Norwegian",4,"Mini-Norwegian",NA,FALSE,"exploratory"
210,0.508227011881905,0.499956454236411,0.53541497137767,0.32967032967033,NA,NA,FALSE,0.529210602597935,1000,1868,28,"differential_object_marking","by_session_language","session_4_Mini-Norwegian",4,"Mini-Norwegian",NA,FALSE,"exploratory"
214,0.500692882237591,0.4995756981889,0.533641226735916,0.492507492507492,NA,NA,FALSE,0.529210602597935,1000,1868,28,"differential_object_marking","by_session_language","session_4_Mini-Norwegian",4,"Mini-Norwegian",NA,FALSE,"exploratory"
218,0.500495370633245,0.499720437044203,0.53308861369348,0.513486513486514,NA,NA,FALSE,0.529210602597935,1000,1868,28,"differential_object_marking","by_session_language","session_4_Mini-Norwegian",4,"Mini-Norwegian",NA,FALSE,"exploratory"
222,0.502653946709889,0.499461662086575,0.53193816024697,0.446553446553447,NA,NA,FALSE,0.529210602597935,1000,1868,28,"differential_object_marking","by_session_language","session_4_Mini-Norwegian",4,"Mini-Norwegian",NA,FALSE,"exploratory"
226,0.518040585719378,0.499642088127755,0.533212055037633,0.154845154845155,NA,NA,FALSE,0.529210602597935,1000,1868,28,"differential_object_marking","by_session_language","session_4_Mini-Norwegian",4,"Mini-Norwegian",NA,FALSE,"exploratory"
230,0.526600572667102,0.499872926247,0.534952842661869,0.0799200799200799,NA,NA,FALSE,0.529210602597935,1000,1868,28,"differential_object_marking","by_session_language","session_4_Mini-Norwegian",4,"Mini-Norwegian",NA,FALSE,"exploratory"
234,0.532741029971266,0.49961685969541,0.533882860658016,0.031968031968032,7,0.182817182817183,FALSE,0.529210602597935,1000,1868,28,"differential_object_marking","by_session_language","session_4_Mini-Norwegian",4,"Mini-Norwegian",NA,FALSE,"exploratory"
238,0.540327971616384,0.499618024126441,0.532060760430503,0.00799200799200799,7,0.182817182817183,FALSE,0.529210602597935,1000,1868,28,"differential_object_marking","by_session_language","session_4_Mini-Norwegian",4,"Mini-Norwegian",NA,FALSE,"exploratory"
242,0.542860685283972,0.499694105864976,0.53246934184886,0.004995004995005,7,0.182817182817183,FALSE,0.529210602597935,1000,1868,28,"differential_object_marking","by_session_language","session_4_Mini-Norwegian",4,"Mini-Norwegian",NA,FALSE,"exploratory"
246,0.548510651462336,0.499940284958029,0.533079649063083,0.004995004995005,7,0.182817182817183,FALSE,0.529210602597935,1000,1868,28,"differential_object_marking","by_session_language","session_4_Mini-Norwegian",4,"Mini-Norwegian",NA,FALSE,"exploratory"
250,0.544116325578372,0.500218963737636,0.534615048922955,0.00799200799200799,7,0.182817182817183,FALSE,0.529210602597935,1000,1868,28,"differential_object_marking","by_session_language","session_4_Mini-Norwegian",4,"Mini-Norwegian",NA,FALSE,"exploratory"
254,0.528466537855215,0.500023912185479,0.534150324463164,0.0559440559440559,NA,NA,FALSE,0.529210602597935,1000,1868,28,"differential_object_marking","by_session_language","session_4_Mini-Norwegian",4,"Mini-Norwegian",NA,FALSE,"exploratory"
258,0.530693969796737,0.499718285753062,0.533105878278056,0.037962037962038,8,0.00899100899100899,TRUE,0.529210602597935,1000,1868,28,"differential_object_marking","by_session_language","session_4_Mini-Norwegian",4,"Mini-Norwegian",NA,FALSE,"exploratory"
262,0.532715032845631,0.499733106189811,0.533319819225264,0.028971028971029,8,0.00899100899100899,TRUE,0.529210602597935,1000,1868,28,"differential_object_marking","by_session_language","session_4_Mini-Norwegian",4,"Mini-Norwegian",NA,FALSE,"exploratory"
266,0.538330709798249,0.49977367083542,0.533188095349088,0.011988011988012,8,0.00899100899100899,TRUE,0.529210602597935,1000,1868,28,"differential_object_marking","by_session_language","session_4_Mini-Norwegian",4,"Mini-Norwegian",NA,FALSE,"exploratory"
270,0.553233371763997,0.499623957172471,0.535563134131965,0.000999000999000999,8,0.00899100899100899,TRUE,0.529210602597935,1000,1868,28,"differential_object_marking","by_session_language","session_4_Mini-Norwegian",4,"Mini-Norwegian",NA,FALSE,"exploratory"
274,0.554955579445498,0.499498101216831,0.535598302936332,0.001998001998002,8,0.00899100899100899,TRUE,0.529210602597935,1000,1868,28,"differential_object_marking","by_session_language","session_4_Mini-Norwegian",4,"Mini-Norwegian",NA,FALSE,"exploratory"
278,0.55969599261965,0.499302079772795,0.534489384368452,0.001998001998002,8,0.00899100899100899,TRUE,0.529210602597935,1000,1868,28,"differential_object_marking","by_session_language","session_4_Mini-Norwegian",4,"Mini-Norwegian",NA,FALSE,"exploratory"
282,0.560875458108279,0.499448313634836,0.535389456534937,0.000999000999000999,8,0.00899100899100899,TRUE,0.529210602597935,1000,1868,28,"differential_object_marking","by_session_language","session_4_Mini-Norwegian",4,"Mini-Norwegian",NA,FALSE,"exploratory"
286,0.559478233384756,0.500202901653275,0.535471845355243,0.002997002997003,8,0.00899100899100899,TRUE,0.529210602597935,1000,1868,28,"differential_object_marking","by_session_language","session_4_Mini-Norwegian",4,"Mini-Norwegian",NA,FALSE,"exploratory"
290,0.560449320491128,0.500352230900246,0.536276310048687,0.002997002997003,8,0.00899100899100899,TRUE,0.529210602597935,1000,1868,28,"differential_object_marking","by_session_language","session_4_Mini-Norwegian",4,"Mini-Norwegian",NA,FALSE,"exploratory"
294,0.560556482512756,0.500462919256406,0.536298505680711,0.001998001998002,8,0.00899100899100899,TRUE,0.529210602597935,1000,1868,28,"differential_object_marking","by_session_language","session_4_Mini-Norwegian",4,"Mini-Norwegian",NA,FALSE,"exploratory"
298,0.545238058941476,0.500525357250119,0.535724018405893,0.00899100899100899,8,0.00899100899100899,TRUE,0.529210602597935,1000,1868,28,"differential_object_marking","by_session_language","session_4_Mini-Norwegian",4,"Mini-Norwegian",NA,FALSE,"exploratory"
302,0.543659871073761,0.500166962923821,0.534953208934826,0.00799200799200799,8,0.00899100899100899,TRUE,0.529210602597935,1000,1868,28,"differential_object_marking","by_session_language","session_4_Mini-Norwegian",4,"Mini-Norwegian",NA,FALSE,"exploratory"
306,0.533200599778782,0.499760775988396,0.532024468103041,0.024975024975025,8,0.00899100899100899,TRUE,0.529210602597935,1000,1868,28,"differential_object_marking","by_session_language","session_4_Mini-Norwegian",4,"Mini-Norwegian",NA,FALSE,"exploratory"
310,0.527396633335194,0.499923502927108,0.532992696197927,0.04995004995005,NA,NA,FALSE,0.529210602597935,1000,1868,28,"differential_object_marking","by_session_language","session_4_Mini-Norwegian",4,"Mini-Norwegian",NA,FALSE,"exploratory"
314,0.521174846881244,0.500036289791085,0.53179318577529,0.117882117882118,NA,NA,FALSE,0.529210602597935,1000,1868,28,"differential_object_marking","by_session_language","session_4_Mini-Norwegian",4,"Mini-Norwegian",NA,FALSE,"exploratory"
318,0.520878250327911,0.499987379366882,0.53504627030261,0.11988011988012,NA,NA,FALSE,0.529210602597935,1000,1868,28,"differential_object_marking","by_session_language","session_4_Mini-Norwegian",4,"Mini-Norwegian",NA,FALSE,"exploratory"
322,0.534532922318322,0.500571125390479,0.536908440378898,0.031968031968032,9,0.462537462537463,FALSE,0.529210602597935,1000,1868,28,"differential_object_marking","by_session_language","session_4_Mini-Norwegian",4,"Mini-Norwegian",NA,FALSE,"exploratory"
326,0.536522607774109,0.500704401932395,0.537894787250951,0.031968031968032,9,0.462537462537463,FALSE,0.529210602597935,1000,1868,28,"differential_object_marking","by_session_language","session_4_Mini-Norwegian",4,"Mini-Norwegian",NA,FALSE,"exploratory"
330,0.543938541425694,0.500898815656669,0.536095646325315,0.010989010989011,9,0.462537462537463,FALSE,0.529210602597935,1000,1868,28,"differential_object_marking","by_session_language","session_4_Mini-Norwegian",4,"Mini-Norwegian",NA,FALSE,"exploratory"
334,0.532320275173848,0.501051759512635,0.534384419576971,0.036963036963037,9,0.462537462537463,FALSE,0.529210602597935,1000,1868,28,"differential_object_marking","by_session_language","session_4_Mini-Norwegian",4,"Mini-Norwegian",NA,FALSE,"exploratory"
338,0.52904457534316,0.501009079205679,0.53568761804427,0.051948051948052,NA,NA,FALSE,0.529210602597935,1000,1868,28,"differential_object_marking","by_session_language","session_4_Mini-Norwegian",4,"Mini-Norwegian",NA,FALSE,"exploratory"
342,0.526352255063851,0.501202916117511,0.534596347672396,0.0879120879120879,NA,NA,FALSE,0.529210602597935,1000,1868,28,"differential_object_marking","by_session_language","session_4_Mini-Norwegian",4,"Mini-Norwegian",NA,FALSE,"exploratory"
346,0.526197675106539,0.500940860226255,0.5340486522945,0.0749250749250749,NA,NA,FALSE,0.529210602597935,1000,1868,28,"differential_object_marking","by_session_language","session_4_Mini-Norwegian",4,"Mini-Norwegian",NA,FALSE,"exploratory"
350,0.530067576968205,0.500910137623397,0.533835471280615,0.042957042957043,10,0.000999000999000999,TRUE,0.529210602597935,1000,1868,28,"differential_object_marking","by_session_language","session_4_Mini-Norwegian",4,"Mini-Norwegian",NA,FALSE,"exploratory"
354,0.546635316178367,0.50088981050378,0.532616563233551,0.001998001998002,10,0.000999000999000999,TRUE,0.529210602597935,1000,1868,28,"differential_object_marking","by_session_language","session_4_Mini-Norwegian",4,"Mini-Norwegian",NA,FALSE,"exploratory"
358,0.55518486446786,0.500705863426639,0.532806183625386,0.000999000999000999,10,0.000999000999000999,TRUE,0.529210602597935,1000,1868,28,"differential_object_marking","by_session_language","session_4_Mini-Norwegian",4,"Mini-Norwegian",NA,FALSE,"exploratory"
362,0.558209604137033,0.50074071489872,0.53331009481707,0.000999000999000999,10,0.000999000999000999,TRUE,0.529210602597935,1000,1868,28,"differential_object_marking","by_session_language","session_4_Mini-Norwegian",4,"Mini-Norwegian",NA,FALSE,"exploratory"
366,0.564699682793662,0.500913949256423,0.533017167513123,0.000999000999000999,10,0.000999000999000999,TRUE,0.529210602597935,1000,1868,28,"differential_object_marking","by_session_language","session_4_Mini-Norwegian",4,"Mini-Norwegian",NA,FALSE,"exploratory"
370,0.563837172636456,0.50041739329476,0.532591945721917,0.000999000999000999,10,0.000999000999000999,TRUE,0.529210602597935,1000,1868,28,"differential_object_marking","by_session_language","session_4_Mini-Norwegian",4,"Mini-Norwegian",NA,FALSE,"exploratory"
374,0.563973278821566,0.500426246631656,0.534003257457308,0.000999000999000999,10,0.000999000999000999,TRUE,0.529210602597935,1000,1868,28,"differential_object_marking","by_session_language","session_4_Mini-Norwegian",4,"Mini-Norwegian",NA,FALSE,"exploratory"
378,0.555976599474391,0.500089311781194,0.534557345050705,0.001998001998002,10,0.000999000999000999,TRUE,0.529210602597935,1000,1868,28,"differential_object_marking","by_session_language","session_4_Mini-Norwegian",4,"Mini-Norwegian",NA,FALSE,"exploratory"
382,0.541179918584214,0.500148900066509,0.534780787410154,0.011988011988012,10,0.000999000999000999,TRUE,0.529210602597935,1000,1868,28,"differential_object_marking","by_session_language","session_4_Mini-Norwegian",4,"Mini-Norwegian",NA,FALSE,"exploratory"
386,0.540811359523016,0.500275370821881,0.535614723214642,0.013986013986014,10,0.000999000999000999,TRUE,0.529210602597935,1000,1868,28,"differential_object_marking","by_session_language","session_4_Mini-Norwegian",4,"Mini-Norwegian",NA,FALSE,"exploratory"
390,0.545302117626587,0.500465432435784,0.535233537353979,0.00899100899100899,10,0.000999000999000999,TRUE,0.529210602597935,1000,1868,28,"differential_object_marking","by_session_language","session_4_Mini-Norwegian",4,"Mini-Norwegian",NA,FALSE,"exploratory"
394,0.541649205674308,0.500180546318862,0.535668472506638,0.00999000999000999,10,0.000999000999000999,TRUE,0.529210602597935,1000,1868,28,"differential_object_marking","by_session_language","session_4_Mini-Norwegian",4,"Mini-Norwegian",NA,FALSE,"exploratory"
398,0.55091994870578,0.500205254693567,0.534713334125247,0.000999000999000999,10,0.000999000999000999,TRUE,0.529210602597935,1000,1868,28,"differential_object_marking","by_session_language","session_4_Mini-Norwegian",4,"Mini-Norwegian",NA,FALSE,"exploratory"
402,0.555559922988957,0.500326949219804,0.534896939490117,0.000999000999000999,10,0.000999000999000999,TRUE,0.529210602597935,1000,1868,28,"differential_object_marking","by_session_language","session_4_Mini-Norwegian",4,"Mini-Norwegian",NA,FALSE,"exploratory"
406,0.554719106891417,0.500476806453834,0.53358108556585,0.001998001998002,10,0.000999000999000999,TRUE,0.529210602597935,1000,1868,28,"differential_object_marking","by_session_language","session_4_Mini-Norwegian",4,"Mini-Norwegian",NA,FALSE,"exploratory"
410,0.544858172133107,0.500087365244479,0.532442116776899,0.003996003996004,10,0.000999000999000999,TRUE,0.529210602597935,1000,1868,28,"differential_object_marking","by_session_language","session_4_Mini-Norwegian",4,"Mini-Norwegian",NA,FALSE,"exploratory"
414,0.537163205115168,0.499744489110904,0.534180391326655,0.012987012987013,10,0.000999000999000999,TRUE,0.529210602597935,1000,1868,28,"differential_object_marking","by_session_language","session_4_Mini-Norwegian",4,"Mini-Norwegian",NA,FALSE,"exploratory"
418,0.531001153948734,0.49958943830055,0.53116873100429,0.028971028971029,10,0.000999000999000999,TRUE,0.529210602597935,1000,1868,28,"differential_object_marking","by_session_language","session_4_Mini-Norwegian",4,"Mini-Norwegian",NA,FALSE,"exploratory"
422,0.544489146555306,0.499253731933577,0.532609393274796,0.001998001998002,10,0.000999000999000999,TRUE,0.529210602597935,1000,1868,28,"differential_object_marking","by_session_language","session_4_Mini-Norwegian",4,"Mini-Norwegian",NA,FALSE,"exploratory"
426,0.560829653194595,0.499030156598229,0.536070242548685,0.000999000999000999,10,0.000999000999000999,TRUE,0.529210602597935,1000,1868,28,"differential_object_marking","by_session_language","session_4_Mini-Norwegian",4,"Mini-Norwegian",NA,FALSE,"exploratory"
430,0.561528212076376,0.498800548567678,0.536012157046876,0.000999000999000999,10,0.000999000999000999,TRUE,0.529210602597935,1000,1868,28,"differential_object_marking","by_session_language","session_4_Mini-Norwegian",4,"Mini-Norwegian",NA,FALSE,"exploratory"
434,0.569116365277638,0.49869754322573,0.534578773083086,0.000999000999000999,10,0.000999000999000999,TRUE,0.529210602597935,1000,1868,28,"differential_object_marking","by_session_language","session_4_Mini-Norwegian",4,"Mini-Norwegian",NA,FALSE,"exploratory"
438,0.569419734113658,0.499124847265307,0.532989880686321,0.000999000999000999,10,0.000999000999000999,TRUE,0.529210602597935,1000,1868,28,"differential_object_marking","by_session_language","session_4_Mini-Norwegian",4,"Mini-Norwegian",NA,FALSE,"exploratory"
442,0.575472168261368,0.499319526969529,0.532134119799978,0.000999000999000999,10,0.000999000999000999,TRUE,0.529210602597935,1000,1868,28,"differential_object_marking","by_session_language","session_4_Mini-Norwegian",4,"Mini-Norwegian",NA,FALSE,"exploratory"
446,0.559621075779316,0.498954611683944,0.532320160168687,0.000999000999000999,10,0.000999000999000999,TRUE,0.529210602597935,1000,1868,28,"differential_object_marking","by_session_language","session_4_Mini-Norwegian",4,"Mini-Norwegian",NA,FALSE,"exploratory"
450,0.547080175755735,0.49935743747035,0.532632292330322,0.003996003996004,10,0.000999000999000999,TRUE,0.529210602597935,1000,1868,28,"differential_object_marking","by_session_language","session_4_Mini-Norwegian",4,"Mini-Norwegian",NA,FALSE,"exploratory"
454,0.54771733853301,0.499352668971143,0.532931110311925,0.001998001998002,10,0.000999000999000999,TRUE,0.529210602597935,1000,1868,28,"differential_object_marking","by_session_language","session_4_Mini-Norwegian",4,"Mini-Norwegian",NA,FALSE,"exploratory"
458,0.548502617171529,0.499428241746208,0.532514949034163,0.002997002997003,10,0.000999000999000999,TRUE,0.529210602597935,1000,1868,28,"differential_object_marking","by_session_language","session_4_Mini-Norwegian",4,"Mini-Norwegian",NA,FALSE,"exploratory"
462,0.551837422058882,0.499468179927551,0.531876505305197,0.000999000999000999,10,0.000999000999000999,TRUE,0.529210602597935,1000,1868,28,"differential_object_marking","by_session_language","session_4_Mini-Norwegian",4,"Mini-Norwegian",NA,FALSE,"exploratory"
466,0.560564472996406,0.499456128009939,0.532231199874965,0.000999000999000999,10,0.000999000999000999,TRUE,0.529210602597935,1000,1868,28,"differential_object_marking","by_session_language","session_4_Mini-Norwegian",4,"Mini-Norwegian",NA,FALSE,"exploratory"
470,0.580463706734753,0.499493384404121,0.532676603317864,0.000999000999000999,10,0.000999000999000999,TRUE,0.529210602597935,1000,1868,28,"differential_object_marking","by_session_language","session_4_Mini-Norwegian",4,"Mini-Norwegian",NA,FALSE,"exploratory"
474,0.576215131103196,0.49981549970393,0.532568241930991,0.000999000999000999,10,0.000999000999000999,TRUE,0.529210602597935,1000,1868,28,"differential_object_marking","by_session_language","session_4_Mini-Norwegian",4,"Mini-Norwegian",NA,FALSE,"exploratory"
478,0.571959514391758,0.499998165872277,0.532263881097885,0.000999000999000999,10,0.000999000999000999,TRUE,0.529210602597935,1000,1868,28,"differential_object_marking","by_session_language","session_4_Mini-Norwegian",4,"Mini-Norwegian",NA,FALSE,"exploratory"
482,0.57420091544152,0.500504660854532,0.531990661592034,0.000999000999000999,10,0.000999000999000999,TRUE,0.529210602597935,1000,1868,28,"differential_object_marking","by_session_language","session_4_Mini-Norwegian",4,"Mini-Norwegian",NA,FALSE,"exploratory"
486,0.571154677503219,0.500669970162408,0.532127948318119,0.000999000999000999,10,0.000999000999000999,TRUE,0.529210602597935,1000,1868,28,"differential_object_marking","by_session_language","session_4_Mini-Norwegian",4,"Mini-Norwegian",NA,FALSE,"exploratory"
490,0.567335687768789,0.500592937642071,0.533776797765722,0.000999000999000999,10,0.000999000999000999,TRUE,0.529210602597935,1000,1868,28,"differential_object_marking","by_session_language","session_4_Mini-Norwegian",4,"Mini-Norwegian",NA,FALSE,"exploratory"
494,0.564219644972698,0.500681240408302,0.534858680944455,0.000999000999000999,10,0.000999000999000999,TRUE,0.529210602597935,1000,1868,28,"differential_object_marking","by_session_language","session_4_Mini-Norwegian",4,"Mini-Norwegian",NA,FALSE,"exploratory"
498,0.564170533342683,0.500540568482842,0.535601281252614,0.000999000999000999,10,0.000999000999000999,TRUE,0.529210602597935,1000,1868,28,"differential_object_marking","by_session_language","session_4_Mini-Norwegian",4,"Mini-Norwegian",NA,FALSE,"exploratory"
502,0.572863387918821,0.500291955884249,0.532895894936659,0.000999000999000999,10,0.000999000999000999,TRUE,0.529210602597935,1000,1868,28,"differential_object_marking","by_session_language","session_4_Mini-Norwegian",4,"Mini-Norwegian",NA,FALSE,"exploratory"
506,0.581387967474607,0.500236246053092,0.532494135358393,0.000999000999000999,10,0.000999000999000999,TRUE,0.529210602597935,1000,1868,28,"differential_object_marking","by_session_language","session_4_Mini-Norwegian",4,"Mini-Norwegian",NA,FALSE,"exploratory"
510,0.572609620165511,0.500597636624946,0.532533490191767,0.000999000999000999,10,0.000999000999000999,TRUE,0.529210602597935,1000,1868,28,"differential_object_marking","by_session_language","session_4_Mini-Norwegian",4,"Mini-Norwegian",NA,FALSE,"exploratory"
514,0.576767886677262,0.500692576903806,0.533559701435359,0.000999000999000999,10,0.000999000999000999,TRUE,0.529210602597935,1000,1868,28,"differential_object_marking","by_session_language","session_4_Mini-Norwegian",4,"Mini-Norwegian",NA,FALSE,"exploratory"
518,0.577266791259318,0.50031181246904,0.534972525096275,0.000999000999000999,10,0.000999000999000999,TRUE,0.529210602597935,1000,1868,28,"differential_object_marking","by_session_language","session_4_Mini-Norwegian",4,"Mini-Norwegian",NA,FALSE,"exploratory"
522,0.569834523839268,0.500563207846798,0.532352861400303,0.000999000999000999,10,0.000999000999000999,TRUE,0.529210602597935,1000,1868,28,"differential_object_marking","by_session_language","session_4_Mini-Norwegian",4,"Mini-Norwegian",NA,FALSE,"exploratory"
526,0.566203948434594,0.500411160612903,0.531570229309862,0.000999000999000999,10,0.000999000999000999,TRUE,0.529210602597935,1000,1868,28,"differential_object_marking","by_session_language","session_4_Mini-Norwegian",4,"Mini-Norwegian",NA,FALSE,"exploratory"
530,0.560443273331383,0.500321866000398,0.533438278548549,0.000999000999000999,10,0.000999000999000999,TRUE,0.529210602597935,1000,1868,28,"differential_object_marking","by_session_language","session_4_Mini-Norwegian",4,"Mini-Norwegian",NA,FALSE,"exploratory"
534,0.55675909724635,0.500071999207953,0.533987739512747,0.001998001998002,10,0.000999000999000999,TRUE,0.529210602597935,1000,1868,28,"differential_object_marking","by_session_language","session_4_Mini-Norwegian",4,"Mini-Norwegian",NA,FALSE,"exploratory"
538,0.547499392615015,0.500354400670646,0.535698933303357,0.00599400599400599,10,0.000999000999000999,TRUE,0.529210602597935,1000,1868,28,"differential_object_marking","by_session_language","session_4_Mini-Norwegian",4,"Mini-Norwegian",NA,FALSE,"exploratory"
542,0.542227003082355,0.500255454869906,0.534082261110115,0.013986013986014,10,0.000999000999000999,TRUE,0.529210602597935,1000,1868,28,"differential_object_marking","by_session_language","session_4_Mini-Norwegian",4,"Mini-Norwegian",NA,FALSE,"exploratory"
546,0.539452523424748,0.500427665431348,0.534192879892182,0.00899100899100899,10,0.000999000999000999,TRUE,0.529210602597935,1000,1868,28,"differential_object_marking","by_session_language","session_4_Mini-Norwegian",4,"Mini-Norwegian",NA,FALSE,"exploratory"
550,0.540254794519604,0.500222887896906,0.533880359948213,0.00999000999000999,10,0.000999000999000999,TRUE,0.529210602597935,1000,1868,28,"differential_object_marking","by_session_language","session_4_Mini-Norwegian",4,"Mini-Norwegian",NA,FALSE,"exploratory"
554,0.540090511189617,0.499994140202367,0.53337267518795,0.00899100899100899,10,0.000999000999000999,TRUE,0.529210602597935,1000,1868,28,"differential_object_marking","by_session_language","session_4_Mini-Norwegian",4,"Mini-Norwegian",NA,FALSE,"exploratory"
558,0.538420690307529,0.499760663728057,0.532413346606178,0.010989010989011,10,0.000999000999000999,TRUE,0.529210602597935,1000,1868,28,"differential_object_marking","by_session_language","session_4_Mini-Norwegian",4,"Mini-Norwegian",NA,FALSE,"exploratory"
562,0.530936788218413,0.499865578308821,0.533165039602301,0.037962037962038,10,0.000999000999000999,TRUE,0.529210602597935,1000,1868,28,"differential_object_marking","by_session_language","session_4_Mini-Norwegian",4,"Mini-Norwegian",NA,FALSE,"exploratory"
566,0.517283784088291,0.500228321817376,0.533872778366133,0.167832167832168,NA,NA,FALSE,0.529210602597935,1000,1868,28,"differential_object_marking","by_session_language","session_4_Mini-Norwegian",4,"Mini-Norwegian",NA,FALSE,"exploratory"
570,0.508988721151026,0.500229317101243,0.53376261503447,0.315684315684316,NA,NA,FALSE,0.529210602597935,1000,1868,28,"differential_object_marking","by_session_language","session_4_Mini-Norwegian",4,"Mini-Norwegian",NA,FALSE,"exploratory"
574,0.509596738471745,0.500784902381955,0.533209754450629,0.324675324675325,NA,NA,FALSE,0.529210602597935,1000,1868,28,"differential_object_marking","by_session_language","session_4_Mini-Norwegian",4,"Mini-Norwegian",NA,FALSE,"exploratory"
578,0.505291538384604,0.500515747553202,0.532502531574956,0.410589410589411,NA,NA,FALSE,0.529210602597935,1000,1868,28,"differential_object_marking","by_session_language","session_4_Mini-Norwegian",4,"Mini-Norwegian",NA,FALSE,"exploratory"
582,0.515486732634979,0.500100874454177,0.533605756520911,0.211788211788212,NA,NA,FALSE,0.529210602597935,1000,1868,28,"differential_object_marking","by_session_language","session_4_Mini-Norwegian",4,"Mini-Norwegian",NA,FALSE,"exploratory"
586,0.520285718703976,0.499877952988595,0.533902753092631,0.132867132867133,NA,NA,FALSE,0.529210602597935,1000,1868,28,"differential_object_marking","by_session_language","session_4_Mini-Norwegian",4,"Mini-Norwegian",NA,FALSE,"exploratory"
590,0.5220582677402,0.499599584340455,0.532967389990799,0.113886113886114,NA,NA,FALSE,0.529210602597935,1000,1868,28,"differential_object_marking","by_session_language","session_4_Mini-Norwegian",4,"Mini-Norwegian",NA,FALSE,"exploratory"
594,0.536578396536705,0.49955303210767,0.532862297217788,0.016983016983017,11,0.0619380619380619,FALSE,0.529210602597935,1000,1868,28,"differential_object_marking","by_session_language","session_4_Mini-Norwegian",4,"Mini-Norwegian",NA,FALSE,"exploratory"
598,0.545681718781637,0.499789973018311,0.531903771209458,0.003996003996004,11,0.0619380619380619,FALSE,0.529210602597935,1000,1868,28,"differential_object_marking","by_session_language","session_4_Mini-Norwegian",4,"Mini-Norwegian",NA,FALSE,"exploratory"
602,0.553556054307322,0.500271821548921,0.532618182556992,0.001998001998002,11,0.0619380619380619,FALSE,0.529210602597935,1000,1868,28,"differential_object_marking","by_session_language","session_4_Mini-Norwegian",4,"Mini-Norwegian",NA,FALSE,"exploratory"
606,0.557762069589476,0.50035582274434,0.534117554944743,0.000999000999000999,11,0.0619380619380619,FALSE,0.529210602597935,1000,1868,28,"differential_object_marking","by_session_language","session_4_Mini-Norwegian",4,"Mini-Norwegian",NA,FALSE,"exploratory"
610,0.550473084644677,0.499984164118941,0.533687421902496,0.001998001998002,11,0.0619380619380619,FALSE,0.529210602597935,1000,1868,28,"differential_object_marking","by_session_language","session_4_Mini-Norwegian",4,"Mini-Norwegian",NA,FALSE,"exploratory"
614,0.538383637889509,0.499746979925143,0.532870863582861,0.00899100899100899,11,0.0619380619380619,FALSE,0.529210602597935,1000,1868,28,"differential_object_marking","by_session_language","session_4_Mini-Norwegian",4,"Mini-Norwegian",NA,FALSE,"exploratory"
618,0.532092106012658,0.499954665958904,0.532206871550625,0.027972027972028,11,0.0619380619380619,FALSE,0.529210602597935,1000,1868,28,"differential_object_marking","by_session_language","session_4_Mini-Norwegian",4,"Mini-Norwegian",NA,FALSE,"exploratory"
622,0.519515330575788,0.500302112843979,0.532449603558141,0.128871128871129,NA,NA,FALSE,0.529210602597935,1000,1868,28,"differential_object_marking","by_session_language","session_4_Mini-Norwegian",4,"Mini-Norwegian",NA,FALSE,"exploratory"
626,0.509528329515666,0.500072959726254,0.53351126733914,0.317682317682318,NA,NA,FALSE,0.529210602597935,1000,1868,28,"differential_object_marking","by_session_language","session_4_Mini-Norwegian",4,"Mini-Norwegian",NA,FALSE,"exploratory"
630,0.511353782461211,0.499970225462681,0.533724292232312,0.281718281718282,NA,NA,FALSE,0.529210602597935,1000,1868,28,"differential_object_marking","by_session_language","session_4_Mini-Norwegian",4,"Mini-Norwegian",NA,FALSE,"exploratory"
634,0.520612066586033,0.500147911911425,0.53685787335011,0.13986013986014,NA,NA,FALSE,0.529210602597935,1000,1868,28,"differential_object_marking","by_session_language","session_4_Mini-Norwegian",4,"Mini-Norwegian",NA,FALSE,"exploratory"
638,0.516788783132768,0.500453044641274,0.534815669272386,0.181818181818182,NA,NA,FALSE,0.529210602597935,1000,1868,28,"differential_object_marking","by_session_language","session_4_Mini-Norwegian",4,"Mini-Norwegian",NA,FALSE,"exploratory"
642,0.52270896492185,0.500645713862461,0.534817600780346,0.10989010989011,NA,NA,FALSE,0.529210602597935,1000,1868,28,"differential_object_marking","by_session_language","session_4_Mini-Norwegian",4,"Mini-Norwegian",NA,FALSE,"exploratory"
646,0.51477263263505,0.501323192560277,0.534655258738082,0.21978021978022,NA,NA,FALSE,0.529210602597935,1000,1868,28,"differential_object_marking","by_session_language","session_4_Mini-Norwegian",4,"Mini-Norwegian",NA,FALSE,"exploratory"
650,0.502256167955935,0.501809033299203,0.537821938765576,0.49050949050949,NA,NA,FALSE,0.529210602597935,1000,1868,28,"differential_object_marking","by_session_language","session_4_Mini-Norwegian",4,"Mini-Norwegian",NA,FALSE,"exploratory"
654,0.5069088320662,0.5018130179811,0.536947130859285,0.382617382617383,NA,NA,FALSE,0.529210602597935,1000,1868,28,"differential_object_marking","by_session_language","session_4_Mini-Norwegian",4,"Mini-Norwegian",NA,FALSE,"exploratory"
658,0.497916803302308,0.501323339564895,0.534379927552887,0.581418581418581,NA,NA,FALSE,0.529210602597935,1000,1868,28,"differential_object_marking","by_session_language","session_4_Mini-Norwegian",4,"Mini-Norwegian",NA,FALSE,"exploratory"
662,0.51090210148135,0.500513377980387,0.534977917741498,0.28971028971029,NA,NA,FALSE,0.529210602597935,1000,1868,28,"differential_object_marking","by_session_language","session_4_Mini-Norwegian",4,"Mini-Norwegian",NA,FALSE,"exploratory"
666,0.514381057862608,0.500252141937216,0.537228221660332,0.223776223776224,NA,NA,FALSE,0.529210602597935,1000,1868,28,"differential_object_marking","by_session_language","session_4_Mini-Norwegian",4,"Mini-Norwegian",NA,FALSE,"exploratory"
670,0.516445998835381,0.500629799621336,0.535717875844149,0.205794205794206,NA,NA,FALSE,0.529210602597935,1000,1868,28,"differential_object_marking","by_session_language","session_4_Mini-Norwegian",4,"Mini-Norwegian",NA,FALSE,"exploratory"
674,0.509540111983166,0.501105235793834,0.536259069470871,0.33966033966034,NA,NA,FALSE,0.529210602597935,1000,1868,28,"differential_object_marking","by_session_language","session_4_Mini-Norwegian",4,"Mini-Norwegian",NA,FALSE,"exploratory"
678,0.518909833324483,0.501204387057525,0.537119650395358,0.180819180819181,NA,NA,FALSE,0.529210602597935,1000,1868,28,"differential_object_marking","by_session_language","session_4_Mini-Norwegian",4,"Mini-Norwegian",NA,FALSE,"exploratory"
682,0.517824129511649,0.501528608472872,0.537410583486313,0.197802197802198,NA,NA,FALSE,0.529210602597935,1000,1868,28,"differential_object_marking","by_session_language","session_4_Mini-Norwegian",4,"Mini-Norwegian",NA,FALSE,"exploratory"
686,0.521857515371115,0.50096938142694,0.536802714687694,0.138861138861139,NA,NA,FALSE,0.529210602597935,1000,1868,28,"differential_object_marking","by_session_language","session_4_Mini-Norwegian",4,"Mini-Norwegian",NA,FALSE,"exploratory"
690,0.526795156818337,0.500611911559516,0.536362716550173,0.0659340659340659,NA,NA,FALSE,0.529210602597935,1000,1868,28,"differential_object_marking","by_session_language","session_4_Mini-Norwegian",4,"Mini-Norwegian",NA,FALSE,"exploratory"
694,0.549040193126071,0.500683845753456,0.536319338227473,0.00599400599400599,12,0.051948051948052,FALSE,0.529210602597935,1000,1868,28,"differential_object_marking","by_session_language","session_4_Mini-Norwegian",4,"Mini-Norwegian",NA,FALSE,"exploratory"
698,0.558673172579812,0.500978514696963,0.53384710743088,0.000999000999000999,12,0.051948051948052,FALSE,0.529210602597935,1000,1868,28,"differential_object_marking","by_session_language","session_4_Mini-Norwegian",4,"Mini-Norwegian",NA,FALSE,"exploratory"
702,0.558666142302248,0.50110444996092,0.535185714147885,0.000999000999000999,12,0.051948051948052,FALSE,0.529210602597935,1000,1868,28,"differential_object_marking","by_session_language","session_4_Mini-Norwegian",4,"Mini-Norwegian",NA,FALSE,"exploratory"
706,0.54951740407739,0.501121369056227,0.53497875238448,0.001998001998002,12,0.051948051948052,FALSE,0.529210602597935,1000,1868,28,"differential_object_marking","by_session_language","session_4_Mini-Norwegian",4,"Mini-Norwegian",NA,FALSE,"exploratory"
710,0.54182737688362,0.501017662800647,0.534935768409052,0.00999000999000999,12,0.051948051948052,FALSE,0.529210602597935,1000,1868,28,"differential_object_marking","by_session_language","session_4_Mini-Norwegian",4,"Mini-Norwegian",NA,FALSE,"exploratory"
714,0.532604278062099,0.500430928816625,0.532193311186027,0.025974025974026,12,0.051948051948052,FALSE,0.529210602597935,1000,1868,28,"differential_object_marking","by_session_language","session_4_Mini-Norwegian",4,"Mini-Norwegian",NA,FALSE,"exploratory"
718,0.519330992440908,0.500120615478802,0.53239331077301,0.137862137862138,NA,NA,FALSE,0.529210602597935,1000,1868,28,"differential_object_marking","by_session_language","session_4_Mini-Norwegian",4,"Mini-Norwegian",NA,FALSE,"exploratory"
722,0.504097997730456,0.500033899645181,0.533222180149266,0.428571428571429,NA,NA,FALSE,0.529210602597935,1000,1868,28,"differential_object_marking","by_session_language","session_4_Mini-Norwegian",4,"Mini-Norwegian",NA,FALSE,"exploratory"
726,0.497996400342243,0.499945232961265,0.533383546188921,0.555444555444555,NA,NA,FALSE,0.529210602597935,1000,1868,28,"differential_object_marking","by_session_language","session_4_Mini-Norwegian",4,"Mini-Norwegian",NA,FALSE,"exploratory"
730,0.473895545747494,0.499952813912792,0.532102479702726,0.919080919080919,NA,NA,FALSE,0.529210602597935,1000,1868,28,"differential_object_marking","by_session_language","session_4_Mini-Norwegian",4,"Mini-Norwegian",NA,FALSE,"exploratory"
734,0.476569311962279,0.500281236963893,0.532086491902013,0.907092907092907,NA,NA,FALSE,0.529210602597935,1000,1868,28,"differential_object_marking","by_session_language","session_4_Mini-Norwegian",4,"Mini-Norwegian",NA,FALSE,"exploratory"
738,0.485638137177538,0.500531754100575,0.531482583649366,0.804195804195804,NA,NA,FALSE,0.529210602597935,1000,1868,28,"differential_object_marking","by_session_language","session_4_Mini-Norwegian",4,"Mini-Norwegian",NA,FALSE,"exploratory"
742,0.487658705048986,0.501045903126154,0.532225722957799,0.785214785214785,NA,NA,FALSE,0.529210602597935,1000,1868,28,"differential_object_marking","by_session_language","session_4_Mini-Norwegian",4,"Mini-Norwegian",NA,FALSE,"exploratory"
746,0.494928504144679,0.501108258114352,0.533576539575162,0.642357642357642,NA,NA,FALSE,0.529210602597935,1000,1868,28,"differential_object_marking","by_session_language","session_4_Mini-Norwegian",4,"Mini-Norwegian",NA,FALSE,"exploratory"
750,0.494401329783788,0.500804195937844,0.534207263873132,0.643356643356643,NA,NA,FALSE,0.529210602597935,1000,1868,28,"differential_object_marking","by_session_language","session_4_Mini-Norwegian",4,"Mini-Norwegian",NA,FALSE,"exploratory"
754,0.495784421204951,0.50017593127744,0.534831583099342,0.591408591408591,NA,NA,FALSE,0.529210602597935,1000,1868,28,"differential_object_marking","by_session_language","session_4_Mini-Norwegian",4,"Mini-Norwegian",NA,FALSE,"exploratory"
758,0.504188447162983,0.500125878878488,0.535501962732443,0.416583416583417,NA,NA,FALSE,0.529210602597935,1000,1868,28,"differential_object_marking","by_session_language","session_4_Mini-Norwegian",4,"Mini-Norwegian",NA,FALSE,"exploratory"
762,0.502471872313792,0.499622621341211,0.533893148898426,0.443556443556444,NA,NA,FALSE,0.529210602597935,1000,1868,28,"differential_object_marking","by_session_language","session_4_Mini-Norwegian",4,"Mini-Norwegian",NA,FALSE,"exploratory"
766,0.507355105231087,0.499549080097366,0.532149150428831,0.352647352647353,NA,NA,FALSE,0.529210602597935,1000,1868,28,"differential_object_marking","by_session_language","session_4_Mini-Norwegian",4,"Mini-Norwegian",NA,FALSE,"exploratory"
770,0.510868037136737,0.500056582359831,0.532897782050004,0.293706293706294,NA,NA,FALSE,0.529210602597935,1000,1868,28,"differential_object_marking","by_session_language","session_4_Mini-Norwegian",4,"Mini-Norwegian",NA,FALSE,"exploratory"
774,0.512247499542471,0.500201313797935,0.534643790519594,0.258741258741259,NA,NA,FALSE,0.529210602597935,1000,1868,28,"differential_object_marking","by_session_language","session_4_Mini-Norwegian",4,"Mini-Norwegian",NA,FALSE,"exploratory"
778,0.519212277674564,0.500634572432553,0.536491865650261,0.160839160839161,NA,NA,FALSE,0.529210602597935,1000,1868,28,"differential_object_marking","by_session_language","session_4_Mini-Norwegian",4,"Mini-Norwegian",NA,FALSE,"exploratory"
782,0.529809598738971,0.501241532670511,0.536427219974568,0.0559440559440559,13,0.00999000999000999,TRUE,0.529210602597935,1000,1868,28,"differential_object_marking","by_session_language","session_4_Mini-Norwegian",4,"Mini-Norwegian",NA,FALSE,"exploratory"
786,0.539684849496061,0.501253955885895,0.534642720867364,0.013986013986014,13,0.00999000999000999,TRUE,0.529210602597935,1000,1868,28,"differential_object_marking","by_session_language","session_4_Mini-Norwegian",4,"Mini-Norwegian",NA,FALSE,"exploratory"
790,0.544345616830771,0.500351849966622,0.532250309474812,0.004995004995005,13,0.00999000999000999,TRUE,0.529210602597935,1000,1868,28,"differential_object_marking","by_session_language","session_4_Mini-Norwegian",4,"Mini-Norwegian",NA,FALSE,"exploratory"
794,0.552523553740429,0.500144936291454,0.532266241689296,0.001998001998002,13,0.00999000999000999,TRUE,0.529210602597935,1000,1868,28,"differential_object_marking","by_session_language","session_4_Mini-Norwegian",4,"Mini-Norwegian",NA,FALSE,"exploratory"
798,0.563734942420809,0.500445809959275,0.534232125141952,0.000999000999000999,13,0.00999000999000999,TRUE,0.529210602597935,1000,1868,28,"differential_object_marking","by_session_language","session_4_Mini-Norwegian",4,"Mini-Norwegian",NA,FALSE,"exploratory"
802,0.562131156019443,0.500709896803675,0.536087124926772,0.000999000999000999,13,0.00999000999000999,TRUE,0.529210602597935,1000,1868,28,"differential_object_marking","by_session_language","session_4_Mini-Norwegian",4,"Mini-Norwegian",NA,FALSE,"exploratory"
806,0.561529134338043,0.50100617611931,0.534241367372117,0.000999000999000999,13,0.00999000999000999,TRUE,0.529210602597935,1000,1868,28,"differential_object_marking","by_session_language","session_4_Mini-Norwegian",4,"Mini-Norwegian",NA,FALSE,"exploratory"
810,0.559294387744998,0.500644124480145,0.532971680972262,0.000999000999000999,13,0.00999000999000999,TRUE,0.529210602597935,1000,1868,28,"differential_object_marking","by_session_language","session_4_Mini-Norwegian",4,"Mini-Norwegian",NA,FALSE,"exploratory"
814,0.555589000516814,0.500522423021577,0.532994516368478,0.000999000999000999,13,0.00999000999000999,TRUE,0.529210602597935,1000,1868,28,"differential_object_marking","by_session_language","session_4_Mini-Norwegian",4,"Mini-Norwegian",NA,FALSE,"exploratory"
818,0.546390072495045,0.500690625759937,0.534946371887976,0.000999000999000999,13,0.00999000999000999,TRUE,0.529210602597935,1000,1868,28,"differential_object_marking","by_session_language","session_4_Mini-Norwegian",4,"Mini-Norwegian",NA,FALSE,"exploratory"
822,0.537397928567524,0.500486483680527,0.534450208982291,0.015984015984016,13,0.00999000999000999,TRUE,0.529210602597935,1000,1868,28,"differential_object_marking","by_session_language","session_4_Mini-Norwegian",4,"Mini-Norwegian",NA,FALSE,"exploratory"
826,0.526017280557243,0.500317098293521,0.532778452168831,0.0779220779220779,NA,NA,FALSE,0.529210602597935,1000,1868,28,"differential_object_marking","by_session_language","session_4_Mini-Norwegian",4,"Mini-Norwegian",NA,FALSE,"exploratory"
830,0.515168351916992,0.500420656031926,0.535080431722188,0.203796203796204,NA,NA,FALSE,0.529210602597935,1000,1868,28,"differential_object_marking","by_session_language","session_4_Mini-Norwegian",4,"Mini-Norwegian",NA,FALSE,"exploratory"
834,0.510138170984792,0.500505382665952,0.535072243985485,0.298701298701299,NA,NA,FALSE,0.529210602597935,1000,1868,28,"differential_object_marking","by_session_language","session_4_Mini-Norwegian",4,"Mini-Norwegian",NA,FALSE,"exploratory"
838,0.51139525298661,0.500239719447407,0.535406486663871,0.281718281718282,NA,NA,FALSE,0.529210602597935,1000,1868,28,"differential_object_marking","by_session_language","session_4_Mini-Norwegian",4,"Mini-Norwegian",NA,FALSE,"exploratory"
842,0.5076524396768,0.500541817115172,0.534655226536545,0.360639360639361,NA,NA,FALSE,0.529210602597935,1000,1868,28,"differential_object_marking","by_session_language","session_4_Mini-Norwegian",4,"Mini-Norwegian",NA,FALSE,"exploratory"
846,0.508166097986576,0.500719609145526,0.536473228476517,0.360639360639361,NA,NA,FALSE,0.529210602597935,1000,1868,28,"differential_object_marking","by_session_language","session_4_Mini-Norwegian",4,"Mini-Norwegian",NA,FALSE,"exploratory"
850,0.505794126503409,0.500600577066934,0.533829961052056,0.403596403596404,NA,NA,FALSE,0.529210602597935,1000,1868,28,"differential_object_marking","by_session_language","session_4_Mini-Norwegian",4,"Mini-Norwegian",NA,FALSE,"exploratory"
854,0.497148854523992,0.500487974528498,0.53465799151863,0.588411588411588,NA,NA,FALSE,0.529210602597935,1000,1868,28,"differential_object_marking","by_session_language","session_4_Mini-Norwegian",4,"Mini-Norwegian",NA,FALSE,"exploratory"
858,0.506078673696452,0.50069061905106,0.536035956485345,0.38961038961039,NA,NA,FALSE,0.529210602597935,1000,1868,28,"differential_object_marking","by_session_language","session_4_Mini-Norwegian",4,"Mini-Norwegian",NA,FALSE,"exploratory"
862,0.509081211249165,0.500967034026851,0.534522421388772,0.332667332667333,NA,NA,FALSE,0.529210602597935,1000,1868,28,"differential_object_marking","by_session_language","session_4_Mini-Norwegian",4,"Mini-Norwegian",NA,FALSE,"exploratory"
866,0.50882915102932,0.501066095983423,0.536216837243505,0.335664335664336,NA,NA,FALSE,0.529210602597935,1000,1868,28,"differential_object_marking","by_session_language","session_4_Mini-Norwegian",4,"Mini-Norwegian",NA,FALSE,"exploratory"
870,0.518945139300047,0.500612161357208,0.535361958848871,0.168831168831169,NA,NA,FALSE,0.529210602597935,1000,1868,28,"differential_object_marking","by_session_language","session_4_Mini-Norwegian",4,"Mini-Norwegian",NA,FALSE,"exploratory"
874,0.524506850000536,0.501237395513328,0.534295590180593,0.102897102897103,NA,NA,FALSE,0.529210602597935,1000,1868,28,"differential_object_marking","by_session_language","session_4_Mini-Norwegian",4,"Mini-Norwegian",NA,FALSE,"exploratory"
878,0.526439769992376,0.501004949373203,0.53559180782025,0.0759240759240759,NA,NA,FALSE,0.529210602597935,1000,1868,28,"differential_object_marking","by_session_language","session_4_Mini-Norwegian",4,"Mini-Norwegian",NA,FALSE,"exploratory"
882,0.528668740253201,0.500979971350635,0.534662626999474,0.0589410589410589,NA,NA,FALSE,0.529210602597935,1000,1868,28,"differential_object_marking","by_session_language","session_4_Mini-Norwegian",4,"Mini-Norwegian",NA,FALSE,"exploratory"
886,0.527761397555494,0.500788227855242,0.536135797480215,0.0539460539460539,NA,NA,FALSE,0.529210602597935,1000,1868,28,"differential_object_marking","by_session_language","session_4_Mini-Norwegian",4,"Mini-Norwegian",NA,FALSE,"exploratory"
890,0.537633093645047,0.500691911343829,0.534280400239817,0.016983016983017,14,0.145854145854146,FALSE,0.529210602597935,1000,1868,28,"differential_object_marking","by_session_language","session_4_Mini-Norwegian",4,"Mini-Norwegian",NA,FALSE,"exploratory"
894,0.534980363559188,0.500782996095886,0.533460287486579,0.01998001998002,14,0.145854145854146,FALSE,0.529210602597935,1000,1868,28,"differential_object_marking","by_session_language","session_4_Mini-Norwegian",4,"Mini-Norwegian",NA,FALSE,"exploratory"
898,0.535744919345186,0.500460923376565,0.53473316392039,0.023976023976024,14,0.145854145854146,FALSE,0.529210602597935,1000,1868,28,"differential_object_marking","by_session_language","session_4_Mini-Norwegian",4,"Mini-Norwegian",NA,FALSE,"exploratory"
902,0.533511256811414,0.500228637409018,0.534450084276736,0.030969030969031,14,0.145854145854146,FALSE,0.529210602597935,1000,1868,28,"differential_object_marking","by_session_language","session_4_Mini-Norwegian",4,"Mini-Norwegian",NA,FALSE,"exploratory"
906,0.536167825365671,0.500444354975303,0.538142670237634,0.030969030969031,14,0.145854145854146,FALSE,0.529210602597935,1000,1868,28,"differential_object_marking","by_session_language","session_4_Mini-Norwegian",4,"Mini-Norwegian",NA,FALSE,"exploratory"
910,0.53985315773436,0.500429933862239,0.536271302088082,0.016983016983017,14,0.145854145854146,FALSE,0.529210602597935,1000,1868,28,"differential_object_marking","by_session_language","session_4_Mini-Norwegian",4,"Mini-Norwegian",NA,FALSE,"exploratory"
914,0.537060121280264,0.500710107710116,0.53626715727608,0.023976023976024,14,0.145854145854146,FALSE,0.529210602597935,1000,1868,28,"differential_object_marking","by_session_language","session_4_Mini-Norwegian",4,"Mini-Norwegian",NA,FALSE,"exploratory"
918,0.544868659101375,0.501027897220217,0.536088710117247,0.011988011988012,14,0.145854145854146,FALSE,0.529210602597935,1000,1868,28,"differential_object_marking","by_session_language","session_4_Mini-Norwegian",4,"Mini-Norwegian",NA,FALSE,"exploratory"
922,0.529625566674194,0.501152751254936,0.535288009108251,0.0549450549450549,14,0.145854145854146,FALSE,0.529210602597935,1000,1868,28,"differential_object_marking","by_session_language","session_4_Mini-Norwegian",4,"Mini-Norwegian",NA,FALSE,"exploratory"
926,0.53062006207603,0.501031222085986,0.534253650982967,0.041958041958042,14,0.145854145854146,FALSE,0.529210602597935,1000,1868,28,"differential_object_marking","by_session_language","session_4_Mini-Norwegian",4,"Mini-Norwegian",NA,FALSE,"exploratory"
930,0.533615854799444,0.500847765537218,0.532373407444842,0.022977022977023,14,0.145854145854146,FALSE,0.529210602597935,1000,1868,28,"differential_object_marking","by_session_language","session_4_Mini-Norwegian",4,"Mini-Norwegian",NA,FALSE,"exploratory"
934,0.520653326480346,0.500825559510751,0.534336302458298,0.123876123876124,NA,NA,FALSE,0.529210602597935,1000,1868,28,"differential_object_marking","by_session_language","session_4_Mini-Norwegian",4,"Mini-Norwegian",NA,FALSE,"exploratory"
938,0.510154510441705,0.500643100389034,0.534712269813441,0.300699300699301,NA,NA,FALSE,0.529210602597935,1000,1868,28,"differential_object_marking","by_session_language","session_4_Mini-Norwegian",4,"Mini-Norwegian",NA,FALSE,"exploratory"
942,0.506429371185928,0.500534557109353,0.535450678392903,0.373626373626374,NA,NA,FALSE,0.529210602597935,1000,1868,28,"differential_object_marking","by_session_language","session_4_Mini-Norwegian",4,"Mini-Norwegian",NA,FALSE,"exploratory"
946,0.499662185759304,0.500660884213099,0.535165650379324,0.520479520479521,NA,NA,FALSE,0.529210602597935,1000,1868,28,"differential_object_marking","by_session_language","session_4_Mini-Norwegian",4,"Mini-Norwegian",NA,FALSE,"exploratory"
950,0.493554145122853,0.500426833249211,0.533430970627693,0.651348651348651,NA,NA,FALSE,0.529210602597935,1000,1868,28,"differential_object_marking","by_session_language","session_4_Mini-Norwegian",4,"Mini-Norwegian",NA,FALSE,"exploratory"
954,0.497952508407384,0.500520209909061,0.535398467203572,0.561438561438561,NA,NA,FALSE,0.529210602597935,1000,1868,28,"differential_object_marking","by_session_language","session_4_Mini-Norwegian",4,"Mini-Norwegian",NA,FALSE,"exploratory"
958,0.514281247969034,0.500476800918991,0.536097017158812,0.215784215784216,NA,NA,FALSE,0.529210602597935,1000,1868,28,"differential_object_marking","by_session_language","session_4_Mini-Norwegian",4,"Mini-Norwegian",NA,FALSE,"exploratory"
962,0.532827588517482,0.500576652039029,0.536337473457371,0.042957042957043,15,0.85014985014985,FALSE,0.529210602597935,1000,1868,28,"differential_object_marking","by_session_language","session_4_Mini-Norwegian",4,"Mini-Norwegian",NA,FALSE,"exploratory"
966,0.532753350540055,0.500472503874096,0.536567788661564,0.043956043956044,15,0.85014985014985,FALSE,0.529210602597935,1000,1868,28,"differential_object_marking","by_session_language","session_4_Mini-Norwegian",4,"Mini-Norwegian",NA,FALSE,"exploratory"
970,0.527434617400136,0.500681790299086,0.53534181909578,0.0689310689310689,NA,NA,FALSE,0.529210602597935,1000,1868,28,"differential_object_marking","by_session_language","session_4_Mini-Norwegian",4,"Mini-Norwegian",NA,FALSE,"exploratory"
974,0.526480400803285,0.500417065571428,0.536477009793046,0.0679320679320679,NA,NA,FALSE,0.529210602597935,1000,1868,28,"differential_object_marking","by_session_language","session_4_Mini-Norwegian",4,"Mini-Norwegian",NA,FALSE,"exploratory"
978,0.535031376692121,0.500390555553693,0.536081520378806,0.031968031968032,16,0.268731268731269,FALSE,0.529210602597935,1000,1868,28,"differential_object_marking","by_session_language","session_4_Mini-Norwegian",4,"Mini-Norwegian",NA,FALSE,"exploratory"
982,0.531967662635515,0.500503404937144,0.534566314940344,0.035964035964036,16,0.268731268731269,FALSE,0.529210602597935,1000,1868,28,"differential_object_marking","by_session_language","session_4_Mini-Norwegian",4,"Mini-Norwegian",NA,FALSE,"exploratory"
986,0.529496372496665,0.5006538270756,0.534605906935629,0.0529470529470529,16,0.268731268731269,FALSE,0.529210602597935,1000,1868,28,"differential_object_marking","by_session_language","session_4_Mini-Norwegian",4,"Mini-Norwegian",NA,FALSE,"exploratory"
990,0.535178998115722,0.500350580314895,0.533978373459167,0.020979020979021,16,0.268731268731269,FALSE,0.529210602597935,1000,1868,28,"differential_object_marking","by_session_language","session_4_Mini-Norwegian",4,"Mini-Norwegian",NA,FALSE,"exploratory"
994,0.535848117395265,0.500211015251688,0.535238862182176,0.024975024975025,16,0.268731268731269,FALSE,0.529210602597935,1000,1868,28,"differential_object_marking","by_session_language","session_4_Mini-Norwegian",4,"Mini-Norwegian",NA,FALSE,"exploratory"
998,0.537548717039451,0.500215682203941,0.537756367327732,0.026973026973027,16,0.268731268731269,FALSE,0.529210602597935,1000,1868,28,"differential_object_marking","by_session_language","session_4_Mini-Norwegian",4,"Mini-Norwegian",NA,FALSE,"exploratory"
1002,0.532562707257464,0.500252461409352,0.535685503993902,0.043956043956044,16,0.268731268731269,FALSE,0.529210602597935,1000,1868,28,"differential_object_marking","by_session_language","session_4_Mini-Norwegian",4,"Mini-Norwegian",NA,FALSE,"exploratory"
1006,0.535327162986275,0.500069569381131,0.534894354414628,0.025974025974026,16,0.268731268731269,FALSE,0.529210602597935,1000,1868,28,"differential_object_marking","by_session_language","session_4_Mini-Norwegian",4,"Mini-Norwegian",NA,FALSE,"exploratory"
1010,0.537430403498351,0.500144518161259,0.53498522440897,0.014985014985015,16,0.268731268731269,FALSE,0.529210602597935,1000,1868,28,"differential_object_marking","by_session_language","session_4_Mini-Norwegian",4,"Mini-Norwegian",NA,FALSE,"exploratory"
1014,0.531308685546968,0.500086366094359,0.534823369120023,0.042957042957043,16,0.268731268731269,FALSE,0.529210602597935,1000,1868,28,"differential_object_marking","by_session_language","session_4_Mini-Norwegian",4,"Mini-Norwegian",NA,FALSE,"exploratory"
1018,0.518535251792003,0.500200629338471,0.534953269403008,0.164835164835165,NA,NA,FALSE,0.529210602597935,1000,1868,28,"differential_object_marking","by_session_language","session_4_Mini-Norwegian",4,"Mini-Norwegian",NA,FALSE,"exploratory"
1022,0.503375954379344,0.500434699983988,0.535581718307092,0.433566433566434,NA,NA,FALSE,0.529210602597935,1000,1868,28,"differential_object_marking","by_session_language","session_4_Mini-Norwegian",4,"Mini-Norwegian",NA,FALSE,"exploratory"
1026,0.500572949834238,0.500574105172997,0.532795483577416,0.519480519480519,NA,NA,FALSE,0.529210602597935,1000,1868,28,"differential_object_marking","by_session_language","session_4_Mini-Norwegian",4,"Mini-Norwegian",NA,FALSE,"exploratory"
1030,0.509925875128242,0.500933879221872,0.533070447531739,0.31968031968032,NA,NA,FALSE,0.529210602597935,1000,1868,28,"differential_object_marking","by_session_language","session_4_Mini-Norwegian",4,"Mini-Norwegian",NA,FALSE,"exploratory"
1034,0.52091941843548,0.500859669703999,0.532194036488466,0.126873126873127,NA,NA,FALSE,0.529210602597935,1000,1868,28,"differential_object_marking","by_session_language","session_4_Mini-Norwegian",4,"Mini-Norwegian",NA,FALSE,"exploratory"
1038,0.531367992474208,0.50087622902447,0.53407341190363,0.038961038961039,17,0.946053946053946,FALSE,0.529210602597935,1000,1868,28,"differential_object_marking","by_session_language","session_4_Mini-Norwegian",4,"Mini-Norwegian",NA,FALSE,"exploratory"
1042,0.518823507044545,0.500616022779,0.535902675433546,0.152847152847153,NA,NA,FALSE,0.529210602597935,1000,1868,28,"differential_object_marking","by_session_language","session_4_Mini-Norwegian",4,"Mini-Norwegian",NA,FALSE,"exploratory"
1046,0.527134062420399,0.500960201312401,0.535331094245365,0.0709290709290709,NA,NA,FALSE,0.529210602597935,1000,1868,28,"differential_object_marking","by_session_language","session_4_Mini-Norwegian",4,"Mini-Norwegian",NA,FALSE,"exploratory"
1050,0.533511316790771,0.500944030145213,0.53591166942419,0.040959040959041,18,0.903096903096903,FALSE,0.529210602597935,1000,1868,28,"differential_object_marking","by_session_language","session_4_Mini-Norwegian",4,"Mini-Norwegian",NA,FALSE,"exploratory"
1054,0.527281615634905,0.500699752929539,0.534317861328295,0.0649350649350649,NA,NA,FALSE,0.529210602597935,1000,1868,28,"differential_object_marking","by_session_language","session_4_Mini-Norwegian",4,"Mini-Norwegian",NA,FALSE,"exploratory"
1058,0.522488355473767,0.500639911857261,0.533246896500663,0.125874125874126,NA,NA,FALSE,0.529210602597935,1000,1868,28,"differential_object_marking","by_session_language","session_4_Mini-Norwegian",4,"Mini-Norwegian",NA,FALSE,"exploratory"
1062,0.512018139594394,0.500308329946128,0.534501543385823,0.271728271728272,NA,NA,FALSE,0.529210602597935,1000,1868,28,"differential_object_marking","by_session_language","session_4_Mini-Norwegian",4,"Mini-Norwegian",NA,FALSE,"exploratory"
1066,0.503042217884532,0.500668903081959,0.532991212367587,0.485514485514486,NA,NA,FALSE,0.529210602597935,1000,1868,28,"differential_object_marking","by_session_language","session_4_Mini-Norwegian",4,"Mini-Norwegian",NA,FALSE,"exploratory"
1070,0.50844682853774,0.50088003601509,0.533166187802624,0.371628371628372,NA,NA,FALSE,0.529210602597935,1000,1868,28,"differential_object_marking","by_session_language","session_4_Mini-Norwegian",4,"Mini-Norwegian",NA,FALSE,"exploratory"
1074,0.521173983868104,0.501474130123537,0.534745007849241,0.157842157842158,NA,NA,FALSE,0.529210602597935,1000,1868,28,"differential_object_marking","by_session_language","session_4_Mini-Norwegian",4,"Mini-Norwegian",NA,FALSE,"exploratory"
1078,0.530774327700099,0.501621838483006,0.534929356620295,0.047952047952048,19,0.737262737262737,FALSE,0.529210602597935,1000,1868,28,"differential_object_marking","by_session_language","session_4_Mini-Norwegian",4,"Mini-Norwegian",NA,FALSE,"exploratory"
1082,0.537611312858201,0.5015782350647,0.534838846543453,0.018981018981019,19,0.737262737262737,FALSE,0.529210602597935,1000,1868,28,"differential_object_marking","by_session_language","session_4_Mini-Norwegian",4,"Mini-Norwegian",NA,FALSE,"exploratory"
1086,0.531535961174163,0.501343330611366,0.536001671858811,0.051948051948052,19,0.737262737262737,FALSE,0.529210602597935,1000,1868,28,"differential_object_marking","by_session_language","session_4_Mini-Norwegian",4,"Mini-Norwegian",NA,FALSE,"exploratory"
1090,0.52108930216385,0.501231389711057,0.534478521715217,0.147852147852148,NA,NA,FALSE,0.529210602597935,1000,1868,28,"differential_object_marking","by_session_language","session_4_Mini-Norwegian",4,"Mini-Norwegian",NA,FALSE,"exploratory"
1094,0.519879061141514,0.500520253413138,0.535923020021327,0.148851148851149,NA,NA,FALSE,0.529210602597935,1000,1868,28,"differential_object_marking","by_session_language","session_4_Mini-Norwegian",4,"Mini-Norwegian",NA,FALSE,"exploratory"
1098,0.515501701054894,0.500128085539088,0.534111160206879,0.208791208791209,NA,NA,FALSE,0.529210602597935,1000,1868,28,"differential_object_marking","by_session_language","session_4_Mini-Norwegian",4,"Mini-Norwegian",NA,FALSE,"exploratory"
-98,0.542326234043356,0.499659766466857,0.546398969297569,0.037962037962038,1,0.927072927072927,FALSE,0.538561602884888,1000,1136,18,"differential_object_marking","by_session_language","session_6_Mini-English",6,"Mini-English",NA,FALSE,"exploratory"
-94,0.535319273052112,0.500481766252941,0.548458004905207,0.0779220779220779,NA,NA,FALSE,0.538561602884888,1000,1136,18,"differential_object_marking","by_session_language","session_6_Mini-English",6,"Mini-English",NA,FALSE,"exploratory"
-90,0.530693716138329,0.500927817808489,0.547425250579913,0.0979020979020979,NA,NA,FALSE,0.538561602884888,1000,1136,18,"differential_object_marking","by_session_language","session_6_Mini-English",6,"Mini-English",NA,FALSE,"exploratory"
-86,0.527716755760661,0.50185175012212,0.54561972246108,0.132867132867133,NA,NA,FALSE,0.538561602884888,1000,1136,18,"differential_object_marking","by_session_language","session_6_Mini-English",6,"Mini-English",NA,FALSE,"exploratory"
-82,0.531703622729079,0.501339101347261,0.545302855407123,0.104895104895105,NA,NA,FALSE,0.538561602884888,1000,1136,18,"differential_object_marking","by_session_language","session_6_Mini-English",6,"Mini-English",NA,FALSE,"exploratory"
-78,0.543194805620494,0.500484701367044,0.546682181841083,0.035964035964036,2,0.586413586413586,FALSE,0.538561602884888,1000,1136,18,"differential_object_marking","by_session_language","session_6_Mini-English",6,"Mini-English",NA,FALSE,"exploratory"
-74,0.560212137020287,0.500160610906588,0.546540759059682,0.004995004995005,2,0.586413586413586,FALSE,0.538561602884888,1000,1136,18,"differential_object_marking","by_session_language","session_6_Mini-English",6,"Mini-English",NA,FALSE,"exploratory"
-70,0.543509041262083,0.500292302495582,0.547963180136963,0.031968031968032,2,0.586413586413586,FALSE,0.538561602884888,1000,1136,18,"differential_object_marking","by_session_language","session_6_Mini-English",6,"Mini-English",NA,FALSE,"exploratory"
-66,0.514844495318852,0.500467866871211,0.543834592879365,0.273726273726274,NA,NA,FALSE,0.538561602884888,1000,1136,18,"differential_object_marking","by_session_language","session_6_Mini-English",6,"Mini-English",NA,FALSE,"exploratory"
-62,0.5291488861403,0.500541376806084,0.544871685891021,0.110889110889111,NA,NA,FALSE,0.538561602884888,1000,1136,18,"differential_object_marking","by_session_language","session_6_Mini-English",6,"Mini-English",NA,FALSE,"exploratory"
-58,0.499870548771666,0.500987261484344,0.54455030424363,0.533466533466533,NA,NA,FALSE,0.538561602884888,1000,1136,18,"differential_object_marking","by_session_language","session_6_Mini-English",6,"Mini-English",NA,FALSE,"exploratory"
-54,0.482422474397544,0.501082081231836,0.543535332054893,0.785214785214785,NA,NA,FALSE,0.538561602884888,1000,1136,18,"differential_object_marking","by_session_language","session_6_Mini-English",6,"Mini-English",NA,FALSE,"exploratory"
-50,0.498531378609073,0.50041027489636,0.54605081956584,0.53946053946054,NA,NA,FALSE,0.538561602884888,1000,1136,18,"differential_object_marking","by_session_language","session_6_Mini-English",6,"Mini-English",NA,FALSE,"exploratory"
-46,0.527895975150434,0.49985203905538,0.545522660593438,0.120879120879121,NA,NA,FALSE,0.538561602884888,1000,1136,18,"differential_object_marking","by_session_language","session_6_Mini-English",6,"Mini-English",NA,FALSE,"exploratory"
-42,0.540822948939387,0.500406741134289,0.545053305197464,0.042957042957043,3,0.795204795204795,FALSE,0.538561602884888,1000,1136,18,"differential_object_marking","by_session_language","session_6_Mini-English",6,"Mini-English",NA,FALSE,"exploratory"
-38,0.551545569396493,0.501256598383378,0.546680185831961,0.011988011988012,3,0.795204795204795,FALSE,0.538561602884888,1000,1136,18,"differential_object_marking","by_session_language","session_6_Mini-English",6,"Mini-English",NA,FALSE,"exploratory"
-34,0.518559973077762,0.500194679407059,0.545923342911007,0.228771228771229,NA,NA,FALSE,0.538561602884888,1000,1136,18,"differential_object_marking","by_session_language","session_6_Mini-English",6,"Mini-English",NA,FALSE,"exploratory"
-30,0.504900222328747,0.5003696750168,0.542705163586195,0.440559440559441,NA,NA,FALSE,0.538561602884888,1000,1136,18,"differential_object_marking","by_session_language","session_6_Mini-English",6,"Mini-English",NA,FALSE,"exploratory"
-26,0.517981598413927,0.500725987481388,0.546755699848116,0.241758241758242,NA,NA,FALSE,0.538561602884888,1000,1136,18,"differential_object_marking","by_session_language","session_6_Mini-English",6,"Mini-English",NA,FALSE,"exploratory"
-22,0.510225365114219,0.501003700962923,0.544887182764248,0.34965034965035,NA,NA,FALSE,0.538561602884888,1000,1136,18,"differential_object_marking","by_session_language","session_6_Mini-English",6,"Mini-English",NA,FALSE,"exploratory"
-18,0.517195445026209,0.50044142188065,0.543913123389613,0.255744255744256,NA,NA,FALSE,0.538561602884888,1000,1136,18,"differential_object_marking","by_session_language","session_6_Mini-English",6,"Mini-English",NA,FALSE,"exploratory"
-14,0.501654575779072,0.50044288536788,0.544316389044026,0.509490509490509,NA,NA,FALSE,0.538561602884888,1000,1136,18,"differential_object_marking","by_session_language","session_6_Mini-English",6,"Mini-English",NA,FALSE,"exploratory"
-10,0.511641546501604,0.500721846941316,0.544197284976593,0.347652347652348,NA,NA,FALSE,0.538561602884888,1000,1136,18,"differential_object_marking","by_session_language","session_6_Mini-English",6,"Mini-English",NA,FALSE,"exploratory"
-6,0.517890638389936,0.500095246333319,0.547476935481937,0.241758241758242,NA,NA,FALSE,0.538561602884888,1000,1136,18,"differential_object_marking","by_session_language","session_6_Mini-English",6,"Mini-English",NA,FALSE,"exploratory"
-2,0.537653714614737,0.500557989493518,0.546674839056434,0.050949050949051,NA,NA,FALSE,0.538561602884888,1000,1136,18,"differential_object_marking","by_session_language","session_6_Mini-English",6,"Mini-English",NA,FALSE,"exploratory"
2,0.551625675636256,0.500302118067141,0.544096893531572,0.00999000999000999,4,0.231768231768232,FALSE,0.538561602884888,1000,1136,18,"differential_object_marking","by_session_language","session_6_Mini-English",6,"Mini-English",NA,FALSE,"exploratory"
6,0.561379144553257,0.499309294865097,0.546138622871447,0.004995004995005,4,0.231768231768232,FALSE,0.538561602884888,1000,1136,18,"differential_object_marking","by_session_language","session_6_Mini-English",6,"Mini-English",NA,FALSE,"exploratory"
10,0.550402337491895,0.498690795429521,0.546095306340869,0.015984015984016,4,0.231768231768232,FALSE,0.538561602884888,1000,1136,18,"differential_object_marking","by_session_language","session_6_Mini-English",6,"Mini-English",NA,FALSE,"exploratory"
14,0.543386169713355,0.498117217587459,0.545473742877001,0.02997002997003,4,0.231768231768232,FALSE,0.538561602884888,1000,1136,18,"differential_object_marking","by_session_language","session_6_Mini-English",6,"Mini-English",NA,FALSE,"exploratory"
18,0.55272905180459,0.497861352720592,0.543162401742286,0.00999000999000999,4,0.231768231768232,FALSE,0.538561602884888,1000,1136,18,"differential_object_marking","by_session_language","session_6_Mini-English",6,"Mini-English",NA,FALSE,"exploratory"
22,0.543687705942816,0.498308739211339,0.544837891931652,0.030969030969031,4,0.231768231768232,FALSE,0.538561602884888,1000,1136,18,"differential_object_marking","by_session_language","session_6_Mini-English",6,"Mini-English",NA,FALSE,"exploratory"
26,0.528236930200912,0.498948342083212,0.544720696992184,0.102897102897103,NA,NA,FALSE,0.538561602884888,1000,1136,18,"differential_object_marking","by_session_language","session_6_Mini-English",6,"Mini-English",NA,FALSE,"exploratory"
30,0.523786446658973,0.49953030335843,0.54231040446462,0.165834165834166,NA,NA,FALSE,0.538561602884888,1000,1136,18,"differential_object_marking","by_session_language","session_6_Mini-English",6,"Mini-English",NA,FALSE,"exploratory"
34,0.531080230590959,0.499209521759788,0.541216068241426,0.0839160839160839,NA,NA,FALSE,0.538561602884888,1000,1136,18,"differential_object_marking","by_session_language","session_6_Mini-English",6,"Mini-English",NA,FALSE,"exploratory"
38,0.533412235007119,0.498950289330348,0.542675440648138,0.0629370629370629,NA,NA,FALSE,0.538561602884888,1000,1136,18,"differential_object_marking","by_session_language","session_6_Mini-English",6,"Mini-English",NA,FALSE,"exploratory"
42,0.524107742740258,0.499420241790587,0.545853872697576,0.15984015984016,NA,NA,FALSE,0.538561602884888,1000,1136,18,"differential_object_marking","by_session_language","session_6_Mini-English",6,"Mini-English",NA,FALSE,"exploratory"
46,0.505317179185718,0.499639776903881,0.543827182922176,0.433566433566434,NA,NA,FALSE,0.538561602884888,1000,1136,18,"differential_object_marking","by_session_language","session_6_Mini-English",6,"Mini-English",NA,FALSE,"exploratory"
50,0.524807357865546,0.499742104464411,0.542222149492833,0.147852147852148,NA,NA,FALSE,0.538561602884888,1000,1136,18,"differential_object_marking","by_session_language","session_6_Mini-English",6,"Mini-English",NA,FALSE,"exploratory"
54,0.541290322653286,0.499502806899321,0.543864143343504,0.035964035964036,5,0.888111888111888,FALSE,0.538561602884888,1000,1136,18,"differential_object_marking","by_session_language","session_6_Mini-English",6,"Mini-English",NA,FALSE,"exploratory"
58,0.541451226712327,0.499319842546412,0.5452979138062,0.037962037962038,5,0.888111888111888,FALSE,0.538561602884888,1000,1136,18,"differential_object_marking","by_session_language","session_6_Mini-English",6,"Mini-English",NA,FALSE,"exploratory"
62,0.53988947916577,0.499643664164107,0.546783632459427,0.0529470529470529,5,0.888111888111888,FALSE,0.538561602884888,1000,1136,18,"differential_object_marking","by_session_language","session_6_Mini-English",6,"Mini-English",NA,FALSE,"exploratory"
66,0.532493959370659,0.499805347064204,0.545636543472064,0.0939060939060939,NA,NA,FALSE,0.538561602884888,1000,1136,18,"differential_object_marking","by_session_language","session_6_Mini-English",6,"Mini-English",NA,FALSE,"exploratory"
70,0.529556912140898,0.49980300438549,0.544980075898813,0.104895104895105,NA,NA,FALSE,0.538561602884888,1000,1136,18,"differential_object_marking","by_session_language","session_6_Mini-English",6,"Mini-English",NA,FALSE,"exploratory"
74,0.509630130092954,0.499228236286976,0.547635064557821,0.33966033966034,NA,NA,FALSE,0.538561602884888,1000,1136,18,"differential_object_marking","by_session_language","session_6_Mini-English",6,"Mini-English",NA,FALSE,"exploratory"
78,0.493718321920711,0.498953378702386,0.547440572961082,0.586413586413586,NA,NA,FALSE,0.538561602884888,1000,1136,18,"differential_object_marking","by_session_language","session_6_Mini-English",6,"Mini-English",NA,FALSE,"exploratory"
82,0.485225456534133,0.4984380773229,0.542067876712205,0.714285714285714,NA,NA,FALSE,0.538561602884888,1000,1136,18,"differential_object_marking","by_session_language","session_6_Mini-English",6,"Mini-English",NA,FALSE,"exploratory"
86,0.494787365721118,0.498838734622906,0.542225811415402,0.589410589410589,NA,NA,FALSE,0.538561602884888,1000,1136,18,"differential_object_marking","by_session_language","session_6_Mini-English",6,"Mini-English",NA,FALSE,"exploratory"
90,0.496261677886216,0.498578303754483,0.544202316125446,0.559440559440559,NA,NA,FALSE,0.538561602884888,1000,1136,18,"differential_object_marking","by_session_language","session_6_Mini-English",6,"Mini-English",NA,FALSE,"exploratory"
94,0.495588914617104,0.499143937152208,0.54615743420794,0.567432567432567,NA,NA,FALSE,0.538561602884888,1000,1136,18,"differential_object_marking","by_session_language","session_6_Mini-English",6,"Mini-English",NA,FALSE,"exploratory"
98,0.504236433070923,0.499301839637411,0.547303720979784,0.426573426573427,NA,NA,FALSE,0.538561602884888,1000,1136,18,"differential_object_marking","by_session_language","session_6_Mini-English",6,"Mini-English",NA,FALSE,"exploratory"
102,0.49891894331632,0.499423628795373,0.547696766203311,0.502497502497502,NA,NA,FALSE,0.538561602884888,1000,1136,18,"differential_object_marking","by_session_language","session_6_Mini-English",6,"Mini-English",NA,FALSE,"exploratory"
106,0.497511504030141,0.499222211345279,0.545538429842755,0.531468531468531,NA,NA,FALSE,0.538561602884888,1000,1136,18,"differential_object_marking","by_session_language","session_6_Mini-English",6,"Mini-English",NA,FALSE,"exploratory"
110,0.496757914477835,0.499058715961654,0.544848584791406,0.535464535464535,NA,NA,FALSE,0.538561602884888,1000,1136,18,"differential_object_marking","by_session_language","session_6_Mini-English",6,"Mini-English",NA,FALSE,"exploratory"
114,0.480122995821986,0.498827418621106,0.54426817130729,0.789210789210789,NA,NA,FALSE,0.538561602884888,1000,1136,18,"differential_object_marking","by_session_language","session_6_Mini-English",6,"Mini-English",NA,FALSE,"exploratory"
118,0.497286603925677,0.498893689892186,0.544450214337628,0.532467532467532,NA,NA,FALSE,0.538561602884888,1000,1136,18,"differential_object_marking","by_session_language","session_6_Mini-English",6,"Mini-English",NA,FALSE,"exploratory"
122,0.502689879589096,0.499661773819645,0.542700347187693,0.455544455544456,NA,NA,FALSE,0.538561602884888,1000,1136,18,"differential_object_marking","by_session_language","session_6_Mini-English",6,"Mini-English",NA,FALSE,"exploratory"
126,0.505155595877163,0.49970867334676,0.544332296311706,0.423576423576424,NA,NA,FALSE,0.538561602884888,1000,1136,18,"differential_object_marking","by_session_language","session_6_Mini-English",6,"Mini-English",NA,FALSE,"exploratory"
130,0.488964881081291,0.499504743438131,0.544904961331148,0.663336663336663,NA,NA,FALSE,0.538561602884888,1000,1136,18,"differential_object_marking","by_session_language","session_6_Mini-English",6,"Mini-English",NA,FALSE,"exploratory"
134,0.479506138005656,0.499036042693812,0.546086208964558,0.809190809190809,NA,NA,FALSE,0.538561602884888,1000,1136,18,"differential_object_marking","by_session_language","session_6_Mini-English",6,"Mini-English",NA,FALSE,"exploratory"
138,0.485843167765141,0.499757605369601,0.545337748945412,0.733266733266733,NA,NA,FALSE,0.538561602884888,1000,1136,18,"differential_object_marking","by_session_language","session_6_Mini-English",6,"Mini-English",NA,FALSE,"exploratory"
142,0.494983162408978,0.500186903522127,0.545655905823873,0.592407592407592,NA,NA,FALSE,0.538561602884888,1000,1136,18,"differential_object_marking","by_session_language","session_6_Mini-English",6,"Mini-English",NA,FALSE,"exploratory"
146,0.500955482144226,0.500197670142473,0.545325156766364,0.503496503496504,NA,NA,FALSE,0.538561602884888,1000,1136,18,"differential_object_marking","by_session_language","session_6_Mini-English",6,"Mini-English",NA,FALSE,"exploratory"
150,0.522665620752533,0.499983143564199,0.545812678004573,0.170829170829171,NA,NA,FALSE,0.538561602884888,1000,1136,18,"differential_object_marking","by_session_language","session_6_Mini-English",6,"Mini-English",NA,FALSE,"exploratory"
154,0.51261544338246,0.499322016545671,0.547595984129033,0.282717282717283,NA,NA,FALSE,0.538561602884888,1000,1136,18,"differential_object_marking","by_session_language","session_6_Mini-English",6,"Mini-English",NA,FALSE,"exploratory"
158,0.518986573649185,0.499781459037594,0.544379396714649,0.1998001998002,NA,NA,FALSE,0.538561602884888,1000,1136,18,"differential_object_marking","by_session_language","session_6_Mini-English",6,"Mini-English",NA,FALSE,"exploratory"
162,0.513645257634503,0.500172511074826,0.544256405554869,0.282717282717283,NA,NA,FALSE,0.538561602884888,1000,1136,18,"differential_object_marking","by_session_language","session_6_Mini-English",6,"Mini-English",NA,FALSE,"exploratory"
166,0.49684963631829,0.500057198757858,0.548934591097507,0.566433566433566,NA,NA,FALSE,0.538561602884888,1000,1136,18,"differential_object_marking","by_session_language","session_6_Mini-English",6,"Mini-English",NA,FALSE,"exploratory"
170,0.463998945911101,0.499319792348866,0.54928692309475,0.916083916083916,NA,NA,FALSE,0.538561602884888,1000,1136,18,"differential_object_marking","by_session_language","session_6_Mini-English",6,"Mini-English",NA,FALSE,"exploratory"
174,0.461932893783262,0.499008064002699,0.545659012624864,0.937062937062937,NA,NA,FALSE,0.538561602884888,1000,1136,18,"differential_object_marking","by_session_language","session_6_Mini-English",6,"Mini-English",NA,FALSE,"exploratory"
178,0.485682839313747,0.499792520651916,0.54348154488015,0.718281718281718,NA,NA,FALSE,0.538561602884888,1000,1136,18,"differential_object_marking","by_session_language","session_6_Mini-English",6,"Mini-English",NA,FALSE,"exploratory"
182,0.473682559805806,0.500415809348507,0.542881850715109,0.864135864135864,NA,NA,FALSE,0.538561602884888,1000,1136,18,"differential_object_marking","by_session_language","session_6_Mini-English",6,"Mini-English",NA,FALSE,"exploratory"
186,0.487823443408432,0.500914171921473,0.543056950476977,0.727272727272727,NA,NA,FALSE,0.538561602884888,1000,1136,18,"differential_object_marking","by_session_language","session_6_Mini-English",6,"Mini-English",NA,FALSE,"exploratory"
190,0.515810787988497,0.501023315175687,0.543711148406128,0.266733266733267,NA,NA,FALSE,0.538561602884888,1000,1136,18,"differential_object_marking","by_session_language","session_6_Mini-English",6,"Mini-English",NA,FALSE,"exploratory"
194,0.517260832216104,0.500816307941014,0.543819374533895,0.240759240759241,NA,NA,FALSE,0.538561602884888,1000,1136,18,"differential_object_marking","by_session_language","session_6_Mini-English",6,"Mini-English",NA,FALSE,"exploratory"
198,0.52120520305407,0.500913582013832,0.545439944014888,0.197802197802198,NA,NA,FALSE,0.538561602884888,1000,1136,18,"differential_object_marking","by_session_language","session_6_Mini-English",6,"Mini-English",NA,FALSE,"exploratory"
202,0.532140966969245,0.501036960091866,0.547442773338001,0.0999000999000999,NA,NA,FALSE,0.538561602884888,1000,1136,18,"differential_object_marking","by_session_language","session_6_Mini-English",6,"Mini-English",NA,FALSE,"exploratory"
206,0.529904343499084,0.50137631946414,0.548246798062203,0.118881118881119,NA,NA,FALSE,0.538561602884888,1000,1136,18,"differential_object_marking","by_session_language","session_6_Mini-English",6,"Mini-English",NA,FALSE,"exploratory"
210,0.534513020182064,0.500861335088179,0.546345818041791,0.0699300699300699,NA,NA,FALSE,0.538561602884888,1000,1136,18,"differential_object_marking","by_session_language","session_6_Mini-English",6,"Mini-English",NA,FALSE,"exploratory"
214,0.554639730887932,0.50003837413024,0.54729353656714,0.014985014985015,6,0.000999000999000999,TRUE,0.538561602884888,1000,1136,18,"differential_object_marking","by_session_language","session_6_Mini-English",6,"Mini-English",NA,FALSE,"exploratory"
218,0.571412699526068,0.499538512794808,0.550240075376052,0.001998001998002,6,0.000999000999000999,TRUE,0.538561602884888,1000,1136,18,"differential_object_marking","by_session_language","session_6_Mini-English",6,"Mini-English",NA,FALSE,"exploratory"
222,0.567625262361942,0.500046341386015,0.54897516321947,0.001998001998002,6,0.000999000999000999,TRUE,0.538561602884888,1000,1136,18,"differential_object_marking","by_session_language","session_6_Mini-English",6,"Mini-English",NA,FALSE,"exploratory"
226,0.569789342656865,0.500215838439065,0.545639630162029,0.001998001998002,6,0.000999000999000999,TRUE,0.538561602884888,1000,1136,18,"differential_object_marking","by_session_language","session_6_Mini-English",6,"Mini-English",NA,FALSE,"exploratory"
230,0.578995905502149,0.500455552034042,0.546443904875251,0.000999000999000999,6,0.000999000999000999,TRUE,0.538561602884888,1000,1136,18,"differential_object_marking","by_session_language","session_6_Mini-English",6,"Mini-English",NA,FALSE,"exploratory"
234,0.580374319108937,0.500676133814349,0.544831190652643,0.000999000999000999,6,0.000999000999000999,TRUE,0.538561602884888,1000,1136,18,"differential_object_marking","by_session_language","session_6_Mini-English",6,"Mini-English",NA,FALSE,"exploratory"
238,0.603951570563311,0.500319937436254,0.545566608483727,0.000999000999000999,6,0.000999000999000999,TRUE,0.538561602884888,1000,1136,18,"differential_object_marking","by_session_language","session_6_Mini-English",6,"Mini-English",NA,FALSE,"exploratory"
242,0.612431364118445,0.499494081717865,0.545673914182737,0.000999000999000999,6,0.000999000999000999,TRUE,0.538561602884888,1000,1136,18,"differential_object_marking","by_session_language","session_6_Mini-English",6,"Mini-English",NA,FALSE,"exploratory"
246,0.6204788709092,0.498857860452298,0.542609914642169,0.000999000999000999,6,0.000999000999000999,TRUE,0.538561602884888,1000,1136,18,"differential_object_marking","by_session_language","session_6_Mini-English",6,"Mini-English",NA,FALSE,"exploratory"
250,0.62698154445076,0.498918672795129,0.542395318383937,0.000999000999000999,6,0.000999000999000999,TRUE,0.538561602884888,1000,1136,18,"differential_object_marking","by_session_language","session_6_Mini-English",6,"Mini-English",NA,FALSE,"exploratory"
254,0.607492010049122,0.499007186007226,0.545594518788794,0.000999000999000999,6,0.000999000999000999,TRUE,0.538561602884888,1000,1136,18,"differential_object_marking","by_session_language","session_6_Mini-English",6,"Mini-English",NA,FALSE,"exploratory"
258,0.580016945912756,0.499536121243864,0.545176395200684,0.000999000999000999,6,0.000999000999000999,TRUE,0.538561602884888,1000,1136,18,"differential_object_marking","by_session_language","session_6_Mini-English",6,"Mini-English",NA,FALSE,"exploratory"
262,0.588229360236214,0.500506722696115,0.545466471001013,0.000999000999000999,6,0.000999000999000999,TRUE,0.538561602884888,1000,1136,18,"differential_object_marking","by_session_language","session_6_Mini-English",6,"Mini-English",NA,FALSE,"exploratory"
266,0.591796248464575,0.500828995005626,0.54434939223129,0.000999000999000999,6,0.000999000999000999,TRUE,0.538561602884888,1000,1136,18,"differential_object_marking","by_session_language","session_6_Mini-English",6,"Mini-English",NA,FALSE,"exploratory"
270,0.601767102404864,0.501002367672237,0.547741370485233,0.000999000999000999,6,0.000999000999000999,TRUE,0.538561602884888,1000,1136,18,"differential_object_marking","by_session_language","session_6_Mini-English",6,"Mini-English",NA,FALSE,"exploratory"
274,0.588404309077216,0.500651931748588,0.547106363373049,0.000999000999000999,6,0.000999000999000999,TRUE,0.538561602884888,1000,1136,18,"differential_object_marking","by_session_language","session_6_Mini-English",6,"Mini-English",NA,FALSE,"exploratory"
278,0.570358716490411,0.500353712448385,0.550031775093557,0.003996003996004,6,0.000999000999000999,TRUE,0.538561602884888,1000,1136,18,"differential_object_marking","by_session_language","session_6_Mini-English",6,"Mini-English",NA,FALSE,"exploratory"
282,0.575018495019747,0.499987266152279,0.547399677919904,0.000999000999000999,6,0.000999000999000999,TRUE,0.538561602884888,1000,1136,18,"differential_object_marking","by_session_language","session_6_Mini-English",6,"Mini-English",NA,FALSE,"exploratory"
286,0.579142583199749,0.499725040929283,0.546569906501111,0.000999000999000999,6,0.000999000999000999,TRUE,0.538561602884888,1000,1136,18,"differential_object_marking","by_session_language","session_6_Mini-English",6,"Mini-English",NA,FALSE,"exploratory"
290,0.575067140132892,0.499599213352879,0.545787327721492,0.000999000999000999,6,0.000999000999000999,TRUE,0.538561602884888,1000,1136,18,"differential_object_marking","by_session_language","session_6_Mini-English",6,"Mini-English",NA,FALSE,"exploratory"
294,0.569875013982642,0.499395657038011,0.545322264719361,0.001998001998002,6,0.000999000999000999,TRUE,0.538561602884888,1000,1136,18,"differential_object_marking","by_session_language","session_6_Mini-English",6,"Mini-English",NA,FALSE,"exploratory"
298,0.564735195061777,0.499326956485247,0.544246172612906,0.001998001998002,6,0.000999000999000999,TRUE,0.538561602884888,1000,1136,18,"differential_object_marking","by_session_language","session_6_Mini-English",6,"Mini-English",NA,FALSE,"exploratory"
302,0.566437153760166,0.499267918512602,0.542590736939407,0.001998001998002,6,0.000999000999000999,TRUE,0.538561602884888,1000,1136,18,"differential_object_marking","by_session_language","session_6_Mini-English",6,"Mini-English",NA,FALSE,"exploratory"
306,0.570947224412748,0.498976096016132,0.541997992262399,0.001998001998002,6,0.000999000999000999,TRUE,0.538561602884888,1000,1136,18,"differential_object_marking","by_session_language","session_6_Mini-English",6,"Mini-English",NA,FALSE,"exploratory"
310,0.558529448472511,0.499506791118247,0.544448640895808,0.00599400599400599,6,0.000999000999000999,TRUE,0.538561602884888,1000,1136,18,"differential_object_marking","by_session_language","session_6_Mini-English",6,"Mini-English",NA,FALSE,"exploratory"
314,0.551363592245419,0.499578346636648,0.546855717121389,0.014985014985015,6,0.000999000999000999,TRUE,0.538561602884888,1000,1136,18,"differential_object_marking","by_session_language","session_6_Mini-English",6,"Mini-English",NA,FALSE,"exploratory"
318,0.536978798611561,0.500169737466971,0.547127916026692,0.0569430569430569,NA,NA,FALSE,0.538561602884888,1000,1136,18,"differential_object_marking","by_session_language","session_6_Mini-English",6,"Mini-English",NA,FALSE,"exploratory"
322,0.547593009815128,0.500308812284699,0.550001389407614,0.027972027972028,7,0.526473526473527,FALSE,0.538561602884888,1000,1136,18,"differential_object_marking","by_session_language","session_6_Mini-English",6,"Mini-English",NA,FALSE,"exploratory"
326,0.551470723643495,0.500325065864894,0.547647170786816,0.014985014985015,7,0.526473526473527,FALSE,0.538561602884888,1000,1136,18,"differential_object_marking","by_session_language","session_6_Mini-English",6,"Mini-English",NA,FALSE,"exploratory"
330,0.549250565354646,0.499630581857978,0.545078535550938,0.013986013986014,7,0.526473526473527,FALSE,0.538561602884888,1000,1136,18,"differential_object_marking","by_session_language","session_6_Mini-English",6,"Mini-English",NA,FALSE,"exploratory"
334,0.542367472581313,0.499091484485355,0.547903305958587,0.041958041958042,7,0.526473526473527,FALSE,0.538561602884888,1000,1136,18,"differential_object_marking","by_session_language","session_6_Mini-English",6,"Mini-English",NA,FALSE,"exploratory"
338,0.532128869962338,0.4989028626602,0.546013322461492,0.0829170829170829,NA,NA,FALSE,0.538561602884888,1000,1136,18,"differential_object_marking","by_session_language","session_6_Mini-English",6,"Mini-English",NA,FALSE,"exploratory"
342,0.540169881625061,0.498823021046305,0.543898294151228,0.041958041958042,8,0.946053946053946,FALSE,0.538561602884888,1000,1136,18,"differential_object_marking","by_session_language","session_6_Mini-English",6,"Mini-English",NA,FALSE,"exploratory"
346,0.536485978841239,0.498746200653709,0.541630462125567,0.045954045954046,NA,NA,FALSE,0.538561602884888,1000,1136,18,"differential_object_marking","by_session_language","session_6_Mini-English",6,"Mini-English",NA,FALSE,"exploratory"
350,0.530532707883622,0.499770036193508,0.543305442922675,0.0969030969030969,NA,NA,FALSE,0.538561602884888,1000,1136,18,"differential_object_marking","by_session_language","session_6_Mini-English",6,"Mini-English",NA,FALSE,"exploratory"
354,0.533655281346863,0.499664938957243,0.542619111398315,0.0679320679320679,NA,NA,FALSE,0.538561602884888,1000,1136,18,"differential_object_marking","by_session_language","session_6_Mini-English",6,"Mini-English",NA,FALSE,"exploratory"
358,0.517590869735335,0.499642044651836,0.544478784696456,0.218781218781219,NA,NA,FALSE,0.538561602884888,1000,1136,18,"differential_object_marking","by_session_language","session_6_Mini-English",6,"Mini-English",NA,FALSE,"exploratory"
362,0.522247549286054,0.499457750000908,0.542529296357316,0.162837162837163,NA,NA,FALSE,0.538561602884888,1000,1136,18,"differential_object_marking","by_session_language","session_6_Mini-English",6,"Mini-English",NA,FALSE,"exploratory"
366,0.539660833220675,0.499915900743288,0.544463577213877,0.041958041958042,9,0.138861138861139,FALSE,0.538561602884888,1000,1136,18,"differential_object_marking","by_session_language","session_6_Mini-English",6,"Mini-English",NA,FALSE,"exploratory"
370,0.545623635686027,0.49984459951916,0.544619346642773,0.023976023976024,9,0.138861138861139,FALSE,0.538561602884888,1000,1136,18,"differential_object_marking","by_session_language","session_6_Mini-English",6,"Mini-English",NA,FALSE,"exploratory"
374,0.540750814068317,0.499598617416535,0.54631330084037,0.045954045954046,9,0.138861138861139,FALSE,0.538561602884888,1000,1136,18,"differential_object_marking","by_session_language","session_6_Mini-English",6,"Mini-English",NA,FALSE,"exploratory"
378,0.55335780381447,0.499357644053743,0.546399178096907,0.00799200799200799,9,0.138861138861139,FALSE,0.538561602884888,1000,1136,18,"differential_object_marking","by_session_language","session_6_Mini-English",6,"Mini-English",NA,FALSE,"exploratory"
382,0.54136702206738,0.499737654533394,0.548624255376945,0.045954045954046,9,0.138861138861139,FALSE,0.538561602884888,1000,1136,18,"differential_object_marking","by_session_language","session_6_Mini-English",6,"Mini-English",NA,FALSE,"exploratory"
386,0.556109787675253,0.499949651379333,0.548745219613682,0.00899100899100899,9,0.138861138861139,FALSE,0.538561602884888,1000,1136,18,"differential_object_marking","by_session_language","session_6_Mini-English",6,"Mini-English",NA,FALSE,"exploratory"
390,0.56138916232475,0.500425687232905,0.546588370299338,0.004995004995005,9,0.138861138861139,FALSE,0.538561602884888,1000,1136,18,"differential_object_marking","by_session_language","session_6_Mini-English",6,"Mini-English",NA,FALSE,"exploratory"
394,0.558943509673916,0.500384071338815,0.545457892220762,0.004995004995005,9,0.138861138861139,FALSE,0.538561602884888,1000,1136,18,"differential_object_marking","by_session_language","session_6_Mini-English",6,"Mini-English",NA,FALSE,"exploratory"
398,0.548889481846778,0.500146252535753,0.54396959421044,0.016983016983017,9,0.138861138861139,FALSE,0.538561602884888,1000,1136,18,"differential_object_marking","by_session_language","session_6_Mini-English",6,"Mini-English",NA,FALSE,"exploratory"
402,0.537627628628446,0.499831355055632,0.544316748146665,0.0579420579420579,NA,NA,FALSE,0.538561602884888,1000,1136,18,"differential_object_marking","by_session_language","session_6_Mini-English",6,"Mini-English",NA,FALSE,"exploratory"
406,0.532701338664538,0.499956757824935,0.543876808328006,0.0849150849150849,NA,NA,FALSE,0.538561602884888,1000,1136,18,"differential_object_marking","by_session_language","session_6_Mini-English",6,"Mini-English",NA,FALSE,"exploratory"
410,0.528367818050298,0.500460621459436,0.545103191123681,0.117882117882118,NA,NA,FALSE,0.538561602884888,1000,1136,18,"differential_object_marking","by_session_language","session_6_Mini-English",6,"Mini-English",NA,FALSE,"exploratory"
414,0.532245177293823,0.500785736382083,0.544695773461131,0.0959040959040959,NA,NA,FALSE,0.538561602884888,1000,1136,18,"differential_object_marking","by_session_language","session_6_Mini-English",6,"Mini-English",NA,FALSE,"exploratory"
418,0.542934283019501,0.501059014006693,0.547273555556462,0.036963036963037,10,0.483516483516484,FALSE,0.538561602884888,1000,1136,18,"differential_object_marking","by_session_language","session_6_Mini-English",6,"Mini-English",NA,FALSE,"exploratory"
422,0.553890399959229,0.500586516536576,0.546817154492671,0.010989010989011,10,0.483516483516484,FALSE,0.538561602884888,1000,1136,18,"differential_object_marking","by_session_language","session_6_Mini-English",6,"Mini-English",NA,FALSE,"exploratory"
426,0.555530143858855,0.500377222778934,0.545068941312192,0.010989010989011,10,0.483516483516484,FALSE,0.538561602884888,1000,1136,18,"differential_object_marking","by_session_language","session_6_Mini-English",6,"Mini-English",NA,FALSE,"exploratory"
430,0.54350597609172,0.50012827224682,0.543123155947699,0.024975024975025,10,0.483516483516484,FALSE,0.538561602884888,1000,1136,18,"differential_object_marking","by_session_language","session_6_Mini-English",6,"Mini-English",NA,FALSE,"exploratory"
434,0.533515931655633,0.50026851287002,0.542374983623881,0.0689310689310689,NA,NA,FALSE,0.538561602884888,1000,1136,18,"differential_object_marking","by_session_language","session_6_Mini-English",6,"Mini-English",NA,FALSE,"exploratory"
438,0.523841952720351,0.499771552705301,0.544162790593066,0.156843156843157,NA,NA,FALSE,0.538561602884888,1000,1136,18,"differential_object_marking","by_session_language","session_6_Mini-English",6,"Mini-English",NA,FALSE,"exploratory"
442,0.526921763392399,0.500265165157951,0.543784506552699,0.138861138861139,NA,NA,FALSE,0.538561602884888,1000,1136,18,"differential_object_marking","by_session_language","session_6_Mini-English",6,"Mini-English",NA,FALSE,"exploratory"
446,0.537534224955826,0.499880930872765,0.544606826810487,0.0549450549450549,NA,NA,FALSE,0.538561602884888,1000,1136,18,"differential_object_marking","by_session_language","session_6_Mini-English",6,"Mini-English",NA,FALSE,"exploratory"
450,0.533760397622749,0.500443454139199,0.546075320025695,0.0849150849150849,NA,NA,FALSE,0.538561602884888,1000,1136,18,"differential_object_marking","by_session_language","session_6_Mini-English",6,"Mini-English",NA,FALSE,"exploratory"
454,0.536458695083842,0.500808467676618,0.547508480445396,0.0719280719280719,NA,NA,FALSE,0.538561602884888,1000,1136,18,"differential_object_marking","by_session_language","session_6_Mini-English",6,"Mini-English",NA,FALSE,"exploratory"
458,0.549384944727303,0.500807272519362,0.545136497766969,0.016983016983017,11,0.403596403596404,FALSE,0.538561602884888,1000,1136,18,"differential_object_marking","by_session_language","session_6_Mini-English",6,"Mini-English",NA,FALSE,"exploratory"
462,0.556036838361005,0.499807005950152,0.547092859548091,0.00599400599400599,11,0.403596403596404,FALSE,0.538561602884888,1000,1136,18,"differential_object_marking","by_session_language","session_6_Mini-English",6,"Mini-English",NA,FALSE,"exploratory"
466,0.551934119011643,0.498801208261859,0.545671379007241,0.010989010989011,11,0.403596403596404,FALSE,0.538561602884888,1000,1136,18,"differential_object_marking","by_session_language","session_6_Mini-English",6,"Mini-English",NA,FALSE,"exploratory"
470,0.545670741096218,0.499428196345676,0.542437686347724,0.018981018981019,11,0.403596403596404,FALSE,0.538561602884888,1000,1136,18,"differential_object_marking","by_session_language","session_6_Mini-English",6,"Mini-English",NA,FALSE,"exploratory"
474,0.532316403537681,0.499286073872517,0.543738666631972,0.0769230769230769,NA,NA,FALSE,0.538561602884888,1000,1136,18,"differential_object_marking","by_session_language","session_6_Mini-English",6,"Mini-English",NA,FALSE,"exploratory"
478,0.533243288470257,0.499116799464622,0.545186778432192,0.0749250749250749,NA,NA,FALSE,0.538561602884888,1000,1136,18,"differential_object_marking","by_session_language","session_6_Mini-English",6,"Mini-English",NA,FALSE,"exploratory"
482,0.529988194468855,0.499250606760666,0.542223716704764,0.0929070929070929,NA,NA,FALSE,0.538561602884888,1000,1136,18,"differential_object_marking","by_session_language","session_6_Mini-English",6,"Mini-English",NA,FALSE,"exploratory"
486,0.550193043706645,0.499532695674546,0.542161382539171,0.011988011988012,12,0.0969030969030969,FALSE,0.538561602884888,1000,1136,18,"differential_object_marking","by_session_language","session_6_Mini-English",6,"Mini-English",NA,FALSE,"exploratory"
490,0.558446039602494,0.500166242477561,0.544108245065202,0.00799200799200799,12,0.0969030969030969,FALSE,0.538561602884888,1000,1136,18,"differential_object_marking","by_session_language","session_6_Mini-English",6,"Mini-English",NA,FALSE,"exploratory"
494,0.550125789829533,0.500628114335864,0.545651080357477,0.014985014985015,12,0.0969030969030969,FALSE,0.538561602884888,1000,1136,18,"differential_object_marking","by_session_language","session_6_Mini-English",6,"Mini-English",NA,FALSE,"exploratory"
498,0.55393497751477,0.500604213969772,0.547849363288546,0.014985014985015,12,0.0969030969030969,FALSE,0.538561602884888,1000,1136,18,"differential_object_marking","by_session_language","session_6_Mini-English",6,"Mini-English",NA,FALSE,"exploratory"
502,0.556476644753084,0.499658043642914,0.545282703207876,0.012987012987013,12,0.0969030969030969,FALSE,0.538561602884888,1000,1136,18,"differential_object_marking","by_session_language","session_6_Mini-English",6,"Mini-English",NA,FALSE,"exploratory"
506,0.566162056987852,0.499366779566819,0.547539049854251,0.003996003996004,12,0.0969030969030969,FALSE,0.538561602884888,1000,1136,18,"differential_object_marking","by_session_language","session_6_Mini-English",6,"Mini-English",NA,FALSE,"exploratory"
510,0.555280162242676,0.499660899947423,0.545106257216403,0.00899100899100899,12,0.0969030969030969,FALSE,0.538561602884888,1000,1136,18,"differential_object_marking","by_session_language","session_6_Mini-English",6,"Mini-English",NA,FALSE,"exploratory"
514,0.528500572338095,0.500399495196742,0.545815035338344,0.10989010989011,NA,NA,FALSE,0.538561602884888,1000,1136,18,"differential_object_marking","by_session_language","session_6_Mini-English",6,"Mini-English",NA,FALSE,"exploratory"
518,0.522523479132118,0.500429018633554,0.545473648053127,0.16983016983017,NA,NA,FALSE,0.538561602884888,1000,1136,18,"differential_object_marking","by_session_language","session_6_Mini-English",6,"Mini-English",NA,FALSE,"exploratory"
522,0.536585281139233,0.500298605075095,0.544812620647082,0.0569430569430569,NA,NA,FALSE,0.538561602884888,1000,1136,18,"differential_object_marking","by_session_language","session_6_Mini-English",6,"Mini-English",NA,FALSE,"exploratory"
526,0.534531409923414,0.500361210369928,0.543027662598515,0.0729270729270729,NA,NA,FALSE,0.538561602884888,1000,1136,18,"differential_object_marking","by_session_language","session_6_Mini-English",6,"Mini-English",NA,FALSE,"exploratory"
530,0.543658608723371,0.500011724179554,0.544804503111865,0.031968031968032,13,0.534465534465534,FALSE,0.538561602884888,1000,1136,18,"differential_object_marking","by_session_language","session_6_Mini-English",6,"Mini-English",NA,FALSE,"exploratory"
534,0.544555727475382,0.499521207727052,0.545559965292053,0.02997002997003,13,0.534465534465534,FALSE,0.538561602884888,1000,1136,18,"differential_object_marking","by_session_language","session_6_Mini-English",6,"Mini-English",NA,FALSE,"exploratory"
538,0.542782603264688,0.499292021869552,0.545660782114365,0.040959040959041,13,0.534465534465534,FALSE,0.538561602884888,1000,1136,18,"differential_object_marking","by_session_language","session_6_Mini-English",6,"Mini-English",NA,FALSE,"exploratory"
542,0.547246691036903,0.499357301932751,0.546520531300364,0.023976023976024,13,0.534465534465534,FALSE,0.538561602884888,1000,1136,18,"differential_object_marking","by_session_language","session_6_Mini-English",6,"Mini-English",NA,FALSE,"exploratory"
546,0.550048517057626,0.499689051719767,0.547634275829754,0.01998001998002,13,0.534465534465534,FALSE,0.538561602884888,1000,1136,18,"differential_object_marking","by_session_language","session_6_Mini-English",6,"Mini-English",NA,FALSE,"exploratory"
550,0.535559967694327,0.500392219147839,0.546237028545635,0.0709290709290709,NA,NA,FALSE,0.538561602884888,1000,1136,18,"differential_object_marking","by_session_language","session_6_Mini-English",6,"Mini-English",NA,FALSE,"exploratory"
554,0.530550263428087,0.500688033812125,0.545937547308961,0.112887112887113,NA,NA,FALSE,0.538561602884888,1000,1136,18,"differential_object_marking","by_session_language","session_6_Mini-English",6,"Mini-English",NA,FALSE,"exploratory"
558,0.530918175045936,0.500284631913598,0.543445068238934,0.108891108891109,NA,NA,FALSE,0.538561602884888,1000,1136,18,"differential_object_marking","by_session_language","session_6_Mini-English",6,"Mini-English",NA,FALSE,"exploratory"
562,0.536805297323885,0.500476228368967,0.543341876173666,0.0579420579420579,NA,NA,FALSE,0.538561602884888,1000,1136,18,"differential_object_marking","by_session_language","session_6_Mini-English",6,"Mini-English",NA,FALSE,"exploratory"
566,0.52449134890932,0.500920033986727,0.545079689686547,0.170829170829171,NA,NA,FALSE,0.538561602884888,1000,1136,18,"differential_object_marking","by_session_language","session_6_Mini-English",6,"Mini-English",NA,FALSE,"exploratory"
570,0.530195555974914,0.500998043029595,0.545598538542546,0.103896103896104,NA,NA,FALSE,0.538561602884888,1000,1136,18,"differential_object_marking","by_session_language","session_6_Mini-English",6,"Mini-English",NA,FALSE,"exploratory"
574,0.550137508295788,0.501295711746438,0.549204436089325,0.023976023976024,14,0.045954045954046,TRUE,0.538561602884888,1000,1136,18,"differential_object_marking","by_session_language","session_6_Mini-English",6,"Mini-English",NA,FALSE,"exploratory"
578,0.577874299619776,0.501317314999313,0.547021220718998,0.001998001998002,14,0.045954045954046,TRUE,0.538561602884888,1000,1136,18,"differential_object_marking","by_session_language","session_6_Mini-English",6,"Mini-English",NA,FALSE,"exploratory"
582,0.581664724781333,0.501191407443056,0.545272993558098,0.000999000999000999,14,0.045954045954046,TRUE,0.538561602884888,1000,1136,18,"differential_object_marking","by_session_language","session_6_Mini-English",6,"Mini-English",NA,FALSE,"exploratory"
586,0.559000380768491,0.50045630513446,0.548308745748442,0.00599400599400599,14,0.045954045954046,TRUE,0.538561602884888,1000,1136,18,"differential_object_marking","by_session_language","session_6_Mini-English",6,"Mini-English",NA,FALSE,"exploratory"
590,0.542974969477565,0.500793450640455,0.546697995056137,0.033966033966034,14,0.045954045954046,TRUE,0.538561602884888,1000,1136,18,"differential_object_marking","by_session_language","session_6_Mini-English",6,"Mini-English",NA,FALSE,"exploratory"
594,0.553273329989994,0.500332878132156,0.545143179732239,0.011988011988012,14,0.045954045954046,TRUE,0.538561602884888,1000,1136,18,"differential_object_marking","by_session_language","session_6_Mini-English",6,"Mini-English",NA,FALSE,"exploratory"
598,0.555529606632489,0.500667082101912,0.547063379965176,0.00899100899100899,14,0.045954045954046,TRUE,0.538561602884888,1000,1136,18,"differential_object_marking","by_session_language","session_6_Mini-English",6,"Mini-English",NA,FALSE,"exploratory"
602,0.552514817789102,0.500750609744645,0.547370435117454,0.00899100899100899,14,0.045954045954046,TRUE,0.538561602884888,1000,1136,18,"differential_object_marking","by_session_language","session_6_Mini-English",6,"Mini-English",NA,FALSE,"exploratory"
606,0.5446951964064,0.500007380284541,0.546254269278006,0.032967032967033,14,0.045954045954046,TRUE,0.538561602884888,1000,1136,18,"differential_object_marking","by_session_language","session_6_Mini-English",6,"Mini-English",NA,FALSE,"exploratory"
610,0.525779201604435,0.499761269026988,0.544596250931295,0.136863136863137,NA,NA,FALSE,0.538561602884888,1000,1136,18,"differential_object_marking","by_session_language","session_6_Mini-English",6,"Mini-English",NA,FALSE,"exploratory"
614,0.518020357907447,0.50032061868019,0.543603225999905,0.223776223776224,NA,NA,FALSE,0.538561602884888,1000,1136,18,"differential_object_marking","by_session_language","session_6_Mini-English",6,"Mini-English",NA,FALSE,"exploratory"
618,0.52020797366834,0.50048825651594,0.545325887906411,0.207792207792208,NA,NA,FALSE,0.538561602884888,1000,1136,18,"differential_object_marking","by_session_language","session_6_Mini-English",6,"Mini-English",NA,FALSE,"exploratory"
622,0.53272047876736,0.500987658357367,0.54660167009329,0.0849150849150849,NA,NA,FALSE,0.538561602884888,1000,1136,18,"differential_object_marking","by_session_language","session_6_Mini-English",6,"Mini-English",NA,FALSE,"exploratory"
626,0.532683778071287,0.500500681462127,0.543459581572384,0.0939060939060939,NA,NA,FALSE,0.538561602884888,1000,1136,18,"differential_object_marking","by_session_language","session_6_Mini-English",6,"Mini-English",NA,FALSE,"exploratory"
630,0.541096119508859,0.499801518053478,0.546342214650319,0.042957042957043,15,0.942057942057942,FALSE,0.538561602884888,1000,1136,18,"differential_object_marking","by_session_language","session_6_Mini-English",6,"Mini-English",NA,FALSE,"exploratory"
634,0.535476835333985,0.50028849067939,0.547645121411426,0.0709290709290709,NA,NA,FALSE,0.538561602884888,1000,1136,18,"differential_object_marking","by_session_language","session_6_Mini-English",6,"Mini-English",NA,FALSE,"exploratory"
638,0.531399849073883,0.500566862996224,0.545236758428951,0.0999000999000999,NA,NA,FALSE,0.538561602884888,1000,1136,18,"differential_object_marking","by_session_language","session_6_Mini-English",6,"Mini-English",NA,FALSE,"exploratory"
642,0.526306125927828,0.500171962149179,0.545086178615775,0.140859140859141,NA,NA,FALSE,0.538561602884888,1000,1136,18,"differential_object_marking","by_session_language","session_6_Mini-English",6,"Mini-English",NA,FALSE,"exploratory"
646,0.528966322397837,0.499604884619409,0.546481751201184,0.0969030969030969,NA,NA,FALSE,0.538561602884888,1000,1136,18,"differential_object_marking","by_session_language","session_6_Mini-English",6,"Mini-English",NA,FALSE,"exploratory"
650,0.521335520502318,0.499202947014471,0.545735176627003,0.170829170829171,NA,NA,FALSE,0.538561602884888,1000,1136,18,"differential_object_marking","by_session_language","session_6_Mini-English",6,"Mini-English",NA,FALSE,"exploratory"
654,0.526229118412087,0.498888765185463,0.544498962902534,0.130869130869131,NA,NA,FALSE,0.538561602884888,1000,1136,18,"differential_object_marking","by_session_language","session_6_Mini-English",6,"Mini-English",NA,FALSE,"exploratory"
658,0.526307595597484,0.499720035807186,0.546081287174179,0.135864135864136,NA,NA,FALSE,0.538561602884888,1000,1136,18,"differential_object_marking","by_session_language","session_6_Mini-English",6,"Mini-English",NA,FALSE,"exploratory"
662,0.542534579004296,0.499985564029015,0.549653684534719,0.043956043956044,16,0.001998001998002,TRUE,0.538561602884888,1000,1136,18,"differential_object_marking","by_session_language","session_6_Mini-English",6,"Mini-English",NA,FALSE,"exploratory"
666,0.555536508956294,0.500171217683391,0.547353952002585,0.00999000999000999,16,0.001998001998002,TRUE,0.538561602884888,1000,1136,18,"differential_object_marking","by_session_language","session_6_Mini-English",6,"Mini-English",NA,FALSE,"exploratory"
670,0.571018135902396,0.499989936086861,0.544761992163732,0.002997002997003,16,0.001998001998002,TRUE,0.538561602884888,1000,1136,18,"differential_object_marking","by_session_language","session_6_Mini-English",6,"Mini-English",NA,FALSE,"exploratory"
674,0.572998936043161,0.499853009279778,0.547640347120329,0.000999000999000999,16,0.001998001998002,TRUE,0.538561602884888,1000,1136,18,"differential_object_marking","by_session_language","session_6_Mini-English",6,"Mini-English",NA,FALSE,"exploratory"
678,0.570291731781145,0.500054563704026,0.545965444535055,0.001998001998002,16,0.001998001998002,TRUE,0.538561602884888,1000,1136,18,"differential_object_marking","by_session_language","session_6_Mini-English",6,"Mini-English",NA,FALSE,"exploratory"
682,0.567985907029577,0.500548923535065,0.545912275386066,0.000999000999000999,16,0.001998001998002,TRUE,0.538561602884888,1000,1136,18,"differential_object_marking","by_session_language","session_6_Mini-English",6,"Mini-English",NA,FALSE,"exploratory"
686,0.577211484483352,0.500665800373781,0.545466814554693,0.000999000999000999,16,0.001998001998002,TRUE,0.538561602884888,1000,1136,18,"differential_object_marking","by_session_language","session_6_Mini-English",6,"Mini-English",NA,FALSE,"exploratory"
690,0.565157608647272,0.500836602550409,0.544357987220558,0.003996003996004,16,0.001998001998002,TRUE,0.538561602884888,1000,1136,18,"differential_object_marking","by_session_language","session_6_Mini-English",6,"Mini-English",NA,FALSE,"exploratory"
694,0.562320886148175,0.500485727644456,0.544067787093287,0.001998001998002,16,0.001998001998002,TRUE,0.538561602884888,1000,1136,18,"differential_object_marking","by_session_language","session_6_Mini-English",6,"Mini-English",NA,FALSE,"exploratory"
698,0.559346076984587,0.500104159578723,0.542111514108317,0.004995004995005,16,0.001998001998002,TRUE,0.538561602884888,1000,1136,18,"differential_object_marking","by_session_language","session_6_Mini-English",6,"Mini-English",NA,FALSE,"exploratory"
702,0.556023267014883,0.500356174399487,0.54408877840664,0.00699300699300699,16,0.001998001998002,TRUE,0.538561602884888,1000,1136,18,"differential_object_marking","by_session_language","session_6_Mini-English",6,"Mini-English",NA,FALSE,"exploratory"
706,0.556842611090165,0.499814380721769,0.542558123050244,0.00699300699300699,16,0.001998001998002,TRUE,0.538561602884888,1000,1136,18,"differential_object_marking","by_session_language","session_6_Mini-English",6,"Mini-English",NA,FALSE,"exploratory"
710,0.543701391291182,0.49904559565948,0.54482259003298,0.028971028971029,16,0.001998001998002,TRUE,0.538561602884888,1000,1136,18,"differential_object_marking","by_session_language","session_6_Mini-English",6,"Mini-English",NA,FALSE,"exploratory"
714,0.543923494926709,0.49896382873429,0.544629166738902,0.027972027972028,16,0.001998001998002,TRUE,0.538561602884888,1000,1136,18,"differential_object_marking","by_session_language","session_6_Mini-English",6,"Mini-English",NA,FALSE,"exploratory"
718,0.543984625097124,0.499624696208221,0.54410027429305,0.027972027972028,16,0.001998001998002,TRUE,0.538561602884888,1000,1136,18,"differential_object_marking","by_session_language","session_6_Mini-English",6,"Mini-English",NA,FALSE,"exploratory"
722,0.548823859096795,0.499853683832585,0.544377113175973,0.01998001998002,16,0.001998001998002,TRUE,0.538561602884888,1000,1136,18,"differential_object_marking","by_session_language","session_6_Mini-English",6,"Mini-English",NA,FALSE,"exploratory"
726,0.546565238405406,0.499161600557339,0.542770288162122,0.017982017982018,16,0.001998001998002,TRUE,0.538561602884888,1000,1136,18,"differential_object_marking","by_session_language","session_6_Mini-English",6,"Mini-English",NA,FALSE,"exploratory"
730,0.54793116738209,0.499127720355949,0.543010936993726,0.016983016983017,16,0.001998001998002,TRUE,0.538561602884888,1000,1136,18,"differential_object_marking","by_session_language","session_6_Mini-English",6,"Mini-English",NA,FALSE,"exploratory"
734,0.54464556758636,0.499510528901472,0.544690093871061,0.026973026973027,16,0.001998001998002,TRUE,0.538561602884888,1000,1136,18,"differential_object_marking","by_session_language","session_6_Mini-English",6,"Mini-English",NA,FALSE,"exploratory"
738,0.546923966811649,0.499199304425724,0.542614068258212,0.014985014985015,16,0.001998001998002,TRUE,0.538561602884888,1000,1136,18,"differential_object_marking","by_session_language","session_6_Mini-English",6,"Mini-English",NA,FALSE,"exploratory"
742,0.522907447573379,0.498888823601823,0.542169362242225,0.171828171828172,NA,NA,FALSE,0.538561602884888,1000,1136,18,"differential_object_marking","by_session_language","session_6_Mini-English",6,"Mini-English",NA,FALSE,"exploratory"
746,0.509337734476615,0.499063506742185,0.543580189363586,0.34965034965035,NA,NA,FALSE,0.538561602884888,1000,1136,18,"differential_object_marking","by_session_language","session_6_Mini-English",6,"Mini-English",NA,FALSE,"exploratory"
750,0.499764414895692,0.49999121577374,0.543939984505013,0.520479520479521,NA,NA,FALSE,0.538561602884888,1000,1136,18,"differential_object_marking","by_session_language","session_6_Mini-English",6,"Mini-English",NA,FALSE,"exploratory"
754,0.494033531527541,0.500056959222677,0.544941989683302,0.613386613386613,NA,NA,FALSE,0.538561602884888,1000,1136,18,"differential_object_marking","by_session_language","session_6_Mini-English",6,"Mini-English",NA,FALSE,"exploratory"
758,0.508662455387068,0.500077423107573,0.544616034625868,0.376623376623377,NA,NA,FALSE,0.538561602884888,1000,1136,18,"differential_object_marking","by_session_language","session_6_Mini-English",6,"Mini-English",NA,FALSE,"exploratory"
762,0.513826702787841,0.499787258306685,0.543635156225933,0.282717282717283,NA,NA,FALSE,0.538561602884888,1000,1136,18,"differential_object_marking","by_session_language","session_6_Mini-English",6,"Mini-English",NA,FALSE,"exploratory"
766,0.509233658715783,0.499730023743914,0.544615515298855,0.353646353646354,NA,NA,FALSE,0.538561602884888,1000,1136,18,"differential_object_marking","by_session_language","session_6_Mini-English",6,"Mini-English",NA,FALSE,"exploratory"
770,0.530487698509586,0.499775773491314,0.545011421471136,0.102897102897103,NA,NA,FALSE,0.538561602884888,1000,1136,18,"differential_object_marking","by_session_language","session_6_Mini-English",6,"Mini-English",NA,FALSE,"exploratory"
774,0.547357353341253,0.499809716171914,0.545842243795077,0.01998001998002,17,0.04995004995005,TRUE,0.538561602884888,1000,1136,18,"differential_object_marking","by_session_language","session_6_Mini-English",6,"Mini-English",NA,FALSE,"exploratory"
778,0.561292027455174,0.500028156311172,0.544489361063867,0.000999000999000999,17,0.04995004995005,TRUE,0.538561602884888,1000,1136,18,"differential_object_marking","by_session_language","session_6_Mini-English",6,"Mini-English",NA,FALSE,"exploratory"
782,0.554506537849658,0.499582661369869,0.540258284725125,0.00699300699300699,17,0.04995004995005,TRUE,0.538561602884888,1000,1136,18,"differential_object_marking","by_session_language","session_6_Mini-English",6,"Mini-English",NA,FALSE,"exploratory"
786,0.539859083944157,0.49953989960973,0.541517525202278,0.032967032967033,17,0.04995004995005,TRUE,0.538561602884888,1000,1136,18,"differential_object_marking","by_session_language","session_6_Mini-English",6,"Mini-English",NA,FALSE,"exploratory"
790,0.544061010105184,0.499388719569654,0.545143072438822,0.027972027972028,17,0.04995004995005,TRUE,0.538561602884888,1000,1136,18,"differential_object_marking","by_session_language","session_6_Mini-English",6,"Mini-English",NA,FALSE,"exploratory"
794,0.562511725746124,0.499300988533617,0.547600679725564,0.004995004995005,17,0.04995004995005,TRUE,0.538561602884888,1000,1136,18,"differential_object_marking","by_session_language","session_6_Mini-English",6,"Mini-English",NA,FALSE,"exploratory"
798,0.571571473819796,0.4994956938827,0.54752271363075,0.003996003996004,17,0.04995004995005,TRUE,0.538561602884888,1000,1136,18,"differential_object_marking","by_session_language","session_6_Mini-English",6,"Mini-English",NA,FALSE,"exploratory"
802,0.572555182463358,0.499508193822159,0.545975149131255,0.001998001998002,17,0.04995004995005,TRUE,0.538561602884888,1000,1136,18,"differential_object_marking","by_session_language","session_6_Mini-English",6,"Mini-English",NA,FALSE,"exploratory"
806,0.555635254288343,0.499872084137881,0.543791093790553,0.00599400599400599,17,0.04995004995005,TRUE,0.538561602884888,1000,1136,18,"differential_object_marking","by_session_language","session_6_Mini-English",6,"Mini-English",NA,FALSE,"exploratory"
810,0.531789807596463,0.499808249717737,0.542017053504847,0.0809190809190809,NA,NA,FALSE,0.538561602884888,1000,1136,18,"differential_object_marking","by_session_language","session_6_Mini-English",6,"Mini-English",NA,FALSE,"exploratory"
814,0.538202139250008,0.500486658301785,0.544605582264803,0.048951048951049,NA,NA,FALSE,0.538561602884888,1000,1136,18,"differential_object_marking","by_session_language","session_6_Mini-English",6,"Mini-English",NA,FALSE,"exploratory"
818,0.538777639848036,0.500368773880337,0.545038158047498,0.0649350649350649,18,0.957042957042957,FALSE,0.538561602884888,1000,1136,18,"differential_object_marking","by_session_language","session_6_Mini-English",6,"Mini-English",NA,FALSE,"exploratory"
822,0.525823307676099,0.500286882915619,0.548460744640636,0.152847152847153,NA,NA,FALSE,0.538561602884888,1000,1136,18,"differential_object_marking","by_session_language","session_6_Mini-English",6,"Mini-English",NA,FALSE,"exploratory"
826,0.521300424302215,0.50074474147037,0.546943806601542,0.204795204795205,NA,NA,FALSE,0.538561602884888,1000,1136,18,"differential_object_marking","by_session_language","session_6_Mini-English",6,"Mini-English",NA,FALSE,"exploratory"
830,0.505253281378676,0.500615800861484,0.547196325843224,0.423576423576424,NA,NA,FALSE,0.538561602884888,1000,1136,18,"differential_object_marking","by_session_language","session_6_Mini-English",6,"Mini-English",NA,FALSE,"exploratory"
834,0.50775058425336,0.500311007574184,0.549939031714962,0.390609390609391,NA,NA,FALSE,0.538561602884888,1000,1136,18,"differential_object_marking","by_session_language","session_6_Mini-English",6,"Mini-English",NA,FALSE,"exploratory"
838,0.517819763968685,0.500241826606673,0.547991987206116,0.233766233766234,NA,NA,FALSE,0.538561602884888,1000,1136,18,"differential_object_marking","by_session_language","session_6_Mini-English",6,"Mini-English",NA,FALSE,"exploratory"
842,0.52584168796894,0.500178588760333,0.549768550793031,0.140859140859141,NA,NA,FALSE,0.538561602884888,1000,1136,18,"differential_object_marking","by_session_language","session_6_Mini-English",6,"Mini-English",NA,FALSE,"exploratory"
846,0.526325661210523,0.49963155360639,0.547186609328347,0.130869130869131,NA,NA,FALSE,0.538561602884888,1000,1136,18,"differential_object_marking","by_session_language","session_6_Mini-English",6,"Mini-English",NA,FALSE,"exploratory"
850,0.517862094485534,0.500087455129182,0.546893613330341,0.214785214785215,NA,NA,FALSE,0.538561602884888,1000,1136,18,"differential_object_marking","by_session_language","session_6_Mini-English",6,"Mini-English",NA,FALSE,"exploratory"
854,0.516318120701831,0.499785283151083,0.544213643313452,0.24975024975025,NA,NA,FALSE,0.538561602884888,1000,1136,18,"differential_object_marking","by_session_language","session_6_Mini-English",6,"Mini-English",NA,FALSE,"exploratory"
858,0.518225347267937,0.500080807522389,0.543212374928868,0.241758241758242,NA,NA,FALSE,0.538561602884888,1000,1136,18,"differential_object_marking","by_session_language","session_6_Mini-English",6,"Mini-English",NA,FALSE,"exploratory"
862,0.544337223086392,0.499391676842672,0.543889371558566,0.023976023976024,19,0.346653346653347,FALSE,0.538561602884888,1000,1136,18,"differential_object_marking","by_session_language","session_6_Mini-English",6,"Mini-English",NA,FALSE,"exploratory"
866,0.557958715520572,0.49984352376709,0.545816803338551,0.00699300699300699,19,0.346653346653347,FALSE,0.538561602884888,1000,1136,18,"differential_object_marking","by_session_language","session_6_Mini-English",6,"Mini-English",NA,FALSE,"exploratory"
870,0.557062173055218,0.50011162844767,0.543433434895627,0.00599400599400599,19,0.346653346653347,FALSE,0.538561602884888,1000,1136,18,"differential_object_marking","by_session_language","session_6_Mini-English",6,"Mini-English",NA,FALSE,"exploratory"
874,0.550225832500029,0.500614760781398,0.543980417276212,0.015984015984016,19,0.346653346653347,FALSE,0.538561602884888,1000,1136,18,"differential_object_marking","by_session_language","session_6_Mini-English",6,"Mini-English",NA,FALSE,"exploratory"
878,0.530439579320165,0.501006296098132,0.54735610991903,0.0989010989010989,NA,NA,FALSE,0.538561602884888,1000,1136,18,"differential_object_marking","by_session_language","session_6_Mini-English",6,"Mini-English",NA,FALSE,"exploratory"
882,0.523996431614591,0.501441072545151,0.547688584542438,0.168831168831169,NA,NA,FALSE,0.538561602884888,1000,1136,18,"differential_object_marking","by_session_language","session_6_Mini-English",6,"Mini-English",NA,FALSE,"exploratory"
886,0.519773227659334,0.500649655199663,0.545740476976867,0.212787212787213,NA,NA,FALSE,0.538561602884888,1000,1136,18,"differential_object_marking","by_session_language","session_6_Mini-English",6,"Mini-English",NA,FALSE,"exploratory"
890,0.516311780269945,0.500737270564312,0.544668542135955,0.256743256743257,NA,NA,FALSE,0.538561602884888,1000,1136,18,"differential_object_marking","by_session_language","session_6_Mini-English",6,"Mini-English",NA,FALSE,"exploratory"
894,0.512265222389538,0.500299963182987,0.545421718663838,0.303696303696304,NA,NA,FALSE,0.538561602884888,1000,1136,18,"differential_object_marking","by_session_language","session_6_Mini-English",6,"Mini-English",NA,FALSE,"exploratory"
898,0.524196985965063,0.500345082590973,0.544668520843702,0.145854145854146,NA,NA,FALSE,0.538561602884888,1000,1136,18,"differential_object_marking","by_session_language","session_6_Mini-English",6,"Mini-English",NA,FALSE,"exploratory"
902,0.528321267223992,0.501148385537901,0.544410998980788,0.115884115884116,NA,NA,FALSE,0.538561602884888,1000,1136,18,"differential_object_marking","by_session_language","session_6_Mini-English",6,"Mini-English",NA,FALSE,"exploratory"
906,0.537773205139424,0.501296499452358,0.544316098131816,0.0529470529470529,NA,NA,FALSE,0.538561602884888,1000,1136,18,"differential_object_marking","by_session_language","session_6_Mini-English",6,"Mini-English",NA,FALSE,"exploratory"
910,0.526172740090093,0.500626246525277,0.544992856226545,0.147852147852148,NA,NA,FALSE,0.538561602884888,1000,1136,18,"differential_object_marking","by_session_language","session_6_Mini-English",6,"Mini-English",NA,FALSE,"exploratory"
914,0.533636334862461,0.500523836540137,0.544115661575997,0.0869130869130869,NA,NA,FALSE,0.538561602884888,1000,1136,18,"differential_object_marking","by_session_language","session_6_Mini-English",6,"Mini-English",NA,FALSE,"exploratory"
918,0.548858343604158,0.499887742591908,0.545104212072903,0.016983016983017,20,0.853146853146853,FALSE,0.538561602884888,1000,1136,18,"differential_object_marking","by_session_language","session_6_Mini-English",6,"Mini-English",NA,FALSE,"exploratory"
922,0.530406789777017,0.500060372022472,0.547455603968609,0.0939060939060939,NA,NA,FALSE,0.538561602884888,1000,1136,18,"differential_object_marking","by_session_language","session_6_Mini-English",6,"Mini-English",NA,FALSE,"exploratory"
926,0.512531709962545,0.500440455982376,0.546888335741941,0.302697302697303,NA,NA,FALSE,0.538561602884888,1000,1136,18,"differential_object_marking","by_session_language","session_6_Mini-English",6,"Mini-English",NA,FALSE,"exploratory"
930,0.514883841099878,0.500688723732995,0.54366068188926,0.265734265734266,NA,NA,FALSE,0.538561602884888,1000,1136,18,"differential_object_marking","by_session_language","session_6_Mini-English",6,"Mini-English",NA,FALSE,"exploratory"
934,0.515261320266684,0.500807910874361,0.544664679448356,0.265734265734266,NA,NA,FALSE,0.538561602884888,1000,1136,18,"differential_object_marking","by_session_language","session_6_Mini-English",6,"Mini-English",NA,FALSE,"exploratory"
938,0.501384135847931,0.500622584112671,0.542290516686896,0.504495504495505,NA,NA,FALSE,0.538561602884888,1000,1136,18,"differential_object_marking","by_session_language","session_6_Mini-English",6,"Mini-English",NA,FALSE,"exploratory"
942,0.500991789021506,0.500119007458173,0.542305414746963,0.504495504495505,NA,NA,FALSE,0.538561602884888,1000,1136,18,"differential_object_marking","by_session_language","session_6_Mini-English",6,"Mini-English",NA,FALSE,"exploratory"
946,0.510491716962204,0.500297393097278,0.546879456145997,0.350649350649351,NA,NA,FALSE,0.538561602884888,1000,1136,18,"differential_object_marking","by_session_language","session_6_Mini-English",6,"Mini-English",NA,FALSE,"exploratory"
950,0.510897172135855,0.500844812510379,0.546723763228009,0.368631368631369,NA,NA,FALSE,0.538561602884888,1000,1136,18,"differential_object_marking","by_session_language","session_6_Mini-English",6,"Mini-English",NA,FALSE,"exploratory"
954,0.523944269263481,0.500332013224117,0.546663842337353,0.177822177822178,NA,NA,FALSE,0.538561602884888,1000,1136,18,"differential_object_marking","by_session_language","session_6_Mini-English",6,"Mini-English",NA,FALSE,"exploratory"
958,0.518073333402478,0.499753524997215,0.545940756119972,0.246753246753247,NA,NA,FALSE,0.538561602884888,1000,1136,18,"differential_object_marking","by_session_language","session_6_Mini-English",6,"Mini-English",NA,FALSE,"exploratory"
962,0.518546006583877,0.499837551324413,0.545711707558725,0.246753246753247,NA,NA,FALSE,0.538561602884888,1000,1136,18,"differential_object_marking","by_session_language","session_6_Mini-English",6,"Mini-English",NA,FALSE,"exploratory"
966,0.519855271840143,0.500188872495398,0.545425613730352,0.21978021978022,NA,NA,FALSE,0.538561602884888,1000,1136,18,"differential_object_marking","by_session_language","session_6_Mini-English",6,"Mini-English",NA,FALSE,"exploratory"
970,0.52392060209676,0.500582765031459,0.543192434039824,0.166833166833167,NA,NA,FALSE,0.538561602884888,1000,1136,18,"differential_object_marking","by_session_language","session_6_Mini-English",6,"Mini-English",NA,FALSE,"exploratory"
974,0.528732187004222,0.500778752308552,0.545414787407832,0.120879120879121,NA,NA,FALSE,0.538561602884888,1000,1136,18,"differential_object_marking","by_session_language","session_6_Mini-English",6,"Mini-English",NA,FALSE,"exploratory"
978,0.535875369635573,0.500587510505631,0.544979707904495,0.0649350649350649,NA,NA,FALSE,0.538561602884888,1000,1136,18,"differential_object_marking","by_session_language","session_6_Mini-English",6,"Mini-English",NA,FALSE,"exploratory"
982,0.53661646887421,0.499753356742754,0.546323425476036,0.0609390609390609,NA,NA,FALSE,0.538561602884888,1000,1136,18,"differential_object_marking","by_session_language","session_6_Mini-English",6,"Mini-English",NA,FALSE,"exploratory"
986,0.543154333442611,0.499440035989865,0.543610652523194,0.026973026973027,21,0.917082917082917,FALSE,0.538561602884888,1000,1136,18,"differential_object_marking","by_session_language","session_6_Mini-English",6,"Mini-English",NA,FALSE,"exploratory"
990,0.533506104146395,0.500205889629852,0.545687595115498,0.0689310689310689,NA,NA,FALSE,0.538561602884888,1000,1136,18,"differential_object_marking","by_session_language","session_6_Mini-English",6,"Mini-English",NA,FALSE,"exploratory"
994,0.529276156692205,0.500714019197332,0.546680102161821,0.11988011988012,NA,NA,FALSE,0.538561602884888,1000,1136,18,"differential_object_marking","by_session_language","session_6_Mini-English",6,"Mini-English",NA,FALSE,"exploratory"
998,0.518929452359934,0.500623819733391,0.546913326928133,0.207792207792208,NA,NA,FALSE,0.538561602884888,1000,1136,18,"differential_object_marking","by_session_language","session_6_Mini-English",6,"Mini-English",NA,FALSE,"exploratory"
1002,0.521691241792211,0.500108081611956,0.546120543887922,0.182817182817183,NA,NA,FALSE,0.538561602884888,1000,1136,18,"differential_object_marking","by_session_language","session_6_Mini-English",6,"Mini-English",NA,FALSE,"exploratory"
1006,0.531193387575528,0.500145506187511,0.543209392015614,0.0929070929070929,NA,NA,FALSE,0.538561602884888,1000,1136,18,"differential_object_marking","by_session_language","session_6_Mini-English",6,"Mini-English",NA,FALSE,"exploratory"
1010,0.531993745859818,0.50014577141415,0.544187310835519,0.0849150849150849,NA,NA,FALSE,0.538561602884888,1000,1136,18,"differential_object_marking","by_session_language","session_6_Mini-English",6,"Mini-English",NA,FALSE,"exploratory"
1014,0.536032176635416,0.500163724020351,0.546702509793901,0.0649350649350649,NA,NA,FALSE,0.538561602884888,1000,1136,18,"differential_object_marking","by_session_language","session_6_Mini-English",6,"Mini-English",NA,FALSE,"exploratory"
1018,0.533210425916972,0.499969560398277,0.545736158190437,0.0699300699300699,NA,NA,FALSE,0.538561602884888,1000,1136,18,"differential_object_marking","by_session_language","session_6_Mini-English",6,"Mini-English",NA,FALSE,"exploratory"
1022,0.51607026444172,0.500327185292448,0.548124283718082,0.255744255744256,NA,NA,FALSE,0.538561602884888,1000,1136,18,"differential_object_marking","by_session_language","session_6_Mini-English",6,"Mini-English",NA,FALSE,"exploratory"
1026,0.515252634170857,0.500450086888676,0.547844275389949,0.251748251748252,NA,NA,FALSE,0.538561602884888,1000,1136,18,"differential_object_marking","by_session_language","session_6_Mini-English",6,"Mini-English",NA,FALSE,"exploratory"
1030,0.520916508005855,0.49994532474117,0.547072152382684,0.205794205794206,NA,NA,FALSE,0.538561602884888,1000,1136,18,"differential_object_marking","by_session_language","session_6_Mini-English",6,"Mini-English",NA,FALSE,"exploratory"
1034,0.516571902594853,0.49972140335852,0.54660316407046,0.254745254745255,NA,NA,FALSE,0.538561602884888,1000,1136,18,"differential_object_marking","by_session_language","session_6_Mini-English",6,"Mini-English",NA,FALSE,"exploratory"
1038,0.511134096284744,0.500214617489305,0.545772966448412,0.338661338661339,NA,NA,FALSE,0.538561602884888,1000,1136,18,"differential_object_marking","by_session_language","session_6_Mini-English",6,"Mini-English",NA,FALSE,"exploratory"
1042,0.526687722952457,0.500007911940133,0.543309425816141,0.135864135864136,NA,NA,FALSE,0.538561602884888,1000,1136,18,"differential_object_marking","by_session_language","session_6_Mini-English",6,"Mini-English",NA,FALSE,"exploratory"
1046,0.54947647207231,0.500349311272316,0.543412212862465,0.017982017982018,22,0.013986013986014,TRUE,0.538561602884888,1000,1136,18,"differential_object_marking","by_session_language","session_6_Mini-English",6,"Mini-English",NA,FALSE,"exploratory"
1050,0.568323259601252,0.500425700196806,0.547008442494368,0.001998001998002,22,0.013986013986014,TRUE,0.538561602884888,1000,1136,18,"differential_object_marking","by_session_language","session_6_Mini-English",6,"Mini-English",NA,FALSE,"exploratory"
1054,0.568317641580001,0.500377828877008,0.544580862832474,0.002997002997003,22,0.013986013986014,TRUE,0.538561602884888,1000,1136,18,"differential_object_marking","by_session_language","session_6_Mini-English",6,"Mini-English",NA,FALSE,"exploratory"
1058,0.554304916472734,0.50030495320105,0.546020272004241,0.00999000999000999,22,0.013986013986014,TRUE,0.538561602884888,1000,1136,18,"differential_object_marking","by_session_language","session_6_Mini-English",6,"Mini-English",NA,FALSE,"exploratory"
1062,0.55263110290003,0.500149047151087,0.546456907218159,0.00999000999000999,22,0.013986013986014,TRUE,0.538561602884888,1000,1136,18,"differential_object_marking","by_session_language","session_6_Mini-English",6,"Mini-English",NA,FALSE,"exploratory"
1066,0.550535870026275,0.500198446850254,0.546800534880128,0.015984015984016,22,0.013986013986014,TRUE,0.538561602884888,1000,1136,18,"differential_object_marking","by_session_language","session_6_Mini-English",6,"Mini-English",NA,FALSE,"exploratory"
1070,0.551196482384061,0.50052148897344,0.546145836926662,0.015984015984016,22,0.013986013986014,TRUE,0.538561602884888,1000,1136,18,"differential_object_marking","by_session_language","session_6_Mini-English",6,"Mini-English",NA,FALSE,"exploratory"
1074,0.559433229647358,0.500115741006826,0.547905358629448,0.00799200799200799,22,0.013986013986014,TRUE,0.538561602884888,1000,1136,18,"differential_object_marking","by_session_language","session_6_Mini-English",6,"Mini-English",NA,FALSE,"exploratory"
1078,0.552888621820554,0.499360506136289,0.545721875602713,0.00999000999000999,22,0.013986013986014,TRUE,0.538561602884888,1000,1136,18,"differential_object_marking","by_session_language","session_6_Mini-English",6,"Mini-English",NA,FALSE,"exploratory"
1082,0.566220767800577,0.4994059056556,0.54352034255977,0.000999000999000999,22,0.013986013986014,TRUE,0.538561602884888,1000,1136,18,"differential_object_marking","by_session_language","session_6_Mini-English",6,"Mini-English",NA,FALSE,"exploratory"
1086,0.559031161155058,0.499624331713394,0.544652563355989,0.001998001998002,22,0.013986013986014,TRUE,0.538561602884888,1000,1136,18,"differential_object_marking","by_session_language","session_6_Mini-English",6,"Mini-English",NA,FALSE,"exploratory"
1090,0.554205288240081,0.499800768042948,0.541223404846586,0.00799200799200799,22,0.013986013986014,TRUE,0.538561602884888,1000,1136,18,"differential_object_marking","by_session_language","session_6_Mini-English",6,"Mini-English",NA,FALSE,"exploratory"
1094,0.552842487453718,0.499971919453352,0.54506713761205,0.00999000999000999,22,0.013986013986014,TRUE,0.538561602884888,1000,1136,18,"differential_object_marking","by_session_language","session_6_Mini-English",6,"Mini-English",NA,FALSE,"exploratory"
1098,0.548787638887648,0.500368300009769,0.543506103987733,0.017982017982018,22,0.013986013986014,TRUE,0.538561602884888,1000,1136,18,"differential_object_marking","by_session_language","session_6_Mini-English",6,"Mini-English",NA,FALSE,"exploratory"
-98,0.551748856364658,0.500205022194763,0.54569261941824,0.013986013986014,1,0.66033966033966,FALSE,0.539609583933364,1000,1094,18,"differential_object_marking","by_session_language","session_6_Mini-Norwegian",6,"Mini-Norwegian",NA,FALSE,"exploratory"
-94,0.554992742717824,0.499748045798695,0.54593767533869,0.00699300699300699,1,0.66033966033966,FALSE,0.539609583933364,1000,1094,18,"differential_object_marking","by_session_language","session_6_Mini-Norwegian",6,"Mini-Norwegian",NA,FALSE,"exploratory"
-90,0.535109499186869,0.499832453766123,0.546533031328815,0.0679320679320679,NA,NA,FALSE,0.539609583933364,1000,1094,18,"differential_object_marking","by_session_language","session_6_Mini-Norwegian",6,"Mini-Norwegian",NA,FALSE,"exploratory"
-86,0.516690892587751,0.500134487317224,0.54681179514638,0.258741258741259,NA,NA,FALSE,0.539609583933364,1000,1094,18,"differential_object_marking","by_session_language","session_6_Mini-Norwegian",6,"Mini-Norwegian",NA,FALSE,"exploratory"
-82,0.510013848638267,0.500436477232815,0.549331367417528,0.348651348651349,NA,NA,FALSE,0.539609583933364,1000,1094,18,"differential_object_marking","by_session_language","session_6_Mini-Norwegian",6,"Mini-Norwegian",NA,FALSE,"exploratory"
-78,0.507621307557529,0.501176609157763,0.547149057485541,0.388611388611389,NA,NA,FALSE,0.539609583933364,1000,1094,18,"differential_object_marking","by_session_language","session_6_Mini-Norwegian",6,"Mini-Norwegian",NA,FALSE,"exploratory"
-74,0.498900462540226,0.501622929134874,0.551842993876737,0.557442557442557,NA,NA,FALSE,0.539609583933364,1000,1094,18,"differential_object_marking","by_session_language","session_6_Mini-Norwegian",6,"Mini-Norwegian",NA,FALSE,"exploratory"
-70,0.489739669112831,0.501284492988001,0.548624685824777,0.686313686313686,NA,NA,FALSE,0.539609583933364,1000,1094,18,"differential_object_marking","by_session_language","session_6_Mini-Norwegian",6,"Mini-Norwegian",NA,FALSE,"exploratory"
-66,0.482619724369718,0.500548932296824,0.545240408851728,0.769230769230769,NA,NA,FALSE,0.539609583933364,1000,1094,18,"differential_object_marking","by_session_language","session_6_Mini-Norwegian",6,"Mini-Norwegian",NA,FALSE,"exploratory"
-62,0.494845722277814,0.50041482146038,0.546161404938838,0.59040959040959,NA,NA,FALSE,0.539609583933364,1000,1094,18,"differential_object_marking","by_session_language","session_6_Mini-Norwegian",6,"Mini-Norwegian",NA,FALSE,"exploratory"
-58,0.49355943401428,0.499712887315224,0.547350717223168,0.596403596403596,NA,NA,FALSE,0.539609583933364,1000,1094,18,"differential_object_marking","by_session_language","session_6_Mini-Norwegian",6,"Mini-Norwegian",NA,FALSE,"exploratory"
-54,0.470833133802775,0.499245147847655,0.549197836275113,0.874125874125874,NA,NA,FALSE,0.539609583933364,1000,1094,18,"differential_object_marking","by_session_language","session_6_Mini-Norwegian",6,"Mini-Norwegian",NA,FALSE,"exploratory"
-50,0.454552790286003,0.498779224111661,0.546305043965226,0.954045954045954,NA,NA,FALSE,0.539609583933364,1000,1094,18,"differential_object_marking","by_session_language","session_6_Mini-Norwegian",6,"Mini-Norwegian",NA,FALSE,"exploratory"
-46,0.490251199642867,0.498602661796687,0.546434202012829,0.642357642357642,NA,NA,FALSE,0.539609583933364,1000,1094,18,"differential_object_marking","by_session_language","session_6_Mini-Norwegian",6,"Mini-Norwegian",NA,FALSE,"exploratory"
-42,0.510641409525636,0.498339336231787,0.542328381037563,0.326673326673327,NA,NA,FALSE,0.539609583933364,1000,1094,18,"differential_object_marking","by_session_language","session_6_Mini-Norwegian",6,"Mini-Norwegian",NA,FALSE,"exploratory"
-38,0.524546872724206,0.49825717435041,0.541786279811994,0.143856143856144,NA,NA,FALSE,0.539609583933364,1000,1094,18,"differential_object_marking","by_session_language","session_6_Mini-Norwegian",6,"Mini-Norwegian",NA,FALSE,"exploratory"
-34,0.565082964832506,0.499298817461592,0.544094602998346,0.000999000999000999,2,0.167832167832168,FALSE,0.539609583933364,1000,1094,18,"differential_object_marking","by_session_language","session_6_Mini-Norwegian",6,"Mini-Norwegian",NA,FALSE,"exploratory"
-30,0.583870105769917,0.500664211761602,0.546401759532022,0.000999000999000999,2,0.167832167832168,FALSE,0.539609583933364,1000,1094,18,"differential_object_marking","by_session_language","session_6_Mini-Norwegian",6,"Mini-Norwegian",NA,FALSE,"exploratory"
-26,0.559202936295169,0.500813605020321,0.54807533124482,0.00899100899100899,2,0.167832167832168,FALSE,0.539609583933364,1000,1094,18,"differential_object_marking","by_session_language","session_6_Mini-Norwegian",6,"Mini-Norwegian",NA,FALSE,"exploratory"
-22,0.500088044577982,0.499358863067749,0.549985982185415,0.47952047952048,NA,NA,FALSE,0.539609583933364,1000,1094,18,"differential_object_marking","by_session_language","session_6_Mini-Norwegian",6,"Mini-Norwegian",NA,FALSE,"exploratory"
-18,0.487261784929202,0.498407312136051,0.547606416171779,0.686313686313686,NA,NA,FALSE,0.539609583933364,1000,1094,18,"differential_object_marking","by_session_language","session_6_Mini-Norwegian",6,"Mini-Norwegian",NA,FALSE,"exploratory"
-14,0.52382898564788,0.498226487225468,0.545718121653325,0.140859140859141,NA,NA,FALSE,0.539609583933364,1000,1094,18,"differential_object_marking","by_session_language","session_6_Mini-Norwegian",6,"Mini-Norwegian",NA,FALSE,"exploratory"
-10,0.534800301703732,0.498500536399796,0.545912967870424,0.0679320679320679,NA,NA,FALSE,0.539609583933364,1000,1094,18,"differential_object_marking","by_session_language","session_6_Mini-Norwegian",6,"Mini-Norwegian",NA,FALSE,"exploratory"
-6,0.543494642593597,0.499437587370815,0.546464155271432,0.035964035964036,3,0.954045954045954,FALSE,0.539609583933364,1000,1094,18,"differential_object_marking","by_session_language","session_6_Mini-Norwegian",6,"Mini-Norwegian",NA,FALSE,"exploratory"
-2,0.525711324167493,0.49928721978057,0.547088945152578,0.146853146853147,NA,NA,FALSE,0.539609583933364,1000,1094,18,"differential_object_marking","by_session_language","session_6_Mini-Norwegian",6,"Mini-Norwegian",NA,FALSE,"exploratory"
2,0.521607722097538,0.499324366876662,0.546851375549686,0.16983016983017,NA,NA,FALSE,0.539609583933364,1000,1094,18,"differential_object_marking","by_session_language","session_6_Mini-Norwegian",6,"Mini-Norwegian",NA,FALSE,"exploratory"
6,0.529566911438189,0.500648657803605,0.54481174421483,0.128871128871129,NA,NA,FALSE,0.539609583933364,1000,1094,18,"differential_object_marking","by_session_language","session_6_Mini-Norwegian",6,"Mini-Norwegian",NA,FALSE,"exploratory"
10,0.535650484783623,0.500595062938924,0.548828465383841,0.0879120879120879,NA,NA,FALSE,0.539609583933364,1000,1094,18,"differential_object_marking","by_session_language","session_6_Mini-Norwegian",6,"Mini-Norwegian",NA,FALSE,"exploratory"
14,0.533329660938378,0.499926536145205,0.546514828908313,0.0879120879120879,NA,NA,FALSE,0.539609583933364,1000,1094,18,"differential_object_marking","by_session_language","session_6_Mini-Norwegian",6,"Mini-Norwegian",NA,FALSE,"exploratory"
18,0.539729494473589,0.499880180680472,0.545969317565213,0.0559440559440559,4,0.739260739260739,FALSE,0.539609583933364,1000,1094,18,"differential_object_marking","by_session_language","session_6_Mini-Norwegian",6,"Mini-Norwegian",NA,FALSE,"exploratory"
22,0.552883119980991,0.499405990057067,0.545808214465125,0.013986013986014,4,0.739260739260739,FALSE,0.539609583933364,1000,1094,18,"differential_object_marking","by_session_language","session_6_Mini-Norwegian",6,"Mini-Norwegian",NA,FALSE,"exploratory"
26,0.547718687216877,0.499777613526033,0.542888066931699,0.018981018981019,4,0.739260739260739,FALSE,0.539609583933364,1000,1094,18,"differential_object_marking","by_session_language","session_6_Mini-Norwegian",6,"Mini-Norwegian",NA,FALSE,"exploratory"
30,0.53655655676102,0.500630326535386,0.544799725150147,0.0609390609390609,NA,NA,FALSE,0.539609583933364,1000,1094,18,"differential_object_marking","by_session_language","session_6_Mini-Norwegian",6,"Mini-Norwegian",NA,FALSE,"exploratory"
34,0.53626482382251,0.501490203813203,0.547586602477685,0.0719280719280719,NA,NA,FALSE,0.539609583933364,1000,1094,18,"differential_object_marking","by_session_language","session_6_Mini-Norwegian",6,"Mini-Norwegian",NA,FALSE,"exploratory"
38,0.539353223446474,0.501353426715299,0.545981239170333,0.0559440559440559,NA,NA,FALSE,0.539609583933364,1000,1094,18,"differential_object_marking","by_session_language","session_6_Mini-Norwegian",6,"Mini-Norwegian",NA,FALSE,"exploratory"
42,0.53028445792715,0.501190537624418,0.548081058833151,0.123876123876124,NA,NA,FALSE,0.539609583933364,1000,1094,18,"differential_object_marking","by_session_language","session_6_Mini-Norwegian",6,"Mini-Norwegian",NA,FALSE,"exploratory"
46,0.494640667505693,0.500569270095833,0.54868218403544,0.597402597402597,NA,NA,FALSE,0.539609583933364,1000,1094,18,"differential_object_marking","by_session_language","session_6_Mini-Norwegian",6,"Mini-Norwegian",NA,FALSE,"exploratory"
50,0.504536011878486,0.499894778978019,0.546323284140801,0.446553446553447,NA,NA,FALSE,0.539609583933364,1000,1094,18,"differential_object_marking","by_session_language","session_6_Mini-Norwegian",6,"Mini-Norwegian",NA,FALSE,"exploratory"
54,0.518503440511522,0.499360473566568,0.545237584430716,0.222777222777223,NA,NA,FALSE,0.539609583933364,1000,1094,18,"differential_object_marking","by_session_language","session_6_Mini-Norwegian",6,"Mini-Norwegian",NA,FALSE,"exploratory"
58,0.52007722530017,0.499398679085693,0.546610773450859,0.201798201798202,NA,NA,FALSE,0.539609583933364,1000,1094,18,"differential_object_marking","by_session_language","session_6_Mini-Norwegian",6,"Mini-Norwegian",NA,FALSE,"exploratory"
62,0.543097378602627,0.499842644818143,0.545966967064868,0.041958041958042,5,0.958041958041958,FALSE,0.539609583933364,1000,1094,18,"differential_object_marking","by_session_language","session_6_Mini-Norwegian",6,"Mini-Norwegian",NA,FALSE,"exploratory"
66,0.52848126586819,0.499345984707963,0.544502240586324,0.108891108891109,NA,NA,FALSE,0.539609583933364,1000,1094,18,"differential_object_marking","by_session_language","session_6_Mini-Norwegian",6,"Mini-Norwegian",NA,FALSE,"exploratory"
70,0.539070773602925,0.499487365703407,0.545991760050205,0.04995004995005,NA,NA,FALSE,0.539609583933364,1000,1094,18,"differential_object_marking","by_session_language","session_6_Mini-Norwegian",6,"Mini-Norwegian",NA,FALSE,"exploratory"
74,0.559468533058956,0.499928169614086,0.547932597001406,0.00699300699300699,6,0.707292707292707,FALSE,0.539609583933364,1000,1094,18,"differential_object_marking","by_session_language","session_6_Mini-Norwegian",6,"Mini-Norwegian",NA,FALSE,"exploratory"
78,0.541347407436545,0.500353946569382,0.548878411276354,0.048951048951049,6,0.707292707292707,FALSE,0.539609583933364,1000,1094,18,"differential_object_marking","by_session_language","session_6_Mini-Norwegian",6,"Mini-Norwegian",NA,FALSE,"exploratory"
82,0.541612343155752,0.499743379656137,0.545732781227034,0.041958041958042,6,0.707292707292707,FALSE,0.539609583933364,1000,1094,18,"differential_object_marking","by_session_language","session_6_Mini-Norwegian",6,"Mini-Norwegian",NA,FALSE,"exploratory"
86,0.522085278717396,0.499645079164609,0.547895330319609,0.180819180819181,NA,NA,FALSE,0.539609583933364,1000,1094,18,"differential_object_marking","by_session_language","session_6_Mini-Norwegian",6,"Mini-Norwegian",NA,FALSE,"exploratory"
90,0.498149846988782,0.499493979506657,0.546469335262246,0.534465534465534,NA,NA,FALSE,0.539609583933364,1000,1094,18,"differential_object_marking","by_session_language","session_6_Mini-Norwegian",6,"Mini-Norwegian",NA,FALSE,"exploratory"
94,0.482126049483253,0.499382911212529,0.544597472306372,0.768231768231768,NA,NA,FALSE,0.539609583933364,1000,1094,18,"differential_object_marking","by_session_language","session_6_Mini-Norwegian",6,"Mini-Norwegian",NA,FALSE,"exploratory"
98,0.483428190438433,0.49929393723815,0.542414366739609,0.752247752247752,NA,NA,FALSE,0.539609583933364,1000,1094,18,"differential_object_marking","by_session_language","session_6_Mini-Norwegian",6,"Mini-Norwegian",NA,FALSE,"exploratory"
102,0.526797747635785,0.499170689442031,0.545592589129261,0.127872127872128,NA,NA,FALSE,0.539609583933364,1000,1094,18,"differential_object_marking","by_session_language","session_6_Mini-Norwegian",6,"Mini-Norwegian",NA,FALSE,"exploratory"
106,0.529225510734619,0.499571932626851,0.543685917192124,0.118881118881119,NA,NA,FALSE,0.539609583933364,1000,1094,18,"differential_object_marking","by_session_language","session_6_Mini-Norwegian",6,"Mini-Norwegian",NA,FALSE,"exploratory"
110,0.531743600524295,0.500793452458695,0.546075412607854,0.106893106893107,NA,NA,FALSE,0.539609583933364,1000,1094,18,"differential_object_marking","by_session_language","session_6_Mini-Norwegian",6,"Mini-Norwegian",NA,FALSE,"exploratory"
114,0.539806998502097,0.500730192583167,0.548460292473614,0.0549450549450549,7,0.649350649350649,FALSE,0.539609583933364,1000,1094,18,"differential_object_marking","by_session_language","session_6_Mini-Norwegian",6,"Mini-Norwegian",NA,FALSE,"exploratory"
118,0.544955522203467,0.500854014384969,0.545812748606537,0.031968031968032,7,0.649350649350649,FALSE,0.539609583933364,1000,1094,18,"differential_object_marking","by_session_language","session_6_Mini-Norwegian",6,"Mini-Norwegian",NA,FALSE,"exploratory"
122,0.562388305315506,0.500247147069581,0.546345534453859,0.002997002997003,7,0.649350649350649,FALSE,0.539609583933364,1000,1094,18,"differential_object_marking","by_session_language","session_6_Mini-Norwegian",6,"Mini-Norwegian",NA,FALSE,"exploratory"
126,0.530593491395937,0.500133469038643,0.546772820711094,0.110889110889111,NA,NA,FALSE,0.539609583933364,1000,1094,18,"differential_object_marking","by_session_language","session_6_Mini-Norwegian",6,"Mini-Norwegian",NA,FALSE,"exploratory"
130,0.510718273437961,0.501160785592459,0.545601043428595,0.355644355644356,NA,NA,FALSE,0.539609583933364,1000,1094,18,"differential_object_marking","by_session_language","session_6_Mini-Norwegian",6,"Mini-Norwegian",NA,FALSE,"exploratory"
134,0.517588624550627,0.500961797036709,0.54357591587718,0.263736263736264,NA,NA,FALSE,0.539609583933364,1000,1094,18,"differential_object_marking","by_session_language","session_6_Mini-Norwegian",6,"Mini-Norwegian",NA,FALSE,"exploratory"
138,0.536520473981529,0.500180538791232,0.54596872204872,0.0669330669330669,NA,NA,FALSE,0.539609583933364,1000,1094,18,"differential_object_marking","by_session_language","session_6_Mini-Norwegian",6,"Mini-Norwegian",NA,FALSE,"exploratory"
142,0.57095216973018,0.499371165951374,0.544726712587203,0.000999000999000999,8,0.040959040959041,TRUE,0.539609583933364,1000,1094,18,"differential_object_marking","by_session_language","session_6_Mini-Norwegian",6,"Mini-Norwegian",NA,FALSE,"exploratory"
146,0.571965506430414,0.499521252891328,0.547561165742799,0.001998001998002,8,0.040959040959041,TRUE,0.539609583933364,1000,1094,18,"differential_object_marking","by_session_language","session_6_Mini-Norwegian",6,"Mini-Norwegian",NA,FALSE,"exploratory"
150,0.554669606705967,0.499907160364585,0.546031882369443,0.00999000999000999,8,0.040959040959041,TRUE,0.539609583933364,1000,1094,18,"differential_object_marking","by_session_language","session_6_Mini-Norwegian",6,"Mini-Norwegian",NA,FALSE,"exploratory"
154,0.548356237881185,0.500219107754641,0.543891737198428,0.014985014985015,8,0.040959040959041,TRUE,0.539609583933364,1000,1094,18,"differential_object_marking","by_session_language","session_6_Mini-Norwegian",6,"Mini-Norwegian",NA,FALSE,"exploratory"
158,0.568521368375074,0.500530983324157,0.54630616681609,0.000999000999000999,8,0.040959040959041,TRUE,0.539609583933364,1000,1094,18,"differential_object_marking","by_session_language","session_6_Mini-Norwegian",6,"Mini-Norwegian",NA,FALSE,"exploratory"
162,0.569059042024078,0.501736954476353,0.546946293976472,0.001998001998002,8,0.040959040959041,TRUE,0.539609583933364,1000,1094,18,"differential_object_marking","by_session_language","session_6_Mini-Norwegian",6,"Mini-Norwegian",NA,FALSE,"exploratory"
166,0.545777678327937,0.501760067043966,0.548734907476722,0.032967032967033,8,0.040959040959041,TRUE,0.539609583933364,1000,1094,18,"differential_object_marking","by_session_language","session_6_Mini-Norwegian",6,"Mini-Norwegian",NA,FALSE,"exploratory"
170,0.537617504944727,0.501511290366154,0.546394711020136,0.0639360639360639,NA,NA,FALSE,0.539609583933364,1000,1094,18,"differential_object_marking","by_session_language","session_6_Mini-Norwegian",6,"Mini-Norwegian",NA,FALSE,"exploratory"
174,0.540629531193065,0.500688698931339,0.546555976242882,0.047952047952048,9,0.977022977022977,FALSE,0.539609583933364,1000,1094,18,"differential_object_marking","by_session_language","session_6_Mini-Norwegian",6,"Mini-Norwegian",NA,FALSE,"exploratory"
178,0.53468627709912,0.499227407463633,0.547846647596836,0.0739260739260739,NA,NA,FALSE,0.539609583933364,1000,1094,18,"differential_object_marking","by_session_language","session_6_Mini-Norwegian",6,"Mini-Norwegian",NA,FALSE,"exploratory"
182,0.547936173312608,0.499229982891463,0.546585423603198,0.023976023976024,10,0.001998001998002,TRUE,0.539609583933364,1000,1094,18,"differential_object_marking","by_session_language","session_6_Mini-Norwegian",6,"Mini-Norwegian",NA,FALSE,"exploratory"
186,0.574907227059147,0.499499263856833,0.54776620772347,0.002997002997003,10,0.001998001998002,TRUE,0.539609583933364,1000,1094,18,"differential_object_marking","by_session_language","session_6_Mini-Norwegian",6,"Mini-Norwegian",NA,FALSE,"exploratory"
190,0.588754418584184,0.49963442279478,0.545704787088558,0.001998001998002,10,0.001998001998002,TRUE,0.539609583933364,1000,1094,18,"differential_object_marking","by_session_language","session_6_Mini-Norwegian",6,"Mini-Norwegian",NA,FALSE,"exploratory"
194,0.589649882935234,0.499593885644902,0.546702910320861,0.000999000999000999,10,0.001998001998002,TRUE,0.539609583933364,1000,1094,18,"differential_object_marking","by_session_language","session_6_Mini-Norwegian",6,"Mini-Norwegian",NA,FALSE,"exploratory"
198,0.604977734379264,0.500055998752989,0.543650463639853,0.000999000999000999,10,0.001998001998002,TRUE,0.539609583933364,1000,1094,18,"differential_object_marking","by_session_language","session_6_Mini-Norwegian",6,"Mini-Norwegian",NA,FALSE,"exploratory"
202,0.598579034674851,0.500880371361788,0.546309436972996,0.000999000999000999,10,0.001998001998002,TRUE,0.539609583933364,1000,1094,18,"differential_object_marking","by_session_language","session_6_Mini-Norwegian",6,"Mini-Norwegian",NA,FALSE,"exploratory"
206,0.581176179033999,0.500269252120591,0.549627781259355,0.001998001998002,10,0.001998001998002,TRUE,0.539609583933364,1000,1094,18,"differential_object_marking","by_session_language","session_6_Mini-Norwegian",6,"Mini-Norwegian",NA,FALSE,"exploratory"
210,0.569817681261351,0.500181916612896,0.552883688449401,0.00599400599400599,10,0.001998001998002,TRUE,0.539609583933364,1000,1094,18,"differential_object_marking","by_session_language","session_6_Mini-Norwegian",6,"Mini-Norwegian",NA,FALSE,"exploratory"
214,0.555722437315453,0.499871465759029,0.549525398789469,0.014985014985015,10,0.001998001998002,TRUE,0.539609583933364,1000,1094,18,"differential_object_marking","by_session_language","session_6_Mini-Norwegian",6,"Mini-Norwegian",NA,FALSE,"exploratory"
218,0.56943606331649,0.49889840497889,0.548478429886566,0.002997002997003,10,0.001998001998002,TRUE,0.539609583933364,1000,1094,18,"differential_object_marking","by_session_language","session_6_Mini-Norwegian",6,"Mini-Norwegian",NA,FALSE,"exploratory"
222,0.56480618155098,0.498841306786051,0.545478724214547,0.004995004995005,10,0.001998001998002,TRUE,0.539609583933364,1000,1094,18,"differential_object_marking","by_session_language","session_6_Mini-Norwegian",6,"Mini-Norwegian",NA,FALSE,"exploratory"
226,0.550507771433418,0.499160374431991,0.546798213692889,0.014985014985015,10,0.001998001998002,TRUE,0.539609583933364,1000,1094,18,"differential_object_marking","by_session_language","session_6_Mini-Norwegian",6,"Mini-Norwegian",NA,FALSE,"exploratory"
230,0.530202061843416,0.499830914983176,0.548142496855738,0.108891108891109,NA,NA,FALSE,0.539609583933364,1000,1094,18,"differential_object_marking","by_session_language","session_6_Mini-Norwegian",6,"Mini-Norwegian",NA,FALSE,"exploratory"
234,0.517719044134297,0.499331610886596,0.546231759569862,0.247752247752248,NA,NA,FALSE,0.539609583933364,1000,1094,18,"differential_object_marking","by_session_language","session_6_Mini-Norwegian",6,"Mini-Norwegian",NA,FALSE,"exploratory"
238,0.51410395408864,0.499580643641221,0.546882522330486,0.314685314685315,NA,NA,FALSE,0.539609583933364,1000,1094,18,"differential_object_marking","by_session_language","session_6_Mini-Norwegian",6,"Mini-Norwegian",NA,FALSE,"exploratory"
242,0.534960516586782,0.499796958753829,0.54650459666132,0.0799200799200799,NA,NA,FALSE,0.539609583933364,1000,1094,18,"differential_object_marking","by_session_language","session_6_Mini-Norwegian",6,"Mini-Norwegian",NA,FALSE,"exploratory"
246,0.548391181070093,0.500944177060461,0.546576350048127,0.020979020979021,11,0.156843156843157,FALSE,0.539609583933364,1000,1094,18,"differential_object_marking","by_session_language","session_6_Mini-Norwegian",6,"Mini-Norwegian",NA,FALSE,"exploratory"
250,0.54998888929758,0.501499188795346,0.546258174535278,0.017982017982018,11,0.156843156843157,FALSE,0.539609583933364,1000,1094,18,"differential_object_marking","by_session_language","session_6_Mini-Norwegian",6,"Mini-Norwegian",NA,FALSE,"exploratory"
254,0.557995228793944,0.501591936685367,0.547818045338737,0.00699300699300699,11,0.156843156843157,FALSE,0.539609583933364,1000,1094,18,"differential_object_marking","by_session_language","session_6_Mini-Norwegian",6,"Mini-Norwegian",NA,FALSE,"exploratory"
258,0.567930352858411,0.501225795318667,0.55162077932147,0.002997002997003,11,0.156843156843157,FALSE,0.539609583933364,1000,1094,18,"differential_object_marking","by_session_language","session_6_Mini-Norwegian",6,"Mini-Norwegian",NA,FALSE,"exploratory"
262,0.565649751719854,0.499977951410719,0.549436749957288,0.00799200799200799,11,0.156843156843157,FALSE,0.539609583933364,1000,1094,18,"differential_object_marking","by_session_language","session_6_Mini-Norwegian",6,"Mini-Norwegian",NA,FALSE,"exploratory"
266,0.539342258434855,0.499822591821733,0.548821265468712,0.0599400599400599,NA,NA,FALSE,0.539609583933364,1000,1094,18,"differential_object_marking","by_session_language","session_6_Mini-Norwegian",6,"Mini-Norwegian",NA,FALSE,"exploratory"
270,0.531347817156726,0.499801048975198,0.54894644940367,0.108891108891109,NA,NA,FALSE,0.539609583933364,1000,1094,18,"differential_object_marking","by_session_language","session_6_Mini-Norwegian",6,"Mini-Norwegian",NA,FALSE,"exploratory"
274,0.531715839628984,0.50014513975716,0.546387432821757,0.102897102897103,NA,NA,FALSE,0.539609583933364,1000,1094,18,"differential_object_marking","by_session_language","session_6_Mini-Norwegian",6,"Mini-Norwegian",NA,FALSE,"exploratory"
278,0.53109642736737,0.499849439874018,0.544079117875383,0.103896103896104,NA,NA,FALSE,0.539609583933364,1000,1094,18,"differential_object_marking","by_session_language","session_6_Mini-Norwegian",6,"Mini-Norwegian",NA,FALSE,"exploratory"
282,0.539112271256149,0.499763801272078,0.543218673014785,0.048951048951049,NA,NA,FALSE,0.539609583933364,1000,1094,18,"differential_object_marking","by_session_language","session_6_Mini-Norwegian",6,"Mini-Norwegian",NA,FALSE,"exploratory"
286,0.525929734041011,0.500295777328409,0.5471179721841,0.142857142857143,NA,NA,FALSE,0.539609583933364,1000,1094,18,"differential_object_marking","by_session_language","session_6_Mini-Norwegian",6,"Mini-Norwegian",NA,FALSE,"exploratory"
290,0.531828347519747,0.500864346300825,0.549197448183045,0.0969030969030969,NA,NA,FALSE,0.539609583933364,1000,1094,18,"differential_object_marking","by_session_language","session_6_Mini-Norwegian",6,"Mini-Norwegian",NA,FALSE,"exploratory"
294,0.559998374251535,0.501273478324696,0.548493528648556,0.00899100899100899,12,0.004995004995005,TRUE,0.539609583933364,1000,1094,18,"differential_object_marking","by_session_language","session_6_Mini-Norwegian",6,"Mini-Norwegian",NA,FALSE,"exploratory"
298,0.556274128571101,0.500533331451245,0.547184469043975,0.012987012987013,12,0.004995004995005,TRUE,0.539609583933364,1000,1094,18,"differential_object_marking","by_session_language","session_6_Mini-Norwegian",6,"Mini-Norwegian",NA,FALSE,"exploratory"
302,0.554940922051802,0.500354319171939,0.550326290655815,0.014985014985015,12,0.004995004995005,TRUE,0.539609583933364,1000,1094,18,"differential_object_marking","by_session_language","session_6_Mini-Norwegian",6,"Mini-Norwegian",NA,FALSE,"exploratory"
306,0.578618505203827,0.500237726436011,0.549032077759042,0.000999000999000999,12,0.004995004995005,TRUE,0.539609583933364,1000,1094,18,"differential_object_marking","by_session_language","session_6_Mini-Norwegian",6,"Mini-Norwegian",NA,FALSE,"exploratory"
310,0.582577397213224,0.500236498426228,0.54626011130254,0.000999000999000999,12,0.004995004995005,TRUE,0.539609583933364,1000,1094,18,"differential_object_marking","by_session_language","session_6_Mini-Norwegian",6,"Mini-Norwegian",NA,FALSE,"exploratory"
314,0.560938067534554,0.499943152165426,0.546506537384817,0.00799200799200799,12,0.004995004995005,TRUE,0.539609583933364,1000,1094,18,"differential_object_marking","by_session_language","session_6_Mini-Norwegian",6,"Mini-Norwegian",NA,FALSE,"exploratory"
318,0.553818147463648,0.500507141557143,0.547993097991139,0.012987012987013,12,0.004995004995005,TRUE,0.539609583933364,1000,1094,18,"differential_object_marking","by_session_language","session_6_Mini-Norwegian",6,"Mini-Norwegian",NA,FALSE,"exploratory"
322,0.557188641152727,0.500733805240586,0.548021670067147,0.010989010989011,12,0.004995004995005,TRUE,0.539609583933364,1000,1094,18,"differential_object_marking","by_session_language","session_6_Mini-Norwegian",6,"Mini-Norwegian",NA,FALSE,"exploratory"
326,0.556017607075935,0.500984754340941,0.545265427936216,0.00899100899100899,12,0.004995004995005,TRUE,0.539609583933364,1000,1094,18,"differential_object_marking","by_session_language","session_6_Mini-Norwegian",6,"Mini-Norwegian",NA,FALSE,"exploratory"
330,0.579658847165573,0.501373794457869,0.544538794804738,0.000999000999000999,12,0.004995004995005,TRUE,0.539609583933364,1000,1094,18,"differential_object_marking","by_session_language","session_6_Mini-Norwegian",6,"Mini-Norwegian",NA,FALSE,"exploratory"
334,0.587416842077044,0.501109584743461,0.544572806114466,0.000999000999000999,12,0.004995004995005,TRUE,0.539609583933364,1000,1094,18,"differential_object_marking","by_session_language","session_6_Mini-Norwegian",6,"Mini-Norwegian",NA,FALSE,"exploratory"
338,0.552369716238065,0.500849963480382,0.545005184670395,0.011988011988012,12,0.004995004995005,TRUE,0.539609583933364,1000,1094,18,"differential_object_marking","by_session_language","session_6_Mini-Norwegian",6,"Mini-Norwegian",NA,FALSE,"exploratory"
342,0.5406718749921,0.500651104541484,0.54830738806452,0.042957042957043,12,0.004995004995005,TRUE,0.539609583933364,1000,1094,18,"differential_object_marking","by_session_language","session_6_Mini-Norwegian",6,"Mini-Norwegian",NA,FALSE,"exploratory"
346,0.531857612272785,0.500115052321005,0.545229928419216,0.0919080919080919,NA,NA,FALSE,0.539609583933364,1000,1094,18,"differential_object_marking","by_session_language","session_6_Mini-Norwegian",6,"Mini-Norwegian",NA,FALSE,"exploratory"
350,0.52837514447027,0.500165571873914,0.543994544167911,0.112887112887113,NA,NA,FALSE,0.539609583933364,1000,1094,18,"differential_object_marking","by_session_language","session_6_Mini-Norwegian",6,"Mini-Norwegian",NA,FALSE,"exploratory"
354,0.541903169110976,0.499798138647028,0.541881373700515,0.025974025974026,13,0.03996003996004,TRUE,0.539609583933364,1000,1094,18,"differential_object_marking","by_session_language","session_6_Mini-Norwegian",6,"Mini-Norwegian",NA,FALSE,"exploratory"
358,0.543266552984873,0.499908277256406,0.545865230924932,0.036963036963037,13,0.03996003996004,TRUE,0.539609583933364,1000,1094,18,"differential_object_marking","by_session_language","session_6_Mini-Norwegian",6,"Mini-Norwegian",NA,FALSE,"exploratory"
362,0.566670193532336,0.499259421138299,0.545286992083614,0.000999000999000999,13,0.03996003996004,TRUE,0.539609583933364,1000,1094,18,"differential_object_marking","by_session_language","session_6_Mini-Norwegian",6,"Mini-Norwegian",NA,FALSE,"exploratory"
366,0.583204505407007,0.498762711719721,0.54351823822139,0.000999000999000999,13,0.03996003996004,TRUE,0.539609583933364,1000,1094,18,"differential_object_marking","by_session_language","session_6_Mini-Norwegian",6,"Mini-Norwegian",NA,FALSE,"exploratory"
370,0.568802085442518,0.499460770817242,0.545354273768209,0.003996003996004,13,0.03996003996004,TRUE,0.539609583933364,1000,1094,18,"differential_object_marking","by_session_language","session_6_Mini-Norwegian",6,"Mini-Norwegian",NA,FALSE,"exploratory"
374,0.555896737769967,0.500621580786753,0.545162921006283,0.00799200799200799,13,0.03996003996004,TRUE,0.539609583933364,1000,1094,18,"differential_object_marking","by_session_language","session_6_Mini-Norwegian",6,"Mini-Norwegian",NA,FALSE,"exploratory"
378,0.553787878484821,0.501020415809021,0.547654027833382,0.012987012987013,13,0.03996003996004,TRUE,0.539609583933364,1000,1094,18,"differential_object_marking","by_session_language","session_6_Mini-Norwegian",6,"Mini-Norwegian",NA,FALSE,"exploratory"
382,0.551700433130509,0.501129918995831,0.545806216305815,0.012987012987013,13,0.03996003996004,TRUE,0.539609583933364,1000,1094,18,"differential_object_marking","by_session_language","session_6_Mini-Norwegian",6,"Mini-Norwegian",NA,FALSE,"exploratory"
386,0.54402638321333,0.500912915929582,0.546779281444599,0.034965034965035,13,0.03996003996004,TRUE,0.539609583933364,1000,1094,18,"differential_object_marking","by_session_language","session_6_Mini-Norwegian",6,"Mini-Norwegian",NA,FALSE,"exploratory"
390,0.523717993722618,0.500547654544368,0.547017827888075,0.18981018981019,NA,NA,FALSE,0.539609583933364,1000,1094,18,"differential_object_marking","by_session_language","session_6_Mini-Norwegian",6,"Mini-Norwegian",NA,FALSE,"exploratory"
394,0.537912123358274,0.50046752753243,0.546902673230577,0.0539460539460539,NA,NA,FALSE,0.539609583933364,1000,1094,18,"differential_object_marking","by_session_language","session_6_Mini-Norwegian",6,"Mini-Norwegian",NA,FALSE,"exploratory"
398,0.554224844807242,0.500485087794243,0.546986100117017,0.012987012987013,14,0.00599400599400599,TRUE,0.539609583933364,1000,1094,18,"differential_object_marking","by_session_language","session_6_Mini-Norwegian",6,"Mini-Norwegian",NA,FALSE,"exploratory"
402,0.552147710740363,0.500895146049204,0.545989277183314,0.015984015984016,14,0.00599400599400599,TRUE,0.539609583933364,1000,1094,18,"differential_object_marking","by_session_language","session_6_Mini-Norwegian",6,"Mini-Norwegian",NA,FALSE,"exploratory"
406,0.561391490022835,0.501317769940963,0.546088509031507,0.00599400599400599,14,0.00599400599400599,TRUE,0.539609583933364,1000,1094,18,"differential_object_marking","by_session_language","session_6_Mini-Norwegian",6,"Mini-Norwegian",NA,FALSE,"exploratory"
410,0.58283847065638,0.501479452528967,0.549213201378326,0.000999000999000999,14,0.00599400599400599,TRUE,0.539609583933364,1000,1094,18,"differential_object_marking","by_session_language","session_6_Mini-Norwegian",6,"Mini-Norwegian",NA,FALSE,"exploratory"
414,0.591042155676692,0.501451299436891,0.547508292837746,0.000999000999000999,14,0.00599400599400599,TRUE,0.539609583933364,1000,1094,18,"differential_object_marking","by_session_language","session_6_Mini-Norwegian",6,"Mini-Norwegian",NA,FALSE,"exploratory"
418,0.588739244954141,0.500852368677802,0.546378689408391,0.000999000999000999,14,0.00599400599400599,TRUE,0.539609583933364,1000,1094,18,"differential_object_marking","by_session_language","session_6_Mini-Norwegian",6,"Mini-Norwegian",NA,FALSE,"exploratory"
422,0.581409922588399,0.500893994299395,0.548226108541345,0.000999000999000999,14,0.00599400599400599,TRUE,0.539609583933364,1000,1094,18,"differential_object_marking","by_session_language","session_6_Mini-Norwegian",6,"Mini-Norwegian",NA,FALSE,"exploratory"
426,0.557123294788299,0.500811806188781,0.547569095964095,0.00899100899100899,14,0.00599400599400599,TRUE,0.539609583933364,1000,1094,18,"differential_object_marking","by_session_language","session_6_Mini-Norwegian",6,"Mini-Norwegian",NA,FALSE,"exploratory"
430,0.534531164912967,0.500715852038587,0.546515336128025,0.0919080919080919,NA,NA,FALSE,0.539609583933364,1000,1094,18,"differential_object_marking","by_session_language","session_6_Mini-Norwegian",6,"Mini-Norwegian",NA,FALSE,"exploratory"
434,0.53049266948902,0.50061064765978,0.547922361120539,0.112887112887113,NA,NA,FALSE,0.539609583933364,1000,1094,18,"differential_object_marking","by_session_language","session_6_Mini-Norwegian",6,"Mini-Norwegian",NA,FALSE,"exploratory"
438,0.537856600526374,0.499785036964051,0.546444664312766,0.0529470529470529,NA,NA,FALSE,0.539609583933364,1000,1094,18,"differential_object_marking","by_session_language","session_6_Mini-Norwegian",6,"Mini-Norwegian",NA,FALSE,"exploratory"
442,0.541928601755408,0.499506353418955,0.543636783879974,0.032967032967033,15,0.935064935064935,FALSE,0.539609583933364,1000,1094,18,"differential_object_marking","by_session_language","session_6_Mini-Norwegian",6,"Mini-Norwegian",NA,FALSE,"exploratory"
446,0.54438759989058,0.500337481140758,0.542218790960702,0.023976023976024,15,0.935064935064935,FALSE,0.539609583933364,1000,1094,18,"differential_object_marking","by_session_language","session_6_Mini-Norwegian",6,"Mini-Norwegian",NA,FALSE,"exploratory"
450,0.534218107973808,0.500485329191433,0.541749402220256,0.0709290709290709,NA,NA,FALSE,0.539609583933364,1000,1094,18,"differential_object_marking","by_session_language","session_6_Mini-Norwegian",6,"Mini-Norwegian",NA,FALSE,"exploratory"
454,0.512728711427076,0.500479735017187,0.543454404860014,0.295704295704296,NA,NA,FALSE,0.539609583933364,1000,1094,18,"differential_object_marking","by_session_language","session_6_Mini-Norwegian",6,"Mini-Norwegian",NA,FALSE,"exploratory"
458,0.489093033753682,0.500069203760182,0.546363154374284,0.672327672327672,NA,NA,FALSE,0.539609583933364,1000,1094,18,"differential_object_marking","by_session_language","session_6_Mini-Norwegian",6,"Mini-Norwegian",NA,FALSE,"exploratory"
462,0.504225914742864,0.50021191480802,0.549903974992069,0.435564435564436,NA,NA,FALSE,0.539609583933364,1000,1094,18,"differential_object_marking","by_session_language","session_6_Mini-Norwegian",6,"Mini-Norwegian",NA,FALSE,"exploratory"
466,0.515234758879863,0.500793968549356,0.547765190906291,0.281718281718282,NA,NA,FALSE,0.539609583933364,1000,1094,18,"differential_object_marking","by_session_language","session_6_Mini-Norwegian",6,"Mini-Norwegian",NA,FALSE,"exploratory"
470,0.516879431521071,0.501585743640771,0.547623839240422,0.268731268731269,NA,NA,FALSE,0.539609583933364,1000,1094,18,"differential_object_marking","by_session_language","session_6_Mini-Norwegian",6,"Mini-Norwegian",NA,FALSE,"exploratory"
474,0.528402775258118,0.501375162285611,0.550205859121686,0.136863136863137,NA,NA,FALSE,0.539609583933364,1000,1094,18,"differential_object_marking","by_session_language","session_6_Mini-Norwegian",6,"Mini-Norwegian",NA,FALSE,"exploratory"
478,0.530869999286384,0.501201257564489,0.549708021385423,0.122877122877123,NA,NA,FALSE,0.539609583933364,1000,1094,18,"differential_object_marking","by_session_language","session_6_Mini-Norwegian",6,"Mini-Norwegian",NA,FALSE,"exploratory"
482,0.52430798156964,0.50041647238841,0.549353578530412,0.182817182817183,NA,NA,FALSE,0.539609583933364,1000,1094,18,"differential_object_marking","by_session_language","session_6_Mini-Norwegian",6,"Mini-Norwegian",NA,FALSE,"exploratory"
486,0.516894044643545,0.500076940296318,0.550106937546897,0.244755244755245,NA,NA,FALSE,0.539609583933364,1000,1094,18,"differential_object_marking","by_session_language","session_6_Mini-Norwegian",6,"Mini-Norwegian",NA,FALSE,"exploratory"
490,0.517409461173515,0.499877338061459,0.547104411534858,0.254745254745255,NA,NA,FALSE,0.539609583933364,1000,1094,18,"differential_object_marking","by_session_language","session_6_Mini-Norwegian",6,"Mini-Norwegian",NA,FALSE,"exploratory"
494,0.528061596503586,0.499326421373901,0.548966503007027,0.121878121878122,NA,NA,FALSE,0.539609583933364,1000,1094,18,"differential_object_marking","by_session_language","session_6_Mini-Norwegian",6,"Mini-Norwegian",NA,FALSE,"exploratory"
498,0.517217986244644,0.499553202479695,0.544892321429508,0.240759240759241,NA,NA,FALSE,0.539609583933364,1000,1094,18,"differential_object_marking","by_session_language","session_6_Mini-Norwegian",6,"Mini-Norwegian",NA,FALSE,"exploratory"
502,0.517057266720976,0.500042338287128,0.542900860841252,0.252747252747253,NA,NA,FALSE,0.539609583933364,1000,1094,18,"differential_object_marking","by_session_language","session_6_Mini-Norwegian",6,"Mini-Norwegian",NA,FALSE,"exploratory"
506,0.526922910883242,0.499891277130881,0.544233724504248,0.128871128871129,NA,NA,FALSE,0.539609583933364,1000,1094,18,"differential_object_marking","by_session_language","session_6_Mini-Norwegian",6,"Mini-Norwegian",NA,FALSE,"exploratory"
510,0.544536184176627,0.50033266088195,0.544446543027339,0.024975024975025,16,0.247752247752248,FALSE,0.539609583933364,1000,1094,18,"differential_object_marking","by_session_language","session_6_Mini-Norwegian",6,"Mini-Norwegian",NA,FALSE,"exploratory"
514,0.563654724941166,0.500591286013849,0.546173957010237,0.00599400599400599,16,0.247752247752248,FALSE,0.539609583933364,1000,1094,18,"differential_object_marking","by_session_language","session_6_Mini-Norwegian",6,"Mini-Norwegian",NA,FALSE,"exploratory"
518,0.563799168662826,0.50139239054847,0.547282942243658,0.004995004995005,16,0.247752247752248,FALSE,0.539609583933364,1000,1094,18,"differential_object_marking","by_session_language","session_6_Mini-Norwegian",6,"Mini-Norwegian",NA,FALSE,"exploratory"
522,0.556462806774219,0.501624495229996,0.54883766000916,0.011988011988012,16,0.247752247752248,FALSE,0.539609583933364,1000,1094,18,"differential_object_marking","by_session_language","session_6_Mini-Norwegian",6,"Mini-Norwegian",NA,FALSE,"exploratory"
526,0.541338736316188,0.50136567922569,0.547145341870502,0.042957042957043,16,0.247752247752248,FALSE,0.539609583933364,1000,1094,18,"differential_object_marking","by_session_language","session_6_Mini-Norwegian",6,"Mini-Norwegian",NA,FALSE,"exploratory"
530,0.537000967882545,0.50063542332436,0.546037512247101,0.0689310689310689,NA,NA,FALSE,0.539609583933364,1000,1094,18,"differential_object_marking","by_session_language","session_6_Mini-Norwegian",6,"Mini-Norwegian",NA,FALSE,"exploratory"
534,0.5227420449853,0.500948021277946,0.544592545635066,0.177822177822178,NA,NA,FALSE,0.539609583933364,1000,1094,18,"differential_object_marking","by_session_language","session_6_Mini-Norwegian",6,"Mini-Norwegian",NA,FALSE,"exploratory"
538,0.52082773919261,0.500896815654391,0.544697972376577,0.197802197802198,NA,NA,FALSE,0.539609583933364,1000,1094,18,"differential_object_marking","by_session_language","session_6_Mini-Norwegian",6,"Mini-Norwegian",NA,FALSE,"exploratory"
542,0.516765287926641,0.501225979239231,0.547029766090233,0.253746253746254,NA,NA,FALSE,0.539609583933364,1000,1094,18,"differential_object_marking","by_session_language","session_6_Mini-Norwegian",6,"Mini-Norwegian",NA,FALSE,"exploratory"
546,0.536716808054781,0.501027345665897,0.548751481664816,0.0689310689310689,NA,NA,FALSE,0.539609583933364,1000,1094,18,"differential_object_marking","by_session_language","session_6_Mini-Norwegian",6,"Mini-Norwegian",NA,FALSE,"exploratory"
550,0.533425162832913,0.500174927722136,0.549135841190675,0.0869130869130869,NA,NA,FALSE,0.539609583933364,1000,1094,18,"differential_object_marking","by_session_language","session_6_Mini-Norwegian",6,"Mini-Norwegian",NA,FALSE,"exploratory"
554,0.529235719631844,0.499876492001165,0.54708553567801,0.118881118881119,NA,NA,FALSE,0.539609583933364,1000,1094,18,"differential_object_marking","by_session_language","session_6_Mini-Norwegian",6,"Mini-Norwegian",NA,FALSE,"exploratory"
558,0.530610558956713,0.500021208064865,0.547584853875504,0.11988011988012,NA,NA,FALSE,0.539609583933364,1000,1094,18,"differential_object_marking","by_session_language","session_6_Mini-Norwegian",6,"Mini-Norwegian",NA,FALSE,"exploratory"
562,0.525317875389395,0.500332028153982,0.546514221964294,0.161838161838162,NA,NA,FALSE,0.539609583933364,1000,1094,18,"differential_object_marking","by_session_language","session_6_Mini-Norwegian",6,"Mini-Norwegian",NA,FALSE,"exploratory"
566,0.525550424380874,0.500385038738933,0.547600960943036,0.143856143856144,NA,NA,FALSE,0.539609583933364,1000,1094,18,"differential_object_marking","by_session_language","session_6_Mini-Norwegian",6,"Mini-Norwegian",NA,FALSE,"exploratory"
570,0.530168542699295,0.500304871531968,0.548493743609844,0.106893106893107,NA,NA,FALSE,0.539609583933364,1000,1094,18,"differential_object_marking","by_session_language","session_6_Mini-Norwegian",6,"Mini-Norwegian",NA,FALSE,"exploratory"
574,0.544558472264376,0.50080347072071,0.549394815061862,0.036963036963037,17,0.944055944055944,FALSE,0.539609583933364,1000,1094,18,"differential_object_marking","by_session_language","session_6_Mini-Norwegian",6,"Mini-Norwegian",NA,FALSE,"exploratory"
578,0.540165434773569,0.500699155674196,0.549746730112157,0.0589410589410589,17,0.944055944055944,FALSE,0.539609583933364,1000,1094,18,"differential_object_marking","by_session_language","session_6_Mini-Norwegian",6,"Mini-Norwegian",NA,FALSE,"exploratory"
582,0.523689333828733,0.501231306435019,0.548827206812662,0.185814185814186,NA,NA,FALSE,0.539609583933364,1000,1094,18,"differential_object_marking","by_session_language","session_6_Mini-Norwegian",6,"Mini-Norwegian",NA,FALSE,"exploratory"
586,0.513482905917795,0.501312162701065,0.54618904166136,0.303696303696304,NA,NA,FALSE,0.539609583933364,1000,1094,18,"differential_object_marking","by_session_language","session_6_Mini-Norwegian",6,"Mini-Norwegian",NA,FALSE,"exploratory"
590,0.500199828086192,0.500566978656155,0.547964097620967,0.500499500499501,NA,NA,FALSE,0.539609583933364,1000,1094,18,"differential_object_marking","by_session_language","session_6_Mini-Norwegian",6,"Mini-Norwegian",NA,FALSE,"exploratory"
594,0.51184754967033,0.500371477220749,0.546211297624622,0.340659340659341,NA,NA,FALSE,0.539609583933364,1000,1094,18,"differential_object_marking","by_session_language","session_6_Mini-Norwegian",6,"Mini-Norwegian",NA,FALSE,"exploratory"
598,0.540709337689821,0.500588428299128,0.547422006044341,0.046953046953047,18,0.977022977022977,FALSE,0.539609583933364,1000,1094,18,"differential_object_marking","by_session_language","session_6_Mini-Norwegian",6,"Mini-Norwegian",NA,FALSE,"exploratory"
602,0.538127809389617,0.500366445312904,0.547932184158811,0.0569430569430569,NA,NA,FALSE,0.539609583933364,1000,1094,18,"differential_object_marking","by_session_language","session_6_Mini-Norwegian",6,"Mini-Norwegian",NA,FALSE,"exploratory"
606,0.539405692540573,0.500285160905885,0.548381051693364,0.050949050949051,NA,NA,FALSE,0.539609583933364,1000,1094,18,"differential_object_marking","by_session_language","session_6_Mini-Norwegian",6,"Mini-Norwegian",NA,FALSE,"exploratory"
610,0.536810128253593,0.499900365108723,0.545209942597399,0.0579420579420579,NA,NA,FALSE,0.539609583933364,1000,1094,18,"differential_object_marking","by_session_language","session_6_Mini-Norwegian",6,"Mini-Norwegian",NA,FALSE,"exploratory"
614,0.532293512270171,0.500101961934404,0.545632283247196,0.0919080919080919,NA,NA,FALSE,0.539609583933364,1000,1094,18,"differential_object_marking","by_session_language","session_6_Mini-Norwegian",6,"Mini-Norwegian",NA,FALSE,"exploratory"
618,0.529856836307447,0.500385922673038,0.545961667316391,0.10989010989011,NA,NA,FALSE,0.539609583933364,1000,1094,18,"differential_object_marking","by_session_language","session_6_Mini-Norwegian",6,"Mini-Norwegian",NA,FALSE,"exploratory"
622,0.536571579990265,0.500849700129582,0.545324946236997,0.0669330669330669,NA,NA,FALSE,0.539609583933364,1000,1094,18,"differential_object_marking","by_session_language","session_6_Mini-Norwegian",6,"Mini-Norwegian",NA,FALSE,"exploratory"
626,0.537943731101366,0.500888480927248,0.548810810892582,0.0569430569430569,NA,NA,FALSE,0.539609583933364,1000,1094,18,"differential_object_marking","by_session_language","session_6_Mini-Norwegian",6,"Mini-Norwegian",NA,FALSE,"exploratory"
630,0.525992530980671,0.500884883707406,0.549174151030336,0.151848151848152,NA,NA,FALSE,0.539609583933364,1000,1094,18,"differential_object_marking","by_session_language","session_6_Mini-Norwegian",6,"Mini-Norwegian",NA,FALSE,"exploratory"
634,0.51185783474505,0.501003868379798,0.547519894022385,0.343656343656344,NA,NA,FALSE,0.539609583933364,1000,1094,18,"differential_object_marking","by_session_language","session_6_Mini-Norwegian",6,"Mini-Norwegian",NA,FALSE,"exploratory"
638,0.50342676597904,0.501258617344149,0.546635191647672,0.482517482517482,NA,NA,FALSE,0.539609583933364,1000,1094,18,"differential_object_marking","by_session_language","session_6_Mini-Norwegian",6,"Mini-Norwegian",NA,FALSE,"exploratory"
642,0.509041653275692,0.501485236285196,0.548762752047754,0.408591408591409,NA,NA,FALSE,0.539609583933364,1000,1094,18,"differential_object_marking","by_session_language","session_6_Mini-Norwegian",6,"Mini-Norwegian",NA,FALSE,"exploratory"
646,0.512697443851473,0.501574764408237,0.547343513581937,0.344655344655345,NA,NA,FALSE,0.539609583933364,1000,1094,18,"differential_object_marking","by_session_language","session_6_Mini-Norwegian",6,"Mini-Norwegian",NA,FALSE,"exploratory"
650,0.489947587173664,0.501624710659995,0.547772472156083,0.687312687312687,NA,NA,FALSE,0.539609583933364,1000,1094,18,"differential_object_marking","by_session_language","session_6_Mini-Norwegian",6,"Mini-Norwegian",NA,FALSE,"exploratory"
654,0.515817856320954,0.500930014477743,0.547645282695394,0.27972027972028,NA,NA,FALSE,0.539609583933364,1000,1094,18,"differential_object_marking","by_session_language","session_6_Mini-Norwegian",6,"Mini-Norwegian",NA,FALSE,"exploratory"
658,0.522203190331119,0.500863041917824,0.548285301410749,0.187812187812188,NA,NA,FALSE,0.539609583933364,1000,1094,18,"differential_object_marking","by_session_language","session_6_Mini-Norwegian",6,"Mini-Norwegian",NA,FALSE,"exploratory"
662,0.514656451028215,0.501252385604466,0.547791430952346,0.292707292707293,NA,NA,FALSE,0.539609583933364,1000,1094,18,"differential_object_marking","by_session_language","session_6_Mini-Norwegian",6,"Mini-Norwegian",NA,FALSE,"exploratory"
666,0.508664953711795,0.501513092092228,0.55058180790813,0.40959040959041,NA,NA,FALSE,0.539609583933364,1000,1094,18,"differential_object_marking","by_session_language","session_6_Mini-Norwegian",6,"Mini-Norwegian",NA,FALSE,"exploratory"
670,0.490314260808632,0.501397341888064,0.548317829872725,0.674325674325674,NA,NA,FALSE,0.539609583933364,1000,1094,18,"differential_object_marking","by_session_language","session_6_Mini-Norwegian",6,"Mini-Norwegian",NA,FALSE,"exploratory"
674,0.498172196668285,0.501791164685593,0.550346014283449,0.568431568431568,NA,NA,FALSE,0.539609583933364,1000,1094,18,"differential_object_marking","by_session_language","session_6_Mini-Norwegian",6,"Mini-Norwegian",NA,FALSE,"exploratory"
678,0.503300367143819,0.501642951361131,0.549219098173128,0.473526473526474,NA,NA,FALSE,0.539609583933364,1000,1094,18,"differential_object_marking","by_session_language","session_6_Mini-Norwegian",6,"Mini-Norwegian",NA,FALSE,"exploratory"
682,0.507722070625222,0.501477719016912,0.549835415959657,0.396603396603397,NA,NA,FALSE,0.539609583933364,1000,1094,18,"differential_object_marking","by_session_language","session_6_Mini-Norwegian",6,"Mini-Norwegian",NA,FALSE,"exploratory"
686,0.496293091587178,0.500293920064576,0.55061796377549,0.549450549450549,NA,NA,FALSE,0.539609583933364,1000,1094,18,"differential_object_marking","by_session_language","session_6_Mini-Norwegian",6,"Mini-Norwegian",NA,FALSE,"exploratory"
690,0.50946411925473,0.4999267501483,0.548794028283118,0.350649350649351,NA,NA,FALSE,0.539609583933364,1000,1094,18,"differential_object_marking","by_session_language","session_6_Mini-Norwegian",6,"Mini-Norwegian",NA,FALSE,"exploratory"
694,0.506512245173622,0.500572911218359,0.547228414434397,0.395604395604396,NA,NA,FALSE,0.539609583933364,1000,1094,18,"differential_object_marking","by_session_language","session_6_Mini-Norwegian",6,"Mini-Norwegian",NA,FALSE,"exploratory"
698,0.508784940797277,0.500936053356105,0.546759206998093,0.371628371628372,NA,NA,FALSE,0.539609583933364,1000,1094,18,"differential_object_marking","by_session_language","session_6_Mini-Norwegian",6,"Mini-Norwegian",NA,FALSE,"exploratory"
702,0.524798355598013,0.500668739513688,0.545541513144301,0.165834165834166,NA,NA,FALSE,0.539609583933364,1000,1094,18,"differential_object_marking","by_session_language","session_6_Mini-Norwegian",6,"Mini-Norwegian",NA,FALSE,"exploratory"
706,0.527668123251856,0.500635779027968,0.54687063997968,0.14985014985015,NA,NA,FALSE,0.539609583933364,1000,1094,18,"differential_object_marking","by_session_language","session_6_Mini-Norwegian",6,"Mini-Norwegian",NA,FALSE,"exploratory"
710,0.538435996808335,0.50115214211546,0.547978429827509,0.0689310689310689,NA,NA,FALSE,0.539609583933364,1000,1094,18,"differential_object_marking","by_session_language","session_6_Mini-Norwegian",6,"Mini-Norwegian",NA,FALSE,"exploratory"
714,0.531671794106151,0.500231077277093,0.545609357398142,0.0999000999000999,NA,NA,FALSE,0.539609583933364,1000,1094,18,"differential_object_marking","by_session_language","session_6_Mini-Norwegian",6,"Mini-Norwegian",NA,FALSE,"exploratory"
718,0.5207393321927,0.500160526681709,0.546124282879563,0.204795204795205,NA,NA,FALSE,0.539609583933364,1000,1094,18,"differential_object_marking","by_session_language","session_6_Mini-Norwegian",6,"Mini-Norwegian",NA,FALSE,"exploratory"
722,0.540984159397452,0.500612695323717,0.54361636650125,0.038961038961039,19,0.587412587412587,FALSE,0.539609583933364,1000,1094,18,"differential_object_marking","by_session_language","session_6_Mini-Norwegian",6,"Mini-Norwegian",NA,FALSE,"exploratory"
726,0.55413123306254,0.500723895561705,0.545035056836552,0.004995004995005,19,0.587412587412587,FALSE,0.539609583933364,1000,1094,18,"differential_object_marking","by_session_language","session_6_Mini-Norwegian",6,"Mini-Norwegian",NA,FALSE,"exploratory"
730,0.555942914027988,0.501119648784998,0.547231674086515,0.00799200799200799,19,0.587412587412587,FALSE,0.539609583933364,1000,1094,18,"differential_object_marking","by_session_language","session_6_Mini-Norwegian",6,"Mini-Norwegian",NA,FALSE,"exploratory"
734,0.541507460295763,0.501402397487558,0.544607201346877,0.03996003996004,19,0.587412587412587,FALSE,0.539609583933364,1000,1094,18,"differential_object_marking","by_session_language","session_6_Mini-Norwegian",6,"Mini-Norwegian",NA,FALSE,"exploratory"
738,0.507235093925695,0.501321139114608,0.544775596489114,0.421578421578422,NA,NA,FALSE,0.539609583933364,1000,1094,18,"differential_object_marking","by_session_language","session_6_Mini-Norwegian",6,"Mini-Norwegian",NA,FALSE,"exploratory"
742,0.485229492619033,0.500940167413715,0.545427764942051,0.748251748251748,NA,NA,FALSE,0.539609583933364,1000,1094,18,"differential_object_marking","by_session_language","session_6_Mini-Norwegian",6,"Mini-Norwegian",NA,FALSE,"exploratory"
746,0.49457768671575,0.501155751025618,0.549783835554576,0.615384615384615,NA,NA,FALSE,0.539609583933364,1000,1094,18,"differential_object_marking","by_session_language","session_6_Mini-Norwegian",6,"Mini-Norwegian",NA,FALSE,"exploratory"
750,0.497735474356019,0.500852260731423,0.550617385542279,0.553446553446553,NA,NA,FALSE,0.539609583933364,1000,1094,18,"differential_object_marking","by_session_language","session_6_Mini-Norwegian",6,"Mini-Norwegian",NA,FALSE,"exploratory"
754,0.493492846122551,0.500286002471547,0.547955338322392,0.617382617382617,NA,NA,FALSE,0.539609583933364,1000,1094,18,"differential_object_marking","by_session_language","session_6_Mini-Norwegian",6,"Mini-Norwegian",NA,FALSE,"exploratory"
758,0.501254287827231,0.500402794134322,0.548267850902503,0.509490509490509,NA,NA,FALSE,0.539609583933364,1000,1094,18,"differential_object_marking","by_session_language","session_6_Mini-Norwegian",6,"Mini-Norwegian",NA,FALSE,"exploratory"
762,0.518195583775724,0.500499625383442,0.550850190144743,0.251748251748252,NA,NA,FALSE,0.539609583933364,1000,1094,18,"differential_object_marking","by_session_language","session_6_Mini-Norwegian",6,"Mini-Norwegian",NA,FALSE,"exploratory"
766,0.543494913125693,0.500308464813723,0.547021466056749,0.035964035964036,20,0.954045954045954,FALSE,0.539609583933364,1000,1094,18,"differential_object_marking","by_session_language","session_6_Mini-Norwegian",6,"Mini-Norwegian",NA,FALSE,"exploratory"
770,0.526095099436468,0.500200192979485,0.54494794157031,0.14985014985015,NA,NA,FALSE,0.539609583933364,1000,1094,18,"differential_object_marking","by_session_language","session_6_Mini-Norwegian",6,"Mini-Norwegian",NA,FALSE,"exploratory"
774,0.531828464510355,0.500406798459647,0.547075658311862,0.0969030969030969,NA,NA,FALSE,0.539609583933364,1000,1094,18,"differential_object_marking","by_session_language","session_6_Mini-Norwegian",6,"Mini-Norwegian",NA,FALSE,"exploratory"
778,0.525895275068817,0.500693208440562,0.548101353727202,0.142857142857143,NA,NA,FALSE,0.539609583933364,1000,1094,18,"differential_object_marking","by_session_language","session_6_Mini-Norwegian",6,"Mini-Norwegian",NA,FALSE,"exploratory"
782,0.534421249851854,0.501610329044962,0.550428881510072,0.0869130869130869,NA,NA,FALSE,0.539609583933364,1000,1094,18,"differential_object_marking","by_session_language","session_6_Mini-Norwegian",6,"Mini-Norwegian",NA,FALSE,"exploratory"
786,0.522485402333788,0.501004339630457,0.547721157885272,0.175824175824176,NA,NA,FALSE,0.539609583933364,1000,1094,18,"differential_object_marking","by_session_language","session_6_Mini-Norwegian",6,"Mini-Norwegian",NA,FALSE,"exploratory"
790,0.530608565155149,0.500399608318868,0.545299494329628,0.103896103896104,NA,NA,FALSE,0.539609583933364,1000,1094,18,"differential_object_marking","by_session_language","session_6_Mini-Norwegian",6,"Mini-Norwegian",NA,FALSE,"exploratory"
794,0.534949556590262,0.499981909061461,0.546281887179457,0.0709290709290709,NA,NA,FALSE,0.539609583933364,1000,1094,18,"differential_object_marking","by_session_language","session_6_Mini-Norwegian",6,"Mini-Norwegian",NA,FALSE,"exploratory"
798,0.500696829809295,0.49979464080277,0.544446879265002,0.4995004995005,NA,NA,FALSE,0.539609583933364,1000,1094,18,"differential_object_marking","by_session_language","session_6_Mini-Norwegian",6,"Mini-Norwegian",NA,FALSE,"exploratory"
802,0.506328133984082,0.500014855150663,0.545306417072871,0.396603396603397,NA,NA,FALSE,0.539609583933364,1000,1094,18,"differential_object_marking","by_session_language","session_6_Mini-Norwegian",6,"Mini-Norwegian",NA,FALSE,"exploratory"
806,0.514828951935104,0.500457868709384,0.546390376225866,0.272727272727273,NA,NA,FALSE,0.539609583933364,1000,1094,18,"differential_object_marking","by_session_language","session_6_Mini-Norwegian",6,"Mini-Norwegian",NA,FALSE,"exploratory"
810,0.522897300921337,0.500824457232221,0.547276435760395,0.171828171828172,NA,NA,FALSE,0.539609583933364,1000,1094,18,"differential_object_marking","by_session_language","session_6_Mini-Norwegian",6,"Mini-Norwegian",NA,FALSE,"exploratory"
814,0.539122696939469,0.501160148079995,0.545419195885622,0.047952047952048,NA,NA,FALSE,0.539609583933364,1000,1094,18,"differential_object_marking","by_session_language","session_6_Mini-Norwegian",6,"Mini-Norwegian",NA,FALSE,"exploratory"
818,0.52329402586531,0.500976286208649,0.548652178587415,0.176823176823177,NA,NA,FALSE,0.539609583933364,1000,1094,18,"differential_object_marking","by_session_language","session_6_Mini-Norwegian",6,"Mini-Norwegian",NA,FALSE,"exploratory"
822,0.503209791394484,0.500457174029654,0.542212945755757,0.463536463536464,NA,NA,FALSE,0.539609583933364,1000,1094,18,"differential_object_marking","by_session_language","session_6_Mini-Norwegian",6,"Mini-Norwegian",NA,FALSE,"exploratory"
826,0.510359374431958,0.499891358418519,0.546028747891356,0.330669330669331,NA,NA,FALSE,0.539609583933364,1000,1094,18,"differential_object_marking","by_session_language","session_6_Mini-Norwegian",6,"Mini-Norwegian",NA,FALSE,"exploratory"
830,0.521237011999454,0.499610303837972,0.5433446786277,0.184815184815185,NA,NA,FALSE,0.539609583933364,1000,1094,18,"differential_object_marking","by_session_language","session_6_Mini-Norwegian",6,"Mini-Norwegian",NA,FALSE,"exploratory"
834,0.525028609027767,0.500013723712599,0.543227684779941,0.151848151848152,NA,NA,FALSE,0.539609583933364,1000,1094,18,"differential_object_marking","by_session_language","session_6_Mini-Norwegian",6,"Mini-Norwegian",NA,FALSE,"exploratory"
838,0.498091883442246,0.500230489109165,0.54611953859844,0.549450549450549,NA,NA,FALSE,0.539609583933364,1000,1094,18,"differential_object_marking","by_session_language","session_6_Mini-Norwegian",6,"Mini-Norwegian",NA,FALSE,"exploratory"
842,0.461494302781578,0.500624549931541,0.546200982691504,0.946053946053946,NA,NA,FALSE,0.539609583933364,1000,1094,18,"differential_object_marking","by_session_language","session_6_Mini-Norwegian",6,"Mini-Norwegian",NA,FALSE,"exploratory"
846,0.429266381085167,0.499776276862407,0.546511253656499,0.994005994005994,NA,NA,FALSE,0.539609583933364,1000,1094,18,"differential_object_marking","by_session_language","session_6_Mini-Norwegian",6,"Mini-Norwegian",NA,FALSE,"exploratory"
850,0.426528678641035,0.499457161958789,0.546931405274509,0.997002997002997,NA,NA,FALSE,0.539609583933364,1000,1094,18,"differential_object_marking","by_session_language","session_6_Mini-Norwegian",6,"Mini-Norwegian",NA,FALSE,"exploratory"
854,0.433547489022973,0.499965281641188,0.545580272517015,0.996003996003996,NA,NA,FALSE,0.539609583933364,1000,1094,18,"differential_object_marking","by_session_language","session_6_Mini-Norwegian",6,"Mini-Norwegian",NA,FALSE,"exploratory"
858,0.479152681385485,0.500048783151103,0.548537127897545,0.813186813186813,NA,NA,FALSE,0.539609583933364,1000,1094,18,"differential_object_marking","by_session_language","session_6_Mini-Norwegian",6,"Mini-Norwegian",NA,FALSE,"exploratory"
862,0.508743385067355,0.499567514326952,0.547054958325993,0.361638361638362,NA,NA,FALSE,0.539609583933364,1000,1094,18,"differential_object_marking","by_session_language","session_6_Mini-Norwegian",6,"Mini-Norwegian",NA,FALSE,"exploratory"
866,0.514209992580037,0.499774926058021,0.548073021000949,0.268731268731269,NA,NA,FALSE,0.539609583933364,1000,1094,18,"differential_object_marking","by_session_language","session_6_Mini-Norwegian",6,"Mini-Norwegian",NA,FALSE,"exploratory"
870,0.503756372747387,0.499401782722417,0.546235384784806,0.445554445554446,NA,NA,FALSE,0.539609583933364,1000,1094,18,"differential_object_marking","by_session_language","session_6_Mini-Norwegian",6,"Mini-Norwegian",NA,FALSE,"exploratory"
874,0.507347366789507,0.499773236199403,0.547065723619837,0.385614385614386,NA,NA,FALSE,0.539609583933364,1000,1094,18,"differential_object_marking","by_session_language","session_6_Mini-Norwegian",6,"Mini-Norwegian",NA,FALSE,"exploratory"
878,0.502008906577604,0.500475920982749,0.545188012466668,0.4995004995005,NA,NA,FALSE,0.539609583933364,1000,1094,18,"differential_object_marking","by_session_language","session_6_Mini-Norwegian",6,"Mini-Norwegian",NA,FALSE,"exploratory"
882,0.494131364495294,0.501054976791519,0.544751514225405,0.623376623376623,NA,NA,FALSE,0.539609583933364,1000,1094,18,"differential_object_marking","by_session_language","session_6_Mini-Norwegian",6,"Mini-Norwegian",NA,FALSE,"exploratory"
886,0.508419590617093,0.500930742923052,0.545970753900086,0.400599400599401,NA,NA,FALSE,0.539609583933364,1000,1094,18,"differential_object_marking","by_session_language","session_6_Mini-Norwegian",6,"Mini-Norwegian",NA,FALSE,"exploratory"
890,0.523535261257044,0.500732464063219,0.548101323661982,0.186813186813187,NA,NA,FALSE,0.539609583933364,1000,1094,18,"differential_object_marking","by_session_language","session_6_Mini-Norwegian",6,"Mini-Norwegian",NA,FALSE,"exploratory"
894,0.524112729153549,0.500210845372157,0.552449630055397,0.168831168831169,NA,NA,FALSE,0.539609583933364,1000,1094,18,"differential_object_marking","by_session_language","session_6_Mini-Norwegian",6,"Mini-Norwegian",NA,FALSE,"exploratory"
898,0.525965276235559,0.499672672820345,0.548169811982887,0.147852147852148,NA,NA,FALSE,0.539609583933364,1000,1094,18,"differential_object_marking","by_session_language","session_6_Mini-Norwegian",6,"Mini-Norwegian",NA,FALSE,"exploratory"
902,0.524890878793144,0.499533301528504,0.546243751105682,0.152847152847153,NA,NA,FALSE,0.539609583933364,1000,1094,18,"differential_object_marking","by_session_language","session_6_Mini-Norwegian",6,"Mini-Norwegian",NA,FALSE,"exploratory"
906,0.53480394613486,0.499254610501945,0.545189455159513,0.0679320679320679,NA,NA,FALSE,0.539609583933364,1000,1094,18,"differential_object_marking","by_session_language","session_6_Mini-Norwegian",6,"Mini-Norwegian",NA,FALSE,"exploratory"
910,0.539196404252356,0.499942721905714,0.545989735416622,0.0549450549450549,NA,NA,FALSE,0.539609583933364,1000,1094,18,"differential_object_marking","by_session_language","session_6_Mini-Norwegian",6,"Mini-Norwegian",NA,FALSE,"exploratory"
914,0.529720568434672,0.500457874634415,0.544151458434626,0.107892107892108,NA,NA,FALSE,0.539609583933364,1000,1094,18,"differential_object_marking","by_session_language","session_6_Mini-Norwegian",6,"Mini-Norwegian",NA,FALSE,"exploratory"
918,0.51479140380145,0.500449872955248,0.542693443052435,0.26973026973027,NA,NA,FALSE,0.539609583933364,1000,1094,18,"differential_object_marking","by_session_language","session_6_Mini-Norwegian",6,"Mini-Norwegian",NA,FALSE,"exploratory"
922,0.50590816005513,0.501252535184653,0.545779500460267,0.442557442557443,NA,NA,FALSE,0.539609583933364,1000,1094,18,"differential_object_marking","by_session_language","session_6_Mini-Norwegian",6,"Mini-Norwegian",NA,FALSE,"exploratory"
926,0.484416314281386,0.500445168516765,0.544342293563762,0.76023976023976,NA,NA,FALSE,0.539609583933364,1000,1094,18,"differential_object_marking","by_session_language","session_6_Mini-Norwegian",6,"Mini-Norwegian",NA,FALSE,"exploratory"
930,0.485444963834989,0.500398074716613,0.543393183897547,0.741258741258741,NA,NA,FALSE,0.539609583933364,1000,1094,18,"differential_object_marking","by_session_language","session_6_Mini-Norwegian",6,"Mini-Norwegian",NA,FALSE,"exploratory"
934,0.506888950364527,0.500396538870939,0.543734446908724,0.41958041958042,NA,NA,FALSE,0.539609583933364,1000,1094,18,"differential_object_marking","by_session_language","session_6_Mini-Norwegian",6,"Mini-Norwegian",NA,FALSE,"exploratory"
938,0.529081883575439,0.500210811086937,0.544832790964498,0.123876123876124,NA,NA,FALSE,0.539609583933364,1000,1094,18,"differential_object_marking","by_session_language","session_6_Mini-Norwegian",6,"Mini-Norwegian",NA,FALSE,"exploratory"
942,0.522246373879471,0.50062582027012,0.543798776650391,0.186813186813187,NA,NA,FALSE,0.539609583933364,1000,1094,18,"differential_object_marking","by_session_language","session_6_Mini-Norwegian",6,"Mini-Norwegian",NA,FALSE,"exploratory"
946,0.520162442560833,0.5004422081473,0.544711959203404,0.1998001998002,NA,NA,FALSE,0.539609583933364,1000,1094,18,"differential_object_marking","by_session_language","session_6_Mini-Norwegian",6,"Mini-Norwegian",NA,FALSE,"exploratory"
950,0.501248409961698,0.50039693810196,0.547311181235226,0.508491508491508,NA,NA,FALSE,0.539609583933364,1000,1094,18,"differential_object_marking","by_session_language","session_6_Mini-Norwegian",6,"Mini-Norwegian",NA,FALSE,"exploratory"
954,0.503655195853664,0.50103181579113,0.546753061874066,0.474525474525474,NA,NA,FALSE,0.539609583933364,1000,1094,18,"differential_object_marking","by_session_language","session_6_Mini-Norwegian",6,"Mini-Norwegian",NA,FALSE,"exploratory"
958,0.482694693326554,0.500840622851846,0.547426146984573,0.778221778221778,NA,NA,FALSE,0.539609583933364,1000,1094,18,"differential_object_marking","by_session_language","session_6_Mini-Norwegian",6,"Mini-Norwegian",NA,FALSE,"exploratory"
962,0.483598390669324,0.501455540063839,0.546576235492428,0.784215784215784,NA,NA,FALSE,0.539609583933364,1000,1094,18,"differential_object_marking","by_session_language","session_6_Mini-Norwegian",6,"Mini-Norwegian",NA,FALSE,"exploratory"
966,0.491434277381045,0.501213633215905,0.54602358350411,0.67032967032967,NA,NA,FALSE,0.539609583933364,1000,1094,18,"differential_object_marking","by_session_language","session_6_Mini-Norwegian",6,"Mini-Norwegian",NA,FALSE,"exploratory"
970,0.510230605274059,0.500925454401109,0.54585692581663,0.372627372627373,NA,NA,FALSE,0.539609583933364,1000,1094,18,"differential_object_marking","by_session_language","session_6_Mini-Norwegian",6,"Mini-Norwegian",NA,FALSE,"exploratory"
974,0.51106383203236,0.50035481621192,0.547167711909945,0.338661338661339,NA,NA,FALSE,0.539609583933364,1000,1094,18,"differential_object_marking","by_session_language","session_6_Mini-Norwegian",6,"Mini-Norwegian",NA,FALSE,"exploratory"
978,0.504794624549829,0.500347604435874,0.54658653227272,0.462537462537463,NA,NA,FALSE,0.539609583933364,1000,1094,18,"differential_object_marking","by_session_language","session_6_Mini-Norwegian",6,"Mini-Norwegian",NA,FALSE,"exploratory"
982,0.482564726937701,0.500649417727757,0.545980652031822,0.776223776223776,NA,NA,FALSE,0.539609583933364,1000,1094,18,"differential_object_marking","by_session_language","session_6_Mini-Norwegian",6,"Mini-Norwegian",NA,FALSE,"exploratory"
986,0.482502065791364,0.500596128005855,0.545837337216702,0.767232767232767,NA,NA,FALSE,0.539609583933364,1000,1094,18,"differential_object_marking","by_session_language","session_6_Mini-Norwegian",6,"Mini-Norwegian",NA,FALSE,"exploratory"
990,0.488821901415711,0.500869820743816,0.546390602511766,0.702297702297702,NA,NA,FALSE,0.539609583933364,1000,1094,18,"differential_object_marking","by_session_language","session_6_Mini-Norwegian",6,"Mini-Norwegian",NA,FALSE,"exploratory"
994,0.507919830971833,0.500556026543799,0.54498149796663,0.396603396603397,NA,NA,FALSE,0.539609583933364,1000,1094,18,"differential_object_marking","by_session_language","session_6_Mini-Norwegian",6,"Mini-Norwegian",NA,FALSE,"exploratory"
998,0.508446880263255,0.500321922624916,0.545820926447111,0.394605394605395,NA,NA,FALSE,0.539609583933364,1000,1094,18,"differential_object_marking","by_session_language","session_6_Mini-Norwegian",6,"Mini-Norwegian",NA,FALSE,"exploratory"
1002,0.511520396102935,0.500037119865818,0.543298979374791,0.345654345654346,NA,NA,FALSE,0.539609583933364,1000,1094,18,"differential_object_marking","by_session_language","session_6_Mini-Norwegian",6,"Mini-Norwegian",NA,FALSE,"exploratory"
1006,0.510319522304741,0.499932498920665,0.546439875086709,0.345654345654346,NA,NA,FALSE,0.539609583933364,1000,1094,18,"differential_object_marking","by_session_language","session_6_Mini-Norwegian",6,"Mini-Norwegian",NA,FALSE,"exploratory"
1010,0.488238632471365,0.49958634219099,0.544983972166506,0.682317682317682,NA,NA,FALSE,0.539609583933364,1000,1094,18,"differential_object_marking","by_session_language","session_6_Mini-Norwegian",6,"Mini-Norwegian",NA,FALSE,"exploratory"
1014,0.486226222431104,0.500459167609765,0.545694476297632,0.724275724275724,NA,NA,FALSE,0.539609583933364,1000,1094,18,"differential_object_marking","by_session_language","session_6_Mini-Norwegian",6,"Mini-Norwegian",NA,FALSE,"exploratory"
1018,0.505978708406339,0.500394316178773,0.546228167943488,0.407592407592408,NA,NA,FALSE,0.539609583933364,1000,1094,18,"differential_object_marking","by_session_language","session_6_Mini-Norwegian",6,"Mini-Norwegian",NA,FALSE,"exploratory"
1022,0.543469055264154,0.500758077633171,0.545784516315849,0.030969030969031,21,0.22977022977023,FALSE,0.539609583933364,1000,1094,18,"differential_object_marking","by_session_language","session_6_Mini-Norwegian",6,"Mini-Norwegian",NA,FALSE,"exploratory"
1026,0.568859299956292,0.50026936126505,0.547983161683227,0.002997002997003,21,0.22977022977023,FALSE,0.539609583933364,1000,1094,18,"differential_object_marking","by_session_language","session_6_Mini-Norwegian",6,"Mini-Norwegian",NA,FALSE,"exploratory"
1030,0.559927005609461,0.499987003272937,0.544577964012713,0.00599400599400599,21,0.22977022977023,FALSE,0.539609583933364,1000,1094,18,"differential_object_marking","by_session_language","session_6_Mini-Norwegian",6,"Mini-Norwegian",NA,FALSE,"exploratory"
1034,0.542573205775991,0.500347494931159,0.546055131719237,0.037962037962038,21,0.22977022977023,FALSE,0.539609583933364,1000,1094,18,"differential_object_marking","by_session_language","session_6_Mini-Norwegian",6,"Mini-Norwegian",NA,FALSE,"exploratory"
1038,0.545114145471734,0.500355763979976,0.543604751206637,0.023976023976024,21,0.22977022977023,FALSE,0.539609583933364,1000,1094,18,"differential_object_marking","by_session_language","session_6_Mini-Norwegian",6,"Mini-Norwegian",NA,FALSE,"exploratory"
1042,0.545529643606697,0.500142780266754,0.546406515299677,0.028971028971029,21,0.22977022977023,FALSE,0.539609583933364,1000,1094,18,"differential_object_marking","by_session_language","session_6_Mini-Norwegian",6,"Mini-Norwegian",NA,FALSE,"exploratory"
1046,0.545958519387269,0.499880457570589,0.547412366041961,0.02997002997003,21,0.22977022977023,FALSE,0.539609583933364,1000,1094,18,"differential_object_marking","by_session_language","session_6_Mini-Norwegian",6,"Mini-Norwegian",NA,FALSE,"exploratory"
1050,0.53909317863175,0.49957985777907,0.544853533393359,0.0599400599400599,NA,NA,FALSE,0.539609583933364,1000,1094,18,"differential_object_marking","by_session_language","session_6_Mini-Norwegian",6,"Mini-Norwegian",NA,FALSE,"exploratory"
1054,0.538598034745428,0.499462588011555,0.548636652705687,0.0579420579420579,NA,NA,FALSE,0.539609583933364,1000,1094,18,"differential_object_marking","by_session_language","session_6_Mini-Norwegian",6,"Mini-Norwegian",NA,FALSE,"exploratory"
1058,0.522390848055291,0.499572650765437,0.547718518072235,0.153846153846154,NA,NA,FALSE,0.539609583933364,1000,1094,18,"differential_object_marking","by_session_language","session_6_Mini-Norwegian",6,"Mini-Norwegian",NA,FALSE,"exploratory"
1062,0.507365879247965,0.500257105171769,0.544570062503213,0.397602397602398,NA,NA,FALSE,0.539609583933364,1000,1094,18,"differential_object_marking","by_session_language","session_6_Mini-Norwegian",6,"Mini-Norwegian",NA,FALSE,"exploratory"
1066,0.471864413504225,0.500184748663619,0.541596329241493,0.88011988011988,NA,NA,FALSE,0.539609583933364,1000,1094,18,"differential_object_marking","by_session_language","session_6_Mini-Norwegian",6,"Mini-Norwegian",NA,FALSE,"exploratory"
1070,0.465622635477186,0.499921000197221,0.544205676431565,0.917082917082917,NA,NA,FALSE,0.539609583933364,1000,1094,18,"differential_object_marking","by_session_language","session_6_Mini-Norwegian",6,"Mini-Norwegian",NA,FALSE,"exploratory"
1074,0.456436122932396,0.500004665294264,0.545344109712139,0.954045954045954,NA,NA,FALSE,0.539609583933364,1000,1094,18,"differential_object_marking","by_session_language","session_6_Mini-Norwegian",6,"Mini-Norwegian",NA,FALSE,"exploratory"
1078,0.475132183534833,0.500315666543391,0.548775072541537,0.842157842157842,NA,NA,FALSE,0.539609583933364,1000,1094,18,"differential_object_marking","by_session_language","session_6_Mini-Norwegian",6,"Mini-Norwegian",NA,FALSE,"exploratory"
1082,0.489613540933719,0.499846020371528,0.546493001075825,0.668331668331668,NA,NA,FALSE,0.539609583933364,1000,1094,18,"differential_object_marking","by_session_language","session_6_Mini-Norwegian",6,"Mini-Norwegian",NA,FALSE,"exploratory"
1086,0.506543742521778,0.499651919299959,0.546874385038585,0.392607392607393,NA,NA,FALSE,0.539609583933364,1000,1094,18,"differential_object_marking","by_session_language","session_6_Mini-Norwegian",6,"Mini-Norwegian",NA,FALSE,"exploratory"
1090,0.525568558650447,0.499268258380974,0.544462805159712,0.142857142857143,NA,NA,FALSE,0.539609583933364,1000,1094,18,"differential_object_marking","by_session_language","session_6_Mini-Norwegian",6,"Mini-Norwegian",NA,FALSE,"exploratory"
1094,0.530772066848959,0.499453659281305,0.543307370881967,0.0999000999000999,NA,NA,FALSE,0.539609583933364,1000,1094,18,"differential_object_marking","by_session_language","session_6_Mini-Norwegian",6,"Mini-Norwegian",NA,FALSE,"exploratory"
1098,0.526244187977694,0.499614896531306,0.548523103734667,0.147852147852148,NA,NA,FALSE,0.539609583933364,1000,1094,18,"differential_object_marking","by_session_language","session_6_Mini-Norwegian",6,"Mini-Norwegian",NA,FALSE,"exploratory"
