"time_ms","auc","null_mean","null_q975","p_pointwise","cluster_id","cluster_p","significant","cluster_threshold","n_perm","n_trials","n_participants","property","analysis","level","session","mini_language","cluster_p_fdr","significant_fdr","inference"
-98,0.49522976913633,0.499719329663692,0.513863687290908,0.742257742257742,NA,NA,FALSE,0.511805765248499,1000,12882,63,"gender_agreement","overall","all",NA,NA,NA,FALSE,"confirmatory"
-94,0.495980237440127,0.499680014603067,0.513233590113768,0.695304695304695,NA,NA,FALSE,0.511805765248499,1000,12882,63,"gender_agreement","overall","all",NA,NA,NA,FALSE,"confirmatory"
-90,0.49219845021066,0.499590371210834,0.513194159608405,0.85014985014985,NA,NA,FALSE,0.511805765248499,1000,12882,63,"gender_agreement","overall","all",NA,NA,NA,FALSE,"confirmatory"
-86,0.487616752521424,0.499755142782642,0.51391252660808,0.948051948051948,NA,NA,FALSE,0.511805765248499,1000,12882,63,"gender_agreement","overall","all",NA,NA,NA,FALSE,"confirmatory"
-82,0.492090745336169,0.50018914775545,0.513259348527903,0.863136863136863,NA,NA,FALSE,0.511805765248499,1000,12882,63,"gender_agreement","overall","all",NA,NA,NA,FALSE,"confirmatory"
-78,0.499395394311188,0.500458458701494,0.513965728903211,0.576423576423576,NA,NA,FALSE,0.511805765248499,1000,12882,63,"gender_agreement","overall","all",NA,NA,NA,FALSE,"confirmatory"
-74,0.507219567336153,0.500402915690251,0.513527739021103,0.18981018981019,NA,NA,FALSE,0.511805765248499,1000,12882,63,"gender_agreement","overall","all",NA,NA,NA,FALSE,"confirmatory"
-70,0.50909729243871,0.500199386323562,0.513450101314367,0.110889110889111,NA,NA,FALSE,0.511805765248499,1000,12882,63,"gender_agreement","overall","all",NA,NA,NA,FALSE,"confirmatory"
-66,0.511214385832434,0.49994798049535,0.514094640069894,0.0609390609390609,NA,NA,FALSE,0.511805765248499,1000,12882,63,"gender_agreement","overall","all",NA,NA,NA,FALSE,"confirmatory"
-62,0.502792571326355,0.500003180878367,0.513367024386689,0.366633366633367,NA,NA,FALSE,0.511805765248499,1000,12882,63,"gender_agreement","overall","all",NA,NA,NA,FALSE,"confirmatory"
-58,0.496777931924851,0.500329796070365,0.513754670825438,0.706293706293706,NA,NA,FALSE,0.511805765248499,1000,12882,63,"gender_agreement","overall","all",NA,NA,NA,FALSE,"confirmatory"
-54,0.504284613665166,0.500283767838735,0.514133014050583,0.296703296703297,NA,NA,FALSE,0.511805765248499,1000,12882,63,"gender_agreement","overall","all",NA,NA,NA,FALSE,"confirmatory"
-50,0.508818429098374,0.499827206770914,0.513681502054827,0.122877122877123,NA,NA,FALSE,0.511805765248499,1000,12882,63,"gender_agreement","overall","all",NA,NA,NA,FALSE,"confirmatory"
-46,0.508883712912544,0.499704209420443,0.51325710669417,0.110889110889111,NA,NA,FALSE,0.511805765248499,1000,12882,63,"gender_agreement","overall","all",NA,NA,NA,FALSE,"confirmatory"
-42,0.50468703655177,0.499875883291229,0.513104419039915,0.270729270729271,NA,NA,FALSE,0.511805765248499,1000,12882,63,"gender_agreement","overall","all",NA,NA,NA,FALSE,"confirmatory"
-38,0.502275083674939,0.500204782866784,0.514807113005796,0.393606393606394,NA,NA,FALSE,0.511805765248499,1000,12882,63,"gender_agreement","overall","all",NA,NA,NA,FALSE,"confirmatory"
-34,0.491063986941378,0.500189723240733,0.51457326535778,0.894105894105894,NA,NA,FALSE,0.511805765248499,1000,12882,63,"gender_agreement","overall","all",NA,NA,NA,FALSE,"confirmatory"
-30,0.491915436277404,0.499875726723329,0.514317558410367,0.86013986013986,NA,NA,FALSE,0.511805765248499,1000,12882,63,"gender_agreement","overall","all",NA,NA,NA,FALSE,"confirmatory"
-26,0.501886109762037,0.499823474387477,0.513588200792541,0.406593406593407,NA,NA,FALSE,0.511805765248499,1000,12882,63,"gender_agreement","overall","all",NA,NA,NA,FALSE,"confirmatory"
-22,0.502080375327224,0.499930886884447,0.513648370278716,0.396603396603397,NA,NA,FALSE,0.511805765248499,1000,12882,63,"gender_agreement","overall","all",NA,NA,NA,FALSE,"confirmatory"
-18,0.495179117073302,0.500102849856849,0.51348681893079,0.757242757242757,NA,NA,FALSE,0.511805765248499,1000,12882,63,"gender_agreement","overall","all",NA,NA,NA,FALSE,"confirmatory"
-14,0.495010628149143,0.499714162413226,0.513127699375219,0.738261738261738,NA,NA,FALSE,0.511805765248499,1000,12882,63,"gender_agreement","overall","all",NA,NA,NA,FALSE,"confirmatory"
-10,0.496608270124505,0.499777764386519,0.514439050291458,0.675324675324675,NA,NA,FALSE,0.511805765248499,1000,12882,63,"gender_agreement","overall","all",NA,NA,NA,FALSE,"confirmatory"
-6,0.500902453325883,0.500202906972631,0.51514598401699,0.466533466533467,NA,NA,FALSE,0.511805765248499,1000,12882,63,"gender_agreement","overall","all",NA,NA,NA,FALSE,"confirmatory"
-2,0.504954159989547,0.500174848822741,0.514803139803065,0.262737262737263,NA,NA,FALSE,0.511805765248499,1000,12882,63,"gender_agreement","overall","all",NA,NA,NA,FALSE,"confirmatory"
2,0.507263731964929,0.50011214621931,0.513684935477642,0.158841158841159,NA,NA,FALSE,0.511805765248499,1000,12882,63,"gender_agreement","overall","all",NA,NA,NA,FALSE,"confirmatory"
6,0.506298563566273,0.50004426357165,0.513977857123491,0.206793206793207,NA,NA,FALSE,0.511805765248499,1000,12882,63,"gender_agreement","overall","all",NA,NA,NA,FALSE,"confirmatory"
10,0.499164874411873,0.499919108745037,0.513629198641514,0.541458541458541,NA,NA,FALSE,0.511805765248499,1000,12882,63,"gender_agreement","overall","all",NA,NA,NA,FALSE,"confirmatory"
14,0.493701473884583,0.49983030138293,0.514088161085778,0.796203796203796,NA,NA,FALSE,0.511805765248499,1000,12882,63,"gender_agreement","overall","all",NA,NA,NA,FALSE,"confirmatory"
18,0.492364784640964,0.499886538817639,0.51382000944545,0.844155844155844,NA,NA,FALSE,0.511805765248499,1000,12882,63,"gender_agreement","overall","all",NA,NA,NA,FALSE,"confirmatory"
22,0.493635473732079,0.499726789062033,0.514052994282216,0.807192807192807,NA,NA,FALSE,0.511805765248499,1000,12882,63,"gender_agreement","overall","all",NA,NA,NA,FALSE,"confirmatory"
26,0.492540582962802,0.499718284862656,0.513537245606836,0.829170829170829,NA,NA,FALSE,0.511805765248499,1000,12882,63,"gender_agreement","overall","all",NA,NA,NA,FALSE,"confirmatory"
30,0.492273953048187,0.499817115303101,0.51347675929502,0.843156843156843,NA,NA,FALSE,0.511805765248499,1000,12882,63,"gender_agreement","overall","all",NA,NA,NA,FALSE,"confirmatory"
34,0.491493756191389,0.500149295725143,0.513985049745099,0.877122877122877,NA,NA,FALSE,0.511805765248499,1000,12882,63,"gender_agreement","overall","all",NA,NA,NA,FALSE,"confirmatory"
38,0.496743907365642,0.500367280688956,0.513714822512655,0.698301698301698,NA,NA,FALSE,0.511805765248499,1000,12882,63,"gender_agreement","overall","all",NA,NA,NA,FALSE,"confirmatory"
42,0.497094451129891,0.500209880167266,0.51347852802952,0.671328671328671,NA,NA,FALSE,0.511805765248499,1000,12882,63,"gender_agreement","overall","all",NA,NA,NA,FALSE,"confirmatory"
46,0.500370359810903,0.499706006709749,0.514141561958633,0.481518481518482,NA,NA,FALSE,0.511805765248499,1000,12882,63,"gender_agreement","overall","all",NA,NA,NA,FALSE,"confirmatory"
50,0.496538789315015,0.499721635295193,0.513549964500388,0.661338661338661,NA,NA,FALSE,0.511805765248499,1000,12882,63,"gender_agreement","overall","all",NA,NA,NA,FALSE,"confirmatory"
54,0.488571828072074,0.499895272346303,0.514015752769708,0.92007992007992,NA,NA,FALSE,0.511805765248499,1000,12882,63,"gender_agreement","overall","all",NA,NA,NA,FALSE,"confirmatory"
58,0.495987056302328,0.499571716804152,0.513515478938099,0.686313686313686,NA,NA,FALSE,0.511805765248499,1000,12882,63,"gender_agreement","overall","all",NA,NA,NA,FALSE,"confirmatory"
62,0.504922741240959,0.499489359623426,0.513942646307691,0.268731268731269,NA,NA,FALSE,0.511805765248499,1000,12882,63,"gender_agreement","overall","all",NA,NA,NA,FALSE,"confirmatory"
66,0.508279728841123,0.499609032242766,0.514636093455285,0.137862137862138,NA,NA,FALSE,0.511805765248499,1000,12882,63,"gender_agreement","overall","all",NA,NA,NA,FALSE,"confirmatory"
70,0.510239065358354,0.499680465856905,0.514403426649232,0.0929070929070929,NA,NA,FALSE,0.511805765248499,1000,12882,63,"gender_agreement","overall","all",NA,NA,NA,FALSE,"confirmatory"
74,0.514006066093659,0.499734653451261,0.513619821790927,0.023976023976024,1,0.836163836163836,FALSE,0.511805765248499,1000,12882,63,"gender_agreement","overall","all",NA,NA,0.933066933066933,FALSE,"confirmatory"
78,0.508696027357302,0.499711716411031,0.51306577233408,0.118881118881119,NA,NA,FALSE,0.511805765248499,1000,12882,63,"gender_agreement","overall","all",NA,NA,NA,FALSE,"confirmatory"
82,0.503187946469806,0.499920203326056,0.513710658597101,0.350649350649351,NA,NA,FALSE,0.511805765248499,1000,12882,63,"gender_agreement","overall","all",NA,NA,NA,FALSE,"confirmatory"
86,0.510435871431615,0.500072558911196,0.514222431450249,0.0669330669330669,NA,NA,FALSE,0.511805765248499,1000,12882,63,"gender_agreement","overall","all",NA,NA,NA,FALSE,"confirmatory"
90,0.517523966216078,0.499988254912316,0.513295773381523,0.00599400599400599,2,0.543456543456543,FALSE,0.511805765248499,1000,12882,63,"gender_agreement","overall","all",NA,NA,0.7904822450277,FALSE,"confirmatory"
94,0.516202249308261,0.499639571024704,0.512630968253092,0.00599400599400599,2,0.543456543456543,FALSE,0.511805765248499,1000,12882,63,"gender_agreement","overall","all",NA,NA,0.7904822450277,FALSE,"confirmatory"
98,0.509168757768727,0.499558498044091,0.512974761427534,0.0849150849150849,NA,NA,FALSE,0.511805765248499,1000,12882,63,"gender_agreement","overall","all",NA,NA,NA,FALSE,"confirmatory"
102,0.504883624231867,0.499614716778509,0.513713643282172,0.248751248751249,NA,NA,FALSE,0.511805765248499,1000,12882,63,"gender_agreement","overall","all",NA,NA,NA,FALSE,"confirmatory"
106,0.498754947285127,0.499808605411563,0.513427088688304,0.555444555444555,NA,NA,FALSE,0.511805765248499,1000,12882,63,"gender_agreement","overall","all",NA,NA,NA,FALSE,"confirmatory"
110,0.490983566416118,0.49978634984792,0.513641545148144,0.884115884115884,NA,NA,FALSE,0.511805765248499,1000,12882,63,"gender_agreement","overall","all",NA,NA,NA,FALSE,"confirmatory"
114,0.487550046832024,0.499802853540924,0.513305219663819,0.952047952047952,NA,NA,FALSE,0.511805765248499,1000,12882,63,"gender_agreement","overall","all",NA,NA,NA,FALSE,"confirmatory"
118,0.488429511888507,0.499868712824871,0.51444970035705,0.927072927072927,NA,NA,FALSE,0.511805765248499,1000,12882,63,"gender_agreement","overall","all",NA,NA,NA,FALSE,"confirmatory"
122,0.491102020569489,0.500024548102498,0.514613468605396,0.88011988011988,NA,NA,FALSE,0.511805765248499,1000,12882,63,"gender_agreement","overall","all",NA,NA,NA,FALSE,"confirmatory"
126,0.493083737810087,0.500199012762782,0.514321826709857,0.816183816183816,NA,NA,FALSE,0.511805765248499,1000,12882,63,"gender_agreement","overall","all",NA,NA,NA,FALSE,"confirmatory"
130,0.491948391533405,0.500185400285645,0.51335090141981,0.868131868131868,NA,NA,FALSE,0.511805765248499,1000,12882,63,"gender_agreement","overall","all",NA,NA,NA,FALSE,"confirmatory"
134,0.491051547070346,0.500049987711132,0.513538866784954,0.883116883116883,NA,NA,FALSE,0.511805765248499,1000,12882,63,"gender_agreement","overall","all",NA,NA,NA,FALSE,"confirmatory"
138,0.490896763671526,0.500021185868267,0.513707971564401,0.9000999000999,NA,NA,FALSE,0.511805765248499,1000,12882,63,"gender_agreement","overall","all",NA,NA,NA,FALSE,"confirmatory"
142,0.494886546586556,0.500064980134891,0.514834794890303,0.761238761238761,NA,NA,FALSE,0.511805765248499,1000,12882,63,"gender_agreement","overall","all",NA,NA,NA,FALSE,"confirmatory"
146,0.501845010285478,0.500064726180031,0.513954071475118,0.414585414585415,NA,NA,FALSE,0.511805765248499,1000,12882,63,"gender_agreement","overall","all",NA,NA,NA,FALSE,"confirmatory"
150,0.500493699175725,0.499959478909001,0.513749145569014,0.500499500499501,NA,NA,FALSE,0.511805765248499,1000,12882,63,"gender_agreement","overall","all",NA,NA,NA,FALSE,"confirmatory"
154,0.496628115556783,0.499954186574675,0.514439393537826,0.678321678321678,NA,NA,FALSE,0.511805765248499,1000,12882,63,"gender_agreement","overall","all",NA,NA,NA,FALSE,"confirmatory"
158,0.486041208462919,0.499990857052186,0.513488739536417,0.967032967032967,NA,NA,FALSE,0.511805765248499,1000,12882,63,"gender_agreement","overall","all",NA,NA,NA,FALSE,"confirmatory"
162,0.483352563172865,0.499946072552139,0.513247354402623,0.982017982017982,NA,NA,FALSE,0.511805765248499,1000,12882,63,"gender_agreement","overall","all",NA,NA,NA,FALSE,"confirmatory"
166,0.48303355335916,0.499819454040835,0.51365206850883,0.984015984015984,NA,NA,FALSE,0.511805765248499,1000,12882,63,"gender_agreement","overall","all",NA,NA,NA,FALSE,"confirmatory"
170,0.489218849848034,0.499851564158084,0.51397919975068,0.925074925074925,NA,NA,FALSE,0.511805765248499,1000,12882,63,"gender_agreement","overall","all",NA,NA,NA,FALSE,"confirmatory"
174,0.497438594420045,0.499934461048422,0.513136687339047,0.628371628371628,NA,NA,FALSE,0.511805765248499,1000,12882,63,"gender_agreement","overall","all",NA,NA,NA,FALSE,"confirmatory"
178,0.500955953219032,0.500119581289117,0.513033020033756,0.453546453546454,NA,NA,FALSE,0.511805765248499,1000,12882,63,"gender_agreement","overall","all",NA,NA,NA,FALSE,"confirmatory"
182,0.502128093104298,0.500146997198243,0.513713435585441,0.402597402597403,NA,NA,FALSE,0.511805765248499,1000,12882,63,"gender_agreement","overall","all",NA,NA,NA,FALSE,"confirmatory"
186,0.499804219646539,0.500022071006641,0.513620723918219,0.523476523476524,NA,NA,FALSE,0.511805765248499,1000,12882,63,"gender_agreement","overall","all",NA,NA,NA,FALSE,"confirmatory"
190,0.500520213250472,0.499856127225951,0.51377597309539,0.492507492507492,NA,NA,FALSE,0.511805765248499,1000,12882,63,"gender_agreement","overall","all",NA,NA,NA,FALSE,"confirmatory"
194,0.500719489192137,0.499853531431152,0.51356984345795,0.461538461538462,NA,NA,FALSE,0.511805765248499,1000,12882,63,"gender_agreement","overall","all",NA,NA,NA,FALSE,"confirmatory"
198,0.500203694613203,0.499861566203825,0.513218403085189,0.491508491508492,NA,NA,FALSE,0.511805765248499,1000,12882,63,"gender_agreement","overall","all",NA,NA,NA,FALSE,"confirmatory"
202,0.494458680971978,0.499776059414858,0.514354307116265,0.761238761238761,NA,NA,FALSE,0.511805765248499,1000,12882,63,"gender_agreement","overall","all",NA,NA,NA,FALSE,"confirmatory"
206,0.491554430344184,0.499973881815479,0.513560493455359,0.868131868131868,NA,NA,FALSE,0.511805765248499,1000,12882,63,"gender_agreement","overall","all",NA,NA,NA,FALSE,"confirmatory"
210,0.493785941164875,0.500100917830494,0.51394925685587,0.811188811188811,NA,NA,FALSE,0.511805765248499,1000,12882,63,"gender_agreement","overall","all",NA,NA,NA,FALSE,"confirmatory"
214,0.501067417837458,0.49999152260813,0.512966407212595,0.457542457542458,NA,NA,FALSE,0.511805765248499,1000,12882,63,"gender_agreement","overall","all",NA,NA,NA,FALSE,"confirmatory"
218,0.504919275007413,0.499844966346609,0.512826974167425,0.233766233766234,NA,NA,FALSE,0.511805765248499,1000,12882,63,"gender_agreement","overall","all",NA,NA,NA,FALSE,"confirmatory"
222,0.505227606863907,0.499665602023664,0.512671351285528,0.224775224775225,NA,NA,FALSE,0.511805765248499,1000,12882,63,"gender_agreement","overall","all",NA,NA,NA,FALSE,"confirmatory"
226,0.502658348726709,0.499762341630624,0.513313832953228,0.378621378621379,NA,NA,FALSE,0.511805765248499,1000,12882,63,"gender_agreement","overall","all",NA,NA,NA,FALSE,"confirmatory"
230,0.494804339416542,0.499763131534166,0.512860317118105,0.769230769230769,NA,NA,FALSE,0.511805765248499,1000,12882,63,"gender_agreement","overall","all",NA,NA,NA,FALSE,"confirmatory"
234,0.48971739613972,0.499878692291409,0.513377983172427,0.917082917082917,NA,NA,FALSE,0.511805765248499,1000,12882,63,"gender_agreement","overall","all",NA,NA,NA,FALSE,"confirmatory"
238,0.480744534654613,0.499852883126404,0.512880674511769,0.987012987012987,NA,NA,FALSE,0.511805765248499,1000,12882,63,"gender_agreement","overall","all",NA,NA,NA,FALSE,"confirmatory"
242,0.484875234011921,0.499892914779633,0.513249241303192,0.973026973026973,NA,NA,FALSE,0.511805765248499,1000,12882,63,"gender_agreement","overall","all",NA,NA,NA,FALSE,"confirmatory"
246,0.491019351510264,0.500010434384032,0.513927079071565,0.892107892107892,NA,NA,FALSE,0.511805765248499,1000,12882,63,"gender_agreement","overall","all",NA,NA,NA,FALSE,"confirmatory"
250,0.486160636059223,0.500191574600551,0.51382945057289,0.973026973026973,NA,NA,FALSE,0.511805765248499,1000,12882,63,"gender_agreement","overall","all",NA,NA,NA,FALSE,"confirmatory"
254,0.481504963638469,0.500401084066133,0.513973712939284,0.992007992007992,NA,NA,FALSE,0.511805765248499,1000,12882,63,"gender_agreement","overall","all",NA,NA,NA,FALSE,"confirmatory"
258,0.486821551100841,0.500436921535915,0.51424018439712,0.965034965034965,NA,NA,FALSE,0.511805765248499,1000,12882,63,"gender_agreement","overall","all",NA,NA,NA,FALSE,"confirmatory"
262,0.499423473596412,0.500270269584655,0.514341628959597,0.554445554445554,NA,NA,FALSE,0.511805765248499,1000,12882,63,"gender_agreement","overall","all",NA,NA,NA,FALSE,"confirmatory"
266,0.504088336940429,0.499897328797337,0.514006521615809,0.293706293706294,NA,NA,FALSE,0.511805765248499,1000,12882,63,"gender_agreement","overall","all",NA,NA,NA,FALSE,"confirmatory"
270,0.503945530683574,0.499766065604884,0.51409224985944,0.271728271728272,NA,NA,FALSE,0.511805765248499,1000,12882,63,"gender_agreement","overall","all",NA,NA,NA,FALSE,"confirmatory"
274,0.500572054364247,0.499807488638081,0.514888081129945,0.458541458541459,NA,NA,FALSE,0.511805765248499,1000,12882,63,"gender_agreement","overall","all",NA,NA,NA,FALSE,"confirmatory"
278,0.497744195391456,0.499864406318057,0.514712282416603,0.623376623376623,NA,NA,FALSE,0.511805765248499,1000,12882,63,"gender_agreement","overall","all",NA,NA,NA,FALSE,"confirmatory"
282,0.497932322051472,0.50003141111651,0.514390346702289,0.624375624375624,NA,NA,FALSE,0.511805765248499,1000,12882,63,"gender_agreement","overall","all",NA,NA,NA,FALSE,"confirmatory"
286,0.49719679894145,0.500079666350059,0.513846464510284,0.646353646353646,NA,NA,FALSE,0.511805765248499,1000,12882,63,"gender_agreement","overall","all",NA,NA,NA,FALSE,"confirmatory"
290,0.49861767635097,0.500019401202655,0.513738039732323,0.577422577422577,NA,NA,FALSE,0.511805765248499,1000,12882,63,"gender_agreement","overall","all",NA,NA,NA,FALSE,"confirmatory"
294,0.49874577686882,0.500093799153436,0.513729927091611,0.593406593406593,NA,NA,FALSE,0.511805765248499,1000,12882,63,"gender_agreement","overall","all",NA,NA,NA,FALSE,"confirmatory"
298,0.50136415339105,0.500000712742164,0.513754775373978,0.445554445554446,NA,NA,FALSE,0.511805765248499,1000,12882,63,"gender_agreement","overall","all",NA,NA,NA,FALSE,"confirmatory"
302,0.505584255842664,0.499923183768876,0.513661029698678,0.224775224775225,NA,NA,FALSE,0.511805765248499,1000,12882,63,"gender_agreement","overall","all",NA,NA,NA,FALSE,"confirmatory"
306,0.503966896035837,0.500122210845449,0.51323885930055,0.305694305694306,NA,NA,FALSE,0.511805765248499,1000,12882,63,"gender_agreement","overall","all",NA,NA,NA,FALSE,"confirmatory"
310,0.503561275157299,0.500113518246678,0.513139546956051,0.347652347652348,NA,NA,FALSE,0.511805765248499,1000,12882,63,"gender_agreement","overall","all",NA,NA,NA,FALSE,"confirmatory"
314,0.503835280538022,0.500218189427402,0.513675318923378,0.326673326673327,NA,NA,FALSE,0.511805765248499,1000,12882,63,"gender_agreement","overall","all",NA,NA,NA,FALSE,"confirmatory"
318,0.501381829153696,0.50011120034175,0.513568575686531,0.446553446553447,NA,NA,FALSE,0.511805765248499,1000,12882,63,"gender_agreement","overall","all",NA,NA,NA,FALSE,"confirmatory"
322,0.498482970870814,0.500176546442982,0.513343319487759,0.607392607392607,NA,NA,FALSE,0.511805765248499,1000,12882,63,"gender_agreement","overall","all",NA,NA,NA,FALSE,"confirmatory"
326,0.496834240245425,0.500095031680524,0.512867235275943,0.689310689310689,NA,NA,FALSE,0.511805765248499,1000,12882,63,"gender_agreement","overall","all",NA,NA,NA,FALSE,"confirmatory"
330,0.495413249164482,0.499911189127832,0.513925500851024,0.753246753246753,NA,NA,FALSE,0.511805765248499,1000,12882,63,"gender_agreement","overall","all",NA,NA,NA,FALSE,"confirmatory"
334,0.493167322773957,0.499742353605515,0.513774796246393,0.807192807192807,NA,NA,FALSE,0.511805765248499,1000,12882,63,"gender_agreement","overall","all",NA,NA,NA,FALSE,"confirmatory"
338,0.499407682450484,0.499587699444002,0.513141852366191,0.519480519480519,NA,NA,FALSE,0.511805765248499,1000,12882,63,"gender_agreement","overall","all",NA,NA,NA,FALSE,"confirmatory"
342,0.499980547488901,0.499618678284436,0.513801902605634,0.495504495504495,NA,NA,FALSE,0.511805765248499,1000,12882,63,"gender_agreement","overall","all",NA,NA,NA,FALSE,"confirmatory"
346,0.498114404490074,0.499762217963073,0.514034651789051,0.602397602397602,NA,NA,FALSE,0.511805765248499,1000,12882,63,"gender_agreement","overall","all",NA,NA,NA,FALSE,"confirmatory"
350,0.496280659464057,0.499779012654417,0.513492633971155,0.687312687312687,NA,NA,FALSE,0.511805765248499,1000,12882,63,"gender_agreement","overall","all",NA,NA,NA,FALSE,"confirmatory"
354,0.500410194975872,0.499808903807938,0.513448844449642,0.466533466533467,NA,NA,FALSE,0.511805765248499,1000,12882,63,"gender_agreement","overall","all",NA,NA,NA,FALSE,"confirmatory"
358,0.505602066237884,0.499774174430637,0.51328304615687,0.225774225774226,NA,NA,FALSE,0.511805765248499,1000,12882,63,"gender_agreement","overall","all",NA,NA,NA,FALSE,"confirmatory"
362,0.507955285967116,0.49970423697539,0.513100831043652,0.138861138861139,NA,NA,FALSE,0.511805765248499,1000,12882,63,"gender_agreement","overall","all",NA,NA,NA,FALSE,"confirmatory"
366,0.511427793471895,0.499674706565071,0.513358736294391,0.0529470529470529,NA,NA,FALSE,0.511805765248499,1000,12882,63,"gender_agreement","overall","all",NA,NA,NA,FALSE,"confirmatory"
370,0.511181165282767,0.499667598620109,0.514449400937886,0.0649350649350649,NA,NA,FALSE,0.511805765248499,1000,12882,63,"gender_agreement","overall","all",NA,NA,NA,FALSE,"confirmatory"
374,0.51106522210614,0.499831583011758,0.513925579099962,0.0649350649350649,NA,NA,FALSE,0.511805765248499,1000,12882,63,"gender_agreement","overall","all",NA,NA,NA,FALSE,"confirmatory"
378,0.513961734721362,0.500102896340303,0.513623402251535,0.022977022977023,3,0.012987012987013,TRUE,0.511805765248499,1000,12882,63,"gender_agreement","overall","all",NA,NA,0.0346320346320346,TRUE,"confirmatory"
382,0.521916007439069,0.50021800813826,0.514095442317979,0.000999000999000999,3,0.012987012987013,TRUE,0.511805765248499,1000,12882,63,"gender_agreement","overall","all",NA,NA,0.0346320346320346,TRUE,"confirmatory"
386,0.523902663476136,0.500165281510465,0.513764309691788,0.000999000999000999,3,0.012987012987013,TRUE,0.511805765248499,1000,12882,63,"gender_agreement","overall","all",NA,NA,0.0346320346320346,TRUE,"confirmatory"
390,0.520530004809361,0.500006670795727,0.513620857763482,0.003996003996004,3,0.012987012987013,TRUE,0.511805765248499,1000,12882,63,"gender_agreement","overall","all",NA,NA,0.0346320346320346,TRUE,"confirmatory"
394,0.521181084169454,0.499967045656309,0.513383593854562,0.000999000999000999,3,0.012987012987013,TRUE,0.511805765248499,1000,12882,63,"gender_agreement","overall","all",NA,NA,0.0346320346320346,TRUE,"confirmatory"
398,0.519509840173202,0.499999318287079,0.513031754880679,0.004995004995005,3,0.012987012987013,TRUE,0.511805765248499,1000,12882,63,"gender_agreement","overall","all",NA,NA,0.0346320346320346,TRUE,"confirmatory"
402,0.518549557345228,0.500092611064773,0.513842002438152,0.001998001998002,3,0.012987012987013,TRUE,0.511805765248499,1000,12882,63,"gender_agreement","overall","all",NA,NA,0.0346320346320346,TRUE,"confirmatory"
406,0.5180403013461,0.500105176595108,0.513337468961367,0.003996003996004,3,0.012987012987013,TRUE,0.511805765248499,1000,12882,63,"gender_agreement","overall","all",NA,NA,0.0346320346320346,TRUE,"confirmatory"
410,0.517053559366655,0.50008476799693,0.513475465338487,0.00899100899100899,3,0.012987012987013,TRUE,0.511805765248499,1000,12882,63,"gender_agreement","overall","all",NA,NA,0.0346320346320346,TRUE,"confirmatory"
414,0.514858137673102,0.500073786269201,0.513374415809793,0.013986013986014,3,0.012987012987013,TRUE,0.511805765248499,1000,12882,63,"gender_agreement","overall","all",NA,NA,0.0346320346320346,TRUE,"confirmatory"
418,0.512685598336881,0.500248958087096,0.51366662243952,0.036963036963037,3,0.012987012987013,TRUE,0.511805765248499,1000,12882,63,"gender_agreement","overall","all",NA,NA,0.0346320346320346,TRUE,"confirmatory"
422,0.50682661164698,0.500216530759999,0.513250125975979,0.174825174825175,NA,NA,FALSE,0.511805765248499,1000,12882,63,"gender_agreement","overall","all",NA,NA,NA,FALSE,"confirmatory"
426,0.504939714472906,0.500294625143204,0.513753518072576,0.257742257742258,NA,NA,FALSE,0.511805765248499,1000,12882,63,"gender_agreement","overall","all",NA,NA,NA,FALSE,"confirmatory"
430,0.501814467339634,0.50041198783231,0.513913646188521,0.441558441558442,NA,NA,FALSE,0.511805765248499,1000,12882,63,"gender_agreement","overall","all",NA,NA,NA,FALSE,"confirmatory"
434,0.504258285393975,0.50047091772932,0.514197159848508,0.303696303696304,NA,NA,FALSE,0.511805765248499,1000,12882,63,"gender_agreement","overall","all",NA,NA,NA,FALSE,"confirmatory"
438,0.512297524028942,0.500269213745645,0.513255751976708,0.045954045954046,4,0.00899100899100899,TRUE,0.511805765248499,1000,12882,63,"gender_agreement","overall","all",NA,NA,0.0346320346320346,TRUE,"confirmatory"
442,0.516560391610594,0.500231953003393,0.514130372064183,0.012987012987013,4,0.00899100899100899,TRUE,0.511805765248499,1000,12882,63,"gender_agreement","overall","all",NA,NA,0.0346320346320346,TRUE,"confirmatory"
446,0.518342906983813,0.500190840072436,0.513925897600442,0.003996003996004,4,0.00899100899100899,TRUE,0.511805765248499,1000,12882,63,"gender_agreement","overall","all",NA,NA,0.0346320346320346,TRUE,"confirmatory"
450,0.519875500720005,0.500198620616818,0.513349427559968,0.001998001998002,4,0.00899100899100899,TRUE,0.511805765248499,1000,12882,63,"gender_agreement","overall","all",NA,NA,0.0346320346320346,TRUE,"confirmatory"
454,0.522004140053184,0.500039676742157,0.513250458518241,0.000999000999000999,4,0.00899100899100899,TRUE,0.511805765248499,1000,12882,63,"gender_agreement","overall","all",NA,NA,0.0346320346320346,TRUE,"confirmatory"
458,0.522305564227912,0.49997471431225,0.514219400948438,0.000999000999000999,4,0.00899100899100899,TRUE,0.511805765248499,1000,12882,63,"gender_agreement","overall","all",NA,NA,0.0346320346320346,TRUE,"confirmatory"
462,0.521474522937708,0.499886921560791,0.514238350065484,0.002997002997003,4,0.00899100899100899,TRUE,0.511805765248499,1000,12882,63,"gender_agreement","overall","all",NA,NA,0.0346320346320346,TRUE,"confirmatory"
466,0.523465067768289,0.499689093988203,0.514789161096865,0.000999000999000999,4,0.00899100899100899,TRUE,0.511805765248499,1000,12882,63,"gender_agreement","overall","all",NA,NA,0.0346320346320346,TRUE,"confirmatory"
470,0.524515996540249,0.499677489416647,0.514296175051326,0.000999000999000999,4,0.00899100899100899,TRUE,0.511805765248499,1000,12882,63,"gender_agreement","overall","all",NA,NA,0.0346320346320346,TRUE,"confirmatory"
474,0.52069679680196,0.499795470620905,0.513843490946885,0.000999000999000999,4,0.00899100899100899,TRUE,0.511805765248499,1000,12882,63,"gender_agreement","overall","all",NA,NA,0.0346320346320346,TRUE,"confirmatory"
478,0.514180623265619,0.499765075795969,0.513434048350006,0.020979020979021,4,0.00899100899100899,TRUE,0.511805765248499,1000,12882,63,"gender_agreement","overall","all",NA,NA,0.0346320346320346,TRUE,"confirmatory"
482,0.509074009529156,0.499661879813804,0.513395986822311,0.100899100899101,NA,NA,FALSE,0.511805765248499,1000,12882,63,"gender_agreement","overall","all",NA,NA,NA,FALSE,"confirmatory"
486,0.51059470939184,0.499655097870117,0.514152729015775,0.0639360639360639,NA,NA,FALSE,0.511805765248499,1000,12882,63,"gender_agreement","overall","all",NA,NA,NA,FALSE,"confirmatory"
490,0.512458765910042,0.499532799105305,0.513915894186452,0.043956043956044,5,0.322677322677323,FALSE,0.511805765248499,1000,12882,63,"gender_agreement","overall","all",NA,NA,0.573648573648574,FALSE,"confirmatory"
494,0.511827127752361,0.499654518701562,0.513764411156151,0.042957042957043,5,0.322677322677323,FALSE,0.511805765248499,1000,12882,63,"gender_agreement","overall","all",NA,NA,0.573648573648574,FALSE,"confirmatory"
498,0.513785032263498,0.499791485904109,0.513267046817497,0.022977022977023,5,0.322677322677323,FALSE,0.511805765248499,1000,12882,63,"gender_agreement","overall","all",NA,NA,0.573648573648574,FALSE,"confirmatory"
502,0.517715434018433,0.499950082769872,0.513110829815791,0.003996003996004,5,0.322677322677323,FALSE,0.511805765248499,1000,12882,63,"gender_agreement","overall","all",NA,NA,0.573648573648574,FALSE,"confirmatory"
506,0.515971693669759,0.499945101836283,0.512957134705454,0.010989010989011,5,0.322677322677323,FALSE,0.511805765248499,1000,12882,63,"gender_agreement","overall","all",NA,NA,0.573648573648574,FALSE,"confirmatory"
510,0.513987162764566,0.500123436625068,0.513612257826259,0.024975024975025,5,0.322677322677323,FALSE,0.511805765248499,1000,12882,63,"gender_agreement","overall","all",NA,NA,0.573648573648574,FALSE,"confirmatory"
514,0.513570600654282,0.500164016535573,0.51382549902563,0.028971028971029,5,0.322677322677323,FALSE,0.511805765248499,1000,12882,63,"gender_agreement","overall","all",NA,NA,0.573648573648574,FALSE,"confirmatory"
518,0.512008291224223,0.500145332089325,0.51423103992056,0.044955044955045,5,0.322677322677323,FALSE,0.511805765248499,1000,12882,63,"gender_agreement","overall","all",NA,NA,0.573648573648574,FALSE,"confirmatory"
522,0.513251796723187,0.500110277134971,0.513621777042002,0.031968031968032,5,0.322677322677323,FALSE,0.511805765248499,1000,12882,63,"gender_agreement","overall","all",NA,NA,0.573648573648574,FALSE,"confirmatory"
526,0.509974791621273,0.500065233672554,0.514401528697594,0.0849150849150849,NA,NA,FALSE,0.511805765248499,1000,12882,63,"gender_agreement","overall","all",NA,NA,NA,FALSE,"confirmatory"
530,0.512315150927346,0.500058527925832,0.514385673046458,0.047952047952048,6,0.00599400599400599,TRUE,0.511805765248499,1000,12882,63,"gender_agreement","overall","all",NA,NA,0.0346320346320346,TRUE,"confirmatory"
534,0.518470626828483,0.500123032370316,0.51455289834957,0.00799200799200799,6,0.00599400599400599,TRUE,0.511805765248499,1000,12882,63,"gender_agreement","overall","all",NA,NA,0.0346320346320346,TRUE,"confirmatory"
538,0.519219502194486,0.500007374547075,0.513710479006625,0.004995004995005,6,0.00599400599400599,TRUE,0.511805765248499,1000,12882,63,"gender_agreement","overall","all",NA,NA,0.0346320346320346,TRUE,"confirmatory"
542,0.518555557000063,0.499784552371444,0.514131526048111,0.003996003996004,6,0.00599400599400599,TRUE,0.511805765248499,1000,12882,63,"gender_agreement","overall","all",NA,NA,0.0346320346320346,TRUE,"confirmatory"
546,0.518015837695519,0.499784459600817,0.514308671300567,0.00799200799200799,6,0.00599400599400599,TRUE,0.511805765248499,1000,12882,63,"gender_agreement","overall","all",NA,NA,0.0346320346320346,TRUE,"confirmatory"
550,0.519959068899901,0.499743657241185,0.514060725802032,0.004995004995005,6,0.00599400599400599,TRUE,0.511805765248499,1000,12882,63,"gender_agreement","overall","all",NA,NA,0.0346320346320346,TRUE,"confirmatory"
554,0.522149401719784,0.499728090065305,0.513615336101112,0.000999000999000999,6,0.00599400599400599,TRUE,0.511805765248499,1000,12882,63,"gender_agreement","overall","all",NA,NA,0.0346320346320346,TRUE,"confirmatory"
558,0.521432750269341,0.499684568939446,0.513765554074208,0.000999000999000999,6,0.00599400599400599,TRUE,0.511805765248499,1000,12882,63,"gender_agreement","overall","all",NA,NA,0.0346320346320346,TRUE,"confirmatory"
562,0.517613191925583,0.499776680309113,0.513561122407254,0.00699300699300699,6,0.00599400599400599,TRUE,0.511805765248499,1000,12882,63,"gender_agreement","overall","all",NA,NA,0.0346320346320346,TRUE,"confirmatory"
566,0.513685189946269,0.499871602506421,0.513742805633392,0.026973026973027,6,0.00599400599400599,TRUE,0.511805765248499,1000,12882,63,"gender_agreement","overall","all",NA,NA,0.0346320346320346,TRUE,"confirmatory"
570,0.51271449141781,0.499969257305235,0.51363973944725,0.037962037962038,6,0.00599400599400599,TRUE,0.511805765248499,1000,12882,63,"gender_agreement","overall","all",NA,NA,0.0346320346320346,TRUE,"confirmatory"
574,0.513113701339613,0.499807169114688,0.513456254548705,0.027972027972028,6,0.00599400599400599,TRUE,0.511805765248499,1000,12882,63,"gender_agreement","overall","all",NA,NA,0.0346320346320346,TRUE,"confirmatory"
578,0.516853469822893,0.499610957996181,0.512503363951522,0.00599400599400599,6,0.00599400599400599,TRUE,0.511805765248499,1000,12882,63,"gender_agreement","overall","all",NA,NA,0.0346320346320346,TRUE,"confirmatory"
582,0.518099408311981,0.49964702801843,0.513210763661143,0.001998001998002,6,0.00599400599400599,TRUE,0.511805765248499,1000,12882,63,"gender_agreement","overall","all",NA,NA,0.0346320346320346,TRUE,"confirmatory"
586,0.517796827225787,0.500009696926337,0.513306390890463,0.003996003996004,6,0.00599400599400599,TRUE,0.511805765248499,1000,12882,63,"gender_agreement","overall","all",NA,NA,0.0346320346320346,TRUE,"confirmatory"
590,0.518613238871942,0.500205279527744,0.513814280419918,0.004995004995005,6,0.00599400599400599,TRUE,0.511805765248499,1000,12882,63,"gender_agreement","overall","all",NA,NA,0.0346320346320346,TRUE,"confirmatory"
594,0.51753370451075,0.500252807783666,0.514122901633642,0.012987012987013,6,0.00599400599400599,TRUE,0.511805765248499,1000,12882,63,"gender_agreement","overall","all",NA,NA,0.0346320346320346,TRUE,"confirmatory"
598,0.517849904309961,0.500179930265291,0.514299154559423,0.010989010989011,6,0.00599400599400599,TRUE,0.511805765248499,1000,12882,63,"gender_agreement","overall","all",NA,NA,0.0346320346320346,TRUE,"confirmatory"
602,0.514229299931837,0.500305958322309,0.514303581466578,0.028971028971029,6,0.00599400599400599,TRUE,0.511805765248499,1000,12882,63,"gender_agreement","overall","all",NA,NA,0.0346320346320346,TRUE,"confirmatory"
606,0.509732282597735,0.500243184687102,0.514481468484099,0.103896103896104,NA,NA,FALSE,0.511805765248499,1000,12882,63,"gender_agreement","overall","all",NA,NA,NA,FALSE,"confirmatory"
610,0.510022681158912,0.500076035843738,0.514372498562655,0.0949050949050949,NA,NA,FALSE,0.511805765248499,1000,12882,63,"gender_agreement","overall","all",NA,NA,NA,FALSE,"confirmatory"
614,0.513800027201771,0.499948105916589,0.514846678592681,0.036963036963037,7,0.038961038961039,TRUE,0.511805765248499,1000,12882,63,"gender_agreement","overall","all",NA,NA,0.0890538033395176,FALSE,"confirmatory"
618,0.517170018032359,0.499933015621296,0.514243914707407,0.00899100899100899,7,0.038961038961039,TRUE,0.511805765248499,1000,12882,63,"gender_agreement","overall","all",NA,NA,0.0890538033395176,FALSE,"confirmatory"
622,0.520752204000082,0.499904997560841,0.514372844260443,0.004995004995005,7,0.038961038961039,TRUE,0.511805765248499,1000,12882,63,"gender_agreement","overall","all",NA,NA,0.0890538033395176,FALSE,"confirmatory"
626,0.5208551805161,0.499996643737991,0.513962068874054,0.000999000999000999,7,0.038961038961039,TRUE,0.511805765248499,1000,12882,63,"gender_agreement","overall","all",NA,NA,0.0890538033395176,FALSE,"confirmatory"
630,0.516912507406003,0.500134598684804,0.514187820874667,0.00599400599400599,7,0.038961038961039,TRUE,0.511805765248499,1000,12882,63,"gender_agreement","overall","all",NA,NA,0.0890538033395176,FALSE,"confirmatory"
634,0.513336577844256,0.500244105560083,0.514435361513339,0.033966033966034,7,0.038961038961039,TRUE,0.511805765248499,1000,12882,63,"gender_agreement","overall","all",NA,NA,0.0890538033395176,FALSE,"confirmatory"
638,0.515067175203775,0.500051360795315,0.514109490296936,0.015984015984016,7,0.038961038961039,TRUE,0.511805765248499,1000,12882,63,"gender_agreement","overall","all",NA,NA,0.0890538033395176,FALSE,"confirmatory"
642,0.514863100072059,0.500028909105403,0.51412518870936,0.016983016983017,7,0.038961038961039,TRUE,0.511805765248499,1000,12882,63,"gender_agreement","overall","all",NA,NA,0.0890538033395176,FALSE,"confirmatory"
646,0.516728360650816,0.499965002352295,0.513381353760608,0.004995004995005,7,0.038961038961039,TRUE,0.511805765248499,1000,12882,63,"gender_agreement","overall","all",NA,NA,0.0890538033395176,FALSE,"confirmatory"
650,0.516870177753771,0.499926605366561,0.51402084949376,0.00999000999000999,7,0.038961038961039,TRUE,0.511805765248499,1000,12882,63,"gender_agreement","overall","all",NA,NA,0.0890538033395176,FALSE,"confirmatory"
654,0.518222438227748,0.499964875741146,0.51373963301076,0.00999000999000999,7,0.038961038961039,TRUE,0.511805765248499,1000,12882,63,"gender_agreement","overall","all",NA,NA,0.0890538033395176,FALSE,"confirmatory"
658,0.511829655774944,0.500093005962274,0.513764243600887,0.046953046953047,7,0.038961038961039,TRUE,0.511805765248499,1000,12882,63,"gender_agreement","overall","all",NA,NA,0.0890538033395176,FALSE,"confirmatory"
662,0.506899018016989,0.500126808285818,0.514034457375171,0.172827172827173,NA,NA,FALSE,0.511805765248499,1000,12882,63,"gender_agreement","overall","all",NA,NA,NA,FALSE,"confirmatory"
666,0.501571700940655,0.500172664332939,0.514263665573365,0.443556443556444,NA,NA,FALSE,0.511805765248499,1000,12882,63,"gender_agreement","overall","all",NA,NA,NA,FALSE,"confirmatory"
670,0.500611025410933,0.500195548323505,0.514603982374411,0.480519480519481,NA,NA,FALSE,0.511805765248499,1000,12882,63,"gender_agreement","overall","all",NA,NA,NA,FALSE,"confirmatory"
674,0.504322515330768,0.500218553538531,0.513701124505018,0.301698301698302,NA,NA,FALSE,0.511805765248499,1000,12882,63,"gender_agreement","overall","all",NA,NA,NA,FALSE,"confirmatory"
678,0.507680773374069,0.500352946511264,0.514276721514192,0.163836163836164,NA,NA,FALSE,0.511805765248499,1000,12882,63,"gender_agreement","overall","all",NA,NA,NA,FALSE,"confirmatory"
682,0.505041181028973,0.500291759717901,0.513675319112362,0.251748251748252,NA,NA,FALSE,0.511805765248499,1000,12882,63,"gender_agreement","overall","all",NA,NA,NA,FALSE,"confirmatory"
686,0.50846413149874,0.500211074447404,0.514116024341524,0.128871128871129,NA,NA,FALSE,0.511805765248499,1000,12882,63,"gender_agreement","overall","all",NA,NA,NA,FALSE,"confirmatory"
690,0.510224614476959,0.500231915039024,0.513466404972052,0.0769230769230769,NA,NA,FALSE,0.511805765248499,1000,12882,63,"gender_agreement","overall","all",NA,NA,NA,FALSE,"confirmatory"
694,0.512160174176441,0.500456948740986,0.513161441334804,0.04995004995005,8,0.933066933066933,FALSE,0.511805765248499,1000,12882,63,"gender_agreement","overall","all",NA,NA,0.933066933066933,FALSE,"confirmatory"
698,0.511082218200233,0.500556841429396,0.514121839094564,0.0759240759240759,NA,NA,FALSE,0.511805765248499,1000,12882,63,"gender_agreement","overall","all",NA,NA,NA,FALSE,"confirmatory"
702,0.510600948052004,0.500544234277526,0.514768724101802,0.0879120879120879,NA,NA,FALSE,0.511805765248499,1000,12882,63,"gender_agreement","overall","all",NA,NA,NA,FALSE,"confirmatory"
706,0.510249060821766,0.500580892090633,0.514851365964706,0.0969030969030969,NA,NA,FALSE,0.511805765248499,1000,12882,63,"gender_agreement","overall","all",NA,NA,NA,FALSE,"confirmatory"
710,0.514207064160481,0.500649023222226,0.514272080402132,0.028971028971029,9,0.011988011988012,TRUE,0.511805765248499,1000,12882,63,"gender_agreement","overall","all",NA,NA,0.0346320346320346,TRUE,"confirmatory"
714,0.518988216218879,0.500321583842823,0.514195988462434,0.004995004995005,9,0.011988011988012,TRUE,0.511805765248499,1000,12882,63,"gender_agreement","overall","all",NA,NA,0.0346320346320346,TRUE,"confirmatory"
718,0.519906307378174,0.500132642836361,0.513900395963628,0.003996003996004,9,0.011988011988012,TRUE,0.511805765248499,1000,12882,63,"gender_agreement","overall","all",NA,NA,0.0346320346320346,TRUE,"confirmatory"
722,0.516358096209694,0.500158552691419,0.514973119454756,0.015984015984016,9,0.011988011988012,TRUE,0.511805765248499,1000,12882,63,"gender_agreement","overall","all",NA,NA,0.0346320346320346,TRUE,"confirmatory"
726,0.515466370393967,0.50008436818886,0.514023024374617,0.012987012987013,9,0.011988011988012,TRUE,0.511805765248499,1000,12882,63,"gender_agreement","overall","all",NA,NA,0.0346320346320346,TRUE,"confirmatory"
730,0.517336496337323,0.500165663037409,0.513728575852024,0.00599400599400599,9,0.011988011988012,TRUE,0.511805765248499,1000,12882,63,"gender_agreement","overall","all",NA,NA,0.0346320346320346,TRUE,"confirmatory"
734,0.519084280118583,0.500171457806825,0.513944993820133,0.004995004995005,9,0.011988011988012,TRUE,0.511805765248499,1000,12882,63,"gender_agreement","overall","all",NA,NA,0.0346320346320346,TRUE,"confirmatory"
738,0.518609456874847,0.499990825615522,0.514195385802899,0.00599400599400599,9,0.011988011988012,TRUE,0.511805765248499,1000,12882,63,"gender_agreement","overall","all",NA,NA,0.0346320346320346,TRUE,"confirmatory"
742,0.52048173673365,0.500061192039964,0.514313020655042,0.000999000999000999,9,0.011988011988012,TRUE,0.511805765248499,1000,12882,63,"gender_agreement","overall","all",NA,NA,0.0346320346320346,TRUE,"confirmatory"
746,0.519921984519867,0.500243095952389,0.514202359106132,0.001998001998002,9,0.011988011988012,TRUE,0.511805765248499,1000,12882,63,"gender_agreement","overall","all",NA,NA,0.0346320346320346,TRUE,"confirmatory"
750,0.519550308581366,0.500480148517169,0.514013920941616,0.002997002997003,9,0.011988011988012,TRUE,0.511805765248499,1000,12882,63,"gender_agreement","overall","all",NA,NA,0.0346320346320346,TRUE,"confirmatory"
754,0.517259311689908,0.500373739515211,0.513713274980889,0.00599400599400599,9,0.011988011988012,TRUE,0.511805765248499,1000,12882,63,"gender_agreement","overall","all",NA,NA,0.0346320346320346,TRUE,"confirmatory"
758,0.511226522173221,0.500253508493972,0.513476214550515,0.0599400599400599,NA,NA,FALSE,0.511805765248499,1000,12882,63,"gender_agreement","overall","all",NA,NA,NA,FALSE,"confirmatory"
762,0.512685956673189,0.500058643209301,0.513671150440844,0.038961038961039,10,0.903096903096903,FALSE,0.511805765248499,1000,12882,63,"gender_agreement","overall","all",NA,NA,0.933066933066933,FALSE,"confirmatory"
766,0.511145617191114,0.49996690190628,0.513520172105399,0.0559440559440559,NA,NA,FALSE,0.511805765248499,1000,12882,63,"gender_agreement","overall","all",NA,NA,NA,FALSE,"confirmatory"
770,0.513703084607585,0.49990271261062,0.513646716554509,0.025974025974026,11,0.478521478521479,FALSE,0.511805765248499,1000,12882,63,"gender_agreement","overall","all",NA,NA,0.765634365634366,FALSE,"confirmatory"
774,0.512722073048408,0.499781713061928,0.512291109597287,0.023976023976024,11,0.478521478521479,FALSE,0.511805765248499,1000,12882,63,"gender_agreement","overall","all",NA,NA,0.765634365634366,FALSE,"confirmatory"
778,0.512850300360957,0.499923818923846,0.512841768393818,0.024975024975025,11,0.478521478521479,FALSE,0.511805765248499,1000,12882,63,"gender_agreement","overall","all",NA,NA,0.765634365634366,FALSE,"confirmatory"
782,0.514443373124612,0.499940628936282,0.513241933319455,0.015984015984016,11,0.478521478521479,FALSE,0.511805765248499,1000,12882,63,"gender_agreement","overall","all",NA,NA,0.765634365634366,FALSE,"confirmatory"
786,0.516573198786594,0.499990571086946,0.513641575900512,0.010989010989011,11,0.478521478521479,FALSE,0.511805765248499,1000,12882,63,"gender_agreement","overall","all",NA,NA,0.765634365634366,FALSE,"confirmatory"
790,0.512534741691168,0.500211586135361,0.512731145458012,0.027972027972028,11,0.478521478521479,FALSE,0.511805765248499,1000,12882,63,"gender_agreement","overall","all",NA,NA,0.765634365634366,FALSE,"confirmatory"
794,0.509408531854212,0.500244823371491,0.512784808404172,0.0959040959040959,NA,NA,FALSE,0.511805765248499,1000,12882,63,"gender_agreement","overall","all",NA,NA,NA,FALSE,"confirmatory"
798,0.511033211672421,0.500148496314118,0.513462510941924,0.0659340659340659,NA,NA,FALSE,0.511805765248499,1000,12882,63,"gender_agreement","overall","all",NA,NA,NA,FALSE,"confirmatory"
802,0.511424784438849,0.500199643771301,0.514569370571322,0.0719280719280719,NA,NA,FALSE,0.511805765248499,1000,12882,63,"gender_agreement","overall","all",NA,NA,NA,FALSE,"confirmatory"
806,0.510947026844312,0.500235426206981,0.51457488760032,0.0789210789210789,NA,NA,FALSE,0.511805765248499,1000,12882,63,"gender_agreement","overall","all",NA,NA,NA,FALSE,"confirmatory"
810,0.507500887845931,0.500159031934506,0.514154567312992,0.156843156843157,NA,NA,FALSE,0.511805765248499,1000,12882,63,"gender_agreement","overall","all",NA,NA,NA,FALSE,"confirmatory"
814,0.506862196260632,0.500089379972591,0.514385031236218,0.168831168831169,NA,NA,FALSE,0.511805765248499,1000,12882,63,"gender_agreement","overall","all",NA,NA,NA,FALSE,"confirmatory"
818,0.50773170406193,0.500056358552445,0.514215366166745,0.158841158841159,NA,NA,FALSE,0.511805765248499,1000,12882,63,"gender_agreement","overall","all",NA,NA,NA,FALSE,"confirmatory"
822,0.508464220985759,0.499886840427769,0.514060720632976,0.108891108891109,NA,NA,FALSE,0.511805765248499,1000,12882,63,"gender_agreement","overall","all",NA,NA,NA,FALSE,"confirmatory"
826,0.50447368278651,0.499944625135565,0.513642376343191,0.276723276723277,NA,NA,FALSE,0.511805765248499,1000,12882,63,"gender_agreement","overall","all",NA,NA,NA,FALSE,"confirmatory"
830,0.499904590367437,0.499947706610155,0.513627323499403,0.519480519480519,NA,NA,FALSE,0.511805765248499,1000,12882,63,"gender_agreement","overall","all",NA,NA,NA,FALSE,"confirmatory"
834,0.496244262450115,0.500069644806316,0.51316995804861,0.709290709290709,NA,NA,FALSE,0.511805765248499,1000,12882,63,"gender_agreement","overall","all",NA,NA,NA,FALSE,"confirmatory"
838,0.49889207634012,0.499972311671899,0.513433592964763,0.572427572427572,NA,NA,FALSE,0.511805765248499,1000,12882,63,"gender_agreement","overall","all",NA,NA,NA,FALSE,"confirmatory"
842,0.501115345955512,0.500026108754156,0.513187876198403,0.45954045954046,NA,NA,FALSE,0.511805765248499,1000,12882,63,"gender_agreement","overall","all",NA,NA,NA,FALSE,"confirmatory"
846,0.511232567085406,0.500020492113207,0.513412566266724,0.0569430569430569,NA,NA,FALSE,0.511805765248499,1000,12882,63,"gender_agreement","overall","all",NA,NA,NA,FALSE,"confirmatory"
850,0.51482029964061,0.500021747420196,0.513544887525844,0.012987012987013,12,0.00799200799200799,TRUE,0.511805765248499,1000,12882,63,"gender_agreement","overall","all",NA,NA,0.0346320346320346,TRUE,"confirmatory"
854,0.515775236060099,0.499906734174776,0.513383079146898,0.00799200799200799,12,0.00799200799200799,TRUE,0.511805765248499,1000,12882,63,"gender_agreement","overall","all",NA,NA,0.0346320346320346,TRUE,"confirmatory"
858,0.521063436083356,0.499863773189821,0.513072133673437,0.000999000999000999,12,0.00799200799200799,TRUE,0.511805765248499,1000,12882,63,"gender_agreement","overall","all",NA,NA,0.0346320346320346,TRUE,"confirmatory"
862,0.51863534139498,0.499784378152938,0.512986504979685,0.001998001998002,12,0.00799200799200799,TRUE,0.511805765248499,1000,12882,63,"gender_agreement","overall","all",NA,NA,0.0346320346320346,TRUE,"confirmatory"
866,0.517369705281904,0.499838461722844,0.513464625351715,0.002997002997003,12,0.00799200799200799,TRUE,0.511805765248499,1000,12882,63,"gender_agreement","overall","all",NA,NA,0.0346320346320346,TRUE,"confirmatory"
870,0.515346775424475,0.499797344751372,0.512861756599516,0.00799200799200799,12,0.00799200799200799,TRUE,0.511805765248499,1000,12882,63,"gender_agreement","overall","all",NA,NA,0.0346320346320346,TRUE,"confirmatory"
874,0.513689115128692,0.499857909860007,0.512962458272027,0.017982017982018,12,0.00799200799200799,TRUE,0.511805765248499,1000,12882,63,"gender_agreement","overall","all",NA,NA,0.0346320346320346,TRUE,"confirmatory"
878,0.5162731167708,0.49993267818848,0.513675628592336,0.00799200799200799,12,0.00799200799200799,TRUE,0.511805765248499,1000,12882,63,"gender_agreement","overall","all",NA,NA,0.0346320346320346,TRUE,"confirmatory"
882,0.515391110043595,0.500116025624527,0.513891493135987,0.013986013986014,12,0.00799200799200799,TRUE,0.511805765248499,1000,12882,63,"gender_agreement","overall","all",NA,NA,0.0346320346320346,TRUE,"confirmatory"
886,0.513954174144813,0.500277800205569,0.514850441008826,0.02997002997003,12,0.00799200799200799,TRUE,0.511805765248499,1000,12882,63,"gender_agreement","overall","all",NA,NA,0.0346320346320346,TRUE,"confirmatory"
890,0.515045288285214,0.500229048726129,0.513982042760004,0.017982017982018,12,0.00799200799200799,TRUE,0.511805765248499,1000,12882,63,"gender_agreement","overall","all",NA,NA,0.0346320346320346,TRUE,"confirmatory"
894,0.514300355397598,0.500177696582155,0.513894643175973,0.023976023976024,12,0.00799200799200799,TRUE,0.511805765248499,1000,12882,63,"gender_agreement","overall","all",NA,NA,0.0346320346320346,TRUE,"confirmatory"
898,0.515626565775692,0.500195597847615,0.514282461843192,0.015984015984016,12,0.00799200799200799,TRUE,0.511805765248499,1000,12882,63,"gender_agreement","overall","all",NA,NA,0.0346320346320346,TRUE,"confirmatory"
902,0.516456146606997,0.500328578995694,0.514549860304333,0.011988011988012,12,0.00799200799200799,TRUE,0.511805765248499,1000,12882,63,"gender_agreement","overall","all",NA,NA,0.0346320346320346,TRUE,"confirmatory"
906,0.519919131803172,0.50048791887656,0.515284265494682,0.001998001998002,12,0.00799200799200799,TRUE,0.511805765248499,1000,12882,63,"gender_agreement","overall","all",NA,NA,0.0346320346320346,TRUE,"confirmatory"
910,0.518886544129278,0.500607242618315,0.515047978845783,0.004995004995005,12,0.00799200799200799,TRUE,0.511805765248499,1000,12882,63,"gender_agreement","overall","all",NA,NA,0.0346320346320346,TRUE,"confirmatory"
914,0.520353932577205,0.500642609319647,0.514953822485463,0.002997002997003,12,0.00799200799200799,TRUE,0.511805765248499,1000,12882,63,"gender_agreement","overall","all",NA,NA,0.0346320346320346,TRUE,"confirmatory"
918,0.520199112127445,0.500653022429038,0.515384865865496,0.003996003996004,12,0.00799200799200799,TRUE,0.511805765248499,1000,12882,63,"gender_agreement","overall","all",NA,NA,0.0346320346320346,TRUE,"confirmatory"
922,0.515641125305009,0.500655823643054,0.5153932072832,0.022977022977023,12,0.00799200799200799,TRUE,0.511805765248499,1000,12882,63,"gender_agreement","overall","all",NA,NA,0.0346320346320346,TRUE,"confirmatory"
926,0.512308559102319,0.500540966196009,0.515052099019177,0.0529470529470529,12,0.00799200799200799,TRUE,0.511805765248499,1000,12882,63,"gender_agreement","overall","all",NA,NA,0.0346320346320346,TRUE,"confirmatory"
930,0.509661456135342,0.500495923673411,0.515172593833596,0.10989010989011,NA,NA,FALSE,0.511805765248499,1000,12882,63,"gender_agreement","overall","all",NA,NA,NA,FALSE,"confirmatory"
934,0.512026987970745,0.500441205911922,0.514801414277217,0.0659340659340659,13,0.733266733266733,FALSE,0.511805765248499,1000,12882,63,"gender_agreement","overall","all",NA,NA,0.933066933066933,FALSE,"confirmatory"
938,0.514593534765043,0.500323301705511,0.514605129376369,0.026973026973027,13,0.733266733266733,FALSE,0.511805765248499,1000,12882,63,"gender_agreement","overall","all",NA,NA,0.933066933066933,FALSE,"confirmatory"
942,0.513899450403303,0.500198268115264,0.51450528410659,0.032967032967033,13,0.733266733266733,FALSE,0.511805765248499,1000,12882,63,"gender_agreement","overall","all",NA,NA,0.933066933066933,FALSE,"confirmatory"
946,0.511063103654592,0.500389641688358,0.514080955052041,0.0679320679320679,NA,NA,FALSE,0.511805765248499,1000,12882,63,"gender_agreement","overall","all",NA,NA,NA,FALSE,"confirmatory"
950,0.512568837868127,0.500404135924515,0.51384877993019,0.040959040959041,14,0.000999000999000999,TRUE,0.511805765248499,1000,12882,63,"gender_agreement","overall","all",NA,NA,0.015984015984016,TRUE,"confirmatory"
954,0.512944260397255,0.500414462840906,0.513514354612974,0.033966033966034,14,0.000999000999000999,TRUE,0.511805765248499,1000,12882,63,"gender_agreement","overall","all",NA,NA,0.015984015984016,TRUE,"confirmatory"
958,0.517265540780908,0.500384212022179,0.513701369781428,0.003996003996004,14,0.000999000999000999,TRUE,0.511805765248499,1000,12882,63,"gender_agreement","overall","all",NA,NA,0.015984015984016,TRUE,"confirmatory"
962,0.52156168606988,0.500235559843924,0.514692594217043,0.000999000999000999,14,0.000999000999000999,TRUE,0.511805765248499,1000,12882,63,"gender_agreement","overall","all",NA,NA,0.015984015984016,TRUE,"confirmatory"
966,0.5282460711208,0.500214533002619,0.513795879224397,0.000999000999000999,14,0.000999000999000999,TRUE,0.511805765248499,1000,12882,63,"gender_agreement","overall","all",NA,NA,0.015984015984016,TRUE,"confirmatory"
970,0.52807913525024,0.500310366393318,0.514435575617427,0.000999000999000999,14,0.000999000999000999,TRUE,0.511805765248499,1000,12882,63,"gender_agreement","overall","all",NA,NA,0.015984015984016,TRUE,"confirmatory"
974,0.527690896096619,0.500426901688114,0.514502676188391,0.000999000999000999,14,0.000999000999000999,TRUE,0.511805765248499,1000,12882,63,"gender_agreement","overall","all",NA,NA,0.015984015984016,TRUE,"confirmatory"
978,0.522649409232978,0.50051513453503,0.515151122333304,0.002997002997003,14,0.000999000999000999,TRUE,0.511805765248499,1000,12882,63,"gender_agreement","overall","all",NA,NA,0.015984015984016,TRUE,"confirmatory"
982,0.51627009716119,0.500426368589149,0.515433773584255,0.020979020979021,14,0.000999000999000999,TRUE,0.511805765248499,1000,12882,63,"gender_agreement","overall","all",NA,NA,0.015984015984016,TRUE,"confirmatory"
986,0.515703478132449,0.500384870852379,0.514630264487991,0.01998001998002,14,0.000999000999000999,TRUE,0.511805765248499,1000,12882,63,"gender_agreement","overall","all",NA,NA,0.015984015984016,TRUE,"confirmatory"
990,0.516817946182973,0.500206987656197,0.514666612645105,0.011988011988012,14,0.000999000999000999,TRUE,0.511805765248499,1000,12882,63,"gender_agreement","overall","all",NA,NA,0.015984015984016,TRUE,"confirmatory"
994,0.518643239320743,0.500155748393452,0.514488854059256,0.004995004995005,14,0.000999000999000999,TRUE,0.511805765248499,1000,12882,63,"gender_agreement","overall","all",NA,NA,0.015984015984016,TRUE,"confirmatory"
998,0.517626248663494,0.500081349034777,0.514072760853827,0.00699300699300699,14,0.000999000999000999,TRUE,0.511805765248499,1000,12882,63,"gender_agreement","overall","all",NA,NA,0.015984015984016,TRUE,"confirmatory"
1002,0.517653522109125,0.500264730839642,0.513539059866994,0.00799200799200799,14,0.000999000999000999,TRUE,0.511805765248499,1000,12882,63,"gender_agreement","overall","all",NA,NA,0.015984015984016,TRUE,"confirmatory"
1006,0.516721873562625,0.500147803946593,0.514489825451803,0.00899100899100899,14,0.000999000999000999,TRUE,0.511805765248499,1000,12882,63,"gender_agreement","overall","all",NA,NA,0.015984015984016,TRUE,"confirmatory"
1010,0.519126789575465,0.500060519646557,0.51442681010781,0.003996003996004,14,0.000999000999000999,TRUE,0.511805765248499,1000,12882,63,"gender_agreement","overall","all",NA,NA,0.015984015984016,TRUE,"confirmatory"
1014,0.519770937707309,0.500028797878807,0.514702238355518,0.001998001998002,14,0.000999000999000999,TRUE,0.511805765248499,1000,12882,63,"gender_agreement","overall","all",NA,NA,0.015984015984016,TRUE,"confirmatory"
1018,0.520155492428326,0.499984115342754,0.514127293422565,0.002997002997003,14,0.000999000999000999,TRUE,0.511805765248499,1000,12882,63,"gender_agreement","overall","all",NA,NA,0.015984015984016,TRUE,"confirmatory"
1022,0.518369053849762,0.500052156192125,0.514122821685118,0.004995004995005,14,0.000999000999000999,TRUE,0.511805765248499,1000,12882,63,"gender_agreement","overall","all",NA,NA,0.015984015984016,TRUE,"confirmatory"
1026,0.517718439622636,0.500087464570158,0.514004984959176,0.011988011988012,14,0.000999000999000999,TRUE,0.511805765248499,1000,12882,63,"gender_agreement","overall","all",NA,NA,0.015984015984016,TRUE,"confirmatory"
1030,0.517685370997734,0.499940447608148,0.514314215441161,0.00699300699300699,14,0.000999000999000999,TRUE,0.511805765248499,1000,12882,63,"gender_agreement","overall","all",NA,NA,0.015984015984016,TRUE,"confirmatory"
1034,0.522709961115412,0.499773272129941,0.514327430274377,0.000999000999000999,14,0.000999000999000999,TRUE,0.511805765248499,1000,12882,63,"gender_agreement","overall","all",NA,NA,0.015984015984016,TRUE,"confirmatory"
1038,0.524535550722353,0.499651037125761,0.513643920553579,0.000999000999000999,14,0.000999000999000999,TRUE,0.511805765248499,1000,12882,63,"gender_agreement","overall","all",NA,NA,0.015984015984016,TRUE,"confirmatory"
1042,0.524314473359223,0.499747962564256,0.512968464027609,0.000999000999000999,14,0.000999000999000999,TRUE,0.511805765248499,1000,12882,63,"gender_agreement","overall","all",NA,NA,0.015984015984016,TRUE,"confirmatory"
1046,0.517809288178415,0.499720917422487,0.512312116556939,0.003996003996004,14,0.000999000999000999,TRUE,0.511805765248499,1000,12882,63,"gender_agreement","overall","all",NA,NA,0.015984015984016,TRUE,"confirmatory"
1050,0.510492844115002,0.49982573566739,0.513016083751838,0.0649350649350649,NA,NA,FALSE,0.511805765248499,1000,12882,63,"gender_agreement","overall","all",NA,NA,NA,FALSE,"confirmatory"
1054,0.51246244866339,0.499880546674972,0.512930307803533,0.034965034965035,15,0.846153846153846,FALSE,0.511805765248499,1000,12882,63,"gender_agreement","overall","all",NA,NA,0.933066933066933,FALSE,"confirmatory"
1058,0.513192836271493,0.49999308127339,0.514161126934577,0.038961038961039,15,0.846153846153846,FALSE,0.511805765248499,1000,12882,63,"gender_agreement","overall","all",NA,NA,0.933066933066933,FALSE,"confirmatory"
1062,0.511164309717965,0.500171671362333,0.514557290874948,0.0669330669330669,NA,NA,FALSE,0.511805765248499,1000,12882,63,"gender_agreement","overall","all",NA,NA,NA,FALSE,"confirmatory"
1066,0.510839081219122,0.500243129081456,0.514309312697673,0.0749250749250749,NA,NA,FALSE,0.511805765248499,1000,12882,63,"gender_agreement","overall","all",NA,NA,NA,FALSE,"confirmatory"
1070,0.511561154772872,0.500165602209772,0.513769998668941,0.0549450549450549,NA,NA,FALSE,0.511805765248499,1000,12882,63,"gender_agreement","overall","all",NA,NA,NA,FALSE,"confirmatory"
1074,0.514055371586558,0.500291718980933,0.514484468144577,0.027972027972028,16,0.224775224775225,FALSE,0.511805765248499,1000,12882,63,"gender_agreement","overall","all",NA,NA,0.44955044955045,FALSE,"confirmatory"
1078,0.513949370888233,0.500465244212835,0.514638238830309,0.033966033966034,16,0.224775224775225,FALSE,0.511805765248499,1000,12882,63,"gender_agreement","overall","all",NA,NA,0.44955044955045,FALSE,"confirmatory"
1082,0.512575669192883,0.500359615798468,0.515039197718294,0.0549450549450549,16,0.224775224775225,FALSE,0.511805765248499,1000,12882,63,"gender_agreement","overall","all",NA,NA,0.44955044955045,FALSE,"confirmatory"
1086,0.513498132055129,0.500387775910751,0.515194472615818,0.037962037962038,16,0.224775224775225,FALSE,0.511805765248499,1000,12882,63,"gender_agreement","overall","all",NA,NA,0.44955044955045,FALSE,"confirmatory"
1090,0.517306383656552,0.500264834404754,0.514329954058356,0.00999000999000999,16,0.224775224775225,FALSE,0.511805765248499,1000,12882,63,"gender_agreement","overall","all",NA,NA,0.44955044955045,FALSE,"confirmatory"
1094,0.516869673683015,0.500226528580041,0.513925933082126,0.00799200799200799,16,0.224775224775225,FALSE,0.511805765248499,1000,12882,63,"gender_agreement","overall","all",NA,NA,0.44955044955045,FALSE,"confirmatory"
1098,0.518097047560832,0.500195806937367,0.513593920660884,0.00599400599400599,16,0.224775224775225,FALSE,0.511805765248499,1000,12882,63,"gender_agreement","overall","all",NA,NA,0.44955044955045,FALSE,"confirmatory"
-98,0.493091936792769,0.501559482308105,0.525260504669759,0.771144278606965,NA,NA,FALSE,0.520153588546495,200,3915,63,"gender_agreement","by_session","session_2",2,NA,NA,FALSE,"exploratory"
-94,0.479571313479683,0.501024424960212,0.521569872822235,0.980099502487562,NA,NA,FALSE,0.520153588546495,200,3915,63,"gender_agreement","by_session","session_2",2,NA,NA,FALSE,"exploratory"
-90,0.482852685914161,0.500190842791427,0.521905284440205,0.930348258706468,NA,NA,FALSE,0.520153588546495,200,3915,63,"gender_agreement","by_session","session_2",2,NA,NA,FALSE,"exploratory"
-86,0.500242204087689,0.499417786411285,0.519044440320414,0.45771144278607,NA,NA,FALSE,0.520153588546495,200,3915,63,"gender_agreement","by_session","session_2",2,NA,NA,FALSE,"exploratory"
-82,0.510253282369918,0.499678208631542,0.522108099470707,0.238805970149254,NA,NA,FALSE,0.520153588546495,200,3915,63,"gender_agreement","by_session","session_2",2,NA,NA,FALSE,"exploratory"
-78,0.507020087430751,0.499420948499193,0.523053930397697,0.313432835820896,NA,NA,FALSE,0.520153588546495,200,3915,63,"gender_agreement","by_session","session_2",2,NA,NA,FALSE,"exploratory"
-74,0.499830452953556,0.499257019305316,0.51919648947218,0.532338308457711,NA,NA,FALSE,0.520153588546495,200,3915,63,"gender_agreement","by_session","session_2",2,NA,NA,FALSE,"exploratory"
-70,0.501022649114544,0.499455906787412,0.524537744574231,0.437810945273632,NA,NA,FALSE,0.520153588546495,200,3915,63,"gender_agreement","by_session","session_2",2,NA,NA,FALSE,"exploratory"
-66,0.497114927517317,0.500385441393147,0.525024651484802,0.606965174129353,NA,NA,FALSE,0.520153588546495,200,3915,63,"gender_agreement","by_session","session_2",2,NA,NA,FALSE,"exploratory"
-62,0.498658445330292,0.50040570287779,0.52225980396414,0.557213930348259,NA,NA,FALSE,0.520153588546495,200,3915,63,"gender_agreement","by_session","session_2",2,NA,NA,FALSE,"exploratory"
-58,0.507020968334612,0.500316198355803,0.522135159670308,0.358208955223881,NA,NA,FALSE,0.520153588546495,200,3915,63,"gender_agreement","by_session","session_2",2,NA,NA,FALSE,"exploratory"
-54,0.517012938218039,0.500060641374644,0.519036078588148,0.0696517412935323,NA,NA,FALSE,0.520153588546495,200,3915,63,"gender_agreement","by_session","session_2",2,NA,NA,FALSE,"exploratory"
-50,0.520377179168989,0.500511691611743,0.521897496229244,0.0447761194029851,1,0.970149253731343,FALSE,0.520153588546495,200,3915,63,"gender_agreement","by_session","session_2",2,NA,NA,FALSE,"exploratory"
-46,0.517880990202882,0.500443670040999,0.522272598965342,0.0746268656716418,NA,NA,FALSE,0.520153588546495,200,3915,63,"gender_agreement","by_session","session_2",2,NA,NA,FALSE,"exploratory"
-42,0.513118253091412,0.500880660704761,0.521987279502953,0.139303482587065,NA,NA,FALSE,0.520153588546495,200,3915,63,"gender_agreement","by_session","session_2",2,NA,NA,FALSE,"exploratory"
-38,0.509299473236614,0.499762007388565,0.519042761551986,0.213930348258706,NA,NA,FALSE,0.520153588546495,200,3915,63,"gender_agreement","by_session","session_2",2,NA,NA,FALSE,"exploratory"
-34,0.495977073975389,0.499012520040524,0.521131428280854,0.597014925373134,NA,NA,FALSE,0.520153588546495,200,3915,63,"gender_agreement","by_session","session_2",2,NA,NA,FALSE,"exploratory"
-30,0.493068159715895,0.499786325020681,0.522496538990278,0.711442786069652,NA,NA,FALSE,0.520153588546495,200,3915,63,"gender_agreement","by_session","session_2",2,NA,NA,FALSE,"exploratory"
-26,0.499390437142758,0.499644541470541,0.521477413989592,0.497512437810945,NA,NA,FALSE,0.520153588546495,200,3915,63,"gender_agreement","by_session","session_2",2,NA,NA,FALSE,"exploratory"
-22,0.504419026664516,0.499372859931588,0.518801801325198,0.36318407960199,NA,NA,FALSE,0.520153588546495,200,3915,63,"gender_agreement","by_session","session_2",2,NA,NA,FALSE,"exploratory"
-18,0.495833263360278,0.500602726132135,0.526235618323181,0.681592039800995,NA,NA,FALSE,0.520153588546495,200,3915,63,"gender_agreement","by_session","session_2",2,NA,NA,FALSE,"exploratory"
-14,0.50428775945113,0.500651107673953,0.524089074995967,0.398009950248756,NA,NA,FALSE,0.520153588546495,200,3915,63,"gender_agreement","by_session","session_2",2,NA,NA,FALSE,"exploratory"
-10,0.502864345740949,0.499240993685186,0.524395500643033,0.398009950248756,NA,NA,FALSE,0.520153588546495,200,3915,63,"gender_agreement","by_session","session_2",2,NA,NA,FALSE,"exploratory"
-6,0.493584127363312,0.499099901178533,0.523140513060485,0.656716417910448,NA,NA,FALSE,0.520153588546495,200,3915,63,"gender_agreement","by_session","session_2",2,NA,NA,FALSE,"exploratory"
-2,0.505296276994208,0.499168029467065,0.52213718494069,0.353233830845771,NA,NA,FALSE,0.520153588546495,200,3915,63,"gender_agreement","by_session","session_2",2,NA,NA,FALSE,"exploratory"
2,0.51164849878059,0.499051419392503,0.524441797014036,0.203980099502488,NA,NA,FALSE,0.520153588546495,200,3915,63,"gender_agreement","by_session","session_2",2,NA,NA,FALSE,"exploratory"
6,0.512716241149392,0.499499709290937,0.522110801433694,0.154228855721393,NA,NA,FALSE,0.520153588546495,200,3915,63,"gender_agreement","by_session","session_2",2,NA,NA,FALSE,"exploratory"
10,0.508063139430575,0.500262725309039,0.52226652918745,0.253731343283582,NA,NA,FALSE,0.520153588546495,200,3915,63,"gender_agreement","by_session","session_2",2,NA,NA,FALSE,"exploratory"
14,0.500729757950909,0.500881260898236,0.527956176248078,0.532338308457711,NA,NA,FALSE,0.520153588546495,200,3915,63,"gender_agreement","by_session","session_2",2,NA,NA,FALSE,"exploratory"
18,0.498296810917127,0.500309831544946,0.524897452346344,0.572139303482587,NA,NA,FALSE,0.520153588546495,200,3915,63,"gender_agreement","by_session","session_2",2,NA,NA,FALSE,"exploratory"
22,0.502934367709679,0.500693186367882,0.520786614815351,0.442786069651741,NA,NA,FALSE,0.520153588546495,200,3915,63,"gender_agreement","by_session","session_2",2,NA,NA,FALSE,"exploratory"
26,0.495268435898867,0.500613059217872,0.524016863313857,0.656716417910448,NA,NA,FALSE,0.520153588546495,200,3915,63,"gender_agreement","by_session","session_2",2,NA,NA,FALSE,"exploratory"
30,0.491478335275029,0.50088732657975,0.52702163569349,0.781094527363184,NA,NA,FALSE,0.520153588546495,200,3915,63,"gender_agreement","by_session","session_2",2,NA,NA,FALSE,"exploratory"
34,0.474797944644344,0.501134461465735,0.528718392948639,0.975124378109453,NA,NA,FALSE,0.520153588546495,200,3915,63,"gender_agreement","by_session","session_2",2,NA,NA,FALSE,"exploratory"
38,0.472002914895794,0.501210917423865,0.524314771377449,0.990049751243781,NA,NA,FALSE,0.520153588546495,200,3915,63,"gender_agreement","by_session","session_2",2,NA,NA,FALSE,"exploratory"
42,0.476592676377875,0.500790925700891,0.526039650893521,0.975124378109453,NA,NA,FALSE,0.520153588546495,200,3915,63,"gender_agreement","by_session","session_2",2,NA,NA,FALSE,"exploratory"
46,0.482729273255461,0.500824519186216,0.527730580317471,0.925373134328358,NA,NA,FALSE,0.520153588546495,200,3915,63,"gender_agreement","by_session","session_2",2,NA,NA,FALSE,"exploratory"
50,0.486985331225607,0.501338003242486,0.530406770071909,0.885572139303483,NA,NA,FALSE,0.520153588546495,200,3915,63,"gender_agreement","by_session","session_2",2,NA,NA,FALSE,"exploratory"
54,0.484438497359345,0.501192078748489,0.526259405926525,0.890547263681592,NA,NA,FALSE,0.520153588546495,200,3915,63,"gender_agreement","by_session","session_2",2,NA,NA,FALSE,"exploratory"
58,0.489487629267543,0.500853134817558,0.524237416826477,0.830845771144279,NA,NA,FALSE,0.520153588546495,200,3915,63,"gender_agreement","by_session","session_2",2,NA,NA,FALSE,"exploratory"
62,0.498047331255831,0.501117585978529,0.526756400585675,0.597014925373134,NA,NA,FALSE,0.520153588546495,200,3915,63,"gender_agreement","by_session","session_2",2,NA,NA,FALSE,"exploratory"
66,0.501116049178932,0.501702161642041,0.524807828687716,0.527363184079602,NA,NA,FALSE,0.520153588546495,200,3915,63,"gender_agreement","by_session","session_2",2,NA,NA,FALSE,"exploratory"
70,0.509995268817986,0.501499403884076,0.522510542663604,0.253731343283582,NA,NA,FALSE,0.520153588546495,200,3915,63,"gender_agreement","by_session","session_2",2,NA,NA,FALSE,"exploratory"
74,0.513163288842493,0.500837978716831,0.5249615377321,0.17910447761194,NA,NA,FALSE,0.520153588546495,200,3915,63,"gender_agreement","by_session","session_2",2,NA,NA,FALSE,"exploratory"
78,0.517384816748047,0.500517814957646,0.5267852189185,0.0696517412935323,NA,NA,FALSE,0.520153588546495,200,3915,63,"gender_agreement","by_session","session_2",2,NA,NA,FALSE,"exploratory"
82,0.510761230455003,0.500307864456865,0.523434643150161,0.208955223880597,NA,NA,FALSE,0.520153588546495,200,3915,63,"gender_agreement","by_session","session_2",2,NA,NA,FALSE,"exploratory"
86,0.518525056146461,0.500953059162244,0.523942921004743,0.0945273631840796,NA,NA,FALSE,0.520153588546495,200,3915,63,"gender_agreement","by_session","session_2",2,NA,NA,FALSE,"exploratory"
90,0.519505510065424,0.501242423120745,0.52506397013019,0.0597014925373134,NA,NA,FALSE,0.520153588546495,200,3915,63,"gender_agreement","by_session","session_2",2,NA,NA,FALSE,"exploratory"
94,0.514684082567579,0.500627143036605,0.524170610332763,0.134328358208955,NA,NA,FALSE,0.520153588546495,200,3915,63,"gender_agreement","by_session","session_2",2,NA,NA,FALSE,"exploratory"
98,0.513899674557146,0.499408780592798,0.52632000416936,0.119402985074627,NA,NA,FALSE,0.520153588546495,200,3915,63,"gender_agreement","by_session","session_2",2,NA,NA,FALSE,"exploratory"
102,0.518239057314879,0.500499892159375,0.523465804130026,0.0845771144278607,NA,NA,FALSE,0.520153588546495,200,3915,63,"gender_agreement","by_session","session_2",2,NA,NA,FALSE,"exploratory"
106,0.503983400278381,0.500970879807125,0.524597817533359,0.427860696517413,NA,NA,FALSE,0.520153588546495,200,3915,63,"gender_agreement","by_session","session_2",2,NA,NA,FALSE,"exploratory"
110,0.489885093692897,0.500940939462002,0.52558110259986,0.776119402985075,NA,NA,FALSE,0.520153588546495,200,3915,63,"gender_agreement","by_session","session_2",2,NA,NA,FALSE,"exploratory"
114,0.488851104416861,0.500612472639198,0.524493128441497,0.810945273631841,NA,NA,FALSE,0.520153588546495,200,3915,63,"gender_agreement","by_session","session_2",2,NA,NA,FALSE,"exploratory"
118,0.488796019393695,0.50101550698145,0.525251778520341,0.850746268656716,NA,NA,FALSE,0.520153588546495,200,3915,63,"gender_agreement","by_session","session_2",2,NA,NA,FALSE,"exploratory"
122,0.480106235249951,0.500946455783346,0.524315727574733,0.945273631840796,NA,NA,FALSE,0.520153588546495,200,3915,63,"gender_agreement","by_session","session_2",2,NA,NA,FALSE,"exploratory"
126,0.476979660605606,0.500453510408304,0.522499319676136,0.965174129353234,NA,NA,FALSE,0.520153588546495,200,3915,63,"gender_agreement","by_session","session_2",2,NA,NA,FALSE,"exploratory"
130,0.482613608748581,0.500743630525785,0.520148850744795,0.930348258706468,NA,NA,FALSE,0.520153588546495,200,3915,63,"gender_agreement","by_session","session_2",2,NA,NA,FALSE,"exploratory"
134,0.495749470274529,0.500473677285516,0.523835401618504,0.666666666666667,NA,NA,FALSE,0.520153588546495,200,3915,63,"gender_agreement","by_session","session_2",2,NA,NA,FALSE,"exploratory"
138,0.501447593942715,0.500442165007712,0.523285069247292,0.492537313432836,NA,NA,FALSE,0.520153588546495,200,3915,63,"gender_agreement","by_session","session_2",2,NA,NA,FALSE,"exploratory"
142,0.498198521727588,0.500485092518843,0.524399416303915,0.572139303482587,NA,NA,FALSE,0.520153588546495,200,3915,63,"gender_agreement","by_session","session_2",2,NA,NA,FALSE,"exploratory"
146,0.498126687838131,0.501400238713712,0.524288446231131,0.616915422885572,NA,NA,FALSE,0.520153588546495,200,3915,63,"gender_agreement","by_session","session_2",2,NA,NA,FALSE,"exploratory"
150,0.505154475251785,0.50003132420303,0.524045700624128,0.348258706467662,NA,NA,FALSE,0.520153588546495,200,3915,63,"gender_agreement","by_session","session_2",2,NA,NA,FALSE,"exploratory"
154,0.512722535069806,0.499109820443955,0.520680908300739,0.144278606965174,NA,NA,FALSE,0.520153588546495,200,3915,63,"gender_agreement","by_session","session_2",2,NA,NA,FALSE,"exploratory"
158,0.500353250101665,0.499631728943518,0.519630698519234,0.492537313432836,NA,NA,FALSE,0.520153588546495,200,3915,63,"gender_agreement","by_session","session_2",2,NA,NA,FALSE,"exploratory"
162,0.499300274322788,0.499466991011247,0.524644322123424,0.512437810945274,NA,NA,FALSE,0.520153588546495,200,3915,63,"gender_agreement","by_session","session_2",2,NA,NA,FALSE,"exploratory"
166,0.507509255899073,0.499250134738368,0.523182404791561,0.27363184079602,NA,NA,FALSE,0.520153588546495,200,3915,63,"gender_agreement","by_session","session_2",2,NA,NA,FALSE,"exploratory"
170,0.50974506178454,0.499221010124607,0.520719223760979,0.213930348258706,NA,NA,FALSE,0.520153588546495,200,3915,63,"gender_agreement","by_session","session_2",2,NA,NA,FALSE,"exploratory"
174,0.504174163106053,0.499105485093102,0.520236188213707,0.348258706467662,NA,NA,FALSE,0.520153588546495,200,3915,63,"gender_agreement","by_session","session_2",2,NA,NA,FALSE,"exploratory"
178,0.515580348939622,0.499393590238146,0.520565464299443,0.114427860696517,NA,NA,FALSE,0.520153588546495,200,3915,63,"gender_agreement","by_session","session_2",2,NA,NA,FALSE,"exploratory"
182,0.524687946862902,0.499771087193123,0.521497484162705,0.00995024875621891,2,0.0995024875621891,FALSE,0.520153588546495,200,3915,63,"gender_agreement","by_session","session_2",2,NA,NA,FALSE,"exploratory"
186,0.530791152243599,0.499808014094342,0.519998720208854,0.00497512437810945,2,0.0995024875621891,FALSE,0.520153588546495,200,3915,63,"gender_agreement","by_session","session_2",2,NA,NA,FALSE,"exploratory"
190,0.528711790767959,0.500309161912373,0.521825280546627,0.00497512437810945,2,0.0995024875621891,FALSE,0.520153588546495,200,3915,63,"gender_agreement","by_session","session_2",2,NA,NA,FALSE,"exploratory"
194,0.529920445292915,0.499911711422956,0.526054630193216,0.00995024875621891,2,0.0995024875621891,FALSE,0.520153588546495,200,3915,63,"gender_agreement","by_session","session_2",2,NA,NA,FALSE,"exploratory"
198,0.537836671879397,0.499457438646586,0.524347499444624,0.00497512437810945,2,0.0995024875621891,FALSE,0.520153588546495,200,3915,63,"gender_agreement","by_session","session_2",2,NA,NA,FALSE,"exploratory"
202,0.528814226136383,0.499604236728712,0.523763392652166,0.0149253731343284,2,0.0995024875621891,FALSE,0.520153588546495,200,3915,63,"gender_agreement","by_session","session_2",2,NA,NA,FALSE,"exploratory"
206,0.515666361574743,0.500561756943224,0.525615683363126,0.139303482587065,NA,NA,FALSE,0.520153588546495,200,3915,63,"gender_agreement","by_session","session_2",2,NA,NA,FALSE,"exploratory"
210,0.514738133842332,0.50124720927884,0.527256140981377,0.174129353233831,NA,NA,FALSE,0.520153588546495,200,3915,63,"gender_agreement","by_session","session_2",2,NA,NA,FALSE,"exploratory"
214,0.518178825755267,0.501911947856567,0.527911632486507,0.0895522388059701,NA,NA,FALSE,0.520153588546495,200,3915,63,"gender_agreement","by_session","session_2",2,NA,NA,FALSE,"exploratory"
218,0.511601166276111,0.501331010291908,0.527847991946424,0.199004975124378,NA,NA,FALSE,0.520153588546495,200,3915,63,"gender_agreement","by_session","session_2",2,NA,NA,FALSE,"exploratory"
222,0.508320935966079,0.50083234199667,0.526284283619913,0.258706467661692,NA,NA,FALSE,0.520153588546495,200,3915,63,"gender_agreement","by_session","session_2",2,NA,NA,FALSE,"exploratory"
226,0.504328306132077,0.501038571122392,0.526695703366727,0.393034825870647,NA,NA,FALSE,0.520153588546495,200,3915,63,"gender_agreement","by_session","session_2",2,NA,NA,FALSE,"exploratory"
230,0.502316984380019,0.501692864254531,0.523431220190761,0.537313432835821,NA,NA,FALSE,0.520153588546495,200,3915,63,"gender_agreement","by_session","session_2",2,NA,NA,FALSE,"exploratory"
234,0.505136752313196,0.501361798396999,0.522360428606702,0.378109452736318,NA,NA,FALSE,0.520153588546495,200,3915,63,"gender_agreement","by_session","session_2",2,NA,NA,FALSE,"exploratory"
238,0.499688501471304,0.501399153227209,0.521311050322878,0.567164179104478,NA,NA,FALSE,0.520153588546495,200,3915,63,"gender_agreement","by_session","session_2",2,NA,NA,FALSE,"exploratory"
242,0.508766338656693,0.50080627788765,0.521633894879638,0.288557213930348,NA,NA,FALSE,0.520153588546495,200,3915,63,"gender_agreement","by_session","session_2",2,NA,NA,FALSE,"exploratory"
246,0.51309599844398,0.500233517321302,0.523860534407454,0.124378109452736,NA,NA,FALSE,0.520153588546495,200,3915,63,"gender_agreement","by_session","session_2",2,NA,NA,FALSE,"exploratory"
250,0.505651127273533,0.499566443321281,0.520185505058297,0.338308457711443,NA,NA,FALSE,0.520153588546495,200,3915,63,"gender_agreement","by_session","session_2",2,NA,NA,FALSE,"exploratory"
254,0.502111458203033,0.499192506878242,0.519996072449225,0.442786069651741,NA,NA,FALSE,0.520153588546495,200,3915,63,"gender_agreement","by_session","session_2",2,NA,NA,FALSE,"exploratory"
258,0.500243597699797,0.49926838773706,0.520112457481383,0.437810945273632,NA,NA,FALSE,0.520153588546495,200,3915,63,"gender_agreement","by_session","session_2",2,NA,NA,FALSE,"exploratory"
262,0.497656697350991,0.499657066340538,0.520974561588609,0.601990049751244,NA,NA,FALSE,0.520153588546495,200,3915,63,"gender_agreement","by_session","session_2",2,NA,NA,FALSE,"exploratory"
266,0.505496795746324,0.500117399431573,0.520769661933247,0.338308457711443,NA,NA,FALSE,0.520153588546495,200,3915,63,"gender_agreement","by_session","session_2",2,NA,NA,FALSE,"exploratory"
270,0.507692360510469,0.500543026727883,0.52110696540058,0.313432835820896,NA,NA,FALSE,0.520153588546495,200,3915,63,"gender_agreement","by_session","session_2",2,NA,NA,FALSE,"exploratory"
274,0.509419498992934,0.500279052361008,0.519585603490437,0.238805970149254,NA,NA,FALSE,0.520153588546495,200,3915,63,"gender_agreement","by_session","session_2",2,NA,NA,FALSE,"exploratory"
278,0.508544056039554,0.500301269084953,0.521563564496727,0.27363184079602,NA,NA,FALSE,0.520153588546495,200,3915,63,"gender_agreement","by_session","session_2",2,NA,NA,FALSE,"exploratory"
282,0.505578151412114,0.501251958154498,0.524294461842556,0.368159203980099,NA,NA,FALSE,0.520153588546495,200,3915,63,"gender_agreement","by_session","session_2",2,NA,NA,FALSE,"exploratory"
286,0.503279439985338,0.500902243578108,0.524301618732447,0.412935323383085,NA,NA,FALSE,0.520153588546495,200,3915,63,"gender_agreement","by_session","session_2",2,NA,NA,FALSE,"exploratory"
290,0.499976447961816,0.500364693533134,0.524367307029535,0.577114427860697,NA,NA,FALSE,0.520153588546495,200,3915,63,"gender_agreement","by_session","session_2",2,NA,NA,FALSE,"exploratory"
294,0.499050746930784,0.50005670225564,0.520323145978853,0.572139303482587,NA,NA,FALSE,0.520153588546495,200,3915,63,"gender_agreement","by_session","session_2",2,NA,NA,FALSE,"exploratory"
298,0.497549561813657,0.499671857169972,0.518947572417969,0.616915422885572,NA,NA,FALSE,0.520153588546495,200,3915,63,"gender_agreement","by_session","session_2",2,NA,NA,FALSE,"exploratory"
302,0.503044325354511,0.4991228579444,0.524442139583769,0.348258706467662,NA,NA,FALSE,0.520153588546495,200,3915,63,"gender_agreement","by_session","session_2",2,NA,NA,FALSE,"exploratory"
306,0.504225610962356,0.499653630013677,0.523343298055042,0.313432835820896,NA,NA,FALSE,0.520153588546495,200,3915,63,"gender_agreement","by_session","session_2",2,NA,NA,FALSE,"exploratory"
310,0.507300555893944,0.499588675794527,0.522543273984902,0.283582089552239,NA,NA,FALSE,0.520153588546495,200,3915,63,"gender_agreement","by_session","session_2",2,NA,NA,FALSE,"exploratory"
314,0.511067784696909,0.500239078326598,0.523786635684682,0.208955223880597,NA,NA,FALSE,0.520153588546495,200,3915,63,"gender_agreement","by_session","session_2",2,NA,NA,FALSE,"exploratory"
318,0.5098382928571,0.500702408376606,0.521990009288161,0.253731343283582,NA,NA,FALSE,0.520153588546495,200,3915,63,"gender_agreement","by_session","session_2",2,NA,NA,FALSE,"exploratory"
322,0.509783903533046,0.500637359529186,0.522552637787425,0.263681592039801,NA,NA,FALSE,0.520153588546495,200,3915,63,"gender_agreement","by_session","session_2",2,NA,NA,FALSE,"exploratory"
326,0.507594176615755,0.499892197289467,0.521628218040198,0.298507462686567,NA,NA,FALSE,0.520153588546495,200,3915,63,"gender_agreement","by_session","session_2",2,NA,NA,FALSE,"exploratory"
330,0.510640530762987,0.499440354080924,0.523530959468416,0.203980099502488,NA,NA,FALSE,0.520153588546495,200,3915,63,"gender_agreement","by_session","session_2",2,NA,NA,FALSE,"exploratory"
334,0.501700228244215,0.499696676790089,0.52324226533893,0.447761194029851,NA,NA,FALSE,0.520153588546495,200,3915,63,"gender_agreement","by_session","session_2",2,NA,NA,FALSE,"exploratory"
338,0.496847770035286,0.500086559808736,0.525554817821921,0.592039800995025,NA,NA,FALSE,0.520153588546495,200,3915,63,"gender_agreement","by_session","session_2",2,NA,NA,FALSE,"exploratory"
342,0.49790190674514,0.500211152880554,0.526825433776624,0.582089552238806,NA,NA,FALSE,0.520153588546495,200,3915,63,"gender_agreement","by_session","session_2",2,NA,NA,FALSE,"exploratory"
346,0.491143953146556,0.499617323901662,0.523441284537718,0.766169154228856,NA,NA,FALSE,0.520153588546495,200,3915,63,"gender_agreement","by_session","session_2",2,NA,NA,FALSE,"exploratory"
350,0.493627234118319,0.499413506081048,0.521582007834922,0.676616915422886,NA,NA,FALSE,0.520153588546495,200,3915,63,"gender_agreement","by_session","session_2",2,NA,NA,FALSE,"exploratory"
354,0.499521675943323,0.499699748930193,0.522432792987922,0.502487562189055,NA,NA,FALSE,0.520153588546495,200,3915,63,"gender_agreement","by_session","session_2",2,NA,NA,FALSE,"exploratory"
358,0.502243863685439,0.499961089698686,0.522536794114631,0.45771144278607,NA,NA,FALSE,0.520153588546495,200,3915,63,"gender_agreement","by_session","session_2",2,NA,NA,FALSE,"exploratory"
362,0.497822172020178,0.499975932819099,0.525500603101783,0.577114427860697,NA,NA,FALSE,0.520153588546495,200,3915,63,"gender_agreement","by_session","session_2",2,NA,NA,FALSE,"exploratory"
366,0.507150866481763,0.499315933615633,0.525475797507049,0.248756218905473,NA,NA,FALSE,0.520153588546495,200,3915,63,"gender_agreement","by_session","session_2",2,NA,NA,FALSE,"exploratory"
370,0.515143802605822,0.499589949065837,0.523446988183287,0.0995024875621891,NA,NA,FALSE,0.520153588546495,200,3915,63,"gender_agreement","by_session","session_2",2,NA,NA,FALSE,"exploratory"
374,0.515256350228076,0.499369507915817,0.522206516843769,0.0995024875621891,NA,NA,FALSE,0.520153588546495,200,3915,63,"gender_agreement","by_session","session_2",2,NA,NA,FALSE,"exploratory"
378,0.518234924898724,0.499059684378642,0.522521576436945,0.0497512437810945,NA,NA,FALSE,0.520153588546495,200,3915,63,"gender_agreement","by_session","session_2",2,NA,NA,FALSE,"exploratory"
382,0.526332127358385,0.498680476502738,0.524249245553225,0.0199004975124378,3,0.646766169154229,FALSE,0.520153588546495,200,3915,63,"gender_agreement","by_session","session_2",2,NA,NA,FALSE,"exploratory"
386,0.524257596287552,0.498547181262156,0.524855927870091,0.0348258706467662,3,0.646766169154229,FALSE,0.520153588546495,200,3915,63,"gender_agreement","by_session","session_2",2,NA,NA,FALSE,"exploratory"
390,0.522443554799896,0.498768347222919,0.522184383247704,0.0298507462686567,3,0.646766169154229,FALSE,0.520153588546495,200,3915,63,"gender_agreement","by_session","session_2",2,NA,NA,FALSE,"exploratory"
394,0.523038289652609,0.497969380162569,0.519047143238971,0.0149253731343284,3,0.646766169154229,FALSE,0.520153588546495,200,3915,63,"gender_agreement","by_session","session_2",2,NA,NA,FALSE,"exploratory"
398,0.520367612159067,0.498119939021375,0.520644527808267,0.0398009950248756,3,0.646766169154229,FALSE,0.520153588546495,200,3915,63,"gender_agreement","by_session","session_2",2,NA,NA,FALSE,"exploratory"
402,0.518394025261722,0.49833155098632,0.521571392772382,0.0746268656716418,NA,NA,FALSE,0.520153588546495,200,3915,63,"gender_agreement","by_session","session_2",2,NA,NA,FALSE,"exploratory"
406,0.517425771533175,0.49875668657667,0.522617151390875,0.0796019900497512,NA,NA,FALSE,0.520153588546495,200,3915,63,"gender_agreement","by_session","session_2",2,NA,NA,FALSE,"exploratory"
410,0.51212050341054,0.499835106825773,0.524919214010211,0.189054726368159,NA,NA,FALSE,0.520153588546495,200,3915,63,"gender_agreement","by_session","session_2",2,NA,NA,FALSE,"exploratory"
414,0.50906957923782,0.500854418018662,0.524873760562271,0.263681592039801,NA,NA,FALSE,0.520153588546495,200,3915,63,"gender_agreement","by_session","session_2",2,NA,NA,FALSE,"exploratory"
418,0.510048830206667,0.50103888938571,0.524445110604552,0.243781094527363,NA,NA,FALSE,0.520153588546495,200,3915,63,"gender_agreement","by_session","session_2",2,NA,NA,FALSE,"exploratory"
422,0.502060090968631,0.500624452537645,0.527031084351448,0.407960199004975,NA,NA,FALSE,0.520153588546495,200,3915,63,"gender_agreement","by_session","session_2",2,NA,NA,FALSE,"exploratory"
426,0.504845997878743,0.499547592589505,0.523748451115594,0.348258706467662,NA,NA,FALSE,0.520153588546495,200,3915,63,"gender_agreement","by_session","session_2",2,NA,NA,FALSE,"exploratory"
430,0.510024343854012,0.499946789015327,0.52524163887823,0.218905472636816,NA,NA,FALSE,0.520153588546495,200,3915,63,"gender_agreement","by_session","session_2",2,NA,NA,FALSE,"exploratory"
434,0.520097655805627,0.500303676941676,0.528735041134946,0.0646766169154229,NA,NA,FALSE,0.520153588546495,200,3915,63,"gender_agreement","by_session","session_2",2,NA,NA,FALSE,"exploratory"
438,0.524482064598325,0.500375864674306,0.526756191775417,0.054726368159204,4,0.626865671641791,FALSE,0.520153588546495,200,3915,63,"gender_agreement","by_session","session_2",2,NA,NA,FALSE,"exploratory"
442,0.525147636654648,0.500142794373116,0.523076380317934,0.0199004975124378,4,0.626865671641791,FALSE,0.520153588546495,200,3915,63,"gender_agreement","by_session","session_2",2,NA,NA,FALSE,"exploratory"
446,0.524372859778728,0.499052519872693,0.520674249800614,0.0199004975124378,4,0.626865671641791,FALSE,0.520153588546495,200,3915,63,"gender_agreement","by_session","session_2",2,NA,NA,FALSE,"exploratory"
450,0.523298409780301,0.499639131362642,0.520838578978443,0.00995024875621891,4,0.626865671641791,FALSE,0.520153588546495,200,3915,63,"gender_agreement","by_session","session_2",2,NA,NA,FALSE,"exploratory"
454,0.51876897618083,0.500328364934725,0.522032057860576,0.0497512437810945,NA,NA,FALSE,0.520153588546495,200,3915,63,"gender_agreement","by_session","session_2",2,NA,NA,FALSE,"exploratory"
458,0.512292366323444,0.49975896083614,0.521881660511653,0.159203980099502,NA,NA,FALSE,0.520153588546495,200,3915,63,"gender_agreement","by_session","session_2",2,NA,NA,FALSE,"exploratory"
462,0.514703039955055,0.499948969974137,0.520784072835116,0.104477611940299,NA,NA,FALSE,0.520153588546495,200,3915,63,"gender_agreement","by_session","session_2",2,NA,NA,FALSE,"exploratory"
466,0.505458201150922,0.499902258141553,0.522994846638119,0.348258706467662,NA,NA,FALSE,0.520153588546495,200,3915,63,"gender_agreement","by_session","session_2",2,NA,NA,FALSE,"exploratory"
470,0.513237071164772,0.499948468044069,0.521967502402084,0.144278606965174,NA,NA,FALSE,0.520153588546495,200,3915,63,"gender_agreement","by_session","session_2",2,NA,NA,FALSE,"exploratory"
474,0.505701973301268,0.500412054590144,0.524911426288565,0.358208955223881,NA,NA,FALSE,0.520153588546495,200,3915,63,"gender_agreement","by_session","session_2",2,NA,NA,FALSE,"exploratory"
478,0.508254363338852,0.50069701523421,0.523854320194715,0.288557213930348,NA,NA,FALSE,0.520153588546495,200,3915,63,"gender_agreement","by_session","session_2",2,NA,NA,FALSE,"exploratory"
482,0.500762738440396,0.50099087073986,0.525820436178053,0.527363184079602,NA,NA,FALSE,0.520153588546495,200,3915,63,"gender_agreement","by_session","session_2",2,NA,NA,FALSE,"exploratory"
486,0.492047786466504,0.500521809229728,0.525527396613127,0.771144278606965,NA,NA,FALSE,0.520153588546495,200,3915,63,"gender_agreement","by_session","session_2",2,NA,NA,FALSE,"exploratory"
490,0.494906669740569,0.500029056915151,0.523249569786741,0.641791044776119,NA,NA,FALSE,0.520153588546495,200,3915,63,"gender_agreement","by_session","session_2",2,NA,NA,FALSE,"exploratory"
494,0.503757778726475,0.499883732719796,0.521747515569364,0.393034825870647,NA,NA,FALSE,0.520153588546495,200,3915,63,"gender_agreement","by_session","session_2",2,NA,NA,FALSE,"exploratory"
498,0.510051005120923,0.500225627624326,0.522209339865547,0.228855721393035,NA,NA,FALSE,0.520153588546495,200,3915,63,"gender_agreement","by_session","session_2",2,NA,NA,FALSE,"exploratory"
502,0.518539030665125,0.500095921262906,0.521328319580204,0.0746268656716418,NA,NA,FALSE,0.520153588546495,200,3915,63,"gender_agreement","by_session","session_2",2,NA,NA,FALSE,"exploratory"
506,0.520489541272837,0.500586355548566,0.521046002711413,0.0447761194029851,5,0.930348258706468,FALSE,0.520153588546495,200,3915,63,"gender_agreement","by_session","session_2",2,NA,NA,FALSE,"exploratory"
510,0.523101794375875,0.500999838928703,0.526279786505384,0.0398009950248756,5,0.930348258706468,FALSE,0.520153588546495,200,3915,63,"gender_agreement","by_session","session_2",2,NA,NA,FALSE,"exploratory"
514,0.520394357086855,0.50135589607996,0.52476457529785,0.054726368159204,5,0.930348258706468,FALSE,0.520153588546495,200,3915,63,"gender_agreement","by_session","session_2",2,NA,NA,FALSE,"exploratory"
518,0.517607014292325,0.500490516502345,0.52443069523235,0.0895522388059701,NA,NA,FALSE,0.520153588546495,200,3915,63,"gender_agreement","by_session","session_2",2,NA,NA,FALSE,"exploratory"
522,0.512398681491612,0.499630943638107,0.523820392632005,0.17910447761194,NA,NA,FALSE,0.520153588546495,200,3915,63,"gender_agreement","by_session","session_2",2,NA,NA,FALSE,"exploratory"
526,0.513474580014167,0.499571089772328,0.523018793035391,0.144278606965174,NA,NA,FALSE,0.520153588546495,200,3915,63,"gender_agreement","by_session","session_2",2,NA,NA,FALSE,"exploratory"
530,0.513459548358538,0.499531802559256,0.525022985414723,0.149253731343284,NA,NA,FALSE,0.520153588546495,200,3915,63,"gender_agreement","by_session","session_2",2,NA,NA,FALSE,"exploratory"
534,0.519855023369507,0.50026395803655,0.523616948657194,0.0646766169154229,NA,NA,FALSE,0.520153588546495,200,3915,63,"gender_agreement","by_session","session_2",2,NA,NA,FALSE,"exploratory"
538,0.520941861646757,0.500644283684909,0.525837488935739,0.0447761194029851,6,0.955223880597015,FALSE,0.520153588546495,200,3915,63,"gender_agreement","by_session","session_2",2,NA,NA,FALSE,"exploratory"
542,0.517910949833705,0.501027268578407,0.522940617836382,0.114427860696517,NA,NA,FALSE,0.520153588546495,200,3915,63,"gender_agreement","by_session","session_2",2,NA,NA,FALSE,"exploratory"
546,0.510344366596068,0.50151789844344,0.527277276490534,0.263681592039801,NA,NA,FALSE,0.520153588546495,200,3915,63,"gender_agreement","by_session","session_2",2,NA,NA,FALSE,"exploratory"
550,0.515022503016175,0.502094958239148,0.526132604383698,0.194029850746269,NA,NA,FALSE,0.520153588546495,200,3915,63,"gender_agreement","by_session","session_2",2,NA,NA,FALSE,"exploratory"
554,0.508550383991501,0.501267371098704,0.525282034552245,0.283582089552239,NA,NA,FALSE,0.520153588546495,200,3915,63,"gender_agreement","by_session","session_2",2,NA,NA,FALSE,"exploratory"
558,0.511566502931033,0.500381853942484,0.524701049911318,0.154228855721393,NA,NA,FALSE,0.520153588546495,200,3915,63,"gender_agreement","by_session","session_2",2,NA,NA,FALSE,"exploratory"
562,0.510225678213525,0.500739363432308,0.523428832902294,0.17910447761194,NA,NA,FALSE,0.520153588546495,200,3915,63,"gender_agreement","by_session","session_2",2,NA,NA,FALSE,"exploratory"
566,0.515284942749975,0.500817057916304,0.521098810670334,0.0995024875621891,NA,NA,FALSE,0.520153588546495,200,3915,63,"gender_agreement","by_session","session_2",2,NA,NA,FALSE,"exploratory"
570,0.515343906860091,0.501356745753912,0.521190213449521,0.114427860696517,NA,NA,FALSE,0.520153588546495,200,3915,63,"gender_agreement","by_session","session_2",2,NA,NA,FALSE,"exploratory"
574,0.522249864614285,0.500813073444549,0.522416900540029,0.0348258706467662,7,0.194029850746269,FALSE,0.520153588546495,200,3915,63,"gender_agreement","by_session","session_2",2,NA,NA,FALSE,"exploratory"
578,0.531319985627861,0.501398425785958,0.522413616994415,0.00995024875621891,7,0.194029850746269,FALSE,0.520153588546495,200,3915,63,"gender_agreement","by_session","session_2",2,NA,NA,FALSE,"exploratory"
582,0.531794661119074,0.500973604722784,0.52478777833917,0.00995024875621891,7,0.194029850746269,FALSE,0.520153588546495,200,3915,63,"gender_agreement","by_session","session_2",2,NA,NA,FALSE,"exploratory"
586,0.526811402624487,0.500616241225017,0.5245663018891,0.0199004975124378,7,0.194029850746269,FALSE,0.520153588546495,200,3915,63,"gender_agreement","by_session","session_2",2,NA,NA,FALSE,"exploratory"
590,0.52204541471712,0.500586101906608,0.522740228320365,0.0348258706467662,7,0.194029850746269,FALSE,0.520153588546495,200,3915,63,"gender_agreement","by_session","session_2",2,NA,NA,FALSE,"exploratory"
594,0.525711961495065,0.500481531991393,0.525665696935639,0.0298507462686567,7,0.194029850746269,FALSE,0.520153588546495,200,3915,63,"gender_agreement","by_session","session_2",2,NA,NA,FALSE,"exploratory"
598,0.52257593610481,0.499503157793364,0.521903497888197,0.0298507462686567,7,0.194029850746269,FALSE,0.520153588546495,200,3915,63,"gender_agreement","by_session","session_2",2,NA,NA,FALSE,"exploratory"
602,0.518978446625729,0.499574683372145,0.523315828150406,0.0447761194029851,NA,NA,FALSE,0.520153588546495,200,3915,63,"gender_agreement","by_session","session_2",2,NA,NA,FALSE,"exploratory"
606,0.51699995981537,0.499412900896608,0.520076406906555,0.0646766169154229,NA,NA,FALSE,0.520153588546495,200,3915,63,"gender_agreement","by_session","session_2",2,NA,NA,FALSE,"exploratory"
610,0.524463520287679,0.500083596744446,0.523752655442388,0.0248756218905473,8,0.0398009950248756,TRUE,0.520153588546495,200,3915,63,"gender_agreement","by_session","session_2",2,NA,NA,FALSE,"exploratory"
614,0.529337553282134,0.500245060506306,0.523434600746059,0.00995024875621891,8,0.0398009950248756,TRUE,0.520153588546495,200,3915,63,"gender_agreement","by_session","session_2",2,NA,NA,FALSE,"exploratory"
618,0.534227963200288,0.500556534236958,0.524936993463721,0.00497512437810945,8,0.0398009950248756,TRUE,0.520153588546495,200,3915,63,"gender_agreement","by_session","session_2",2,NA,NA,FALSE,"exploratory"
622,0.535951513264277,0.500578347544703,0.523597184954062,0.00497512437810945,8,0.0398009950248756,TRUE,0.520153588546495,200,3915,63,"gender_agreement","by_session","session_2",2,NA,NA,FALSE,"exploratory"
626,0.538218690863017,0.500777480483488,0.523512031144755,0.00497512437810945,8,0.0398009950248756,TRUE,0.520153588546495,200,3915,63,"gender_agreement","by_session","session_2",2,NA,NA,FALSE,"exploratory"
630,0.537783938505198,0.50129698831337,0.520707058504232,0.00497512437810945,8,0.0398009950248756,TRUE,0.520153588546495,200,3915,63,"gender_agreement","by_session","session_2",2,NA,NA,FALSE,"exploratory"
634,0.53281830059001,0.500769065041374,0.522977846245985,0.00497512437810945,8,0.0398009950248756,TRUE,0.520153588546495,200,3915,63,"gender_agreement","by_session","session_2",2,NA,NA,FALSE,"exploratory"
638,0.521686060758138,0.501122892541555,0.524551289013719,0.054726368159204,8,0.0398009950248756,TRUE,0.520153588546495,200,3915,63,"gender_agreement","by_session","session_2",2,NA,NA,FALSE,"exploratory"
642,0.516080707043227,0.501386251030121,0.524512919739484,0.109452736318408,NA,NA,FALSE,0.520153588546495,200,3915,63,"gender_agreement","by_session","session_2",2,NA,NA,FALSE,"exploratory"
646,0.514870677495545,0.500886017740422,0.523560364157297,0.134328358208955,NA,NA,FALSE,0.520153588546495,200,3915,63,"gender_agreement","by_session","session_2",2,NA,NA,FALSE,"exploratory"
650,0.520267556419254,0.499777999577001,0.520944396537273,0.054726368159204,9,0.915422885572139,FALSE,0.520153588546495,200,3915,63,"gender_agreement","by_session","session_2",2,NA,NA,FALSE,"exploratory"
654,0.523743120480994,0.499606238239332,0.519547327212057,0.00995024875621891,9,0.915422885572139,FALSE,0.520153588546495,200,3915,63,"gender_agreement","by_session","session_2",2,NA,NA,FALSE,"exploratory"
658,0.520559239139987,0.500259931271409,0.523074024322327,0.0447761194029851,9,0.915422885572139,FALSE,0.520153588546495,200,3915,63,"gender_agreement","by_session","session_2",2,NA,NA,FALSE,"exploratory"
662,0.515916618708796,0.500313905136678,0.522366566663753,0.119402985074627,NA,NA,FALSE,0.520153588546495,200,3915,63,"gender_agreement","by_session","session_2",2,NA,NA,FALSE,"exploratory"
666,0.515055861981736,0.500790496537049,0.527277260369107,0.109452736318408,NA,NA,FALSE,0.520153588546495,200,3915,63,"gender_agreement","by_session","session_2",2,NA,NA,FALSE,"exploratory"
670,0.514236325822843,0.500237039043952,0.528957625258903,0.144278606965174,NA,NA,FALSE,0.520153588546495,200,3915,63,"gender_agreement","by_session","session_2",2,NA,NA,FALSE,"exploratory"
674,0.515097938291597,0.500589552012895,0.527958050156692,0.144278606965174,NA,NA,FALSE,0.520153588546495,200,3915,63,"gender_agreement","by_session","session_2",2,NA,NA,FALSE,"exploratory"
678,0.513684367206502,0.500721030016949,0.523293221527964,0.169154228855721,NA,NA,FALSE,0.520153588546495,200,3915,63,"gender_agreement","by_session","session_2",2,NA,NA,FALSE,"exploratory"
682,0.511115499173778,0.500350493197246,0.523109869257536,0.233830845771144,NA,NA,FALSE,0.520153588546495,200,3915,63,"gender_agreement","by_session","session_2",2,NA,NA,FALSE,"exploratory"
686,0.516219918869887,0.500895427612493,0.525466526107147,0.139303482587065,NA,NA,FALSE,0.520153588546495,200,3915,63,"gender_agreement","by_session","session_2",2,NA,NA,FALSE,"exploratory"
690,0.517494113176921,0.500454602420235,0.524895480636969,0.104477611940299,NA,NA,FALSE,0.520153588546495,200,3915,63,"gender_agreement","by_session","session_2",2,NA,NA,FALSE,"exploratory"
694,0.515321110156411,0.500442199677182,0.523315775667046,0.134328358208955,NA,NA,FALSE,0.520153588546495,200,3915,63,"gender_agreement","by_session","session_2",2,NA,NA,FALSE,"exploratory"
698,0.518540119980778,0.500497966553992,0.522433550078296,0.0746268656716418,NA,NA,FALSE,0.520153588546495,200,3915,63,"gender_agreement","by_session","session_2",2,NA,NA,FALSE,"exploratory"
702,0.518973853241971,0.500662040942718,0.523821433343753,0.0696517412935323,NA,NA,FALSE,0.520153588546495,200,3915,63,"gender_agreement","by_session","session_2",2,NA,NA,FALSE,"exploratory"
706,0.516258556867775,0.501121820751158,0.526102074039395,0.109452736318408,NA,NA,FALSE,0.520153588546495,200,3915,63,"gender_agreement","by_session","session_2",2,NA,NA,FALSE,"exploratory"
710,0.523458196923892,0.501298320883824,0.525127212312089,0.0398009950248756,10,0.681592039800995,FALSE,0.520153588546495,200,3915,63,"gender_agreement","by_session","session_2",2,NA,NA,FALSE,"exploratory"
714,0.523639310121783,0.500871548875335,0.521270000624729,0.0149253731343284,10,0.681592039800995,FALSE,0.520153588546495,200,3915,63,"gender_agreement","by_session","session_2",2,NA,NA,FALSE,"exploratory"
718,0.525305582745719,0.501161002851174,0.522293370040835,0.0199004975124378,10,0.681592039800995,FALSE,0.520153588546495,200,3915,63,"gender_agreement","by_session","session_2",2,NA,NA,FALSE,"exploratory"
722,0.522575802867375,0.500939971897104,0.523040853811919,0.0348258706467662,10,0.681592039800995,FALSE,0.520153588546495,200,3915,63,"gender_agreement","by_session","session_2",2,NA,NA,FALSE,"exploratory"
726,0.517878363238411,0.500731992571115,0.523883785396534,0.104477611940299,NA,NA,FALSE,0.520153588546495,200,3915,63,"gender_agreement","by_session","session_2",2,NA,NA,FALSE,"exploratory"
730,0.515711734855583,0.501388428600416,0.525357384515599,0.134328358208955,NA,NA,FALSE,0.520153588546495,200,3915,63,"gender_agreement","by_session","session_2",2,NA,NA,FALSE,"exploratory"
734,0.517389961379255,0.501131147040422,0.524634440463078,0.0696517412935323,NA,NA,FALSE,0.520153588546495,200,3915,63,"gender_agreement","by_session","session_2",2,NA,NA,FALSE,"exploratory"
738,0.518678375205818,0.500884210320138,0.52186203055575,0.0746268656716418,NA,NA,FALSE,0.520153588546495,200,3915,63,"gender_agreement","by_session","session_2",2,NA,NA,FALSE,"exploratory"
742,0.517187206650009,0.500176508957838,0.521846717372193,0.0845771144278607,NA,NA,FALSE,0.520153588546495,200,3915,63,"gender_agreement","by_session","session_2",2,NA,NA,FALSE,"exploratory"
746,0.521617950160499,0.499722322074401,0.519252970852887,0.0149253731343284,11,0.0248756218905473,TRUE,0.520153588546495,200,3915,63,"gender_agreement","by_session","session_2",2,NA,NA,FALSE,"exploratory"
750,0.527377378745095,0.499584322668345,0.520465212010359,0.00497512437810945,11,0.0248756218905473,TRUE,0.520153588546495,200,3915,63,"gender_agreement","by_session","session_2",2,NA,NA,FALSE,"exploratory"
754,0.532454390596845,0.500027509723891,0.522024560105353,0.00497512437810945,11,0.0248756218905473,TRUE,0.520153588546495,200,3915,63,"gender_agreement","by_session","session_2",2,NA,NA,FALSE,"exploratory"
758,0.532948979075705,0.499490859399042,0.524801252934141,0.00497512437810945,11,0.0248756218905473,TRUE,0.520153588546495,200,3915,63,"gender_agreement","by_session","session_2",2,NA,NA,FALSE,"exploratory"
762,0.530976851811473,0.499240723027211,0.525527160186958,0.0199004975124378,11,0.0248756218905473,TRUE,0.520153588546495,200,3915,63,"gender_agreement","by_session","session_2",2,NA,NA,FALSE,"exploratory"
766,0.527510996046343,0.499507705073985,0.526646153497702,0.0248756218905473,11,0.0248756218905473,TRUE,0.520153588546495,200,3915,63,"gender_agreement","by_session","session_2",2,NA,NA,FALSE,"exploratory"
770,0.522291560412365,0.500018695788483,0.526802454682656,0.0447761194029851,11,0.0248756218905473,TRUE,0.520153588546495,200,3915,63,"gender_agreement","by_session","session_2",2,NA,NA,FALSE,"exploratory"
774,0.527325989043686,0.500003118828947,0.5222717683057,0.0199004975124378,11,0.0248756218905473,TRUE,0.520153588546495,200,3915,63,"gender_agreement","by_session","session_2",2,NA,NA,FALSE,"exploratory"
778,0.525807870020721,0.500395602361646,0.523849566993927,0.0199004975124378,11,0.0248756218905473,TRUE,0.520153588546495,200,3915,63,"gender_agreement","by_session","session_2",2,NA,NA,FALSE,"exploratory"
782,0.52600880739006,0.501392981594957,0.523812173185259,0.0199004975124378,11,0.0248756218905473,TRUE,0.520153588546495,200,3915,63,"gender_agreement","by_session","session_2",2,NA,NA,FALSE,"exploratory"
786,0.524268074565609,0.500959625934752,0.521840463610594,0.0248756218905473,11,0.0248756218905473,TRUE,0.520153588546495,200,3915,63,"gender_agreement","by_session","session_2",2,NA,NA,FALSE,"exploratory"
790,0.52734469820592,0.500702043965235,0.525672180844197,0.0298507462686567,11,0.0248756218905473,TRUE,0.520153588546495,200,3915,63,"gender_agreement","by_session","session_2",2,NA,NA,FALSE,"exploratory"
794,0.524571077325888,0.500524896637364,0.524472622004312,0.0248756218905473,11,0.0248756218905473,TRUE,0.520153588546495,200,3915,63,"gender_agreement","by_session","session_2",2,NA,NA,FALSE,"exploratory"
798,0.526289365990434,0.499900690447291,0.522737664483526,0.0199004975124378,11,0.0248756218905473,TRUE,0.520153588546495,200,3915,63,"gender_agreement","by_session","session_2",2,NA,NA,FALSE,"exploratory"
802,0.529881022990916,0.499602908535627,0.520475173829168,0.00995024875621891,11,0.0248756218905473,TRUE,0.520153588546495,200,3915,63,"gender_agreement","by_session","session_2",2,NA,NA,FALSE,"exploratory"
806,0.528229037762575,0.500200598004029,0.525634248600109,0.0248756218905473,11,0.0248756218905473,TRUE,0.520153588546495,200,3915,63,"gender_agreement","by_session","session_2",2,NA,NA,FALSE,"exploratory"
810,0.520285333306533,0.500582142018882,0.525680708971811,0.0796019900497512,11,0.0248756218905473,TRUE,0.520153588546495,200,3915,63,"gender_agreement","by_session","session_2",2,NA,NA,FALSE,"exploratory"
814,0.519071780484964,0.501323124622045,0.52653014182122,0.0845771144278607,NA,NA,FALSE,0.520153588546495,200,3915,63,"gender_agreement","by_session","session_2",2,NA,NA,FALSE,"exploratory"
818,0.524160981137305,0.500228909263153,0.528637662943508,0.0447761194029851,12,0.920398009950249,FALSE,0.520153588546495,200,3915,63,"gender_agreement","by_session","session_2",2,NA,NA,FALSE,"exploratory"
822,0.519898140844049,0.499648286734315,0.525298458402597,0.0398009950248756,NA,NA,FALSE,0.520153588546495,200,3915,63,"gender_agreement","by_session","session_2",2,NA,NA,FALSE,"exploratory"
826,0.518606936540399,0.500421873854015,0.521338141870249,0.0796019900497512,NA,NA,FALSE,0.520153588546495,200,3915,63,"gender_agreement","by_session","session_2",2,NA,NA,FALSE,"exploratory"
830,0.5202224430527,0.500994456778004,0.524287791236308,0.0447761194029851,13,0.970149253731343,FALSE,0.520153588546495,200,3915,63,"gender_agreement","by_session","session_2",2,NA,NA,FALSE,"exploratory"
834,0.52022901775001,0.50087110982162,0.524315856230132,0.054726368159204,13,0.970149253731343,FALSE,0.520153588546495,200,3915,63,"gender_agreement","by_session","session_2",2,NA,NA,FALSE,"exploratory"
838,0.518826042759404,0.499889945982177,0.525588525793157,0.0746268656716418,NA,NA,FALSE,0.520153588546495,200,3915,63,"gender_agreement","by_session","session_2",2,NA,NA,FALSE,"exploratory"
842,0.522696573772469,0.499757958449195,0.523056242379308,0.0398009950248756,14,0.945273631840796,FALSE,0.520153588546495,200,3915,63,"gender_agreement","by_session","session_2",2,NA,NA,FALSE,"exploratory"
846,0.520252312239509,0.500225231973631,0.526320752767192,0.0497512437810945,14,0.945273631840796,FALSE,0.520153588546495,200,3915,63,"gender_agreement","by_session","session_2",2,NA,NA,FALSE,"exploratory"
850,0.519779890380492,0.500114783526415,0.524713518708043,0.0597014925373134,NA,NA,FALSE,0.520153588546495,200,3915,63,"gender_agreement","by_session","session_2",2,NA,NA,FALSE,"exploratory"
854,0.523672325699755,0.499872226179972,0.524062555653748,0.0348258706467662,15,0.00995024875621891,TRUE,0.520153588546495,200,3915,63,"gender_agreement","by_session","session_2",2,NA,NA,FALSE,"exploratory"
858,0.534625781614295,0.500027844546156,0.52214857678962,0.00497512437810945,15,0.00995024875621891,TRUE,0.520153588546495,200,3915,63,"gender_agreement","by_session","session_2",2,NA,NA,FALSE,"exploratory"
862,0.53573870295695,0.500279951621651,0.520119334066996,0.00497512437810945,15,0.00995024875621891,TRUE,0.520153588546495,200,3915,63,"gender_agreement","by_session","session_2",2,NA,NA,FALSE,"exploratory"
866,0.540981036728746,0.500329687322114,0.522329792701413,0.00497512437810945,15,0.00995024875621891,TRUE,0.520153588546495,200,3915,63,"gender_agreement","by_session","session_2",2,NA,NA,FALSE,"exploratory"
870,0.53855210032373,0.500312046859147,0.522266438221702,0.00497512437810945,15,0.00995024875621891,TRUE,0.520153588546495,200,3915,63,"gender_agreement","by_session","session_2",2,NA,NA,FALSE,"exploratory"
874,0.5388740982293,0.500635292041877,0.522739986691661,0.00497512437810945,15,0.00995024875621891,TRUE,0.520153588546495,200,3915,63,"gender_agreement","by_session","session_2",2,NA,NA,FALSE,"exploratory"
878,0.528650644618901,0.500442603673619,0.521379719122085,0.00497512437810945,15,0.00995024875621891,TRUE,0.520153588546495,200,3915,63,"gender_agreement","by_session","session_2",2,NA,NA,FALSE,"exploratory"
882,0.528035685527432,0.50033674520765,0.521551891606975,0.00995024875621891,15,0.00995024875621891,TRUE,0.520153588546495,200,3915,63,"gender_agreement","by_session","session_2",2,NA,NA,FALSE,"exploratory"
886,0.531845288673694,0.500313384592454,0.520816160201515,0.00497512437810945,15,0.00995024875621891,TRUE,0.520153588546495,200,3915,63,"gender_agreement","by_session","session_2",2,NA,NA,FALSE,"exploratory"
890,0.534119360344584,0.500038573733359,0.519893503008326,0.00497512437810945,15,0.00995024875621891,TRUE,0.520153588546495,200,3915,63,"gender_agreement","by_session","session_2",2,NA,NA,FALSE,"exploratory"
894,0.542138886795221,0.500605742491631,0.521516714933558,0.00497512437810945,15,0.00995024875621891,TRUE,0.520153588546495,200,3915,63,"gender_agreement","by_session","session_2",2,NA,NA,FALSE,"exploratory"
898,0.546974795980198,0.500835597970478,0.522323978612567,0.00497512437810945,15,0.00995024875621891,TRUE,0.520153588546495,200,3915,63,"gender_agreement","by_session","session_2",2,NA,NA,FALSE,"exploratory"
902,0.539243515430926,0.499989316204788,0.525749078542498,0.00497512437810945,15,0.00995024875621891,TRUE,0.520153588546495,200,3915,63,"gender_agreement","by_session","session_2",2,NA,NA,FALSE,"exploratory"
906,0.539104501611203,0.499765247161608,0.521903933602242,0.00497512437810945,15,0.00995024875621891,TRUE,0.520153588546495,200,3915,63,"gender_agreement","by_session","session_2",2,NA,NA,FALSE,"exploratory"
910,0.537543142616558,0.499614649755795,0.52239648504631,0.00497512437810945,15,0.00995024875621891,TRUE,0.520153588546495,200,3915,63,"gender_agreement","by_session","session_2",2,NA,NA,FALSE,"exploratory"
914,0.5318633265872,0.500121152955884,0.521011069733211,0.00995024875621891,15,0.00995024875621891,TRUE,0.520153588546495,200,3915,63,"gender_agreement","by_session","session_2",2,NA,NA,FALSE,"exploratory"
918,0.535718038010559,0.500393300694668,0.522780627060307,0.00497512437810945,15,0.00995024875621891,TRUE,0.520153588546495,200,3915,63,"gender_agreement","by_session","session_2",2,NA,NA,FALSE,"exploratory"
922,0.526868773647138,0.500359835021615,0.519882845886605,0.00995024875621891,15,0.00995024875621891,TRUE,0.520153588546495,200,3915,63,"gender_agreement","by_session","session_2",2,NA,NA,FALSE,"exploratory"
926,0.519991814539705,0.500749122021374,0.520690186775752,0.0398009950248756,NA,NA,FALSE,0.520153588546495,200,3915,63,"gender_agreement","by_session","session_2",2,NA,NA,FALSE,"exploratory"
930,0.523948094450736,0.50161779842232,0.521685612911146,0.0149253731343284,16,0.0447761194029851,TRUE,0.520153588546495,200,3915,63,"gender_agreement","by_session","session_2",2,NA,NA,FALSE,"exploratory"
934,0.524516314307355,0.500932351055279,0.522336417293827,0.0149253731343284,16,0.0447761194029851,TRUE,0.520153588546495,200,3915,63,"gender_agreement","by_session","session_2",2,NA,NA,FALSE,"exploratory"
938,0.521936916247793,0.500486485603836,0.52276764917627,0.0398009950248756,16,0.0447761194029851,TRUE,0.520153588546495,200,3915,63,"gender_agreement","by_session","session_2",2,NA,NA,FALSE,"exploratory"
942,0.522557041096559,0.500752522739807,0.521936298868313,0.0199004975124378,16,0.0447761194029851,TRUE,0.520153588546495,200,3915,63,"gender_agreement","by_session","session_2",2,NA,NA,FALSE,"exploratory"
946,0.525916408753189,0.500513464555594,0.52109970635331,0.0149253731343284,16,0.0447761194029851,TRUE,0.520153588546495,200,3915,63,"gender_agreement","by_session","session_2",2,NA,NA,FALSE,"exploratory"
950,0.527304193933615,0.500242889375075,0.521606036989016,0.0149253731343284,16,0.0447761194029851,TRUE,0.520153588546495,200,3915,63,"gender_agreement","by_session","session_2",2,NA,NA,FALSE,"exploratory"
954,0.531890865645464,0.499769102907838,0.522026379447273,0.00497512437810945,16,0.0447761194029851,TRUE,0.520153588546495,200,3915,63,"gender_agreement","by_session","session_2",2,NA,NA,FALSE,"exploratory"
958,0.530337797828845,0.499401808848124,0.521838964902361,0.00995024875621891,16,0.0447761194029851,TRUE,0.520153588546495,200,3915,63,"gender_agreement","by_session","session_2",2,NA,NA,FALSE,"exploratory"
962,0.533201026134575,0.499396977220943,0.522898508185383,0.00995024875621891,16,0.0447761194029851,TRUE,0.520153588546495,200,3915,63,"gender_agreement","by_session","session_2",2,NA,NA,FALSE,"exploratory"
966,0.533944462034623,0.499378284604722,0.525348606017007,0.0149253731343284,16,0.0447761194029851,TRUE,0.520153588546495,200,3915,63,"gender_agreement","by_session","session_2",2,NA,NA,FALSE,"exploratory"
970,0.529403914754252,0.49962143378656,0.526739507422482,0.0149253731343284,16,0.0447761194029851,TRUE,0.520153588546495,200,3915,63,"gender_agreement","by_session","session_2",2,NA,NA,FALSE,"exploratory"
974,0.522534757727386,0.500665580444418,0.526210159797238,0.0646766169154229,16,0.0447761194029851,TRUE,0.520153588546495,200,3915,63,"gender_agreement","by_session","session_2",2,NA,NA,FALSE,"exploratory"
978,0.521213742009031,0.50008945329513,0.523502114736413,0.0497512437810945,16,0.0447761194029851,TRUE,0.520153588546495,200,3915,63,"gender_agreement","by_session","session_2",2,NA,NA,FALSE,"exploratory"
982,0.515701774391384,0.50018568349606,0.523325140035624,0.0945273631840796,NA,NA,FALSE,0.520153588546495,200,3915,63,"gender_agreement","by_session","session_2",2,NA,NA,FALSE,"exploratory"
986,0.51275198746908,0.499867470913014,0.522198348612485,0.144278606965174,NA,NA,FALSE,0.520153588546495,200,3915,63,"gender_agreement","by_session","session_2",2,NA,NA,FALSE,"exploratory"
990,0.516031558418878,0.500375435155557,0.522977457482182,0.0995024875621891,NA,NA,FALSE,0.520153588546495,200,3915,63,"gender_agreement","by_session","session_2",2,NA,NA,FALSE,"exploratory"
994,0.52458377953068,0.50094879877593,0.523821717531894,0.0248756218905473,17,0.00995024875621891,TRUE,0.520153588546495,200,3915,63,"gender_agreement","by_session","session_2",2,NA,NA,FALSE,"exploratory"
998,0.525795674946897,0.501181184673735,0.527082513061011,0.0348258706467662,17,0.00995024875621891,TRUE,0.520153588546495,200,3915,63,"gender_agreement","by_session","session_2",2,NA,NA,FALSE,"exploratory"
1002,0.521002036289522,0.500773088509889,0.523001356031265,0.0497512437810945,17,0.00995024875621891,TRUE,0.520153588546495,200,3915,63,"gender_agreement","by_session","session_2",2,NA,NA,FALSE,"exploratory"
1006,0.530514452671394,0.500430260515859,0.522752062015786,0.0149253731343284,17,0.00995024875621891,TRUE,0.520153588546495,200,3915,63,"gender_agreement","by_session","session_2",2,NA,NA,FALSE,"exploratory"
1010,0.527331003264865,0.500445324951287,0.52305120149329,0.00995024875621891,17,0.00995024875621891,TRUE,0.520153588546495,200,3915,63,"gender_agreement","by_session","session_2",2,NA,NA,FALSE,"exploratory"
1014,0.527487006846581,0.500800221521717,0.521533136509738,0.00995024875621891,17,0.00995024875621891,TRUE,0.520153588546495,200,3915,63,"gender_agreement","by_session","session_2",2,NA,NA,FALSE,"exploratory"
1018,0.52229347106751,0.500836841653879,0.522222253036655,0.0298507462686567,17,0.00995024875621891,TRUE,0.520153588546495,200,3915,63,"gender_agreement","by_session","session_2",2,NA,NA,FALSE,"exploratory"
1022,0.526079743832332,0.500304670791528,0.521093218975193,0.0149253731343284,17,0.00995024875621891,TRUE,0.520153588546495,200,3915,63,"gender_agreement","by_session","session_2",2,NA,NA,FALSE,"exploratory"
1026,0.525513914444681,0.500860340078702,0.521680839036227,0.0199004975124378,17,0.00995024875621891,TRUE,0.520153588546495,200,3915,63,"gender_agreement","by_session","session_2",2,NA,NA,FALSE,"exploratory"
1030,0.53231388418348,0.500761371758948,0.521742025055481,0.00497512437810945,17,0.00995024875621891,TRUE,0.520153588546495,200,3915,63,"gender_agreement","by_session","session_2",2,NA,NA,FALSE,"exploratory"
1034,0.541143855914496,0.500957147024735,0.5247458190099,0.00497512437810945,17,0.00995024875621891,TRUE,0.520153588546495,200,3915,63,"gender_agreement","by_session","session_2",2,NA,NA,FALSE,"exploratory"
1038,0.549468084753357,0.500735512958384,0.52339950849353,0.00497512437810945,17,0.00995024875621891,TRUE,0.520153588546495,200,3915,63,"gender_agreement","by_session","session_2",2,NA,NA,FALSE,"exploratory"
1042,0.549146544692725,0.501056510908803,0.522143664325513,0.00497512437810945,17,0.00995024875621891,TRUE,0.520153588546495,200,3915,63,"gender_agreement","by_session","session_2",2,NA,NA,FALSE,"exploratory"
1046,0.541144577974068,0.501111482216247,0.522291824108454,0.00497512437810945,17,0.00995024875621891,TRUE,0.520153588546495,200,3915,63,"gender_agreement","by_session","session_2",2,NA,NA,FALSE,"exploratory"
1050,0.526509333661033,0.501147231655514,0.52224608699338,0.0298507462686567,17,0.00995024875621891,TRUE,0.520153588546495,200,3915,63,"gender_agreement","by_session","session_2",2,NA,NA,FALSE,"exploratory"
1054,0.519037383720518,0.501168605176652,0.522488663282256,0.054726368159204,NA,NA,FALSE,0.520153588546495,200,3915,63,"gender_agreement","by_session","session_2",2,NA,NA,FALSE,"exploratory"
1058,0.515560594329394,0.50075359904239,0.523714556280593,0.119402985074627,NA,NA,FALSE,0.520153588546495,200,3915,63,"gender_agreement","by_session","session_2",2,NA,NA,FALSE,"exploratory"
1062,0.514385553612206,0.499361120654639,0.51924483534364,0.0945273631840796,NA,NA,FALSE,0.520153588546495,200,3915,63,"gender_agreement","by_session","session_2",2,NA,NA,FALSE,"exploratory"
1066,0.518920080498908,0.498944713643667,0.520429169233869,0.0497512437810945,NA,NA,FALSE,0.520153588546495,200,3915,63,"gender_agreement","by_session","session_2",2,NA,NA,FALSE,"exploratory"
1070,0.528142522062078,0.499396069398215,0.52293051064789,0.0149253731343284,18,0.129353233830846,FALSE,0.520153588546495,200,3915,63,"gender_agreement","by_session","session_2",2,NA,NA,FALSE,"exploratory"
1074,0.532458097813164,0.499679721931345,0.524533883080508,0.00497512437810945,18,0.129353233830846,FALSE,0.520153588546495,200,3915,63,"gender_agreement","by_session","session_2",2,NA,NA,FALSE,"exploratory"
1078,0.529823363443011,0.499951189975531,0.521471579414962,0.00995024875621891,18,0.129353233830846,FALSE,0.520153588546495,200,3915,63,"gender_agreement","by_session","session_2",2,NA,NA,FALSE,"exploratory"
1082,0.526560809400013,0.499183338710007,0.521507829682684,0.00995024875621891,18,0.129353233830846,FALSE,0.520153588546495,200,3915,63,"gender_agreement","by_session","session_2",2,NA,NA,FALSE,"exploratory"
1086,0.527878799427206,0.499324707673725,0.523235859549161,0.00995024875621891,18,0.129353233830846,FALSE,0.520153588546495,200,3915,63,"gender_agreement","by_session","session_2",2,NA,NA,FALSE,"exploratory"
1090,0.527258847462777,0.499108830123122,0.523223736993319,0.0149253731343284,18,0.129353233830846,FALSE,0.520153588546495,200,3915,63,"gender_agreement","by_session","session_2",2,NA,NA,FALSE,"exploratory"
1094,0.514844419279046,0.498811407252742,0.52208661153848,0.0845771144278607,NA,NA,FALSE,0.520153588546495,200,3915,63,"gender_agreement","by_session","session_2",2,NA,NA,FALSE,"exploratory"
1098,0.514573691563204,0.499079645346676,0.520140734267569,0.109452736318408,NA,NA,FALSE,0.520153588546495,200,3915,63,"gender_agreement","by_session","session_2",2,NA,NA,FALSE,"exploratory"
-98,0.499243249786444,0.50047119797567,0.526325354321746,0.557213930348259,NA,NA,FALSE,0.521518093301304,200,3493,55,"gender_agreement","by_session","session_3",3,NA,NA,FALSE,"exploratory"
-94,0.51007125555174,0.499332891571566,0.52342735370013,0.238805970149254,NA,NA,FALSE,0.521518093301304,200,3493,55,"gender_agreement","by_session","session_3",3,NA,NA,FALSE,"exploratory"
-90,0.508384713855635,0.49964407262369,0.523183198826371,0.243781094527363,NA,NA,FALSE,0.521518093301304,200,3493,55,"gender_agreement","by_session","session_3",3,NA,NA,FALSE,"exploratory"
-86,0.503854330871535,0.499890344255619,0.524553811071821,0.412935323383085,NA,NA,FALSE,0.521518093301304,200,3493,55,"gender_agreement","by_session","session_3",3,NA,NA,FALSE,"exploratory"
-82,0.506239494061744,0.500100568984546,0.525005444622227,0.313432835820896,NA,NA,FALSE,0.521518093301304,200,3493,55,"gender_agreement","by_session","session_3",3,NA,NA,FALSE,"exploratory"
-78,0.506712041906076,0.500251255739391,0.524729095535396,0.343283582089552,NA,NA,FALSE,0.521518093301304,200,3493,55,"gender_agreement","by_session","session_3",3,NA,NA,FALSE,"exploratory"
-74,0.501204951710922,0.500783831398577,0.525966148441618,0.527363184079602,NA,NA,FALSE,0.521518093301304,200,3493,55,"gender_agreement","by_session","session_3",3,NA,NA,FALSE,"exploratory"
-70,0.496660406411717,0.499829763086784,0.527436583951883,0.606965174129353,NA,NA,FALSE,0.521518093301304,200,3493,55,"gender_agreement","by_session","session_3",3,NA,NA,FALSE,"exploratory"
-66,0.502575729446521,0.499014858961655,0.5256531718347,0.45273631840796,NA,NA,FALSE,0.521518093301304,200,3493,55,"gender_agreement","by_session","session_3",3,NA,NA,FALSE,"exploratory"
-62,0.512234500069568,0.498453501250026,0.524883781980501,0.199004975124378,NA,NA,FALSE,0.521518093301304,200,3493,55,"gender_agreement","by_session","session_3",3,NA,NA,FALSE,"exploratory"
-58,0.499139332982142,0.499738155403855,0.524144930311,0.562189054726368,NA,NA,FALSE,0.521518093301304,200,3493,55,"gender_agreement","by_session","session_3",3,NA,NA,FALSE,"exploratory"
-54,0.48446195114864,0.500257760242764,0.524142427418927,0.875621890547264,NA,NA,FALSE,0.521518093301304,200,3493,55,"gender_agreement","by_session","session_3",3,NA,NA,FALSE,"exploratory"
-50,0.494896029121366,0.501616780040155,0.527323637025755,0.706467661691542,NA,NA,FALSE,0.521518093301304,200,3493,55,"gender_agreement","by_session","session_3",3,NA,NA,FALSE,"exploratory"
-46,0.502750778510509,0.500588218123417,0.527433626221498,0.467661691542289,NA,NA,FALSE,0.521518093301304,200,3493,55,"gender_agreement","by_session","session_3",3,NA,NA,FALSE,"exploratory"
-42,0.498014752227168,0.499836953652946,0.525022647618785,0.572139303482587,NA,NA,FALSE,0.521518093301304,200,3493,55,"gender_agreement","by_session","session_3",3,NA,NA,FALSE,"exploratory"
-38,0.486412376548064,0.499685709515532,0.521260889164307,0.830845771144279,NA,NA,FALSE,0.521518093301304,200,3493,55,"gender_agreement","by_session","session_3",3,NA,NA,FALSE,"exploratory"
-34,0.462041057157914,0.499326934761515,0.524097951761762,1,NA,NA,FALSE,0.521518093301304,200,3493,55,"gender_agreement","by_session","session_3",3,NA,NA,FALSE,"exploratory"
-30,0.469532309520495,0.500146348938553,0.524331233414476,0.985074626865672,NA,NA,FALSE,0.521518093301304,200,3493,55,"gender_agreement","by_session","session_3",3,NA,NA,FALSE,"exploratory"
-26,0.487242344216926,0.500556557416883,0.525312893435574,0.865671641791045,NA,NA,FALSE,0.521518093301304,200,3493,55,"gender_agreement","by_session","session_3",3,NA,NA,FALSE,"exploratory"
-22,0.503146023814204,0.500530804555024,0.522665236913413,0.437810945273632,NA,NA,FALSE,0.521518093301304,200,3493,55,"gender_agreement","by_session","session_3",3,NA,NA,FALSE,"exploratory"
-18,0.504335953650959,0.500028278876872,0.523474263603131,0.402985074626866,NA,NA,FALSE,0.521518093301304,200,3493,55,"gender_agreement","by_session","session_3",3,NA,NA,FALSE,"exploratory"
-14,0.502827991096697,0.499674059497714,0.523054813652806,0.442786069651741,NA,NA,FALSE,0.521518093301304,200,3493,55,"gender_agreement","by_session","session_3",3,NA,NA,FALSE,"exploratory"
-10,0.501490444881074,0.499537892326098,0.522301432522194,0.467661691542289,NA,NA,FALSE,0.521518093301304,200,3493,55,"gender_agreement","by_session","session_3",3,NA,NA,FALSE,"exploratory"
-6,0.504777217857651,0.499602225185268,0.525005773861422,0.36318407960199,NA,NA,FALSE,0.521518093301304,200,3493,55,"gender_agreement","by_session","session_3",3,NA,NA,FALSE,"exploratory"
-2,0.513418182611689,0.499550381814643,0.521817822165806,0.144278606965174,NA,NA,FALSE,0.521518093301304,200,3493,55,"gender_agreement","by_session","session_3",3,NA,NA,FALSE,"exploratory"
2,0.50615732970524,0.500600355487601,0.522509972465001,0.328358208955224,NA,NA,FALSE,0.521518093301304,200,3493,55,"gender_agreement","by_session","session_3",3,NA,NA,FALSE,"exploratory"
6,0.503081677645462,0.500694885303963,0.526858252618863,0.422885572139304,NA,NA,FALSE,0.521518093301304,200,3493,55,"gender_agreement","by_session","session_3",3,NA,NA,FALSE,"exploratory"
10,0.495921013485725,0.500392943551542,0.523370340917275,0.656716417910448,NA,NA,FALSE,0.521518093301304,200,3493,55,"gender_agreement","by_session","session_3",3,NA,NA,FALSE,"exploratory"
14,0.495461852820901,0.499497624676531,0.524039499961302,0.621890547263682,NA,NA,FALSE,0.521518093301304,200,3493,55,"gender_agreement","by_session","session_3",3,NA,NA,FALSE,"exploratory"
18,0.485319827606969,0.499793597572183,0.524809530830635,0.845771144278607,NA,NA,FALSE,0.521518093301304,200,3493,55,"gender_agreement","by_session","session_3",3,NA,NA,FALSE,"exploratory"
22,0.497736472964774,0.499982943101096,0.523636956198215,0.577114427860697,NA,NA,FALSE,0.521518093301304,200,3493,55,"gender_agreement","by_session","session_3",3,NA,NA,FALSE,"exploratory"
26,0.498558793228901,0.50036584007019,0.5270769745547,0.557213930348259,NA,NA,FALSE,0.521518093301304,200,3493,55,"gender_agreement","by_session","session_3",3,NA,NA,FALSE,"exploratory"
30,0.500655324712201,0.499969329917905,0.524971026694721,0.482587064676617,NA,NA,FALSE,0.521518093301304,200,3493,55,"gender_agreement","by_session","session_3",3,NA,NA,FALSE,"exploratory"
34,0.509801715924452,0.4992917493437,0.523724815376994,0.243781094527363,NA,NA,FALSE,0.521518093301304,200,3493,55,"gender_agreement","by_session","session_3",3,NA,NA,FALSE,"exploratory"
38,0.51239126450131,0.498533396323756,0.523555439733557,0.17910447761194,NA,NA,FALSE,0.521518093301304,200,3493,55,"gender_agreement","by_session","session_3",3,NA,NA,FALSE,"exploratory"
42,0.506604724128316,0.499263090311165,0.523195164077422,0.313432835820896,NA,NA,FALSE,0.521518093301304,200,3493,55,"gender_agreement","by_session","session_3",3,NA,NA,FALSE,"exploratory"
46,0.509455288305382,0.500879064474649,0.521967316110049,0.26865671641791,NA,NA,FALSE,0.521518093301304,200,3493,55,"gender_agreement","by_session","session_3",3,NA,NA,FALSE,"exploratory"
50,0.507464580111098,0.501450598224723,0.524446993844677,0.333333333333333,NA,NA,FALSE,0.521518093301304,200,3493,55,"gender_agreement","by_session","session_3",3,NA,NA,FALSE,"exploratory"
54,0.50616360065459,0.500221741554282,0.526029502326987,0.328358208955224,NA,NA,FALSE,0.521518093301304,200,3493,55,"gender_agreement","by_session","session_3",3,NA,NA,FALSE,"exploratory"
58,0.503975080242082,0.499491076805648,0.522659857637297,0.368159203980099,NA,NA,FALSE,0.521518093301304,200,3493,55,"gender_agreement","by_session","session_3",3,NA,NA,FALSE,"exploratory"
62,0.513276317192739,0.499985768208208,0.526215386876543,0.144278606965174,NA,NA,FALSE,0.521518093301304,200,3493,55,"gender_agreement","by_session","session_3",3,NA,NA,FALSE,"exploratory"
66,0.498836341680419,0.50056202257434,0.525723546098467,0.557213930348259,NA,NA,FALSE,0.521518093301304,200,3493,55,"gender_agreement","by_session","session_3",3,NA,NA,FALSE,"exploratory"
70,0.493737493354145,0.500664551875237,0.522340835102913,0.686567164179104,NA,NA,FALSE,0.521518093301304,200,3493,55,"gender_agreement","by_session","session_3",3,NA,NA,FALSE,"exploratory"
74,0.493021989293855,0.50117509540324,0.526801705423916,0.73134328358209,NA,NA,FALSE,0.521518093301304,200,3493,55,"gender_agreement","by_session","session_3",3,NA,NA,FALSE,"exploratory"
78,0.50051350892916,0.501174439016992,0.528347635931357,0.537313432835821,NA,NA,FALSE,0.521518093301304,200,3493,55,"gender_agreement","by_session","session_3",3,NA,NA,FALSE,"exploratory"
82,0.50642852785379,0.502011344145439,0.52591069042542,0.383084577114428,NA,NA,FALSE,0.521518093301304,200,3493,55,"gender_agreement","by_session","session_3",3,NA,NA,FALSE,"exploratory"
86,0.500275351061512,0.501737829288483,0.524136914233261,0.567164179104478,NA,NA,FALSE,0.521518093301304,200,3493,55,"gender_agreement","by_session","session_3",3,NA,NA,FALSE,"exploratory"
90,0.496445526570974,0.500728958047174,0.524408051785447,0.651741293532338,NA,NA,FALSE,0.521518093301304,200,3493,55,"gender_agreement","by_session","session_3",3,NA,NA,FALSE,"exploratory"
94,0.499353846059565,0.500532644637852,0.52586423272595,0.54726368159204,NA,NA,FALSE,0.521518093301304,200,3493,55,"gender_agreement","by_session","session_3",3,NA,NA,FALSE,"exploratory"
98,0.493219946679615,0.50020235064388,0.526556307041237,0.72636815920398,NA,NA,FALSE,0.521518093301304,200,3493,55,"gender_agreement","by_session","session_3",3,NA,NA,FALSE,"exploratory"
102,0.483523249996967,0.499869722006301,0.523837692000554,0.885572139303483,NA,NA,FALSE,0.521518093301304,200,3493,55,"gender_agreement","by_session","session_3",3,NA,NA,FALSE,"exploratory"
106,0.490805221546841,0.499307426121189,0.523378054988537,0.781094527363184,NA,NA,FALSE,0.521518093301304,200,3493,55,"gender_agreement","by_session","session_3",3,NA,NA,FALSE,"exploratory"
110,0.490095500319473,0.499148887162145,0.524546866166818,0.741293532338308,NA,NA,FALSE,0.521518093301304,200,3493,55,"gender_agreement","by_session","session_3",3,NA,NA,FALSE,"exploratory"
114,0.487606996018215,0.499341519470397,0.524124275755101,0.805970149253731,NA,NA,FALSE,0.521518093301304,200,3493,55,"gender_agreement","by_session","session_3",3,NA,NA,FALSE,"exploratory"
118,0.491932207274579,0.499941646890687,0.521651149584288,0.756218905472637,NA,NA,FALSE,0.521518093301304,200,3493,55,"gender_agreement","by_session","session_3",3,NA,NA,FALSE,"exploratory"
122,0.495319699948312,0.500831861863424,0.52415957056105,0.651741293532338,NA,NA,FALSE,0.521518093301304,200,3493,55,"gender_agreement","by_session","session_3",3,NA,NA,FALSE,"exploratory"
126,0.498640048279089,0.500030368348713,0.526206144754134,0.54228855721393,NA,NA,FALSE,0.521518093301304,200,3493,55,"gender_agreement","by_session","session_3",3,NA,NA,FALSE,"exploratory"
130,0.500420485989632,0.500315811773116,0.525340965639727,0.532338308457711,NA,NA,FALSE,0.521518093301304,200,3493,55,"gender_agreement","by_session","session_3",3,NA,NA,FALSE,"exploratory"
134,0.503669229824415,0.500197042774844,0.523379550196877,0.442786069651741,NA,NA,FALSE,0.521518093301304,200,3493,55,"gender_agreement","by_session","session_3",3,NA,NA,FALSE,"exploratory"
138,0.502752798763993,0.500400207774674,0.529292959363071,0.45273631840796,NA,NA,FALSE,0.521518093301304,200,3493,55,"gender_agreement","by_session","session_3",3,NA,NA,FALSE,"exploratory"
142,0.50847493819543,0.500368197470347,0.52581661948039,0.308457711442786,NA,NA,FALSE,0.521518093301304,200,3493,55,"gender_agreement","by_session","session_3",3,NA,NA,FALSE,"exploratory"
146,0.508844693471821,0.500619769655478,0.526259310147989,0.263681592039801,NA,NA,FALSE,0.521518093301304,200,3493,55,"gender_agreement","by_session","session_3",3,NA,NA,FALSE,"exploratory"
150,0.503393725659233,0.500552389305534,0.524748327015765,0.393034825870647,NA,NA,FALSE,0.521518093301304,200,3493,55,"gender_agreement","by_session","session_3",3,NA,NA,FALSE,"exploratory"
154,0.497474957649231,0.500413659899407,0.528188385659469,0.567164179104478,NA,NA,FALSE,0.521518093301304,200,3493,55,"gender_agreement","by_session","session_3",3,NA,NA,FALSE,"exploratory"
158,0.484215557986065,0.500161160199739,0.528957380090002,0.875621890547264,NA,NA,FALSE,0.521518093301304,200,3493,55,"gender_agreement","by_session","session_3",3,NA,NA,FALSE,"exploratory"
162,0.481408699499936,0.49910926080943,0.526282755436186,0.880597014925373,NA,NA,FALSE,0.521518093301304,200,3493,55,"gender_agreement","by_session","session_3",3,NA,NA,FALSE,"exploratory"
166,0.476213510655471,0.499272327749264,0.520313668117894,0.940298507462687,NA,NA,FALSE,0.521518093301304,200,3493,55,"gender_agreement","by_session","session_3",3,NA,NA,FALSE,"exploratory"
170,0.485579115358067,0.498886113658433,0.522015470137,0.825870646766169,NA,NA,FALSE,0.521518093301304,200,3493,55,"gender_agreement","by_session","session_3",3,NA,NA,FALSE,"exploratory"
174,0.502721593614141,0.500270643952341,0.524923691074163,0.437810945273632,NA,NA,FALSE,0.521518093301304,200,3493,55,"gender_agreement","by_session","session_3",3,NA,NA,FALSE,"exploratory"
178,0.511158049701882,0.501480273803794,0.525427414816911,0.253731343283582,NA,NA,FALSE,0.521518093301304,200,3493,55,"gender_agreement","by_session","session_3",3,NA,NA,FALSE,"exploratory"
182,0.500657674422398,0.501454779685836,0.526111257974327,0.522388059701492,NA,NA,FALSE,0.521518093301304,200,3493,55,"gender_agreement","by_session","session_3",3,NA,NA,FALSE,"exploratory"
186,0.477521267550666,0.501134070401734,0.52628321916049,0.955223880597015,NA,NA,FALSE,0.521518093301304,200,3493,55,"gender_agreement","by_session","session_3",3,NA,NA,FALSE,"exploratory"
190,0.473665579296796,0.500123226475359,0.524462085754921,0.965174129353234,NA,NA,FALSE,0.521518093301304,200,3493,55,"gender_agreement","by_session","session_3",3,NA,NA,FALSE,"exploratory"
194,0.48349710521035,0.500378623610129,0.522421015019661,0.900497512437811,NA,NA,FALSE,0.521518093301304,200,3493,55,"gender_agreement","by_session","session_3",3,NA,NA,FALSE,"exploratory"
198,0.4914949794119,0.500730709370935,0.521904670344666,0.766169154228856,NA,NA,FALSE,0.521518093301304,200,3493,55,"gender_agreement","by_session","session_3",3,NA,NA,FALSE,"exploratory"
202,0.489263695803843,0.500454127093096,0.524852641340151,0.796019900497512,NA,NA,FALSE,0.521518093301304,200,3493,55,"gender_agreement","by_session","session_3",3,NA,NA,FALSE,"exploratory"
206,0.483478386570296,0.499952793216001,0.523587770470211,0.880597014925373,NA,NA,FALSE,0.521518093301304,200,3493,55,"gender_agreement","by_session","session_3",3,NA,NA,FALSE,"exploratory"
210,0.492603481776638,0.500447374501824,0.525173409333778,0.746268656716418,NA,NA,FALSE,0.521518093301304,200,3493,55,"gender_agreement","by_session","session_3",3,NA,NA,FALSE,"exploratory"
214,0.502911807063043,0.500510054727376,0.52190700256354,0.462686567164179,NA,NA,FALSE,0.521518093301304,200,3493,55,"gender_agreement","by_session","session_3",3,NA,NA,FALSE,"exploratory"
218,0.498538815233047,0.500352202951037,0.5237380008929,0.582089552238806,NA,NA,FALSE,0.521518093301304,200,3493,55,"gender_agreement","by_session","session_3",3,NA,NA,FALSE,"exploratory"
222,0.506952479820411,0.500215520807539,0.523247088455731,0.338308457711443,NA,NA,FALSE,0.521518093301304,200,3493,55,"gender_agreement","by_session","session_3",3,NA,NA,FALSE,"exploratory"
226,0.499055118100026,0.500829362898512,0.524013938567467,0.54726368159204,NA,NA,FALSE,0.521518093301304,200,3493,55,"gender_agreement","by_session","session_3",3,NA,NA,FALSE,"exploratory"
230,0.495092912466587,0.500832802636733,0.525304558464702,0.671641791044776,NA,NA,FALSE,0.521518093301304,200,3493,55,"gender_agreement","by_session","session_3",3,NA,NA,FALSE,"exploratory"
234,0.482952423760384,0.500638143993694,0.526021948104819,0.915422885572139,NA,NA,FALSE,0.521518093301304,200,3493,55,"gender_agreement","by_session","session_3",3,NA,NA,FALSE,"exploratory"
238,0.491735074849588,0.500177314572918,0.526683061787578,0.741293532338308,NA,NA,FALSE,0.521518093301304,200,3493,55,"gender_agreement","by_session","session_3",3,NA,NA,FALSE,"exploratory"
242,0.510071261477052,0.500452063735697,0.528062888780108,0.238805970149254,NA,NA,FALSE,0.521518093301304,200,3493,55,"gender_agreement","by_session","session_3",3,NA,NA,FALSE,"exploratory"
246,0.509446189933637,0.500209881500623,0.524504127772437,0.238805970149254,NA,NA,FALSE,0.521518093301304,200,3493,55,"gender_agreement","by_session","session_3",3,NA,NA,FALSE,"exploratory"
250,0.504223440309437,0.499645963677408,0.524652139440733,0.378109452736318,NA,NA,FALSE,0.521518093301304,200,3493,55,"gender_agreement","by_session","session_3",3,NA,NA,FALSE,"exploratory"
254,0.508816435291986,0.49965515434322,0.521619085741049,0.228855721393035,NA,NA,FALSE,0.521518093301304,200,3493,55,"gender_agreement","by_session","session_3",3,NA,NA,FALSE,"exploratory"
258,0.514513137199481,0.499767859631135,0.521447731920351,0.109452736318408,NA,NA,FALSE,0.521518093301304,200,3493,55,"gender_agreement","by_session","session_3",3,NA,NA,FALSE,"exploratory"
262,0.516578589920714,0.500219056978301,0.524497319018423,0.0845771144278607,NA,NA,FALSE,0.521518093301304,200,3493,55,"gender_agreement","by_session","session_3",3,NA,NA,FALSE,"exploratory"
266,0.51021864430322,0.499820983385015,0.525271515723676,0.243781094527363,NA,NA,FALSE,0.521518093301304,200,3493,55,"gender_agreement","by_session","session_3",3,NA,NA,FALSE,"exploratory"
270,0.507163430666907,0.499673794352349,0.524976852999244,0.313432835820896,NA,NA,FALSE,0.521518093301304,200,3493,55,"gender_agreement","by_session","session_3",3,NA,NA,FALSE,"exploratory"
274,0.509716505285002,0.498985737287391,0.522618622066089,0.253731343283582,NA,NA,FALSE,0.521518093301304,200,3493,55,"gender_agreement","by_session","session_3",3,NA,NA,FALSE,"exploratory"
278,0.514365815823459,0.49901185155343,0.521778133474052,0.124378109452736,NA,NA,FALSE,0.521518093301304,200,3493,55,"gender_agreement","by_session","session_3",3,NA,NA,FALSE,"exploratory"
282,0.511567009237752,0.498747895705882,0.524026233596773,0.17910447761194,NA,NA,FALSE,0.521518093301304,200,3493,55,"gender_agreement","by_session","session_3",3,NA,NA,FALSE,"exploratory"
286,0.505531693513928,0.498290219324254,0.523068455319835,0.318407960199005,NA,NA,FALSE,0.521518093301304,200,3493,55,"gender_agreement","by_session","session_3",3,NA,NA,FALSE,"exploratory"
290,0.506733149458557,0.499131378542571,0.523958324533853,0.283582089552239,NA,NA,FALSE,0.521518093301304,200,3493,55,"gender_agreement","by_session","session_3",3,NA,NA,FALSE,"exploratory"
294,0.503667529988704,0.500120356893045,0.522669118183817,0.402985074626866,NA,NA,FALSE,0.521518093301304,200,3493,55,"gender_agreement","by_session","session_3",3,NA,NA,FALSE,"exploratory"
298,0.517339211291853,0.500206662480649,0.524210968822559,0.0845771144278607,NA,NA,FALSE,0.521518093301304,200,3493,55,"gender_agreement","by_session","session_3",3,NA,NA,FALSE,"exploratory"
302,0.52615350129487,0.499569369244143,0.524717285510931,0.0199004975124378,1,0.800995024875622,FALSE,0.521518093301304,200,3493,55,"gender_agreement","by_session","session_3",3,NA,NA,FALSE,"exploratory"
306,0.523476101047301,0.498986779835202,0.52510934744644,0.0348258706467662,1,0.800995024875622,FALSE,0.521518093301304,200,3493,55,"gender_agreement","by_session","session_3",3,NA,NA,FALSE,"exploratory"
310,0.510096038471926,0.498689507927864,0.522675301996947,0.253731343283582,NA,NA,FALSE,0.521518093301304,200,3493,55,"gender_agreement","by_session","session_3",3,NA,NA,FALSE,"exploratory"
314,0.502978019499856,0.498978745123327,0.522151838159884,0.407960199004975,NA,NA,FALSE,0.521518093301304,200,3493,55,"gender_agreement","by_session","session_3",3,NA,NA,FALSE,"exploratory"
318,0.503573205903728,0.499920336444967,0.523031561891953,0.45771144278607,NA,NA,FALSE,0.521518093301304,200,3493,55,"gender_agreement","by_session","session_3",3,NA,NA,FALSE,"exploratory"
322,0.494539005823006,0.500187188683974,0.524826869650646,0.706467661691542,NA,NA,FALSE,0.521518093301304,200,3493,55,"gender_agreement","by_session","session_3",3,NA,NA,FALSE,"exploratory"
326,0.49868760630731,0.500614948810943,0.527710714676491,0.557213930348259,NA,NA,FALSE,0.521518093301304,200,3493,55,"gender_agreement","by_session","session_3",3,NA,NA,FALSE,"exploratory"
330,0.499677805502419,0.50084782616088,0.526597564628879,0.572139303482587,NA,NA,FALSE,0.521518093301304,200,3493,55,"gender_agreement","by_session","session_3",3,NA,NA,FALSE,"exploratory"
334,0.498275299034745,0.501880709298847,0.526328871262096,0.63681592039801,NA,NA,FALSE,0.521518093301304,200,3493,55,"gender_agreement","by_session","session_3",3,NA,NA,FALSE,"exploratory"
338,0.501974571710245,0.502036453349226,0.526844802601745,0.532338308457711,NA,NA,FALSE,0.521518093301304,200,3493,55,"gender_agreement","by_session","session_3",3,NA,NA,FALSE,"exploratory"
342,0.50374763489751,0.502058733444473,0.526614274685389,0.45771144278607,NA,NA,FALSE,0.521518093301304,200,3493,55,"gender_agreement","by_session","session_3",3,NA,NA,FALSE,"exploratory"
346,0.498242240678994,0.501233220720745,0.526080723251699,0.587064676616915,NA,NA,FALSE,0.521518093301304,200,3493,55,"gender_agreement","by_session","session_3",3,NA,NA,FALSE,"exploratory"
350,0.490735847271681,0.500916379064606,0.52776215364023,0.776119402985075,NA,NA,FALSE,0.521518093301304,200,3493,55,"gender_agreement","by_session","session_3",3,NA,NA,FALSE,"exploratory"
354,0.493622983466564,0.500270040444134,0.52456002066968,0.666666666666667,NA,NA,FALSE,0.521518093301304,200,3493,55,"gender_agreement","by_session","session_3",3,NA,NA,FALSE,"exploratory"
358,0.492865126710098,0.499806997572504,0.525469954028182,0.716417910447761,NA,NA,FALSE,0.521518093301304,200,3493,55,"gender_agreement","by_session","session_3",3,NA,NA,FALSE,"exploratory"
362,0.496746566074357,0.498900827636322,0.523295875732859,0.567164179104478,NA,NA,FALSE,0.521518093301304,200,3493,55,"gender_agreement","by_session","session_3",3,NA,NA,FALSE,"exploratory"
366,0.49659164330083,0.498594460935474,0.522394798575068,0.562189054726368,NA,NA,FALSE,0.521518093301304,200,3493,55,"gender_agreement","by_session","session_3",3,NA,NA,FALSE,"exploratory"
370,0.490230555937875,0.499106320081349,0.521180762887444,0.786069651741294,NA,NA,FALSE,0.521518093301304,200,3493,55,"gender_agreement","by_session","session_3",3,NA,NA,FALSE,"exploratory"
374,0.511597537369315,0.500169078168054,0.520801186884919,0.203980099502488,NA,NA,FALSE,0.521518093301304,200,3493,55,"gender_agreement","by_session","session_3",3,NA,NA,FALSE,"exploratory"
378,0.514412969763722,0.50046116537106,0.519998719813981,0.134328358208955,NA,NA,FALSE,0.521518093301304,200,3493,55,"gender_agreement","by_session","session_3",3,NA,NA,FALSE,"exploratory"
382,0.505620819692163,0.500487864369276,0.52253351561017,0.353233830845771,NA,NA,FALSE,0.521518093301304,200,3493,55,"gender_agreement","by_session","session_3",3,NA,NA,FALSE,"exploratory"
386,0.501753217230241,0.500590839455289,0.522641839603783,0.45273631840796,NA,NA,FALSE,0.521518093301304,200,3493,55,"gender_agreement","by_session","session_3",3,NA,NA,FALSE,"exploratory"
390,0.507265205835057,0.500259436092424,0.522593993699481,0.263681592039801,NA,NA,FALSE,0.521518093301304,200,3493,55,"gender_agreement","by_session","session_3",3,NA,NA,FALSE,"exploratory"
394,0.50584554205394,0.499244281539921,0.522090473265619,0.303482587064677,NA,NA,FALSE,0.521518093301304,200,3493,55,"gender_agreement","by_session","session_3",3,NA,NA,FALSE,"exploratory"
398,0.510157751366802,0.498821063229419,0.521895599488264,0.208955223880597,NA,NA,FALSE,0.521518093301304,200,3493,55,"gender_agreement","by_session","session_3",3,NA,NA,FALSE,"exploratory"
402,0.522808341655979,0.498945269060462,0.522830772913178,0.0298507462686567,2,0.144278606965174,FALSE,0.521518093301304,200,3493,55,"gender_agreement","by_session","session_3",3,NA,NA,FALSE,"exploratory"
406,0.531619682646791,0.498895890000558,0.521324704366546,0.00497512437810945,2,0.144278606965174,FALSE,0.521518093301304,200,3493,55,"gender_agreement","by_session","session_3",3,NA,NA,FALSE,"exploratory"
410,0.534040551912115,0.49886924852003,0.523829103135752,0.00497512437810945,2,0.144278606965174,FALSE,0.521518093301304,200,3493,55,"gender_agreement","by_session","session_3",3,NA,NA,FALSE,"exploratory"
414,0.52857745161275,0.499190122758692,0.521934447451629,0.00497512437810945,2,0.144278606965174,FALSE,0.521518093301304,200,3493,55,"gender_agreement","by_session","session_3",3,NA,NA,FALSE,"exploratory"
418,0.530860566479858,0.499144070003956,0.522174271694717,0.00497512437810945,2,0.144278606965174,FALSE,0.521518093301304,200,3493,55,"gender_agreement","by_session","session_3",3,NA,NA,FALSE,"exploratory"
422,0.5303549892605,0.499244444464093,0.522385876505558,0.00995024875621891,2,0.144278606965174,FALSE,0.521518093301304,200,3493,55,"gender_agreement","by_session","session_3",3,NA,NA,FALSE,"exploratory"
426,0.528702351907668,0.499623765337248,0.522080306193273,0.0149253731343284,2,0.144278606965174,FALSE,0.521518093301304,200,3493,55,"gender_agreement","by_session","session_3",3,NA,NA,FALSE,"exploratory"
430,0.518043702275104,0.499829020186336,0.52534331899075,0.0845771144278607,NA,NA,FALSE,0.521518093301304,200,3493,55,"gender_agreement","by_session","session_3",3,NA,NA,FALSE,"exploratory"
434,0.515670505722813,0.500118474223635,0.526239617962454,0.144278606965174,NA,NA,FALSE,0.521518093301304,200,3493,55,"gender_agreement","by_session","session_3",3,NA,NA,FALSE,"exploratory"
438,0.518643158588428,0.500009014272522,0.525451105260267,0.0895522388059701,NA,NA,FALSE,0.521518093301304,200,3493,55,"gender_agreement","by_session","session_3",3,NA,NA,FALSE,"exploratory"
442,0.513239356550577,0.499561330831112,0.523346547485998,0.169154228855721,NA,NA,FALSE,0.521518093301304,200,3493,55,"gender_agreement","by_session","session_3",3,NA,NA,FALSE,"exploratory"
446,0.512628307731782,0.499595348911439,0.523207992820629,0.189054726368159,NA,NA,FALSE,0.521518093301304,200,3493,55,"gender_agreement","by_session","session_3",3,NA,NA,FALSE,"exploratory"
450,0.51899517203172,0.499547156717149,0.527227505639761,0.0796019900497512,NA,NA,FALSE,0.521518093301304,200,3493,55,"gender_agreement","by_session","session_3",3,NA,NA,FALSE,"exploratory"
454,0.522655067858193,0.499719269688061,0.526676762475084,0.054726368159204,3,0.402985074626866,FALSE,0.521518093301304,200,3493,55,"gender_agreement","by_session","session_3",3,NA,NA,FALSE,"exploratory"
458,0.530908047856051,0.499197746377144,0.526590703889666,0.0199004975124378,3,0.402985074626866,FALSE,0.521518093301304,200,3493,55,"gender_agreement","by_session","session_3",3,NA,NA,FALSE,"exploratory"
462,0.52726688217676,0.499968983656911,0.523189992162186,0.0298507462686567,3,0.402985074626866,FALSE,0.521518093301304,200,3493,55,"gender_agreement","by_session","session_3",3,NA,NA,FALSE,"exploratory"
466,0.525908400885934,0.499838844290201,0.52508775139697,0.0248756218905473,3,0.402985074626866,FALSE,0.521518093301304,200,3493,55,"gender_agreement","by_session","session_3",3,NA,NA,FALSE,"exploratory"
470,0.528017762075328,0.499869563026211,0.526850863874892,0.0199004975124378,3,0.402985074626866,FALSE,0.521518093301304,200,3493,55,"gender_agreement","by_session","session_3",3,NA,NA,FALSE,"exploratory"
474,0.521505990053903,0.499884199781363,0.525766296409164,0.054726368159204,NA,NA,FALSE,0.521518093301304,200,3493,55,"gender_agreement","by_session","session_3",3,NA,NA,FALSE,"exploratory"
478,0.521922119884934,0.499566973443069,0.523415222483968,0.0398009950248756,4,0.960199004975124,FALSE,0.521518093301304,200,3493,55,"gender_agreement","by_session","session_3",3,NA,NA,FALSE,"exploratory"
482,0.51399222807946,0.498646075856067,0.524808263685985,0.109452736318408,NA,NA,FALSE,0.521518093301304,200,3493,55,"gender_agreement","by_session","session_3",3,NA,NA,FALSE,"exploratory"
486,0.517398550097595,0.49771335079703,0.524006927881688,0.0746268656716418,NA,NA,FALSE,0.521518093301304,200,3493,55,"gender_agreement","by_session","session_3",3,NA,NA,FALSE,"exploratory"
490,0.522917781585506,0.498115354355647,0.522319931270883,0.0298507462686567,5,0.711442786069652,FALSE,0.521518093301304,200,3493,55,"gender_agreement","by_session","session_3",3,NA,NA,FALSE,"exploratory"
494,0.529520464832886,0.499012385448872,0.523431289437177,0.00995024875621891,5,0.711442786069652,FALSE,0.521518093301304,200,3493,55,"gender_agreement","by_session","session_3",3,NA,NA,FALSE,"exploratory"
498,0.522066995897251,0.499016577446687,0.525942948430281,0.054726368159204,5,0.711442786069652,FALSE,0.521518093301304,200,3493,55,"gender_agreement","by_session","session_3",3,NA,NA,FALSE,"exploratory"
502,0.505174142897015,0.498621011178513,0.526983385189712,0.353233830845771,NA,NA,FALSE,0.521518093301304,200,3493,55,"gender_agreement","by_session","session_3",3,NA,NA,FALSE,"exploratory"
506,0.493021430270866,0.499358553097438,0.527043280279715,0.686567164179104,NA,NA,FALSE,0.521518093301304,200,3493,55,"gender_agreement","by_session","session_3",3,NA,NA,FALSE,"exploratory"
510,0.493347027955183,0.499847600061666,0.524804838435579,0.716417910447761,NA,NA,FALSE,0.521518093301304,200,3493,55,"gender_agreement","by_session","session_3",3,NA,NA,FALSE,"exploratory"
514,0.502268232728097,0.499996119855251,0.525304673668842,0.467661691542289,NA,NA,FALSE,0.521518093301304,200,3493,55,"gender_agreement","by_session","session_3",3,NA,NA,FALSE,"exploratory"
518,0.512241849602073,0.5003524960693,0.527503333542136,0.194029850746269,NA,NA,FALSE,0.521518093301304,200,3493,55,"gender_agreement","by_session","session_3",3,NA,NA,FALSE,"exploratory"
522,0.501412988648242,0.499881315463279,0.527368747844823,0.467661691542289,NA,NA,FALSE,0.521518093301304,200,3493,55,"gender_agreement","by_session","session_3",3,NA,NA,FALSE,"exploratory"
526,0.488242807995366,0.50055670810499,0.524059346730463,0.850746268656716,NA,NA,FALSE,0.521518093301304,200,3493,55,"gender_agreement","by_session","session_3",3,NA,NA,FALSE,"exploratory"
530,0.484194745787987,0.501100333477348,0.522326694089666,0.890547263681592,NA,NA,FALSE,0.521518093301304,200,3493,55,"gender_agreement","by_session","session_3",3,NA,NA,FALSE,"exploratory"
534,0.487381617095765,0.501219774854244,0.523800576356876,0.865671641791045,NA,NA,FALSE,0.521518093301304,200,3493,55,"gender_agreement","by_session","session_3",3,NA,NA,FALSE,"exploratory"
538,0.48802331315913,0.500710938774583,0.526556865901792,0.880597014925373,NA,NA,FALSE,0.521518093301304,200,3493,55,"gender_agreement","by_session","session_3",3,NA,NA,FALSE,"exploratory"
542,0.489264129127553,0.500232394786519,0.524246300240734,0.805970149253731,NA,NA,FALSE,0.521518093301304,200,3493,55,"gender_agreement","by_session","session_3",3,NA,NA,FALSE,"exploratory"
546,0.492865429108874,0.499900034360759,0.523368724725472,0.716417910447761,NA,NA,FALSE,0.521518093301304,200,3493,55,"gender_agreement","by_session","session_3",3,NA,NA,FALSE,"exploratory"
550,0.497762871694094,0.500340560910821,0.524167397677338,0.587064676616915,NA,NA,FALSE,0.521518093301304,200,3493,55,"gender_agreement","by_session","session_3",3,NA,NA,FALSE,"exploratory"
554,0.501188739174784,0.500043365025818,0.526016993307293,0.487562189054726,NA,NA,FALSE,0.521518093301304,200,3493,55,"gender_agreement","by_session","session_3",3,NA,NA,FALSE,"exploratory"
558,0.502696766884099,0.499599723881876,0.524758358826861,0.45771144278607,NA,NA,FALSE,0.521518093301304,200,3493,55,"gender_agreement","by_session","session_3",3,NA,NA,FALSE,"exploratory"
562,0.505496172298392,0.498819346194347,0.523954198082381,0.27363184079602,NA,NA,FALSE,0.521518093301304,200,3493,55,"gender_agreement","by_session","session_3",3,NA,NA,FALSE,"exploratory"
566,0.508369878802208,0.498279425214037,0.523278978535248,0.203980099502488,NA,NA,FALSE,0.521518093301304,200,3493,55,"gender_agreement","by_session","session_3",3,NA,NA,FALSE,"exploratory"
570,0.508790587098591,0.498515886112495,0.522234766793839,0.194029850746269,NA,NA,FALSE,0.521518093301304,200,3493,55,"gender_agreement","by_session","session_3",3,NA,NA,FALSE,"exploratory"
574,0.50897007408646,0.499020731363164,0.522074708830602,0.208955223880597,NA,NA,FALSE,0.521518093301304,200,3493,55,"gender_agreement","by_session","session_3",3,NA,NA,FALSE,"exploratory"
578,0.499101042998898,0.500087958745239,0.522260238718617,0.537313432835821,NA,NA,FALSE,0.521518093301304,200,3493,55,"gender_agreement","by_session","session_3",3,NA,NA,FALSE,"exploratory"
582,0.496097105404253,0.500016067962267,0.523588007710972,0.651741293532338,NA,NA,FALSE,0.521518093301304,200,3493,55,"gender_agreement","by_session","session_3",3,NA,NA,FALSE,"exploratory"
586,0.492924071705415,0.499964876321975,0.524966523036283,0.711442786069652,NA,NA,FALSE,0.521518093301304,200,3493,55,"gender_agreement","by_session","session_3",3,NA,NA,FALSE,"exploratory"
590,0.49527383713486,0.499422059463787,0.523261700273999,0.606965174129353,NA,NA,FALSE,0.521518093301304,200,3493,55,"gender_agreement","by_session","session_3",3,NA,NA,FALSE,"exploratory"
594,0.493559608602021,0.499536991113819,0.525482657751634,0.646766169154229,NA,NA,FALSE,0.521518093301304,200,3493,55,"gender_agreement","by_session","session_3",3,NA,NA,FALSE,"exploratory"
598,0.495926245317581,0.50016613925695,0.528255797175824,0.63681592039801,NA,NA,FALSE,0.521518093301304,200,3493,55,"gender_agreement","by_session","session_3",3,NA,NA,FALSE,"exploratory"
602,0.488547394527877,0.499746927661155,0.525616195370595,0.805970149253731,NA,NA,FALSE,0.521518093301304,200,3493,55,"gender_agreement","by_session","session_3",3,NA,NA,FALSE,"exploratory"
606,0.482129507220159,0.499226791018566,0.523359030470738,0.885572139303483,NA,NA,FALSE,0.521518093301304,200,3493,55,"gender_agreement","by_session","session_3",3,NA,NA,FALSE,"exploratory"
610,0.490929767943391,0.499275780264377,0.524613904930366,0.751243781094527,NA,NA,FALSE,0.521518093301304,200,3493,55,"gender_agreement","by_session","session_3",3,NA,NA,FALSE,"exploratory"
614,0.495849974610188,0.499001471236012,0.525399402673955,0.611940298507463,NA,NA,FALSE,0.521518093301304,200,3493,55,"gender_agreement","by_session","session_3",3,NA,NA,FALSE,"exploratory"
618,0.493954673369553,0.499850464741272,0.524997054731993,0.656716417910448,NA,NA,FALSE,0.521518093301304,200,3493,55,"gender_agreement","by_session","session_3",3,NA,NA,FALSE,"exploratory"
622,0.485973493280635,0.499959838240813,0.526103604540543,0.885572139303483,NA,NA,FALSE,0.521518093301304,200,3493,55,"gender_agreement","by_session","session_3",3,NA,NA,FALSE,"exploratory"
626,0.488818787853623,0.500178382185944,0.52792189994901,0.81592039800995,NA,NA,FALSE,0.521518093301304,200,3493,55,"gender_agreement","by_session","session_3",3,NA,NA,FALSE,"exploratory"
630,0.484584086350363,0.500684342204899,0.52948835564085,0.870646766169154,NA,NA,FALSE,0.521518093301304,200,3493,55,"gender_agreement","by_session","session_3",3,NA,NA,FALSE,"exploratory"
634,0.484301207738617,0.500641923025121,0.526232501385853,0.885572139303483,NA,NA,FALSE,0.521518093301304,200,3493,55,"gender_agreement","by_session","session_3",3,NA,NA,FALSE,"exploratory"
638,0.482611343146429,0.50030755158525,0.525849589720797,0.880597014925373,NA,NA,FALSE,0.521518093301304,200,3493,55,"gender_agreement","by_session","session_3",3,NA,NA,FALSE,"exploratory"
642,0.491142104962751,0.500495004437762,0.52714586528792,0.751243781094527,NA,NA,FALSE,0.521518093301304,200,3493,55,"gender_agreement","by_session","session_3",3,NA,NA,FALSE,"exploratory"
646,0.498779781263635,0.500498180452974,0.527343300562778,0.562189054726368,NA,NA,FALSE,0.521518093301304,200,3493,55,"gender_agreement","by_session","session_3",3,NA,NA,FALSE,"exploratory"
650,0.507711220037232,0.499923910738183,0.526259011084901,0.303482587064677,NA,NA,FALSE,0.521518093301304,200,3493,55,"gender_agreement","by_session","session_3",3,NA,NA,FALSE,"exploratory"
654,0.511167064503761,0.49920025055662,0.523703751890134,0.203980099502488,NA,NA,FALSE,0.521518093301304,200,3493,55,"gender_agreement","by_session","session_3",3,NA,NA,FALSE,"exploratory"
658,0.504284696550103,0.499656368022513,0.522902590751701,0.393034825870647,NA,NA,FALSE,0.521518093301304,200,3493,55,"gender_agreement","by_session","session_3",3,NA,NA,FALSE,"exploratory"
662,0.498717631177387,0.499969618140326,0.527059539858016,0.54228855721393,NA,NA,FALSE,0.521518093301304,200,3493,55,"gender_agreement","by_session","session_3",3,NA,NA,FALSE,"exploratory"
666,0.497047692054914,0.499467183696742,0.525016847386401,0.557213930348259,NA,NA,FALSE,0.521518093301304,200,3493,55,"gender_agreement","by_session","session_3",3,NA,NA,FALSE,"exploratory"
670,0.499516492977128,0.499585618224902,0.526581477669282,0.502487562189055,NA,NA,FALSE,0.521518093301304,200,3493,55,"gender_agreement","by_session","session_3",3,NA,NA,FALSE,"exploratory"
674,0.491328755883683,0.499987533576007,0.524517337895342,0.746268656716418,NA,NA,FALSE,0.521518093301304,200,3493,55,"gender_agreement","by_session","session_3",3,NA,NA,FALSE,"exploratory"
678,0.493598939327688,0.500174158823641,0.524929199027583,0.676616915422886,NA,NA,FALSE,0.521518093301304,200,3493,55,"gender_agreement","by_session","session_3",3,NA,NA,FALSE,"exploratory"
682,0.505169506073815,0.500097659366725,0.525310171248583,0.348258706467662,NA,NA,FALSE,0.521518093301304,200,3493,55,"gender_agreement","by_session","session_3",3,NA,NA,FALSE,"exploratory"
686,0.501876563192279,0.500219417718639,0.525668866629125,0.442786069651741,NA,NA,FALSE,0.521518093301304,200,3493,55,"gender_agreement","by_session","session_3",3,NA,NA,FALSE,"exploratory"
690,0.502667520873507,0.4998664715459,0.524583168031582,0.432835820895522,NA,NA,FALSE,0.521518093301304,200,3493,55,"gender_agreement","by_session","session_3",3,NA,NA,FALSE,"exploratory"
694,0.494862564662839,0.499944697107669,0.524761718113927,0.696517412935323,NA,NA,FALSE,0.521518093301304,200,3493,55,"gender_agreement","by_session","session_3",3,NA,NA,FALSE,"exploratory"
698,0.50066930436206,0.499875715630382,0.525680862113965,0.502487562189055,NA,NA,FALSE,0.521518093301304,200,3493,55,"gender_agreement","by_session","session_3",3,NA,NA,FALSE,"exploratory"
702,0.50333943074766,0.499287179851097,0.521590778578779,0.36318407960199,NA,NA,FALSE,0.521518093301304,200,3493,55,"gender_agreement","by_session","session_3",3,NA,NA,FALSE,"exploratory"
706,0.502031522412954,0.499554822418707,0.521199418982431,0.402985074626866,NA,NA,FALSE,0.521518093301304,200,3493,55,"gender_agreement","by_session","session_3",3,NA,NA,FALSE,"exploratory"
710,0.501503000416543,0.499218556852587,0.520266365744058,0.432835820895522,NA,NA,FALSE,0.521518093301304,200,3493,55,"gender_agreement","by_session","session_3",3,NA,NA,FALSE,"exploratory"
714,0.499335548720006,0.499656623808266,0.522589728520055,0.527363184079602,NA,NA,FALSE,0.521518093301304,200,3493,55,"gender_agreement","by_session","session_3",3,NA,NA,FALSE,"exploratory"
718,0.49865516664959,0.499291840422699,0.523741736535272,0.522388059701492,NA,NA,FALSE,0.521518093301304,200,3493,55,"gender_agreement","by_session","session_3",3,NA,NA,FALSE,"exploratory"
722,0.496629295120666,0.498416078155456,0.522834721884519,0.552238805970149,NA,NA,FALSE,0.521518093301304,200,3493,55,"gender_agreement","by_session","session_3",3,NA,NA,FALSE,"exploratory"
726,0.502353686678554,0.498603829001476,0.524066868280547,0.412935323383085,NA,NA,FALSE,0.521518093301304,200,3493,55,"gender_agreement","by_session","session_3",3,NA,NA,FALSE,"exploratory"
730,0.503622541596296,0.499010757082489,0.526102468128856,0.36318407960199,NA,NA,FALSE,0.521518093301304,200,3493,55,"gender_agreement","by_session","session_3",3,NA,NA,FALSE,"exploratory"
734,0.50787899690982,0.499211359749404,0.527080502932396,0.293532338308458,NA,NA,FALSE,0.521518093301304,200,3493,55,"gender_agreement","by_session","session_3",3,NA,NA,FALSE,"exploratory"
738,0.508064595555524,0.498177014736049,0.526009904644358,0.213930348258706,NA,NA,FALSE,0.521518093301304,200,3493,55,"gender_agreement","by_session","session_3",3,NA,NA,FALSE,"exploratory"
742,0.507804583703989,0.497641217101012,0.524881575204331,0.218905472636816,NA,NA,FALSE,0.521518093301304,200,3493,55,"gender_agreement","by_session","session_3",3,NA,NA,FALSE,"exploratory"
746,0.51181801152348,0.497512710833508,0.52482774709582,0.134328358208955,NA,NA,FALSE,0.521518093301304,200,3493,55,"gender_agreement","by_session","session_3",3,NA,NA,FALSE,"exploratory"
750,0.510054063676563,0.497792997729176,0.522386090371987,0.169154228855721,NA,NA,FALSE,0.521518093301304,200,3493,55,"gender_agreement","by_session","session_3",3,NA,NA,FALSE,"exploratory"
754,0.502397930448554,0.49783265077896,0.524620576167823,0.393034825870647,NA,NA,FALSE,0.521518093301304,200,3493,55,"gender_agreement","by_session","session_3",3,NA,NA,FALSE,"exploratory"
758,0.509137885796412,0.497897179260962,0.523729199628209,0.199004975124378,NA,NA,FALSE,0.521518093301304,200,3493,55,"gender_agreement","by_session","session_3",3,NA,NA,FALSE,"exploratory"
762,0.50971358289458,0.49778760451301,0.52521545187494,0.199004975124378,NA,NA,FALSE,0.521518093301304,200,3493,55,"gender_agreement","by_session","session_3",3,NA,NA,FALSE,"exploratory"
766,0.516061155882299,0.497520805198953,0.522891634784152,0.0995024875621891,NA,NA,FALSE,0.521518093301304,200,3493,55,"gender_agreement","by_session","session_3",3,NA,NA,FALSE,"exploratory"
770,0.514262461085012,0.497899414140777,0.524055232200329,0.139303482587065,NA,NA,FALSE,0.521518093301304,200,3493,55,"gender_agreement","by_session","session_3",3,NA,NA,FALSE,"exploratory"
774,0.511368450266975,0.498002640723754,0.5204050193986,0.189054726368159,NA,NA,FALSE,0.521518093301304,200,3493,55,"gender_agreement","by_session","session_3",3,NA,NA,FALSE,"exploratory"
778,0.495486365862482,0.497811391962986,0.522675970305962,0.562189054726368,NA,NA,FALSE,0.521518093301304,200,3493,55,"gender_agreement","by_session","session_3",3,NA,NA,FALSE,"exploratory"
782,0.483470090762988,0.498203908071614,0.521829610098521,0.825870646766169,NA,NA,FALSE,0.521518093301304,200,3493,55,"gender_agreement","by_session","session_3",3,NA,NA,FALSE,"exploratory"
786,0.490301818177679,0.498897857129315,0.524347782400084,0.761194029850746,NA,NA,FALSE,0.521518093301304,200,3493,55,"gender_agreement","by_session","session_3",3,NA,NA,FALSE,"exploratory"
790,0.4955000411912,0.499825133257091,0.524061522947092,0.686567164179104,NA,NA,FALSE,0.521518093301304,200,3493,55,"gender_agreement","by_session","session_3",3,NA,NA,FALSE,"exploratory"
794,0.494659980593255,0.499552882958963,0.525176615925392,0.681592039800995,NA,NA,FALSE,0.521518093301304,200,3493,55,"gender_agreement","by_session","session_3",3,NA,NA,FALSE,"exploratory"
798,0.498846171634729,0.499634861659873,0.526790757280637,0.537313432835821,NA,NA,FALSE,0.521518093301304,200,3493,55,"gender_agreement","by_session","session_3",3,NA,NA,FALSE,"exploratory"
802,0.50417715713041,0.500062078904907,0.525377475366406,0.378109452736318,NA,NA,FALSE,0.521518093301304,200,3493,55,"gender_agreement","by_session","session_3",3,NA,NA,FALSE,"exploratory"
806,0.512182276684714,0.500186633209616,0.525953411926927,0.164179104477612,NA,NA,FALSE,0.521518093301304,200,3493,55,"gender_agreement","by_session","session_3",3,NA,NA,FALSE,"exploratory"
810,0.514599868627976,0.500321302957777,0.526391548787578,0.139303482587065,NA,NA,FALSE,0.521518093301304,200,3493,55,"gender_agreement","by_session","session_3",3,NA,NA,FALSE,"exploratory"
814,0.508715779151663,0.500237997058293,0.526016780551999,0.263681592039801,NA,NA,FALSE,0.521518093301304,200,3493,55,"gender_agreement","by_session","session_3",3,NA,NA,FALSE,"exploratory"
818,0.50077651305313,0.500364600925903,0.525374691428553,0.472636815920398,NA,NA,FALSE,0.521518093301304,200,3493,55,"gender_agreement","by_session","session_3",3,NA,NA,FALSE,"exploratory"
822,0.490662814613898,0.501362895295272,0.529048206566762,0.771144278606965,NA,NA,FALSE,0.521518093301304,200,3493,55,"gender_agreement","by_session","session_3",3,NA,NA,FALSE,"exploratory"
826,0.492159924991819,0.50100209548875,0.526505492967402,0.746268656716418,NA,NA,FALSE,0.521518093301304,200,3493,55,"gender_agreement","by_session","session_3",3,NA,NA,FALSE,"exploratory"
830,0.502512318869303,0.500739090999984,0.529505123574214,0.45273631840796,NA,NA,FALSE,0.521518093301304,200,3493,55,"gender_agreement","by_session","session_3",3,NA,NA,FALSE,"exploratory"
834,0.49888855921609,0.50111167290035,0.526125593391895,0.582089552238806,NA,NA,FALSE,0.521518093301304,200,3493,55,"gender_agreement","by_session","session_3",3,NA,NA,FALSE,"exploratory"
838,0.497108239091893,0.500131588113943,0.528366541169028,0.582089552238806,NA,NA,FALSE,0.521518093301304,200,3493,55,"gender_agreement","by_session","session_3",3,NA,NA,FALSE,"exploratory"
842,0.493728889402054,0.499943283193025,0.526962622883974,0.63681592039801,NA,NA,FALSE,0.521518093301304,200,3493,55,"gender_agreement","by_session","session_3",3,NA,NA,FALSE,"exploratory"
846,0.509501902528478,0.500531200717105,0.530181978125518,0.26865671641791,NA,NA,FALSE,0.521518093301304,200,3493,55,"gender_agreement","by_session","session_3",3,NA,NA,FALSE,"exploratory"
850,0.525161269240859,0.499910244954477,0.530144934285419,0.0497512437810945,6,0.621890547263682,FALSE,0.521518093301304,200,3493,55,"gender_agreement","by_session","session_3",3,NA,NA,FALSE,"exploratory"
854,0.527820460676705,0.499852315908436,0.530894606531965,0.0348258706467662,6,0.621890547263682,FALSE,0.521518093301304,200,3493,55,"gender_agreement","by_session","session_3",3,NA,NA,FALSE,"exploratory"
858,0.527078005828344,0.499894682596855,0.528069302433544,0.0348258706467662,6,0.621890547263682,FALSE,0.521518093301304,200,3493,55,"gender_agreement","by_session","session_3",3,NA,NA,FALSE,"exploratory"
862,0.51208909857915,0.499930785433279,0.526242902232996,0.203980099502488,NA,NA,FALSE,0.521518093301304,200,3493,55,"gender_agreement","by_session","session_3",3,NA,NA,FALSE,"exploratory"
866,0.504925524405909,0.499924658662911,0.524881932692314,0.378109452736318,NA,NA,FALSE,0.521518093301304,200,3493,55,"gender_agreement","by_session","session_3",3,NA,NA,FALSE,"exploratory"
870,0.501987802889181,0.500328592342557,0.526114134286887,0.467661691542289,NA,NA,FALSE,0.521518093301304,200,3493,55,"gender_agreement","by_session","session_3",3,NA,NA,FALSE,"exploratory"
874,0.499314340254333,0.500639811067571,0.524285238506006,0.54726368159204,NA,NA,FALSE,0.521518093301304,200,3493,55,"gender_agreement","by_session","session_3",3,NA,NA,FALSE,"exploratory"
878,0.492538525725662,0.499949718990746,0.526604029472791,0.701492537313433,NA,NA,FALSE,0.521518093301304,200,3493,55,"gender_agreement","by_session","session_3",3,NA,NA,FALSE,"exploratory"
882,0.492152156088166,0.499207384296562,0.527018790771991,0.716417910447761,NA,NA,FALSE,0.521518093301304,200,3493,55,"gender_agreement","by_session","session_3",3,NA,NA,FALSE,"exploratory"
886,0.494838786752635,0.499205842395266,0.525055421010571,0.631840796019901,NA,NA,FALSE,0.521518093301304,200,3493,55,"gender_agreement","by_session","session_3",3,NA,NA,FALSE,"exploratory"
890,0.487984520925421,0.50001807022732,0.52629308721479,0.81592039800995,NA,NA,FALSE,0.521518093301304,200,3493,55,"gender_agreement","by_session","session_3",3,NA,NA,FALSE,"exploratory"
894,0.494278318190755,0.500434286735827,0.526594132098575,0.676616915422886,NA,NA,FALSE,0.521518093301304,200,3493,55,"gender_agreement","by_session","session_3",3,NA,NA,FALSE,"exploratory"
898,0.501805500129512,0.500954541887891,0.5273482971502,0.482587064676617,NA,NA,FALSE,0.521518093301304,200,3493,55,"gender_agreement","by_session","session_3",3,NA,NA,FALSE,"exploratory"
902,0.495933616278218,0.501381885882556,0.527701722732481,0.681592039800995,NA,NA,FALSE,0.521518093301304,200,3493,55,"gender_agreement","by_session","session_3",3,NA,NA,FALSE,"exploratory"
906,0.491641584288871,0.500829839433661,0.52806633309853,0.751243781094527,NA,NA,FALSE,0.521518093301304,200,3493,55,"gender_agreement","by_session","session_3",3,NA,NA,FALSE,"exploratory"
910,0.482528214433867,0.500469406953356,0.527662429453047,0.915422885572139,NA,NA,FALSE,0.521518093301304,200,3493,55,"gender_agreement","by_session","session_3",3,NA,NA,FALSE,"exploratory"
914,0.479975539718919,0.500298610074563,0.525647129656841,0.920398009950249,NA,NA,FALSE,0.521518093301304,200,3493,55,"gender_agreement","by_session","session_3",3,NA,NA,FALSE,"exploratory"
918,0.492172702335372,0.499392744354092,0.524382601363261,0.686567164179104,NA,NA,FALSE,0.521518093301304,200,3493,55,"gender_agreement","by_session","session_3",3,NA,NA,FALSE,"exploratory"
922,0.492538697516119,0.499289668642085,0.522170724327564,0.701492537313433,NA,NA,FALSE,0.521518093301304,200,3493,55,"gender_agreement","by_session","session_3",3,NA,NA,FALSE,"exploratory"
926,0.483802099452278,0.498780365384577,0.524324627038734,0.855721393034826,NA,NA,FALSE,0.521518093301304,200,3493,55,"gender_agreement","by_session","session_3",3,NA,NA,FALSE,"exploratory"
930,0.4852222229043,0.499332647273246,0.525049860356954,0.830845771144279,NA,NA,FALSE,0.521518093301304,200,3493,55,"gender_agreement","by_session","session_3",3,NA,NA,FALSE,"exploratory"
934,0.497747911859636,0.499483397636575,0.525024929764492,0.557213930348259,NA,NA,FALSE,0.521518093301304,200,3493,55,"gender_agreement","by_session","session_3",3,NA,NA,FALSE,"exploratory"
938,0.496861664544861,0.500386772514529,0.526322760683258,0.621890547263682,NA,NA,FALSE,0.521518093301304,200,3493,55,"gender_agreement","by_session","session_3",3,NA,NA,FALSE,"exploratory"
942,0.491599414569183,0.500680532683767,0.523589049811843,0.746268656716418,NA,NA,FALSE,0.521518093301304,200,3493,55,"gender_agreement","by_session","session_3",3,NA,NA,FALSE,"exploratory"
946,0.491882593470806,0.500149367810199,0.520340254747244,0.721393034825871,NA,NA,FALSE,0.521518093301304,200,3493,55,"gender_agreement","by_session","session_3",3,NA,NA,FALSE,"exploratory"
950,0.488600169262303,0.499230898218477,0.520886939614492,0.791044776119403,NA,NA,FALSE,0.521518093301304,200,3493,55,"gender_agreement","by_session","session_3",3,NA,NA,FALSE,"exploratory"
954,0.478980216919449,0.498207904635602,0.520687715602968,0.91044776119403,NA,NA,FALSE,0.521518093301304,200,3493,55,"gender_agreement","by_session","session_3",3,NA,NA,FALSE,"exploratory"
958,0.483526888056579,0.498765970426455,0.524958872052272,0.875621890547264,NA,NA,FALSE,0.521518093301304,200,3493,55,"gender_agreement","by_session","session_3",3,NA,NA,FALSE,"exploratory"
962,0.505065337084732,0.498954296120594,0.523698084695592,0.353233830845771,NA,NA,FALSE,0.521518093301304,200,3493,55,"gender_agreement","by_session","session_3",3,NA,NA,FALSE,"exploratory"
966,0.519120905501934,0.499079181147605,0.524795583021557,0.0845771144278607,NA,NA,FALSE,0.521518093301304,200,3493,55,"gender_agreement","by_session","session_3",3,NA,NA,FALSE,"exploratory"
970,0.512381775999963,0.498688953813161,0.522987580408209,0.159203980099502,NA,NA,FALSE,0.521518093301304,200,3493,55,"gender_agreement","by_session","session_3",3,NA,NA,FALSE,"exploratory"
974,0.51502398002534,0.498159737376617,0.524209255649456,0.134328358208955,NA,NA,FALSE,0.521518093301304,200,3493,55,"gender_agreement","by_session","session_3",3,NA,NA,FALSE,"exploratory"
978,0.509552684164081,0.497480270373213,0.522984617906019,0.218905472636816,NA,NA,FALSE,0.521518093301304,200,3493,55,"gender_agreement","by_session","session_3",3,NA,NA,FALSE,"exploratory"
982,0.506918876171905,0.497988401471084,0.52351213520217,0.288557213930348,NA,NA,FALSE,0.521518093301304,200,3493,55,"gender_agreement","by_session","session_3",3,NA,NA,FALSE,"exploratory"
986,0.507833700800823,0.499271095833335,0.526843659180087,0.283582089552239,NA,NA,FALSE,0.521518093301304,200,3493,55,"gender_agreement","by_session","session_3",3,NA,NA,FALSE,"exploratory"
990,0.500343724731003,0.49991254097013,0.528767277681723,0.467661691542289,NA,NA,FALSE,0.521518093301304,200,3493,55,"gender_agreement","by_session","session_3",3,NA,NA,FALSE,"exploratory"
994,0.492443331877188,0.499922225080039,0.528864827349809,0.706467661691542,NA,NA,FALSE,0.521518093301304,200,3493,55,"gender_agreement","by_session","session_3",3,NA,NA,FALSE,"exploratory"
998,0.490798506361049,0.500383032820625,0.526634999140648,0.766169154228856,NA,NA,FALSE,0.521518093301304,200,3493,55,"gender_agreement","by_session","session_3",3,NA,NA,FALSE,"exploratory"
1002,0.491942853240175,0.500667893873899,0.528043001292312,0.746268656716418,NA,NA,FALSE,0.521518093301304,200,3493,55,"gender_agreement","by_session","session_3",3,NA,NA,FALSE,"exploratory"
1006,0.496877255635004,0.500846022912601,0.52739933258889,0.621890547263682,NA,NA,FALSE,0.521518093301304,200,3493,55,"gender_agreement","by_session","session_3",3,NA,NA,FALSE,"exploratory"
1010,0.500626418931614,0.500686496930166,0.522046101986712,0.522388059701492,NA,NA,FALSE,0.521518093301304,200,3493,55,"gender_agreement","by_session","session_3",3,NA,NA,FALSE,"exploratory"
1014,0.50703222135096,0.500979869271138,0.523006267486222,0.348258706467662,NA,NA,FALSE,0.521518093301304,200,3493,55,"gender_agreement","by_session","session_3",3,NA,NA,FALSE,"exploratory"
1018,0.516662982040163,0.50052697376988,0.525096633023324,0.134328358208955,NA,NA,FALSE,0.521518093301304,200,3493,55,"gender_agreement","by_session","session_3",3,NA,NA,FALSE,"exploratory"
1022,0.51569730007334,0.500479348196651,0.524840253273833,0.154228855721393,NA,NA,FALSE,0.521518093301304,200,3493,55,"gender_agreement","by_session","session_3",3,NA,NA,FALSE,"exploratory"
1026,0.509698645252611,0.499699280029291,0.523621572948957,0.253731343283582,NA,NA,FALSE,0.521518093301304,200,3493,55,"gender_agreement","by_session","session_3",3,NA,NA,FALSE,"exploratory"
1030,0.495698520504866,0.499687786477796,0.523332390165851,0.646766169154229,NA,NA,FALSE,0.521518093301304,200,3493,55,"gender_agreement","by_session","session_3",3,NA,NA,FALSE,"exploratory"
1034,0.477875175613251,0.499597727689564,0.524771370021911,0.930348258706468,NA,NA,FALSE,0.521518093301304,200,3493,55,"gender_agreement","by_session","session_3",3,NA,NA,FALSE,"exploratory"
1038,0.473426126386646,0.499484762683706,0.525921111951225,0.970149253731343,NA,NA,FALSE,0.521518093301304,200,3493,55,"gender_agreement","by_session","session_3",3,NA,NA,FALSE,"exploratory"
1042,0.472369955660906,0.499105770139699,0.524766259939013,0.960199004975124,NA,NA,FALSE,0.521518093301304,200,3493,55,"gender_agreement","by_session","session_3",3,NA,NA,FALSE,"exploratory"
1046,0.474486550972848,0.498636623980483,0.52359799791581,0.940298507462687,NA,NA,FALSE,0.521518093301304,200,3493,55,"gender_agreement","by_session","session_3",3,NA,NA,FALSE,"exploratory"
1050,0.472513011751872,0.499093036703565,0.528889539847407,0.960199004975124,NA,NA,FALSE,0.521518093301304,200,3493,55,"gender_agreement","by_session","session_3",3,NA,NA,FALSE,"exploratory"
1054,0.48220692500988,0.499080925185594,0.528169103416848,0.895522388059702,NA,NA,FALSE,0.521518093301304,200,3493,55,"gender_agreement","by_session","session_3",3,NA,NA,FALSE,"exploratory"
1058,0.487478789674841,0.500263924332648,0.527024152749852,0.825870646766169,NA,NA,FALSE,0.521518093301304,200,3493,55,"gender_agreement","by_session","session_3",3,NA,NA,FALSE,"exploratory"
1062,0.487034823852784,0.500346857542467,0.523917272027095,0.830845771144279,NA,NA,FALSE,0.521518093301304,200,3493,55,"gender_agreement","by_session","session_3",3,NA,NA,FALSE,"exploratory"
1066,0.484551288936728,0.500234142271658,0.524097225285745,0.885572139303483,NA,NA,FALSE,0.521518093301304,200,3493,55,"gender_agreement","by_session","session_3",3,NA,NA,FALSE,"exploratory"
1070,0.489105714042912,0.499919296137249,0.523874789212243,0.781094527363184,NA,NA,FALSE,0.521518093301304,200,3493,55,"gender_agreement","by_session","session_3",3,NA,NA,FALSE,"exploratory"
1074,0.498965862983866,0.499663625256582,0.524901263761612,0.502487562189055,NA,NA,FALSE,0.521518093301304,200,3493,55,"gender_agreement","by_session","session_3",3,NA,NA,FALSE,"exploratory"
1078,0.495780684916348,0.49961888903933,0.524649341116417,0.601990049751244,NA,NA,FALSE,0.521518093301304,200,3493,55,"gender_agreement","by_session","session_3",3,NA,NA,FALSE,"exploratory"
1082,0.488395824162175,0.49868947383464,0.52187502876165,0.791044776119403,NA,NA,FALSE,0.521518093301304,200,3493,55,"gender_agreement","by_session","session_3",3,NA,NA,FALSE,"exploratory"
1086,0.487107752622232,0.498590941147076,0.523140336892015,0.845771144278607,NA,NA,FALSE,0.521518093301304,200,3493,55,"gender_agreement","by_session","session_3",3,NA,NA,FALSE,"exploratory"
1090,0.496322697632961,0.498627946183358,0.524983536000854,0.567164179104478,NA,NA,FALSE,0.521518093301304,200,3493,55,"gender_agreement","by_session","session_3",3,NA,NA,FALSE,"exploratory"
1094,0.506198036857676,0.499579315924411,0.526793687144547,0.323383084577114,NA,NA,FALSE,0.521518093301304,200,3493,55,"gender_agreement","by_session","session_3",3,NA,NA,FALSE,"exploratory"
1098,0.507665618765893,0.499719687747872,0.52349670473115,0.298507462686567,NA,NA,FALSE,0.521518093301304,200,3493,55,"gender_agreement","by_session","session_3",3,NA,NA,FALSE,"exploratory"
-98,0.494446832662096,0.499277122183301,0.524552684547473,0.686567164179104,NA,NA,FALSE,0.520938557375791,200,3503,55,"gender_agreement","by_session","session_4",4,NA,NA,FALSE,"exploratory"
-94,0.485292527165722,0.498663127165193,0.521814710875672,0.855721393034826,NA,NA,FALSE,0.520938557375791,200,3503,55,"gender_agreement","by_session","session_4",4,NA,NA,FALSE,"exploratory"
-90,0.479210094011904,0.499046556604867,0.523977759944376,0.945273631840796,NA,NA,FALSE,0.520938557375791,200,3503,55,"gender_agreement","by_session","session_4",4,NA,NA,FALSE,"exploratory"
-86,0.48984384946799,0.500163498794704,0.524710684342297,0.771144278606965,NA,NA,FALSE,0.520938557375791,200,3503,55,"gender_agreement","by_session","session_4",4,NA,NA,FALSE,"exploratory"
-82,0.503439478017769,0.500755197529086,0.525814206051127,0.472636815920398,NA,NA,FALSE,0.520938557375791,200,3503,55,"gender_agreement","by_session","session_4",4,NA,NA,FALSE,"exploratory"
-78,0.499019476825006,0.500357816225132,0.522705413227784,0.567164179104478,NA,NA,FALSE,0.520938557375791,200,3503,55,"gender_agreement","by_session","session_4",4,NA,NA,FALSE,"exploratory"
-74,0.502533795513528,0.500101825843108,0.521208614161389,0.45771144278607,NA,NA,FALSE,0.520938557375791,200,3503,55,"gender_agreement","by_session","session_4",4,NA,NA,FALSE,"exploratory"
-70,0.497131233667198,0.49974563766857,0.524022420911951,0.592039800995025,NA,NA,FALSE,0.520938557375791,200,3503,55,"gender_agreement","by_session","session_4",4,NA,NA,FALSE,"exploratory"
-66,0.494109913725633,0.500627398799894,0.523763137331362,0.736318407960199,NA,NA,FALSE,0.520938557375791,200,3503,55,"gender_agreement","by_session","session_4",4,NA,NA,FALSE,"exploratory"
-62,0.488602667120587,0.501645940880076,0.527990761434862,0.835820895522388,NA,NA,FALSE,0.520938557375791,200,3503,55,"gender_agreement","by_session","session_4",4,NA,NA,FALSE,"exploratory"
-58,0.502476781762679,0.50117627240797,0.525727265020943,0.54726368159204,NA,NA,FALSE,0.520938557375791,200,3503,55,"gender_agreement","by_session","session_4",4,NA,NA,FALSE,"exploratory"
-54,0.507155458007352,0.499569166433478,0.524840843846643,0.253731343283582,NA,NA,FALSE,0.520938557375791,200,3503,55,"gender_agreement","by_session","session_4",4,NA,NA,FALSE,"exploratory"
-50,0.499855701239492,0.499772248796272,0.529710490615531,0.522388059701492,NA,NA,FALSE,0.520938557375791,200,3503,55,"gender_agreement","by_session","session_4",4,NA,NA,FALSE,"exploratory"
-46,0.499434515642509,0.499876855430624,0.526359344293489,0.567164179104478,NA,NA,FALSE,0.520938557375791,200,3503,55,"gender_agreement","by_session","session_4",4,NA,NA,FALSE,"exploratory"
-42,0.484813998346868,0.500425855493073,0.527685142888419,0.890547263681592,NA,NA,FALSE,0.520938557375791,200,3503,55,"gender_agreement","by_session","session_4",4,NA,NA,FALSE,"exploratory"
-38,0.46299122903352,0.499187928204227,0.527551686457975,1,NA,NA,FALSE,0.520938557375791,200,3503,55,"gender_agreement","by_session","session_4",4,NA,NA,FALSE,"exploratory"
-34,0.479733114800173,0.498222512072076,0.526170985200841,0.940298507462687,NA,NA,FALSE,0.520938557375791,200,3503,55,"gender_agreement","by_session","session_4",4,NA,NA,FALSE,"exploratory"
-30,0.479787856727361,0.49857100808793,0.522843852111772,0.915422885572139,NA,NA,FALSE,0.520938557375791,200,3503,55,"gender_agreement","by_session","session_4",4,NA,NA,FALSE,"exploratory"
-26,0.486938330197611,0.49903824280909,0.525114663336362,0.781094527363184,NA,NA,FALSE,0.520938557375791,200,3503,55,"gender_agreement","by_session","session_4",4,NA,NA,FALSE,"exploratory"
-22,0.498502617528868,0.499214828453227,0.529030927099215,0.527363184079602,NA,NA,FALSE,0.520938557375791,200,3503,55,"gender_agreement","by_session","session_4",4,NA,NA,FALSE,"exploratory"
-18,0.502611829250075,0.498404483417374,0.521327422766838,0.412935323383085,NA,NA,FALSE,0.520938557375791,200,3503,55,"gender_agreement","by_session","session_4",4,NA,NA,FALSE,"exploratory"
-14,0.505997582923439,0.498923371851365,0.528392594782492,0.298507462686567,NA,NA,FALSE,0.520938557375791,200,3503,55,"gender_agreement","by_session","session_4",4,NA,NA,FALSE,"exploratory"
-10,0.502449170254334,0.499738963589048,0.529034395792029,0.422885572139304,NA,NA,FALSE,0.520938557375791,200,3503,55,"gender_agreement","by_session","session_4",4,NA,NA,FALSE,"exploratory"
-6,0.500653826060623,0.500764402182235,0.522764571700632,0.537313432835821,NA,NA,FALSE,0.520938557375791,200,3503,55,"gender_agreement","by_session","session_4",4,NA,NA,FALSE,"exploratory"
-2,0.507702919372777,0.500805631785945,0.525010127089873,0.293532338308458,NA,NA,FALSE,0.520938557375791,200,3503,55,"gender_agreement","by_session","session_4",4,NA,NA,FALSE,"exploratory"
2,0.506578479283914,0.500897290183563,0.528217923302382,0.338308457711443,NA,NA,FALSE,0.520938557375791,200,3503,55,"gender_agreement","by_session","session_4",4,NA,NA,FALSE,"exploratory"
6,0.495672958992418,0.501400601714002,0.524649401295807,0.651741293532338,NA,NA,FALSE,0.520938557375791,200,3503,55,"gender_agreement","by_session","session_4",4,NA,NA,FALSE,"exploratory"
10,0.482370013564828,0.502222451932603,0.52369659118619,0.930348258706468,NA,NA,FALSE,0.520938557375791,200,3503,55,"gender_agreement","by_session","session_4",4,NA,NA,FALSE,"exploratory"
14,0.48604343922294,0.502136429558313,0.525907014219518,0.885572139303483,NA,NA,FALSE,0.520938557375791,200,3503,55,"gender_agreement","by_session","session_4",4,NA,NA,FALSE,"exploratory"
18,0.484525883826359,0.501347011426839,0.523024075310478,0.91044776119403,NA,NA,FALSE,0.520938557375791,200,3503,55,"gender_agreement","by_session","session_4",4,NA,NA,FALSE,"exploratory"
22,0.498265981628511,0.501567624658414,0.52827717599171,0.621890547263682,NA,NA,FALSE,0.520938557375791,200,3503,55,"gender_agreement","by_session","session_4",4,NA,NA,FALSE,"exploratory"
26,0.503650564427852,0.501285080884547,0.524564489190446,0.45771144278607,NA,NA,FALSE,0.520938557375791,200,3503,55,"gender_agreement","by_session","session_4",4,NA,NA,FALSE,"exploratory"
30,0.499650068768506,0.500623807777831,0.525127912581172,0.532338308457711,NA,NA,FALSE,0.520938557375791,200,3503,55,"gender_agreement","by_session","session_4",4,NA,NA,FALSE,"exploratory"
34,0.494810232751486,0.500496296224932,0.523762630116689,0.676616915422886,NA,NA,FALSE,0.520938557375791,200,3503,55,"gender_agreement","by_session","session_4",4,NA,NA,FALSE,"exploratory"
38,0.484879067154206,0.499902449111293,0.527730619569229,0.880597014925373,NA,NA,FALSE,0.520938557375791,200,3503,55,"gender_agreement","by_session","session_4",4,NA,NA,FALSE,"exploratory"
42,0.479372872239928,0.499040578417716,0.52859000470926,0.915422885572139,NA,NA,FALSE,0.520938557375791,200,3503,55,"gender_agreement","by_session","session_4",4,NA,NA,FALSE,"exploratory"
46,0.487845109282007,0.499234147051029,0.524236997917111,0.825870646766169,NA,NA,FALSE,0.520938557375791,200,3503,55,"gender_agreement","by_session","session_4",4,NA,NA,FALSE,"exploratory"
50,0.485571300126335,0.498756228506973,0.525113294571228,0.845771144278607,NA,NA,FALSE,0.520938557375791,200,3503,55,"gender_agreement","by_session","session_4",4,NA,NA,FALSE,"exploratory"
54,0.490442887623461,0.499606626596861,0.522006283164647,0.766169154228856,NA,NA,FALSE,0.520938557375791,200,3503,55,"gender_agreement","by_session","session_4",4,NA,NA,FALSE,"exploratory"
58,0.51132426594615,0.499510857901946,0.524183425934817,0.208955223880597,NA,NA,FALSE,0.520938557375791,200,3503,55,"gender_agreement","by_session","session_4",4,NA,NA,FALSE,"exploratory"
62,0.525912784746068,0.50045297734808,0.52431807908985,0.0199004975124378,1,0.880597014925373,FALSE,0.520938557375791,200,3503,55,"gender_agreement","by_session","session_4",4,NA,NA,FALSE,"exploratory"
66,0.51764332482108,0.500423901901093,0.52082150315631,0.0796019900497512,NA,NA,FALSE,0.520938557375791,200,3503,55,"gender_agreement","by_session","session_4",4,NA,NA,FALSE,"exploratory"
70,0.514096521663294,0.500550949706773,0.52264509475021,0.159203980099502,NA,NA,FALSE,0.520938557375791,200,3503,55,"gender_agreement","by_session","session_4",4,NA,NA,FALSE,"exploratory"
74,0.509546926725452,0.500486960629483,0.523439357416302,0.213930348258706,NA,NA,FALSE,0.520938557375791,200,3503,55,"gender_agreement","by_session","session_4",4,NA,NA,FALSE,"exploratory"
78,0.491107961980969,0.49953936929008,0.524813630920249,0.746268656716418,NA,NA,FALSE,0.520938557375791,200,3503,55,"gender_agreement","by_session","session_4",4,NA,NA,FALSE,"exploratory"
82,0.485765058454661,0.499217105210472,0.523464651133584,0.830845771144279,NA,NA,FALSE,0.520938557375791,200,3503,55,"gender_agreement","by_session","session_4",4,NA,NA,FALSE,"exploratory"
86,0.476357553585008,0.499392042646187,0.522052336511271,0.970149253731343,NA,NA,FALSE,0.520938557375791,200,3503,55,"gender_agreement","by_session","session_4",4,NA,NA,FALSE,"exploratory"
90,0.481775342131233,0.498726182235038,0.521137414292648,0.875621890547264,NA,NA,FALSE,0.520938557375791,200,3503,55,"gender_agreement","by_session","session_4",4,NA,NA,FALSE,"exploratory"
94,0.480521355617005,0.499251953016945,0.521389792763468,0.900497512437811,NA,NA,FALSE,0.520938557375791,200,3503,55,"gender_agreement","by_session","session_4",4,NA,NA,FALSE,"exploratory"
98,0.488997249947753,0.499651262875645,0.523315442914375,0.776119402985075,NA,NA,FALSE,0.520938557375791,200,3503,55,"gender_agreement","by_session","session_4",4,NA,NA,FALSE,"exploratory"
102,0.488832141631986,0.499373595692602,0.52298761272769,0.786069651741294,NA,NA,FALSE,0.520938557375791,200,3503,55,"gender_agreement","by_session","session_4",4,NA,NA,FALSE,"exploratory"
106,0.484654907922938,0.498813469855956,0.52311590084741,0.840796019900497,NA,NA,FALSE,0.520938557375791,200,3503,55,"gender_agreement","by_session","session_4",4,NA,NA,FALSE,"exploratory"
110,0.478498831371066,0.499048968492833,0.523558384849927,0.900497512437811,NA,NA,FALSE,0.520938557375791,200,3503,55,"gender_agreement","by_session","session_4",4,NA,NA,FALSE,"exploratory"
114,0.496245703217186,0.499564718949414,0.524090842938442,0.587064676616915,NA,NA,FALSE,0.520938557375791,200,3503,55,"gender_agreement","by_session","session_4",4,NA,NA,FALSE,"exploratory"
118,0.500443709086518,0.49967250859148,0.526952041227433,0.507462686567164,NA,NA,FALSE,0.520938557375791,200,3503,55,"gender_agreement","by_session","session_4",4,NA,NA,FALSE,"exploratory"
122,0.504561876971982,0.499379451968545,0.526480526481725,0.333333333333333,NA,NA,FALSE,0.520938557375791,200,3503,55,"gender_agreement","by_session","session_4",4,NA,NA,FALSE,"exploratory"
126,0.503263758581814,0.499914108468582,0.526269624495033,0.402985074626866,NA,NA,FALSE,0.520938557375791,200,3503,55,"gender_agreement","by_session","session_4",4,NA,NA,FALSE,"exploratory"
130,0.507340561104001,0.500929234392812,0.526174637003921,0.343283582089552,NA,NA,FALSE,0.520938557375791,200,3503,55,"gender_agreement","by_session","session_4",4,NA,NA,FALSE,"exploratory"
134,0.507562101686831,0.50121765534082,0.525040275783995,0.36318407960199,NA,NA,FALSE,0.520938557375791,200,3503,55,"gender_agreement","by_session","session_4",4,NA,NA,FALSE,"exploratory"
138,0.497372621030222,0.501332847413587,0.525090095214961,0.621890547263682,NA,NA,FALSE,0.520938557375791,200,3503,55,"gender_agreement","by_session","session_4",4,NA,NA,FALSE,"exploratory"
142,0.500257645848819,0.501041308919326,0.528423238853618,0.537313432835821,NA,NA,FALSE,0.520938557375791,200,3503,55,"gender_agreement","by_session","session_4",4,NA,NA,FALSE,"exploratory"
146,0.49469285540946,0.50152248918949,0.527203994550622,0.711442786069652,NA,NA,FALSE,0.520938557375791,200,3503,55,"gender_agreement","by_session","session_4",4,NA,NA,FALSE,"exploratory"
150,0.49316150142645,0.500218765671465,0.524719499281217,0.756218905472637,NA,NA,FALSE,0.520938557375791,200,3503,55,"gender_agreement","by_session","session_4",4,NA,NA,FALSE,"exploratory"
154,0.501015277641807,0.499725168638141,0.524328379511631,0.492537313432836,NA,NA,FALSE,0.520938557375791,200,3503,55,"gender_agreement","by_session","session_4",4,NA,NA,FALSE,"exploratory"
158,0.494170803830346,0.4992796309145,0.526068229240313,0.63681592039801,NA,NA,FALSE,0.520938557375791,200,3503,55,"gender_agreement","by_session","session_4",4,NA,NA,FALSE,"exploratory"
162,0.501265298118107,0.499023486814995,0.522672355863426,0.432835820895522,NA,NA,FALSE,0.520938557375791,200,3503,55,"gender_agreement","by_session","session_4",4,NA,NA,FALSE,"exploratory"
166,0.506688418944268,0.499276391301711,0.524257050422928,0.298507462686567,NA,NA,FALSE,0.520938557375791,200,3503,55,"gender_agreement","by_session","session_4",4,NA,NA,FALSE,"exploratory"
170,0.502179015749068,0.500176376165262,0.521800889525334,0.45273631840796,NA,NA,FALSE,0.520938557375791,200,3503,55,"gender_agreement","by_session","session_4",4,NA,NA,FALSE,"exploratory"
174,0.506682660730271,0.500171721626083,0.521479434644409,0.333333333333333,NA,NA,FALSE,0.520938557375791,200,3503,55,"gender_agreement","by_session","session_4",4,NA,NA,FALSE,"exploratory"
178,0.510778252559079,0.500571768864361,0.522440363574474,0.164179104477612,NA,NA,FALSE,0.520938557375791,200,3503,55,"gender_agreement","by_session","session_4",4,NA,NA,FALSE,"exploratory"
182,0.508651507915102,0.501002193612158,0.521464148809845,0.238805970149254,NA,NA,FALSE,0.520938557375791,200,3503,55,"gender_agreement","by_session","session_4",4,NA,NA,FALSE,"exploratory"
186,0.491882574191877,0.50157493064261,0.524361703772361,0.786069651741294,NA,NA,FALSE,0.520938557375791,200,3503,55,"gender_agreement","by_session","session_4",4,NA,NA,FALSE,"exploratory"
190,0.48245044829454,0.501075297195161,0.527032094842745,0.895522388059702,NA,NA,FALSE,0.520938557375791,200,3503,55,"gender_agreement","by_session","session_4",4,NA,NA,FALSE,"exploratory"
194,0.484968066298837,0.500592275309124,0.526234042673454,0.885572139303483,NA,NA,FALSE,0.520938557375791,200,3503,55,"gender_agreement","by_session","session_4",4,NA,NA,FALSE,"exploratory"
198,0.479899380684979,0.501134958183708,0.523875347025131,0.950248756218905,NA,NA,FALSE,0.520938557375791,200,3503,55,"gender_agreement","by_session","session_4",4,NA,NA,FALSE,"exploratory"
202,0.468418782802446,0.501214575165757,0.52091981672283,0.990049751243781,NA,NA,FALSE,0.520938557375791,200,3503,55,"gender_agreement","by_session","session_4",4,NA,NA,FALSE,"exploratory"
206,0.465167227548271,0.500378926251221,0.523404770187763,0.990049751243781,NA,NA,FALSE,0.520938557375791,200,3503,55,"gender_agreement","by_session","session_4",4,NA,NA,FALSE,"exploratory"
210,0.48336632141094,0.499915510020949,0.522497055096659,0.880597014925373,NA,NA,FALSE,0.520938557375791,200,3503,55,"gender_agreement","by_session","session_4",4,NA,NA,FALSE,"exploratory"
214,0.496282558062753,0.499660092526972,0.526645999835567,0.587064676616915,NA,NA,FALSE,0.520938557375791,200,3503,55,"gender_agreement","by_session","session_4",4,NA,NA,FALSE,"exploratory"
218,0.509059673200397,0.499342873775806,0.524254135129342,0.258706467661692,NA,NA,FALSE,0.520938557375791,200,3503,55,"gender_agreement","by_session","session_4",4,NA,NA,FALSE,"exploratory"
222,0.505084306072574,0.498456584509291,0.522169194205275,0.313432835820896,NA,NA,FALSE,0.520938557375791,200,3503,55,"gender_agreement","by_session","session_4",4,NA,NA,FALSE,"exploratory"
226,0.511785860615261,0.498354353669398,0.523529749669692,0.18407960199005,NA,NA,FALSE,0.520938557375791,200,3503,55,"gender_agreement","by_session","session_4",4,NA,NA,FALSE,"exploratory"
230,0.51332965101419,0.498178588882633,0.520152776620131,0.124378109452736,NA,NA,FALSE,0.520938557375791,200,3503,55,"gender_agreement","by_session","session_4",4,NA,NA,FALSE,"exploratory"
234,0.509506930656066,0.497995030308271,0.519417685594869,0.233830845771144,NA,NA,FALSE,0.520938557375791,200,3503,55,"gender_agreement","by_session","session_4",4,NA,NA,FALSE,"exploratory"
238,0.496787457308072,0.497857422120334,0.521843921379523,0.552238805970149,NA,NA,FALSE,0.520938557375791,200,3503,55,"gender_agreement","by_session","session_4",4,NA,NA,FALSE,"exploratory"
242,0.475004553760883,0.499009669990984,0.525298530205881,0.970149253731343,NA,NA,FALSE,0.520938557375791,200,3503,55,"gender_agreement","by_session","session_4",4,NA,NA,FALSE,"exploratory"
246,0.472847440692906,0.499504234742723,0.525480683645437,0.960199004975124,NA,NA,FALSE,0.520938557375791,200,3503,55,"gender_agreement","by_session","session_4",4,NA,NA,FALSE,"exploratory"
250,0.469084063118679,0.499862830969426,0.524406182824287,0.995024875621891,NA,NA,FALSE,0.520938557375791,200,3503,55,"gender_agreement","by_session","session_4",4,NA,NA,FALSE,"exploratory"
254,0.47663465066885,0.49949177098944,0.525068285919139,0.980099502487562,NA,NA,FALSE,0.520938557375791,200,3503,55,"gender_agreement","by_session","session_4",4,NA,NA,FALSE,"exploratory"
258,0.477017897570877,0.499425650781758,0.525311990764298,0.965174129353234,NA,NA,FALSE,0.520938557375791,200,3503,55,"gender_agreement","by_session","session_4",4,NA,NA,FALSE,"exploratory"
262,0.484390046422244,0.499575607046551,0.522977129399338,0.865671641791045,NA,NA,FALSE,0.520938557375791,200,3503,55,"gender_agreement","by_session","session_4",4,NA,NA,FALSE,"exploratory"
266,0.47705682798389,0.499385498988933,0.52085294746933,0.955223880597015,NA,NA,FALSE,0.520938557375791,200,3503,55,"gender_agreement","by_session","session_4",4,NA,NA,FALSE,"exploratory"
270,0.47863129354045,0.499635033640357,0.522425994265103,0.960199004975124,NA,NA,FALSE,0.520938557375791,200,3503,55,"gender_agreement","by_session","session_4",4,NA,NA,FALSE,"exploratory"
274,0.469930946451669,0.498818930908103,0.522602280244339,0.995024875621891,NA,NA,FALSE,0.520938557375791,200,3503,55,"gender_agreement","by_session","session_4",4,NA,NA,FALSE,"exploratory"
278,0.477841513015297,0.499484989717714,0.519816340934554,0.955223880597015,NA,NA,FALSE,0.520938557375791,200,3503,55,"gender_agreement","by_session","session_4",4,NA,NA,FALSE,"exploratory"
282,0.489747093374866,0.499586462611332,0.52000035488223,0.791044776119403,NA,NA,FALSE,0.520938557375791,200,3503,55,"gender_agreement","by_session","session_4",4,NA,NA,FALSE,"exploratory"
286,0.502155320436697,0.50007910830323,0.522374317712877,0.507462686567164,NA,NA,FALSE,0.520938557375791,200,3503,55,"gender_agreement","by_session","session_4",4,NA,NA,FALSE,"exploratory"
290,0.498802627065101,0.500604000533309,0.520935536889867,0.611940298507463,NA,NA,FALSE,0.520938557375791,200,3503,55,"gender_agreement","by_session","session_4",4,NA,NA,FALSE,"exploratory"
294,0.492997722143987,0.500649206732962,0.520863666355565,0.72636815920398,NA,NA,FALSE,0.520938557375791,200,3503,55,"gender_agreement","by_session","session_4",4,NA,NA,FALSE,"exploratory"
298,0.49947553504444,0.500229403231825,0.522874980932237,0.577114427860697,NA,NA,FALSE,0.520938557375791,200,3503,55,"gender_agreement","by_session","session_4",4,NA,NA,FALSE,"exploratory"
302,0.498776975912678,0.500225253491294,0.524119295716398,0.572139303482587,NA,NA,FALSE,0.520938557375791,200,3503,55,"gender_agreement","by_session","session_4",4,NA,NA,FALSE,"exploratory"
306,0.48886997953595,0.500102466609381,0.522445417330781,0.830845771144279,NA,NA,FALSE,0.520938557375791,200,3503,55,"gender_agreement","by_session","session_4",4,NA,NA,FALSE,"exploratory"
310,0.479306530184316,0.499770011347453,0.520141321923274,0.950248756218905,NA,NA,FALSE,0.520938557375791,200,3503,55,"gender_agreement","by_session","session_4",4,NA,NA,FALSE,"exploratory"
314,0.474109557301488,0.499989199899478,0.522631077911611,0.965174129353234,NA,NA,FALSE,0.520938557375791,200,3503,55,"gender_agreement","by_session","session_4",4,NA,NA,FALSE,"exploratory"
318,0.461338803600002,0.50053349220917,0.524472654576622,0.990049751243781,NA,NA,FALSE,0.520938557375791,200,3503,55,"gender_agreement","by_session","session_4",4,NA,NA,FALSE,"exploratory"
322,0.462637935878679,0.501100950806055,0.523516256137627,0.990049751243781,NA,NA,FALSE,0.520938557375791,200,3503,55,"gender_agreement","by_session","session_4",4,NA,NA,FALSE,"exploratory"
326,0.465011724365187,0.50051580079475,0.528743493787051,0.980099502487562,NA,NA,FALSE,0.520938557375791,200,3503,55,"gender_agreement","by_session","session_4",4,NA,NA,FALSE,"exploratory"
330,0.478035651558952,0.500023558094193,0.52487549145637,0.945273631840796,NA,NA,FALSE,0.520938557375791,200,3503,55,"gender_agreement","by_session","session_4",4,NA,NA,FALSE,"exploratory"
334,0.481985391664274,0.500115477982325,0.523626339653533,0.915422885572139,NA,NA,FALSE,0.520938557375791,200,3503,55,"gender_agreement","by_session","session_4",4,NA,NA,FALSE,"exploratory"
338,0.483741610398923,0.500146294490055,0.524625582109475,0.865671641791045,NA,NA,FALSE,0.520938557375791,200,3503,55,"gender_agreement","by_session","session_4",4,NA,NA,FALSE,"exploratory"
342,0.475297249598278,0.500076201352646,0.527048627346461,0.955223880597015,NA,NA,FALSE,0.520938557375791,200,3503,55,"gender_agreement","by_session","session_4",4,NA,NA,FALSE,"exploratory"
346,0.481496772457612,0.500231056724864,0.522210819678863,0.885572139303483,NA,NA,FALSE,0.520938557375791,200,3503,55,"gender_agreement","by_session","session_4",4,NA,NA,FALSE,"exploratory"
350,0.48344223157631,0.499940191834105,0.522179311209251,0.875621890547264,NA,NA,FALSE,0.520938557375791,200,3503,55,"gender_agreement","by_session","session_4",4,NA,NA,FALSE,"exploratory"
354,0.488024026959922,0.499289309528075,0.519687602558005,0.796019900497512,NA,NA,FALSE,0.520938557375791,200,3503,55,"gender_agreement","by_session","session_4",4,NA,NA,FALSE,"exploratory"
358,0.493745936560067,0.499686400251462,0.523403070945033,0.701492537313433,NA,NA,FALSE,0.520938557375791,200,3503,55,"gender_agreement","by_session","session_4",4,NA,NA,FALSE,"exploratory"
362,0.501142762326679,0.500214133329868,0.52584904918406,0.462686567164179,NA,NA,FALSE,0.520938557375791,200,3503,55,"gender_agreement","by_session","session_4",4,NA,NA,FALSE,"exploratory"
366,0.503996228847343,0.499607738581073,0.525620498162556,0.373134328358209,NA,NA,FALSE,0.520938557375791,200,3503,55,"gender_agreement","by_session","session_4",4,NA,NA,FALSE,"exploratory"
370,0.501454517366673,0.49910156189455,0.52379611470264,0.45771144278607,NA,NA,FALSE,0.520938557375791,200,3503,55,"gender_agreement","by_session","session_4",4,NA,NA,FALSE,"exploratory"
374,0.501686279494324,0.500047568013106,0.523988860590843,0.442786069651741,NA,NA,FALSE,0.520938557375791,200,3503,55,"gender_agreement","by_session","session_4",4,NA,NA,FALSE,"exploratory"
378,0.500009663224386,0.500977858580837,0.52389035545088,0.54228855721393,NA,NA,FALSE,0.520938557375791,200,3503,55,"gender_agreement","by_session","session_4",4,NA,NA,FALSE,"exploratory"
382,0.503877859657306,0.499727528696592,0.523600716874882,0.378109452736318,NA,NA,FALSE,0.520938557375791,200,3503,55,"gender_agreement","by_session","session_4",4,NA,NA,FALSE,"exploratory"
386,0.494781665113583,0.499513665627645,0.523949233800562,0.63681592039801,NA,NA,FALSE,0.520938557375791,200,3503,55,"gender_agreement","by_session","session_4",4,NA,NA,FALSE,"exploratory"
390,0.500036070448368,0.49810316087506,0.522643710328346,0.432835820895522,NA,NA,FALSE,0.520938557375791,200,3503,55,"gender_agreement","by_session","session_4",4,NA,NA,FALSE,"exploratory"
394,0.497622692444836,0.498565449576856,0.524202231169621,0.537313432835821,NA,NA,FALSE,0.520938557375791,200,3503,55,"gender_agreement","by_session","session_4",4,NA,NA,FALSE,"exploratory"
398,0.502213583490312,0.499300415630307,0.524814571267656,0.422885572139304,NA,NA,FALSE,0.520938557375791,200,3503,55,"gender_agreement","by_session","session_4",4,NA,NA,FALSE,"exploratory"
402,0.515338728924972,0.499499657640297,0.520379312697866,0.114427860696517,NA,NA,FALSE,0.520938557375791,200,3503,55,"gender_agreement","by_session","session_4",4,NA,NA,FALSE,"exploratory"
406,0.51630462384813,0.499543323086577,0.519741373501724,0.0845771144278607,NA,NA,FALSE,0.520938557375791,200,3503,55,"gender_agreement","by_session","session_4",4,NA,NA,FALSE,"exploratory"
410,0.505639348617738,0.49935139981008,0.52230643090343,0.333333333333333,NA,NA,FALSE,0.520938557375791,200,3503,55,"gender_agreement","by_session","session_4",4,NA,NA,FALSE,"exploratory"
414,0.49304589112109,0.499063971989147,0.521649456663923,0.701492537313433,NA,NA,FALSE,0.520938557375791,200,3503,55,"gender_agreement","by_session","session_4",4,NA,NA,FALSE,"exploratory"
418,0.475143754708579,0.499256662940145,0.526309985610994,0.955223880597015,NA,NA,FALSE,0.520938557375791,200,3503,55,"gender_agreement","by_session","session_4",4,NA,NA,FALSE,"exploratory"
422,0.478209681467905,0.498862570702006,0.525197663114845,0.91044776119403,NA,NA,FALSE,0.520938557375791,200,3503,55,"gender_agreement","by_session","session_4",4,NA,NA,FALSE,"exploratory"
426,0.491162776659812,0.498077456301268,0.522521310233088,0.73134328358209,NA,NA,FALSE,0.520938557375791,200,3503,55,"gender_agreement","by_session","session_4",4,NA,NA,FALSE,"exploratory"
430,0.505394366575208,0.498374333903856,0.521359143022763,0.283582089552239,NA,NA,FALSE,0.520938557375791,200,3503,55,"gender_agreement","by_session","session_4",4,NA,NA,FALSE,"exploratory"
434,0.511961257295353,0.499099542182863,0.526000901935769,0.159203980099502,NA,NA,FALSE,0.520938557375791,200,3503,55,"gender_agreement","by_session","session_4",4,NA,NA,FALSE,"exploratory"
438,0.519543993369427,0.498778622147342,0.522892303466233,0.0696517412935323,NA,NA,FALSE,0.520938557375791,200,3503,55,"gender_agreement","by_session","session_4",4,NA,NA,FALSE,"exploratory"
442,0.510161146133479,0.49826901200992,0.521934954945035,0.213930348258706,NA,NA,FALSE,0.520938557375791,200,3503,55,"gender_agreement","by_session","session_4",4,NA,NA,FALSE,"exploratory"
446,0.505219236316585,0.498396895763883,0.523632224365546,0.338308457711443,NA,NA,FALSE,0.520938557375791,200,3503,55,"gender_agreement","by_session","session_4",4,NA,NA,FALSE,"exploratory"
450,0.493537976012601,0.499066286962586,0.522561557245498,0.666666666666667,NA,NA,FALSE,0.520938557375791,200,3503,55,"gender_agreement","by_session","session_4",4,NA,NA,FALSE,"exploratory"
454,0.489222877251439,0.499794510439685,0.522296050818962,0.805970149253731,NA,NA,FALSE,0.520938557375791,200,3503,55,"gender_agreement","by_session","session_4",4,NA,NA,FALSE,"exploratory"
458,0.48645137684392,0.499454074123257,0.524871999939382,0.860696517412935,NA,NA,FALSE,0.520938557375791,200,3503,55,"gender_agreement","by_session","session_4",4,NA,NA,FALSE,"exploratory"
462,0.496279843823063,0.49954981319778,0.523673789377518,0.606965174129353,NA,NA,FALSE,0.520938557375791,200,3503,55,"gender_agreement","by_session","session_4",4,NA,NA,FALSE,"exploratory"
466,0.495901709792639,0.499174825758218,0.525408159185078,0.611940298507463,NA,NA,FALSE,0.520938557375791,200,3503,55,"gender_agreement","by_session","session_4",4,NA,NA,FALSE,"exploratory"
470,0.502815081765606,0.499569569466002,0.522801738816598,0.412935323383085,NA,NA,FALSE,0.520938557375791,200,3503,55,"gender_agreement","by_session","session_4",4,NA,NA,FALSE,"exploratory"
474,0.507476653585547,0.499392156357739,0.520254253095311,0.278606965174129,NA,NA,FALSE,0.520938557375791,200,3503,55,"gender_agreement","by_session","session_4",4,NA,NA,FALSE,"exploratory"
478,0.512860143638395,0.499607965500666,0.522258698498641,0.134328358208955,NA,NA,FALSE,0.520938557375791,200,3503,55,"gender_agreement","by_session","session_4",4,NA,NA,FALSE,"exploratory"
482,0.514226374563889,0.498058879192394,0.521718456531007,0.114427860696517,NA,NA,FALSE,0.520938557375791,200,3503,55,"gender_agreement","by_session","session_4",4,NA,NA,FALSE,"exploratory"
486,0.513740553022855,0.49881612633034,0.521512471081984,0.119402985074627,NA,NA,FALSE,0.520938557375791,200,3503,55,"gender_agreement","by_session","session_4",4,NA,NA,FALSE,"exploratory"
490,0.516907844260607,0.499941902614115,0.522844598584413,0.0945273631840796,NA,NA,FALSE,0.520938557375791,200,3503,55,"gender_agreement","by_session","session_4",4,NA,NA,FALSE,"exploratory"
494,0.515216085508238,0.500384120984268,0.524472405706927,0.0945273631840796,NA,NA,FALSE,0.520938557375791,200,3503,55,"gender_agreement","by_session","session_4",4,NA,NA,FALSE,"exploratory"
498,0.504916500732852,0.49980385372723,0.520721390903883,0.383084577114428,NA,NA,FALSE,0.520938557375791,200,3503,55,"gender_agreement","by_session","session_4",4,NA,NA,FALSE,"exploratory"
502,0.505100380916084,0.499258359276901,0.51831697757213,0.348258706467662,NA,NA,FALSE,0.520938557375791,200,3503,55,"gender_agreement","by_session","session_4",4,NA,NA,FALSE,"exploratory"
506,0.497953183369211,0.499290206343144,0.524508180252367,0.572139303482587,NA,NA,FALSE,0.520938557375791,200,3503,55,"gender_agreement","by_session","session_4",4,NA,NA,FALSE,"exploratory"
510,0.488241340797479,0.499336961317783,0.5231470341555,0.830845771144279,NA,NA,FALSE,0.520938557375791,200,3503,55,"gender_agreement","by_session","session_4",4,NA,NA,FALSE,"exploratory"
514,0.48358701131395,0.499368564220563,0.523411975378414,0.895522388059702,NA,NA,FALSE,0.520938557375791,200,3503,55,"gender_agreement","by_session","session_4",4,NA,NA,FALSE,"exploratory"
518,0.477113452434084,0.49991092019291,0.523068421383348,0.955223880597015,NA,NA,FALSE,0.520938557375791,200,3503,55,"gender_agreement","by_session","session_4",4,NA,NA,FALSE,"exploratory"
522,0.472401549038025,0.499747322699168,0.523832513174796,0.970149253731343,NA,NA,FALSE,0.520938557375791,200,3503,55,"gender_agreement","by_session","session_4",4,NA,NA,FALSE,"exploratory"
526,0.484648786418417,0.498981074678759,0.520745999325789,0.860696517412935,NA,NA,FALSE,0.520938557375791,200,3503,55,"gender_agreement","by_session","session_4",4,NA,NA,FALSE,"exploratory"
530,0.491994841222611,0.498635569576666,0.521337039163486,0.736318407960199,NA,NA,FALSE,0.520938557375791,200,3503,55,"gender_agreement","by_session","session_4",4,NA,NA,FALSE,"exploratory"
534,0.500957636039054,0.498681247940257,0.519169785155267,0.45273631840796,NA,NA,FALSE,0.520938557375791,200,3503,55,"gender_agreement","by_session","session_4",4,NA,NA,FALSE,"exploratory"
538,0.503542702217426,0.498251909640356,0.519986565760347,0.378109452736318,NA,NA,FALSE,0.520938557375791,200,3503,55,"gender_agreement","by_session","session_4",4,NA,NA,FALSE,"exploratory"
542,0.505308047913781,0.498493593205447,0.521032882371415,0.333333333333333,NA,NA,FALSE,0.520938557375791,200,3503,55,"gender_agreement","by_session","session_4",4,NA,NA,FALSE,"exploratory"
546,0.501095927051376,0.498890944332371,0.523267242985949,0.447761194029851,NA,NA,FALSE,0.520938557375791,200,3503,55,"gender_agreement","by_session","session_4",4,NA,NA,FALSE,"exploratory"
550,0.500992425852095,0.498516026750675,0.524961775490653,0.442786069651741,NA,NA,FALSE,0.520938557375791,200,3503,55,"gender_agreement","by_session","session_4",4,NA,NA,FALSE,"exploratory"
554,0.489960481902943,0.498983083249475,0.524371456037681,0.766169154228856,NA,NA,FALSE,0.520938557375791,200,3503,55,"gender_agreement","by_session","session_4",4,NA,NA,FALSE,"exploratory"
558,0.489177610672442,0.499414057001435,0.524762439100921,0.756218905472637,NA,NA,FALSE,0.520938557375791,200,3503,55,"gender_agreement","by_session","session_4",4,NA,NA,FALSE,"exploratory"
562,0.487916950441165,0.499454190934427,0.525353731771222,0.800995024875622,NA,NA,FALSE,0.520938557375791,200,3503,55,"gender_agreement","by_session","session_4",4,NA,NA,FALSE,"exploratory"
566,0.492385181731487,0.498275682805822,0.526129737883575,0.646766169154229,NA,NA,FALSE,0.520938557375791,200,3503,55,"gender_agreement","by_session","session_4",4,NA,NA,FALSE,"exploratory"
570,0.500676642469739,0.497372487748569,0.52435730985179,0.398009950248756,NA,NA,FALSE,0.520938557375791,200,3503,55,"gender_agreement","by_session","session_4",4,NA,NA,FALSE,"exploratory"
574,0.496492453649152,0.497511409397632,0.523992330485501,0.532338308457711,NA,NA,FALSE,0.520938557375791,200,3503,55,"gender_agreement","by_session","session_4",4,NA,NA,FALSE,"exploratory"
578,0.500076722493452,0.49749699856532,0.519092137920685,0.477611940298507,NA,NA,FALSE,0.520938557375791,200,3503,55,"gender_agreement","by_session","session_4",4,NA,NA,FALSE,"exploratory"
582,0.498369730888203,0.497413441498614,0.521314416153654,0.502487562189055,NA,NA,FALSE,0.520938557375791,200,3503,55,"gender_agreement","by_session","session_4",4,NA,NA,FALSE,"exploratory"
586,0.504762640335432,0.498139794350304,0.523026460373181,0.328358208955224,NA,NA,FALSE,0.520938557375791,200,3503,55,"gender_agreement","by_session","session_4",4,NA,NA,FALSE,"exploratory"
590,0.494511676802194,0.499150137898444,0.524215633811756,0.616915422885572,NA,NA,FALSE,0.520938557375791,200,3503,55,"gender_agreement","by_session","session_4",4,NA,NA,FALSE,"exploratory"
594,0.497960122932779,0.50053657202594,0.52815707034439,0.592039800995025,NA,NA,FALSE,0.520938557375791,200,3503,55,"gender_agreement","by_session","session_4",4,NA,NA,FALSE,"exploratory"
598,0.503525952022578,0.500349778845633,0.527157534395532,0.447761194029851,NA,NA,FALSE,0.520938557375791,200,3503,55,"gender_agreement","by_session","session_4",4,NA,NA,FALSE,"exploratory"
602,0.513706661801209,0.500923057248371,0.52412600796541,0.169154228855721,NA,NA,FALSE,0.520938557375791,200,3503,55,"gender_agreement","by_session","session_4",4,NA,NA,FALSE,"exploratory"
606,0.522635165964653,0.50077874496565,0.524700487602524,0.0497512437810945,2,0.144278606965174,FALSE,0.520938557375791,200,3503,55,"gender_agreement","by_session","session_4",4,NA,NA,FALSE,"exploratory"
610,0.533178261622832,0.500884356617356,0.525739784784572,0.00995024875621891,2,0.144278606965174,FALSE,0.520938557375791,200,3503,55,"gender_agreement","by_session","session_4",4,NA,NA,FALSE,"exploratory"
614,0.530564132652712,0.501134320115375,0.524701241495994,0.0149253731343284,2,0.144278606965174,FALSE,0.520938557375791,200,3503,55,"gender_agreement","by_session","session_4",4,NA,NA,FALSE,"exploratory"
618,0.528848646902792,0.500683072143972,0.525654178854906,0.0248756218905473,2,0.144278606965174,FALSE,0.520938557375791,200,3503,55,"gender_agreement","by_session","session_4",4,NA,NA,FALSE,"exploratory"
622,0.534221303195333,0.500914170822299,0.524999210642712,0.0149253731343284,2,0.144278606965174,FALSE,0.520938557375791,200,3503,55,"gender_agreement","by_session","session_4",4,NA,NA,FALSE,"exploratory"
626,0.525030316676964,0.500436114517422,0.523345605864264,0.0298507462686567,2,0.144278606965174,FALSE,0.520938557375791,200,3503,55,"gender_agreement","by_session","session_4",4,NA,NA,FALSE,"exploratory"
630,0.51956082287503,0.499928668931,0.524101191723196,0.0796019900497512,NA,NA,FALSE,0.520938557375791,200,3503,55,"gender_agreement","by_session","session_4",4,NA,NA,FALSE,"exploratory"
634,0.520891349954406,0.498796217075065,0.525344603223205,0.0497512437810945,NA,NA,FALSE,0.520938557375791,200,3503,55,"gender_agreement","by_session","session_4",4,NA,NA,FALSE,"exploratory"
638,0.517587142296658,0.499388771872402,0.524111649906797,0.0796019900497512,NA,NA,FALSE,0.520938557375791,200,3503,55,"gender_agreement","by_session","session_4",4,NA,NA,FALSE,"exploratory"
642,0.519402994375187,0.499201650447364,0.523475994112425,0.0796019900497512,NA,NA,FALSE,0.520938557375791,200,3503,55,"gender_agreement","by_session","session_4",4,NA,NA,FALSE,"exploratory"
646,0.517438083994055,0.499513376650452,0.523252604174797,0.104477611940299,NA,NA,FALSE,0.520938557375791,200,3503,55,"gender_agreement","by_session","session_4",4,NA,NA,FALSE,"exploratory"
650,0.511043880477884,0.499207887219121,0.523449730608151,0.18407960199005,NA,NA,FALSE,0.520938557375791,200,3503,55,"gender_agreement","by_session","session_4",4,NA,NA,FALSE,"exploratory"
654,0.494342006560375,0.499146622026629,0.524306337047302,0.611940298507463,NA,NA,FALSE,0.520938557375791,200,3503,55,"gender_agreement","by_session","session_4",4,NA,NA,FALSE,"exploratory"
658,0.488039272658212,0.498371765223673,0.527129372209673,0.746268656716418,NA,NA,FALSE,0.520938557375791,200,3503,55,"gender_agreement","by_session","session_4",4,NA,NA,FALSE,"exploratory"
662,0.475728121417344,0.499104688224452,0.525344732973753,0.945273631840796,NA,NA,FALSE,0.520938557375791,200,3503,55,"gender_agreement","by_session","session_4",4,NA,NA,FALSE,"exploratory"
666,0.480668154637288,0.499437878557276,0.523897895834001,0.865671641791045,NA,NA,FALSE,0.520938557375791,200,3503,55,"gender_agreement","by_session","session_4",4,NA,NA,FALSE,"exploratory"
670,0.478788927165215,0.499613084045576,0.526267762556723,0.950248756218905,NA,NA,FALSE,0.520938557375791,200,3503,55,"gender_agreement","by_session","session_4",4,NA,NA,FALSE,"exploratory"
674,0.488876682587573,0.500279212710315,0.52542763430979,0.800995024875622,NA,NA,FALSE,0.520938557375791,200,3503,55,"gender_agreement","by_session","session_4",4,NA,NA,FALSE,"exploratory"
678,0.489402633681753,0.500918998787729,0.525945060219068,0.796019900497512,NA,NA,FALSE,0.520938557375791,200,3503,55,"gender_agreement","by_session","session_4",4,NA,NA,FALSE,"exploratory"
682,0.493343526902013,0.500915947296048,0.52548956745908,0.741293532338308,NA,NA,FALSE,0.520938557375791,200,3503,55,"gender_agreement","by_session","session_4",4,NA,NA,FALSE,"exploratory"
686,0.501098790486552,0.50047030104693,0.5253237849875,0.507462686567164,NA,NA,FALSE,0.520938557375791,200,3503,55,"gender_agreement","by_session","session_4",4,NA,NA,FALSE,"exploratory"
690,0.505517964861023,0.499480543055972,0.524597919539098,0.323383084577114,NA,NA,FALSE,0.520938557375791,200,3503,55,"gender_agreement","by_session","session_4",4,NA,NA,FALSE,"exploratory"
694,0.505121183539832,0.499645989943639,0.527197573665303,0.318407960199005,NA,NA,FALSE,0.520938557375791,200,3503,55,"gender_agreement","by_session","session_4",4,NA,NA,FALSE,"exploratory"
698,0.498949689470698,0.500011669947943,0.524400804252741,0.552238805970149,NA,NA,FALSE,0.520938557375791,200,3503,55,"gender_agreement","by_session","session_4",4,NA,NA,FALSE,"exploratory"
702,0.504334948347418,0.500387579742164,0.524251486721252,0.393034825870647,NA,NA,FALSE,0.520938557375791,200,3503,55,"gender_agreement","by_session","session_4",4,NA,NA,FALSE,"exploratory"
706,0.508519781417353,0.500038025273158,0.52657869920886,0.253731343283582,NA,NA,FALSE,0.520938557375791,200,3503,55,"gender_agreement","by_session","session_4",4,NA,NA,FALSE,"exploratory"
710,0.518361895766616,0.499905823682519,0.526585106217621,0.0746268656716418,NA,NA,FALSE,0.520938557375791,200,3503,55,"gender_agreement","by_session","session_4",4,NA,NA,FALSE,"exploratory"
714,0.51977752869614,0.499592108556484,0.522053387328292,0.0398009950248756,NA,NA,FALSE,0.520938557375791,200,3503,55,"gender_agreement","by_session","session_4",4,NA,NA,FALSE,"exploratory"
718,0.515747874083329,0.499226467757623,0.519077126024443,0.109452736318408,NA,NA,FALSE,0.520938557375791,200,3503,55,"gender_agreement","by_session","session_4",4,NA,NA,FALSE,"exploratory"
722,0.521617720856861,0.499406720428104,0.524428491638575,0.0398009950248756,3,0.980099502487562,FALSE,0.520938557375791,200,3503,55,"gender_agreement","by_session","session_4",4,NA,NA,FALSE,"exploratory"
726,0.517796317374388,0.499517832120922,0.527810793922545,0.104477611940299,NA,NA,FALSE,0.520938557375791,200,3503,55,"gender_agreement","by_session","session_4",4,NA,NA,FALSE,"exploratory"
730,0.515665379550456,0.50029241059239,0.525673755035215,0.129353233830846,NA,NA,FALSE,0.520938557375791,200,3503,55,"gender_agreement","by_session","session_4",4,NA,NA,FALSE,"exploratory"
734,0.516804345016421,0.500280249034082,0.522527738672744,0.0995024875621891,NA,NA,FALSE,0.520938557375791,200,3503,55,"gender_agreement","by_session","session_4",4,NA,NA,FALSE,"exploratory"
738,0.510595518849431,0.499890177050113,0.521832634581902,0.238805970149254,NA,NA,FALSE,0.520938557375791,200,3503,55,"gender_agreement","by_session","session_4",4,NA,NA,FALSE,"exploratory"
742,0.513013089930247,0.499099414611848,0.523432401008519,0.18407960199005,NA,NA,FALSE,0.520938557375791,200,3503,55,"gender_agreement","by_session","session_4",4,NA,NA,FALSE,"exploratory"
746,0.511329949406941,0.498860717494494,0.524765928426332,0.243781094527363,NA,NA,FALSE,0.520938557375791,200,3503,55,"gender_agreement","by_session","session_4",4,NA,NA,FALSE,"exploratory"
750,0.500331597931737,0.498671901109073,0.521657315503791,0.45771144278607,NA,NA,FALSE,0.520938557375791,200,3503,55,"gender_agreement","by_session","session_4",4,NA,NA,FALSE,"exploratory"
754,0.498289308096947,0.498979497692434,0.523083024161589,0.54228855721393,NA,NA,FALSE,0.520938557375791,200,3503,55,"gender_agreement","by_session","session_4",4,NA,NA,FALSE,"exploratory"
758,0.495226786433626,0.499705686657114,0.523939067277365,0.641791044776119,NA,NA,FALSE,0.520938557375791,200,3503,55,"gender_agreement","by_session","session_4",4,NA,NA,FALSE,"exploratory"
762,0.497821770664872,0.499737191089379,0.523258997611854,0.601990049751244,NA,NA,FALSE,0.520938557375791,200,3503,55,"gender_agreement","by_session","session_4",4,NA,NA,FALSE,"exploratory"
766,0.495102781970194,0.498818740768788,0.521471708056595,0.606965174129353,NA,NA,FALSE,0.520938557375791,200,3503,55,"gender_agreement","by_session","session_4",4,NA,NA,FALSE,"exploratory"
770,0.495168410655625,0.499586292574252,0.524238527021485,0.641791044776119,NA,NA,FALSE,0.520938557375791,200,3503,55,"gender_agreement","by_session","session_4",4,NA,NA,FALSE,"exploratory"
774,0.4964881167255,0.500892841261954,0.523711009984594,0.646766169154229,NA,NA,FALSE,0.520938557375791,200,3503,55,"gender_agreement","by_session","session_4",4,NA,NA,FALSE,"exploratory"
778,0.509285038784847,0.500609563648034,0.523263167227711,0.298507462686567,NA,NA,FALSE,0.520938557375791,200,3503,55,"gender_agreement","by_session","session_4",4,NA,NA,FALSE,"exploratory"
782,0.515921327267682,0.500131757230116,0.521179229599175,0.124378109452736,NA,NA,FALSE,0.520938557375791,200,3503,55,"gender_agreement","by_session","session_4",4,NA,NA,FALSE,"exploratory"
786,0.518323853060009,0.499951766497374,0.523655772000087,0.0597014925373134,NA,NA,FALSE,0.520938557375791,200,3503,55,"gender_agreement","by_session","session_4",4,NA,NA,FALSE,"exploratory"
790,0.509384255820136,0.500608647887306,0.521802315947361,0.233830845771144,NA,NA,FALSE,0.520938557375791,200,3503,55,"gender_agreement","by_session","session_4",4,NA,NA,FALSE,"exploratory"
794,0.506949007578501,0.500086523552579,0.519463107607202,0.318407960199005,NA,NA,FALSE,0.520938557375791,200,3503,55,"gender_agreement","by_session","session_4",4,NA,NA,FALSE,"exploratory"
798,0.505070172097801,0.499735559486982,0.522316348555974,0.343283582089552,NA,NA,FALSE,0.520938557375791,200,3503,55,"gender_agreement","by_session","session_4",4,NA,NA,FALSE,"exploratory"
802,0.508054946645302,0.498754313284433,0.520149525280517,0.248756218905473,NA,NA,FALSE,0.520938557375791,200,3503,55,"gender_agreement","by_session","session_4",4,NA,NA,FALSE,"exploratory"
806,0.510608125380148,0.498843316270098,0.523675567188845,0.199004975124378,NA,NA,FALSE,0.520938557375791,200,3503,55,"gender_agreement","by_session","session_4",4,NA,NA,FALSE,"exploratory"
810,0.517449950747032,0.498716930439279,0.524388155275913,0.0895522388059701,NA,NA,FALSE,0.520938557375791,200,3503,55,"gender_agreement","by_session","session_4",4,NA,NA,FALSE,"exploratory"
814,0.520173284868577,0.498467875111777,0.523286966801367,0.0845771144278607,NA,NA,FALSE,0.520938557375791,200,3503,55,"gender_agreement","by_session","session_4",4,NA,NA,FALSE,"exploratory"
818,0.524369287637376,0.498850093903425,0.524460998178996,0.0348258706467662,4,0.930348258706468,FALSE,0.520938557375791,200,3503,55,"gender_agreement","by_session","session_4",4,NA,NA,FALSE,"exploratory"
822,0.515009597196954,0.499009714064427,0.521431434682892,0.104477611940299,NA,NA,FALSE,0.520938557375791,200,3503,55,"gender_agreement","by_session","session_4",4,NA,NA,FALSE,"exploratory"
826,0.498627562135406,0.49834552776054,0.520022993198661,0.497512437810945,NA,NA,FALSE,0.520938557375791,200,3503,55,"gender_agreement","by_session","session_4",4,NA,NA,FALSE,"exploratory"
830,0.49090724201313,0.498464727963724,0.520878807047272,0.736318407960199,NA,NA,FALSE,0.520938557375791,200,3503,55,"gender_agreement","by_session","session_4",4,NA,NA,FALSE,"exploratory"
834,0.496671419136436,0.498096175455367,0.521331669622386,0.557213930348259,NA,NA,FALSE,0.520938557375791,200,3503,55,"gender_agreement","by_session","session_4",4,NA,NA,FALSE,"exploratory"
838,0.499930478944645,0.498141455066601,0.518433602730476,0.477611940298507,NA,NA,FALSE,0.520938557375791,200,3503,55,"gender_agreement","by_session","session_4",4,NA,NA,FALSE,"exploratory"
842,0.504594632517766,0.497915109229505,0.521384867156032,0.373134328358209,NA,NA,FALSE,0.520938557375791,200,3503,55,"gender_agreement","by_session","session_4",4,NA,NA,FALSE,"exploratory"
846,0.519331931392201,0.49837320121963,0.523847176690117,0.0447761194029851,NA,NA,FALSE,0.520938557375791,200,3503,55,"gender_agreement","by_session","session_4",4,NA,NA,FALSE,"exploratory"
850,0.516692513190912,0.499221651871376,0.522680128507254,0.0945273631840796,NA,NA,FALSE,0.520938557375791,200,3503,55,"gender_agreement","by_session","session_4",4,NA,NA,FALSE,"exploratory"
854,0.519377584765202,0.500242051413182,0.521090807806742,0.0746268656716418,NA,NA,FALSE,0.520938557375791,200,3503,55,"gender_agreement","by_session","session_4",4,NA,NA,FALSE,"exploratory"
858,0.516779297217157,0.501460243435457,0.522454650720777,0.0995024875621891,NA,NA,FALSE,0.520938557375791,200,3503,55,"gender_agreement","by_session","session_4",4,NA,NA,FALSE,"exploratory"
862,0.507309370022648,0.501475261405937,0.524411458036132,0.388059701492537,NA,NA,FALSE,0.520938557375791,200,3503,55,"gender_agreement","by_session","session_4",4,NA,NA,FALSE,"exploratory"
866,0.5030540037275,0.501367122044423,0.525387907954098,0.447761194029851,NA,NA,FALSE,0.520938557375791,200,3503,55,"gender_agreement","by_session","session_4",4,NA,NA,FALSE,"exploratory"
870,0.497471872145578,0.501138133165554,0.526104651949913,0.611940298507463,NA,NA,FALSE,0.520938557375791,200,3503,55,"gender_agreement","by_session","session_4",4,NA,NA,FALSE,"exploratory"
874,0.500109699569722,0.500932847008783,0.52862532040465,0.532338308457711,NA,NA,FALSE,0.520938557375791,200,3503,55,"gender_agreement","by_session","session_4",4,NA,NA,FALSE,"exploratory"
878,0.500014633030847,0.500358224282431,0.528387009207137,0.502487562189055,NA,NA,FALSE,0.520938557375791,200,3503,55,"gender_agreement","by_session","session_4",4,NA,NA,FALSE,"exploratory"
882,0.498409914704969,0.500545699960714,0.526576090189417,0.562189054726368,NA,NA,FALSE,0.520938557375791,200,3503,55,"gender_agreement","by_session","session_4",4,NA,NA,FALSE,"exploratory"
886,0.485663433378569,0.499834637660095,0.525586342388119,0.870646766169154,NA,NA,FALSE,0.520938557375791,200,3503,55,"gender_agreement","by_session","session_4",4,NA,NA,FALSE,"exploratory"
890,0.481313495523527,0.498736304808798,0.522841535127654,0.865671641791045,NA,NA,FALSE,0.520938557375791,200,3503,55,"gender_agreement","by_session","session_4",4,NA,NA,FALSE,"exploratory"
894,0.496066685928504,0.499494209914534,0.524448031378425,0.587064676616915,NA,NA,FALSE,0.520938557375791,200,3503,55,"gender_agreement","by_session","session_4",4,NA,NA,FALSE,"exploratory"
898,0.507168122919165,0.499254452899792,0.521628027419915,0.288557213930348,NA,NA,FALSE,0.520938557375791,200,3503,55,"gender_agreement","by_session","session_4",4,NA,NA,FALSE,"exploratory"
902,0.521631240628535,0.50005749328409,0.522636956484716,0.0447761194029851,5,0.756218905472637,FALSE,0.520938557375791,200,3503,55,"gender_agreement","by_session","session_4",4,NA,NA,FALSE,"exploratory"
906,0.525532355488611,0.500143887117367,0.522675029829588,0.0199004975124378,5,0.756218905472637,FALSE,0.520938557375791,200,3503,55,"gender_agreement","by_session","session_4",4,NA,NA,FALSE,"exploratory"
910,0.521919464357538,0.499709871819029,0.522811229804367,0.0398009950248756,5,0.756218905472637,FALSE,0.520938557375791,200,3503,55,"gender_agreement","by_session","session_4",4,NA,NA,FALSE,"exploratory"
914,0.523740656314818,0.499820380482429,0.52501297342393,0.0398009950248756,5,0.756218905472637,FALSE,0.520938557375791,200,3503,55,"gender_agreement","by_session","session_4",4,NA,NA,FALSE,"exploratory"
918,0.511630340882646,0.500055912419891,0.526507218858209,0.213930348258706,NA,NA,FALSE,0.520938557375791,200,3503,55,"gender_agreement","by_session","session_4",4,NA,NA,FALSE,"exploratory"
922,0.508977627369579,0.499673294850995,0.524749271275094,0.283582089552239,NA,NA,FALSE,0.520938557375791,200,3503,55,"gender_agreement","by_session","session_4",4,NA,NA,FALSE,"exploratory"
926,0.513119067022451,0.499271839305505,0.521462634326426,0.169154228855721,NA,NA,FALSE,0.520938557375791,200,3503,55,"gender_agreement","by_session","session_4",4,NA,NA,FALSE,"exploratory"
930,0.513468817145599,0.499141250917879,0.521908348133789,0.129353233830846,NA,NA,FALSE,0.520938557375791,200,3503,55,"gender_agreement","by_session","session_4",4,NA,NA,FALSE,"exploratory"
934,0.522074675183482,0.49888050839045,0.523812220656877,0.0447761194029851,6,0.960199004975124,FALSE,0.520938557375791,200,3503,55,"gender_agreement","by_session","session_4",4,NA,NA,FALSE,"exploratory"
938,0.518936637558858,0.498429054465348,0.523852514225353,0.054726368159204,NA,NA,FALSE,0.520938557375791,200,3503,55,"gender_agreement","by_session","session_4",4,NA,NA,FALSE,"exploratory"
942,0.51954251800762,0.498353826483535,0.525624455352821,0.0746268656716418,NA,NA,FALSE,0.520938557375791,200,3503,55,"gender_agreement","by_session","session_4",4,NA,NA,FALSE,"exploratory"
946,0.512539191132928,0.498594823498081,0.52538482123358,0.174129353233831,NA,NA,FALSE,0.520938557375791,200,3503,55,"gender_agreement","by_session","session_4",4,NA,NA,FALSE,"exploratory"
950,0.514667578807002,0.49881815919926,0.524117428543854,0.144278606965174,NA,NA,FALSE,0.520938557375791,200,3503,55,"gender_agreement","by_session","session_4",4,NA,NA,FALSE,"exploratory"
954,0.510700996010681,0.499285020121604,0.526099732466892,0.223880597014925,NA,NA,FALSE,0.520938557375791,200,3503,55,"gender_agreement","by_session","session_4",4,NA,NA,FALSE,"exploratory"
958,0.509498769631994,0.499947813687978,0.524038480698095,0.27363184079602,NA,NA,FALSE,0.520938557375791,200,3503,55,"gender_agreement","by_session","session_4",4,NA,NA,FALSE,"exploratory"
962,0.50982520779579,0.500617792641564,0.52412356963782,0.278606965174129,NA,NA,FALSE,0.520938557375791,200,3503,55,"gender_agreement","by_session","session_4",4,NA,NA,FALSE,"exploratory"
966,0.522125444610744,0.500787410461966,0.525745192545735,0.0447761194029851,7,0.960199004975124,FALSE,0.520938557375791,200,3503,55,"gender_agreement","by_session","session_4",4,NA,NA,FALSE,"exploratory"
970,0.519593556196856,0.500946067787182,0.525508576882188,0.0895522388059701,NA,NA,FALSE,0.520938557375791,200,3503,55,"gender_agreement","by_session","session_4",4,NA,NA,FALSE,"exploratory"
974,0.520744807515936,0.500697677091371,0.528099152933512,0.0597014925373134,NA,NA,FALSE,0.520938557375791,200,3503,55,"gender_agreement","by_session","session_4",4,NA,NA,FALSE,"exploratory"
978,0.514290660530329,0.5001913955316,0.524028544061065,0.139303482587065,NA,NA,FALSE,0.520938557375791,200,3503,55,"gender_agreement","by_session","session_4",4,NA,NA,FALSE,"exploratory"
982,0.50479949276256,0.500130101997301,0.525132583033995,0.407960199004975,NA,NA,FALSE,0.520938557375791,200,3503,55,"gender_agreement","by_session","session_4",4,NA,NA,FALSE,"exploratory"
986,0.500580626735838,0.500508275625617,0.525215665856141,0.502487562189055,NA,NA,FALSE,0.520938557375791,200,3503,55,"gender_agreement","by_session","session_4",4,NA,NA,FALSE,"exploratory"
990,0.500282138354123,0.500440076368081,0.524273956101364,0.532338308457711,NA,NA,FALSE,0.520938557375791,200,3503,55,"gender_agreement","by_session","session_4",4,NA,NA,FALSE,"exploratory"
994,0.504249707230929,0.500745934700322,0.522050519795602,0.412935323383085,NA,NA,FALSE,0.520938557375791,200,3503,55,"gender_agreement","by_session","session_4",4,NA,NA,FALSE,"exploratory"
998,0.503140068662318,0.500488270806953,0.523303534164288,0.412935323383085,NA,NA,FALSE,0.520938557375791,200,3503,55,"gender_agreement","by_session","session_4",4,NA,NA,FALSE,"exploratory"
1002,0.505760518964319,0.499707974964474,0.528306120771372,0.353233830845771,NA,NA,FALSE,0.520938557375791,200,3503,55,"gender_agreement","by_session","session_4",4,NA,NA,FALSE,"exploratory"
1006,0.512473886735883,0.499720330275326,0.528362501972604,0.189054726368159,NA,NA,FALSE,0.520938557375791,200,3503,55,"gender_agreement","by_session","session_4",4,NA,NA,FALSE,"exploratory"
1010,0.510584076719292,0.499524531929389,0.526499169745696,0.208955223880597,NA,NA,FALSE,0.520938557375791,200,3503,55,"gender_agreement","by_session","session_4",4,NA,NA,FALSE,"exploratory"
1014,0.524915702112669,0.499374839011157,0.525321376287985,0.0398009950248756,8,0.129353233830846,FALSE,0.520938557375791,200,3503,55,"gender_agreement","by_session","session_4",4,NA,NA,FALSE,"exploratory"
1018,0.528270082649922,0.499278282716555,0.526233597958792,0.0248756218905473,8,0.129353233830846,FALSE,0.520938557375791,200,3503,55,"gender_agreement","by_session","session_4",4,NA,NA,FALSE,"exploratory"
1022,0.529344124090001,0.498849578300346,0.526138218804603,0.00995024875621891,8,0.129353233830846,FALSE,0.520938557375791,200,3503,55,"gender_agreement","by_session","session_4",4,NA,NA,FALSE,"exploratory"
1026,0.528088702408105,0.498915309173568,0.525883962553522,0.0199004975124378,8,0.129353233830846,FALSE,0.520938557375791,200,3503,55,"gender_agreement","by_session","session_4",4,NA,NA,FALSE,"exploratory"
1030,0.534598434911892,0.498543119124655,0.523837249450733,0.0149253731343284,8,0.129353233830846,FALSE,0.520938557375791,200,3503,55,"gender_agreement","by_session","session_4",4,NA,NA,FALSE,"exploratory"
1034,0.527152989106541,0.498795710687784,0.525580766375751,0.0298507462686567,8,0.129353233830846,FALSE,0.520938557375791,200,3503,55,"gender_agreement","by_session","session_4",4,NA,NA,FALSE,"exploratory"
1038,0.522098080203983,0.499149128926459,0.524301287556841,0.054726368159204,8,0.129353233830846,FALSE,0.520938557375791,200,3503,55,"gender_agreement","by_session","session_4",4,NA,NA,FALSE,"exploratory"
1042,0.524752680538785,0.498906241355116,0.523143448535542,0.0248756218905473,8,0.129353233830846,FALSE,0.520938557375791,200,3503,55,"gender_agreement","by_session","session_4",4,NA,NA,FALSE,"exploratory"
1046,0.521746055554944,0.499561524448046,0.525705363268952,0.0447761194029851,8,0.129353233830846,FALSE,0.520938557375791,200,3503,55,"gender_agreement","by_session","session_4",4,NA,NA,FALSE,"exploratory"
1050,0.515654398031333,0.499641248980844,0.521614494483575,0.129353233830846,NA,NA,FALSE,0.520938557375791,200,3503,55,"gender_agreement","by_session","session_4",4,NA,NA,FALSE,"exploratory"
1054,0.516722047192169,0.499762886538297,0.524072923500392,0.0995024875621891,NA,NA,FALSE,0.520938557375791,200,3503,55,"gender_agreement","by_session","session_4",4,NA,NA,FALSE,"exploratory"
1058,0.522044426981563,0.500209102591229,0.524613833737516,0.0447761194029851,9,0.960199004975124,FALSE,0.520938557375791,200,3503,55,"gender_agreement","by_session","session_4",4,NA,NA,FALSE,"exploratory"
1062,0.518677340024384,0.500012090379353,0.525804827300199,0.114427860696517,NA,NA,FALSE,0.520938557375791,200,3503,55,"gender_agreement","by_session","session_4",4,NA,NA,FALSE,"exploratory"
1066,0.506361742641833,0.499215841159677,0.526292516444511,0.298507462686567,NA,NA,FALSE,0.520938557375791,200,3503,55,"gender_agreement","by_session","session_4",4,NA,NA,FALSE,"exploratory"
1070,0.50382478093396,0.498624851894085,0.524532694905854,0.393034825870647,NA,NA,FALSE,0.520938557375791,200,3503,55,"gender_agreement","by_session","session_4",4,NA,NA,FALSE,"exploratory"
1074,0.506384337110253,0.499495066050086,0.524276256903513,0.328358208955224,NA,NA,FALSE,0.520938557375791,200,3503,55,"gender_agreement","by_session","session_4",4,NA,NA,FALSE,"exploratory"
1078,0.506902493513979,0.500309187192917,0.523892509344338,0.318407960199005,NA,NA,FALSE,0.520938557375791,200,3503,55,"gender_agreement","by_session","session_4",4,NA,NA,FALSE,"exploratory"
1082,0.518116317785898,0.500414080479336,0.520749411941371,0.0945273631840796,NA,NA,FALSE,0.520938557375791,200,3503,55,"gender_agreement","by_session","session_4",4,NA,NA,FALSE,"exploratory"
1086,0.521283909681385,0.50051764042873,0.522096426063138,0.0497512437810945,10,0.507462686567164,FALSE,0.520938557375791,200,3503,55,"gender_agreement","by_session","session_4",4,NA,NA,FALSE,"exploratory"
1090,0.525630535835965,0.500722508743489,0.522854444342001,0.0149253731343284,10,0.507462686567164,FALSE,0.520938557375791,200,3503,55,"gender_agreement","by_session","session_4",4,NA,NA,FALSE,"exploratory"
1094,0.527182959178485,0.501119077682158,0.522710312832888,0.00995024875621891,10,0.507462686567164,FALSE,0.520938557375791,200,3503,55,"gender_agreement","by_session","session_4",4,NA,NA,FALSE,"exploratory"
1098,0.529243991781311,0.501014808568424,0.523373116316845,0.00995024875621891,10,0.507462686567164,FALSE,0.520938557375791,200,3503,55,"gender_agreement","by_session","session_4",4,NA,NA,FALSE,"exploratory"
-98,0.479114937139348,0.501744170715205,0.533580152282823,0.880597014925373,NA,NA,FALSE,0.527976843696499,200,2187,36,"gender_agreement","by_session","session_6",6,NA,NA,FALSE,"exploratory"
-94,0.46091152969048,0.502875148486696,0.533704385510353,0.995024875621891,NA,NA,FALSE,0.527976843696499,200,2187,36,"gender_agreement","by_session","session_6",6,NA,NA,FALSE,"exploratory"
-90,0.467678783076327,0.502045210268295,0.538025524416228,0.945273631840796,NA,NA,FALSE,0.527976843696499,200,2187,36,"gender_agreement","by_session","session_6",6,NA,NA,FALSE,"exploratory"
-86,0.491330821972109,0.501392632953185,0.53986863890161,0.73134328358209,NA,NA,FALSE,0.527976843696499,200,2187,36,"gender_agreement","by_session","session_6",6,NA,NA,FALSE,"exploratory"
-82,0.518105302533237,0.500717986103676,0.535116402323756,0.169154228855721,NA,NA,FALSE,0.527976843696499,200,2187,36,"gender_agreement","by_session","session_6",6,NA,NA,FALSE,"exploratory"
-78,0.544274467720659,0.499614923948698,0.537429342123816,0.00995024875621891,1,0.696517412935323,FALSE,0.527976843696499,200,2187,36,"gender_agreement","by_session","session_6",6,NA,NA,FALSE,"exploratory"
-74,0.527534631382884,0.498859436159309,0.53981121075349,0.104477611940299,NA,NA,FALSE,0.527976843696499,200,2187,36,"gender_agreement","by_session","session_6",6,NA,NA,FALSE,"exploratory"
-70,0.509564916185305,0.499169777520288,0.531602284421715,0.26865671641791,NA,NA,FALSE,0.527976843696499,200,2187,36,"gender_agreement","by_session","session_6",6,NA,NA,FALSE,"exploratory"
-66,0.49615212488689,0.499008897639669,0.528902808406049,0.577114427860697,NA,NA,FALSE,0.527976843696499,200,2187,36,"gender_agreement","by_session","session_6",6,NA,NA,FALSE,"exploratory"
-62,0.488130699645154,0.498824385995185,0.525479559749014,0.706467661691542,NA,NA,FALSE,0.527976843696499,200,2187,36,"gender_agreement","by_session","session_6",6,NA,NA,FALSE,"exploratory"
-58,0.477573963439134,0.498745658493428,0.526467548685491,0.885572139303483,NA,NA,FALSE,0.527976843696499,200,2187,36,"gender_agreement","by_session","session_6",6,NA,NA,FALSE,"exploratory"
-54,0.49302267922401,0.499987521027257,0.53338121718673,0.666666666666667,NA,NA,FALSE,0.527976843696499,200,2187,36,"gender_agreement","by_session","session_6",6,NA,NA,FALSE,"exploratory"
-50,0.46805155296052,0.501087497731113,0.533187827841572,0.965174129353234,NA,NA,FALSE,0.527976843696499,200,2187,36,"gender_agreement","by_session","session_6",6,NA,NA,FALSE,"exploratory"
-46,0.455918225426295,0.501056600593595,0.530590245359987,0.985074626865672,NA,NA,FALSE,0.527976843696499,200,2187,36,"gender_agreement","by_session","session_6",6,NA,NA,FALSE,"exploratory"
-42,0.469399429702153,0.501080305654852,0.532551103652299,0.955223880597015,NA,NA,FALSE,0.527976843696499,200,2187,36,"gender_agreement","by_session","session_6",6,NA,NA,FALSE,"exploratory"
-38,0.484214871546323,0.500390446780693,0.5290888744539,0.840796019900497,NA,NA,FALSE,0.527976843696499,200,2187,36,"gender_agreement","by_session","session_6",6,NA,NA,FALSE,"exploratory"
-34,0.495438548663518,0.50104598958434,0.535026724475284,0.666666666666667,NA,NA,FALSE,0.527976843696499,200,2187,36,"gender_agreement","by_session","session_6",6,NA,NA,FALSE,"exploratory"
-30,0.500067704610762,0.501216356813563,0.539457664293767,0.537313432835821,NA,NA,FALSE,0.527976843696499,200,2187,36,"gender_agreement","by_session","session_6",6,NA,NA,FALSE,"exploratory"
-26,0.507424320998251,0.500991892970554,0.534090136900436,0.36318407960199,NA,NA,FALSE,0.527976843696499,200,2187,36,"gender_agreement","by_session","session_6",6,NA,NA,FALSE,"exploratory"
-22,0.513231523290146,0.500478509214276,0.534108911381777,0.233830845771144,NA,NA,FALSE,0.527976843696499,200,2187,36,"gender_agreement","by_session","session_6",6,NA,NA,FALSE,"exploratory"
-18,0.497868108644763,0.499614225949139,0.534086873778841,0.557213930348259,NA,NA,FALSE,0.527976843696499,200,2187,36,"gender_agreement","by_session","session_6",6,NA,NA,FALSE,"exploratory"
-14,0.476946733759768,0.499995379622611,0.533105662529381,0.870646766169154,NA,NA,FALSE,0.527976843696499,200,2187,36,"gender_agreement","by_session","session_6",6,NA,NA,FALSE,"exploratory"
-10,0.449885191221718,0.500022041911587,0.531880309851189,1,NA,NA,FALSE,0.527976843696499,200,2187,36,"gender_agreement","by_session","session_6",6,NA,NA,FALSE,"exploratory"
-6,0.443341115310519,0.500487408121371,0.532782083462541,1,NA,NA,FALSE,0.527976843696499,200,2187,36,"gender_agreement","by_session","session_6",6,NA,NA,FALSE,"exploratory"
-2,0.462505405784214,0.499608468091094,0.534078225445186,0.995024875621891,NA,NA,FALSE,0.527976843696499,200,2187,36,"gender_agreement","by_session","session_6",6,NA,NA,FALSE,"exploratory"
2,0.472444868510769,0.499676465143579,0.53367514456751,0.940298507462687,NA,NA,FALSE,0.527976843696499,200,2187,36,"gender_agreement","by_session","session_6",6,NA,NA,FALSE,"exploratory"
6,0.471945595256871,0.500052737983162,0.532386416037819,0.965174129353234,NA,NA,FALSE,0.527976843696499,200,2187,36,"gender_agreement","by_session","session_6",6,NA,NA,FALSE,"exploratory"
10,0.485300944671825,0.499661372608357,0.530296398409475,0.81592039800995,NA,NA,FALSE,0.527976843696499,200,2187,36,"gender_agreement","by_session","session_6",6,NA,NA,FALSE,"exploratory"
14,0.495544092182161,0.499197686818614,0.530652150239359,0.577114427860697,NA,NA,FALSE,0.527976843696499,200,2187,36,"gender_agreement","by_session","session_6",6,NA,NA,FALSE,"exploratory"
18,0.499107728698434,0.499536635663238,0.528371389103201,0.502487562189055,NA,NA,FALSE,0.527976843696499,200,2187,36,"gender_agreement","by_session","session_6",6,NA,NA,FALSE,"exploratory"
22,0.51356673642813,0.499140503926372,0.532944995206621,0.199004975124378,NA,NA,FALSE,0.527976843696499,200,2187,36,"gender_agreement","by_session","session_6",6,NA,NA,FALSE,"exploratory"
26,0.519466150984467,0.500452814033478,0.53209016781801,0.144278606965174,NA,NA,FALSE,0.527976843696499,200,2187,36,"gender_agreement","by_session","session_6",6,NA,NA,FALSE,"exploratory"
30,0.4973326327843,0.500489933657636,0.533048019350319,0.631840796019901,NA,NA,FALSE,0.527976843696499,200,2187,36,"gender_agreement","by_session","session_6",6,NA,NA,FALSE,"exploratory"
34,0.471781443901735,0.500089213435522,0.528580608500669,0.940298507462687,NA,NA,FALSE,0.527976843696499,200,2187,36,"gender_agreement","by_session","session_6",6,NA,NA,FALSE,"exploratory"
38,0.47257561809502,0.500358674598881,0.535555735908136,0.945273631840796,NA,NA,FALSE,0.527976843696499,200,2187,36,"gender_agreement","by_session","session_6",6,NA,NA,FALSE,"exploratory"
42,0.489386365493738,0.502161617156867,0.536923234314415,0.766169154228856,NA,NA,FALSE,0.527976843696499,200,2187,36,"gender_agreement","by_session","session_6",6,NA,NA,FALSE,"exploratory"
46,0.487886741510822,0.501681933446812,0.538673838211051,0.791044776119403,NA,NA,FALSE,0.527976843696499,200,2187,36,"gender_agreement","by_session","session_6",6,NA,NA,FALSE,"exploratory"
50,0.488382745206787,0.501395318874266,0.53690409026704,0.751243781094527,NA,NA,FALSE,0.527976843696499,200,2187,36,"gender_agreement","by_session","session_6",6,NA,NA,FALSE,"exploratory"
54,0.476069085682445,0.501013046376038,0.538028864997278,0.900497512437811,NA,NA,FALSE,0.527976843696499,200,2187,36,"gender_agreement","by_session","session_6",6,NA,NA,FALSE,"exploratory"
58,0.487799162901094,0.500889524769269,0.536836627120608,0.771144278606965,NA,NA,FALSE,0.527976843696499,200,2187,36,"gender_agreement","by_session","session_6",6,NA,NA,FALSE,"exploratory"
62,0.500978008817475,0.500751785718672,0.532098904728131,0.522388059701492,NA,NA,FALSE,0.527976843696499,200,2187,36,"gender_agreement","by_session","session_6",6,NA,NA,FALSE,"exploratory"
66,0.509599113001829,0.500552695131311,0.529622005650663,0.308457711442786,NA,NA,FALSE,0.527976843696499,200,2187,36,"gender_agreement","by_session","session_6",6,NA,NA,FALSE,"exploratory"
70,0.528464618610214,0.499817533338034,0.530947489836002,0.0646766169154229,2,0.945273631840796,FALSE,0.527976843696499,200,2187,36,"gender_agreement","by_session","session_6",6,NA,NA,FALSE,"exploratory"
74,0.529791389927053,0.498936785768988,0.534946050680364,0.0597014925373134,2,0.945273631840796,FALSE,0.527976843696499,200,2187,36,"gender_agreement","by_session","session_6",6,NA,NA,FALSE,"exploratory"
78,0.515181779013648,0.498502429503943,0.532500201591685,0.174129353233831,NA,NA,FALSE,0.527976843696499,200,2187,36,"gender_agreement","by_session","session_6",6,NA,NA,FALSE,"exploratory"
82,0.48869818864008,0.498985589379627,0.530533763358548,0.751243781094527,NA,NA,FALSE,0.527976843696499,200,2187,36,"gender_agreement","by_session","session_6",6,NA,NA,FALSE,"exploratory"
86,0.493220388906033,0.499558383153398,0.528971599581377,0.721393034825871,NA,NA,FALSE,0.527976843696499,200,2187,36,"gender_agreement","by_session","session_6",6,NA,NA,FALSE,"exploratory"
90,0.515397115746275,0.50072878261647,0.532063603330597,0.194029850746269,NA,NA,FALSE,0.527976843696499,200,2187,36,"gender_agreement","by_session","session_6",6,NA,NA,FALSE,"exploratory"
94,0.512956035715957,0.500084041222867,0.531675873479334,0.228855721393035,NA,NA,FALSE,0.527976843696499,200,2187,36,"gender_agreement","by_session","session_6",6,NA,NA,FALSE,"exploratory"
98,0.480114850817435,0.499278663047711,0.532517229617764,0.865671641791045,NA,NA,FALSE,0.527976843696499,200,2187,36,"gender_agreement","by_session","session_6",6,NA,NA,FALSE,"exploratory"
102,0.487212054689271,0.498923413042151,0.53127079696208,0.805970149253731,NA,NA,FALSE,0.527976843696499,200,2187,36,"gender_agreement","by_session","session_6",6,NA,NA,FALSE,"exploratory"
106,0.494715617778151,0.498406155409524,0.528748894919893,0.587064676616915,NA,NA,FALSE,0.527976843696499,200,2187,36,"gender_agreement","by_session","session_6",6,NA,NA,FALSE,"exploratory"
110,0.507321341381184,0.497967046992435,0.529407937258151,0.298507462686567,NA,NA,FALSE,0.527976843696499,200,2187,36,"gender_agreement","by_session","session_6",6,NA,NA,FALSE,"exploratory"
114,0.501243495854152,0.498959601909042,0.532766196304525,0.497512437810945,NA,NA,FALSE,0.527976843696499,200,2187,36,"gender_agreement","by_session","session_6",6,NA,NA,FALSE,"exploratory"
118,0.4733857412618,0.499538853957405,0.530534607331308,0.915422885572139,NA,NA,FALSE,0.527976843696499,200,2187,36,"gender_agreement","by_session","session_6",6,NA,NA,FALSE,"exploratory"
122,0.466820466838044,0.499522530036363,0.534139834126598,0.950248756218905,NA,NA,FALSE,0.527976843696499,200,2187,36,"gender_agreement","by_session","session_6",6,NA,NA,FALSE,"exploratory"
126,0.480309474825506,0.500271773929197,0.532751290971144,0.870646766169154,NA,NA,FALSE,0.527976843696499,200,2187,36,"gender_agreement","by_session","session_6",6,NA,NA,FALSE,"exploratory"
130,0.490863891702661,0.501146727051648,0.532187036909796,0.741293532338308,NA,NA,FALSE,0.527976843696499,200,2187,36,"gender_agreement","by_session","session_6",6,NA,NA,FALSE,"exploratory"
134,0.48123628760647,0.501371146753002,0.531363694067317,0.90547263681592,NA,NA,FALSE,0.527976843696499,200,2187,36,"gender_agreement","by_session","session_6",6,NA,NA,FALSE,"exploratory"
138,0.490122371411238,0.501094044032033,0.531226983034994,0.786069651741294,NA,NA,FALSE,0.527976843696499,200,2187,36,"gender_agreement","by_session","session_6",6,NA,NA,FALSE,"exploratory"
142,0.507711622023905,0.501605847384536,0.530869775738058,0.338308457711443,NA,NA,FALSE,0.527976843696499,200,2187,36,"gender_agreement","by_session","session_6",6,NA,NA,FALSE,"exploratory"
146,0.515864339432378,0.501904344532708,0.532929902894998,0.238805970149254,NA,NA,FALSE,0.527976843696499,200,2187,36,"gender_agreement","by_session","session_6",6,NA,NA,FALSE,"exploratory"
150,0.509749204234205,0.500869825357203,0.533519050342306,0.333333333333333,NA,NA,FALSE,0.527976843696499,200,2187,36,"gender_agreement","by_session","session_6",6,NA,NA,FALSE,"exploratory"
154,0.501338145289288,0.49970927418091,0.536415664329231,0.482587064676617,NA,NA,FALSE,0.527976843696499,200,2187,36,"gender_agreement","by_session","session_6",6,NA,NA,FALSE,"exploratory"
158,0.490367584184014,0.498810413824177,0.531730415794378,0.696517412935323,NA,NA,FALSE,0.527976843696499,200,2187,36,"gender_agreement","by_session","session_6",6,NA,NA,FALSE,"exploratory"
162,0.499807522558132,0.498878875594135,0.531542306743628,0.462686567164179,NA,NA,FALSE,0.527976843696499,200,2187,36,"gender_agreement","by_session","session_6",6,NA,NA,FALSE,"exploratory"
166,0.491289918649751,0.499258202166474,0.529177845693668,0.696517412935323,NA,NA,FALSE,0.527976843696499,200,2187,36,"gender_agreement","by_session","session_6",6,NA,NA,FALSE,"exploratory"
170,0.471534004370161,0.499595310301394,0.531434547127172,0.935323383084577,NA,NA,FALSE,0.527976843696499,200,2187,36,"gender_agreement","by_session","session_6",6,NA,NA,FALSE,"exploratory"
174,0.468319108780635,0.498541732722607,0.533099394897724,0.945273631840796,NA,NA,FALSE,0.527976843696499,200,2187,36,"gender_agreement","by_session","session_6",6,NA,NA,FALSE,"exploratory"
178,0.476937934422796,0.498341723703283,0.534200315381863,0.880597014925373,NA,NA,FALSE,0.527976843696499,200,2187,36,"gender_agreement","by_session","session_6",6,NA,NA,FALSE,"exploratory"
182,0.483878487355434,0.498215165764995,0.535240923054955,0.810945273631841,NA,NA,FALSE,0.527976843696499,200,2187,36,"gender_agreement","by_session","session_6",6,NA,NA,FALSE,"exploratory"
186,0.500941999608776,0.49844865131993,0.530833925910562,0.447761194029851,NA,NA,FALSE,0.527976843696499,200,2187,36,"gender_agreement","by_session","session_6",6,NA,NA,FALSE,"exploratory"
190,0.508400841630017,0.499326578801819,0.531476714718826,0.313432835820896,NA,NA,FALSE,0.527976843696499,200,2187,36,"gender_agreement","by_session","session_6",6,NA,NA,FALSE,"exploratory"
194,0.511729007144944,0.499920188899967,0.531764909599108,0.248756218905473,NA,NA,FALSE,0.527976843696499,200,2187,36,"gender_agreement","by_session","session_6",6,NA,NA,FALSE,"exploratory"
198,0.50138014186081,0.499486100480963,0.533297500276598,0.492537313432836,NA,NA,FALSE,0.527976843696499,200,2187,36,"gender_agreement","by_session","session_6",6,NA,NA,FALSE,"exploratory"
202,0.496392394458045,0.499289847527616,0.533604820492146,0.587064676616915,NA,NA,FALSE,0.527976843696499,200,2187,36,"gender_agreement","by_session","session_6",6,NA,NA,FALSE,"exploratory"
206,0.495057712888726,0.498918230421603,0.536792522476905,0.567164179104478,NA,NA,FALSE,0.527976843696499,200,2187,36,"gender_agreement","by_session","session_6",6,NA,NA,FALSE,"exploratory"
210,0.504925979568239,0.499227814652087,0.537762982221576,0.358208955223881,NA,NA,FALSE,0.527976843696499,200,2187,36,"gender_agreement","by_session","session_6",6,NA,NA,FALSE,"exploratory"
214,0.520122807655481,0.498845036172935,0.533885672707203,0.134328358208955,NA,NA,FALSE,0.527976843696499,200,2187,36,"gender_agreement","by_session","session_6",6,NA,NA,FALSE,"exploratory"
218,0.526409389535088,0.49930707628182,0.531946329777974,0.0696517412935323,NA,NA,FALSE,0.527976843696499,200,2187,36,"gender_agreement","by_session","session_6",6,NA,NA,FALSE,"exploratory"
222,0.520991597899862,0.499461916788708,0.531909862103714,0.124378109452736,NA,NA,FALSE,0.527976843696499,200,2187,36,"gender_agreement","by_session","session_6",6,NA,NA,FALSE,"exploratory"
226,0.505918270512208,0.498752180548598,0.531405513917136,0.333333333333333,NA,NA,FALSE,0.527976843696499,200,2187,36,"gender_agreement","by_session","session_6",6,NA,NA,FALSE,"exploratory"
230,0.495239197082266,0.497971872283421,0.529229915923283,0.597014925373134,NA,NA,FALSE,0.527976843696499,200,2187,36,"gender_agreement","by_session","session_6",6,NA,NA,FALSE,"exploratory"
234,0.497084913854806,0.498456526398576,0.530340930186293,0.552238805970149,NA,NA,FALSE,0.527976843696499,200,2187,36,"gender_agreement","by_session","session_6",6,NA,NA,FALSE,"exploratory"
238,0.503834308862339,0.499725859091903,0.535261780697704,0.393034825870647,NA,NA,FALSE,0.527976843696499,200,2187,36,"gender_agreement","by_session","session_6",6,NA,NA,FALSE,"exploratory"
242,0.486108376916117,0.501312671311401,0.530101013527905,0.796019900497512,NA,NA,FALSE,0.527976843696499,200,2187,36,"gender_agreement","by_session","session_6",6,NA,NA,FALSE,"exploratory"
246,0.480163807190488,0.500886976104086,0.532412140045111,0.860696517412935,NA,NA,FALSE,0.527976843696499,200,2187,36,"gender_agreement","by_session","session_6",6,NA,NA,FALSE,"exploratory"
250,0.491575469216786,0.499156490436893,0.533971157509154,0.606965174129353,NA,NA,FALSE,0.527976843696499,200,2187,36,"gender_agreement","by_session","session_6",6,NA,NA,FALSE,"exploratory"
254,0.499990153727719,0.498907802828236,0.529820186081814,0.472636815920398,NA,NA,FALSE,0.527976843696499,200,2187,36,"gender_agreement","by_session","session_6",6,NA,NA,FALSE,"exploratory"
258,0.489423569226007,0.498847013947777,0.527433134939265,0.716417910447761,NA,NA,FALSE,0.527976843696499,200,2187,36,"gender_agreement","by_session","session_6",6,NA,NA,FALSE,"exploratory"
262,0.486896149075369,0.500376312101506,0.529421042237428,0.81592039800995,NA,NA,FALSE,0.527976843696499,200,2187,36,"gender_agreement","by_session","session_6",6,NA,NA,FALSE,"exploratory"
266,0.47881752562133,0.500517622151456,0.533483163403187,0.90547263681592,NA,NA,FALSE,0.527976843696499,200,2187,36,"gender_agreement","by_session","session_6",6,NA,NA,FALSE,"exploratory"
270,0.482040524044476,0.500382159697659,0.534627121309254,0.860696517412935,NA,NA,FALSE,0.527976843696499,200,2187,36,"gender_agreement","by_session","session_6",6,NA,NA,FALSE,"exploratory"
274,0.479678901913567,0.500606179788756,0.535396358082071,0.91044776119403,NA,NA,FALSE,0.527976843696499,200,2187,36,"gender_agreement","by_session","session_6",6,NA,NA,FALSE,"exploratory"
278,0.493243472667967,0.500271587099307,0.533295599747392,0.651741293532338,NA,NA,FALSE,0.527976843696499,200,2187,36,"gender_agreement","by_session","session_6",6,NA,NA,FALSE,"exploratory"
282,0.497963114705014,0.50093206014758,0.532123805128225,0.592039800995025,NA,NA,FALSE,0.527976843696499,200,2187,36,"gender_agreement","by_session","session_6",6,NA,NA,FALSE,"exploratory"
286,0.491396698790395,0.500644650346773,0.529773324259589,0.716417910447761,NA,NA,FALSE,0.527976843696499,200,2187,36,"gender_agreement","by_session","session_6",6,NA,NA,FALSE,"exploratory"
290,0.480701961050415,0.499639731406632,0.531316057823101,0.870646766169154,NA,NA,FALSE,0.527976843696499,200,2187,36,"gender_agreement","by_session","session_6",6,NA,NA,FALSE,"exploratory"
294,0.474124188894685,0.498447891501043,0.533536742946649,0.915422885572139,NA,NA,FALSE,0.527976843696499,200,2187,36,"gender_agreement","by_session","session_6",6,NA,NA,FALSE,"exploratory"
298,0.472482122748439,0.49909960559656,0.534051857774605,0.915422885572139,NA,NA,FALSE,0.527976843696499,200,2187,36,"gender_agreement","by_session","session_6",6,NA,NA,FALSE,"exploratory"
302,0.478621129265683,0.498316180470701,0.533680658085048,0.850746268656716,NA,NA,FALSE,0.527976843696499,200,2187,36,"gender_agreement","by_session","session_6",6,NA,NA,FALSE,"exploratory"
306,0.489015735515001,0.49836390615107,0.537523877233567,0.681592039800995,NA,NA,FALSE,0.527976843696499,200,2187,36,"gender_agreement","by_session","session_6",6,NA,NA,FALSE,"exploratory"
310,0.497718845349444,0.498865379853532,0.532656782854266,0.532338308457711,NA,NA,FALSE,0.527976843696499,200,2187,36,"gender_agreement","by_session","session_6",6,NA,NA,FALSE,"exploratory"
314,0.485644841195543,0.498910851973312,0.530615201768399,0.786069651741294,NA,NA,FALSE,0.527976843696499,200,2187,36,"gender_agreement","by_session","session_6",6,NA,NA,FALSE,"exploratory"
318,0.488740047191979,0.498334380334126,0.531216526014943,0.716417910447761,NA,NA,FALSE,0.527976843696499,200,2187,36,"gender_agreement","by_session","session_6",6,NA,NA,FALSE,"exploratory"
322,0.496361437338627,0.498379681817299,0.531125762370839,0.582089552238806,NA,NA,FALSE,0.527976843696499,200,2187,36,"gender_agreement","by_session","session_6",6,NA,NA,FALSE,"exploratory"
326,0.491411227216076,0.499280223586276,0.530061586552184,0.696517412935323,NA,NA,FALSE,0.527976843696499,200,2187,36,"gender_agreement","by_session","session_6",6,NA,NA,FALSE,"exploratory"
330,0.492124480380538,0.49994013367584,0.530826834387076,0.661691542288557,NA,NA,FALSE,0.527976843696499,200,2187,36,"gender_agreement","by_session","session_6",6,NA,NA,FALSE,"exploratory"
334,0.49016368705038,0.49952348207748,0.529652201462775,0.701492537313433,NA,NA,FALSE,0.527976843696499,200,2187,36,"gender_agreement","by_session","session_6",6,NA,NA,FALSE,"exploratory"
338,0.498482644009404,0.500380667700588,0.530570335127788,0.527363184079602,NA,NA,FALSE,0.527976843696499,200,2187,36,"gender_agreement","by_session","session_6",6,NA,NA,FALSE,"exploratory"
342,0.496103028146905,0.500685803645288,0.535567286965863,0.611940298507463,NA,NA,FALSE,0.527976843696499,200,2187,36,"gender_agreement","by_session","session_6",6,NA,NA,FALSE,"exploratory"
346,0.492215233714154,0.501533246792967,0.534629675139303,0.671641791044776,NA,NA,FALSE,0.527976843696499,200,2187,36,"gender_agreement","by_session","session_6",6,NA,NA,FALSE,"exploratory"
350,0.495773679611467,0.502175304193278,0.539639313536284,0.616915422885572,NA,NA,FALSE,0.527976843696499,200,2187,36,"gender_agreement","by_session","session_6",6,NA,NA,FALSE,"exploratory"
354,0.491659049173406,0.501021834352871,0.532732814044716,0.676616915422886,NA,NA,FALSE,0.527976843696499,200,2187,36,"gender_agreement","by_session","session_6",6,NA,NA,FALSE,"exploratory"
358,0.502620969536833,0.499862699321661,0.532726164118201,0.432835820895522,NA,NA,FALSE,0.527976843696499,200,2187,36,"gender_agreement","by_session","session_6",6,NA,NA,FALSE,"exploratory"
362,0.490973941864349,0.499575574227148,0.533960336952369,0.696517412935323,NA,NA,FALSE,0.527976843696499,200,2187,36,"gender_agreement","by_session","session_6",6,NA,NA,FALSE,"exploratory"
366,0.482332165674403,0.499308156317821,0.531005112112962,0.825870646766169,NA,NA,FALSE,0.527976843696499,200,2187,36,"gender_agreement","by_session","session_6",6,NA,NA,FALSE,"exploratory"
370,0.4923476822565,0.500573116813628,0.535927617041194,0.656716417910448,NA,NA,FALSE,0.527976843696499,200,2187,36,"gender_agreement","by_session","session_6",6,NA,NA,FALSE,"exploratory"
374,0.473071071774084,0.499997378387608,0.5307766271682,0.945273631840796,NA,NA,FALSE,0.527976843696499,200,2187,36,"gender_agreement","by_session","session_6",6,NA,NA,FALSE,"exploratory"
378,0.484694960355267,0.498791797961318,0.529775206530821,0.791044776119403,NA,NA,FALSE,0.527976843696499,200,2187,36,"gender_agreement","by_session","session_6",6,NA,NA,FALSE,"exploratory"
382,0.487622724729095,0.497230205894409,0.527101224707307,0.741293532338308,NA,NA,FALSE,0.527976843696499,200,2187,36,"gender_agreement","by_session","session_6",6,NA,NA,FALSE,"exploratory"
386,0.502326401697268,0.497462171611325,0.533187580899724,0.402985074626866,NA,NA,FALSE,0.527976843696499,200,2187,36,"gender_agreement","by_session","session_6",6,NA,NA,FALSE,"exploratory"
390,0.49676030257787,0.499194023597194,0.529094779302008,0.577114427860697,NA,NA,FALSE,0.527976843696499,200,2187,36,"gender_agreement","by_session","session_6",6,NA,NA,FALSE,"exploratory"
394,0.5051533697902,0.499470267995851,0.533101485045758,0.407960199004975,NA,NA,FALSE,0.527976843696499,200,2187,36,"gender_agreement","by_session","session_6",6,NA,NA,FALSE,"exploratory"
398,0.506964365629517,0.498957715906138,0.533775010664625,0.353233830845771,NA,NA,FALSE,0.527976843696499,200,2187,36,"gender_agreement","by_session","session_6",6,NA,NA,FALSE,"exploratory"
402,0.499105145063061,0.498991783923147,0.531964142464255,0.517412935323383,NA,NA,FALSE,0.527976843696499,200,2187,36,"gender_agreement","by_session","session_6",6,NA,NA,FALSE,"exploratory"
406,0.502562721661241,0.4989978780438,0.533884290678018,0.407960199004975,NA,NA,FALSE,0.527976843696499,200,2187,36,"gender_agreement","by_session","session_6",6,NA,NA,FALSE,"exploratory"
410,0.518824835376953,0.499238771609371,0.534070422474278,0.124378109452736,NA,NA,FALSE,0.527976843696499,200,2187,36,"gender_agreement","by_session","session_6",6,NA,NA,FALSE,"exploratory"
414,0.517060074887914,0.500221095917958,0.53848978458605,0.17910447761194,NA,NA,FALSE,0.527976843696499,200,2187,36,"gender_agreement","by_session","session_6",6,NA,NA,FALSE,"exploratory"
418,0.516423680249767,0.502155503129452,0.534084366067149,0.199004975124378,NA,NA,FALSE,0.527976843696499,200,2187,36,"gender_agreement","by_session","session_6",6,NA,NA,FALSE,"exploratory"
422,0.499519973193924,0.501929089606951,0.530600773992465,0.572139303482587,NA,NA,FALSE,0.527976843696499,200,2187,36,"gender_agreement","by_session","session_6",6,NA,NA,FALSE,"exploratory"
426,0.496735318536947,0.50275878628598,0.531306617198148,0.666666666666667,NA,NA,FALSE,0.527976843696499,200,2187,36,"gender_agreement","by_session","session_6",6,NA,NA,FALSE,"exploratory"
430,0.497558274905151,0.502808104276792,0.531741630744408,0.631840796019901,NA,NA,FALSE,0.527976843696499,200,2187,36,"gender_agreement","by_session","session_6",6,NA,NA,FALSE,"exploratory"
434,0.487249070871969,0.501770508694519,0.529264447262981,0.786069651741294,NA,NA,FALSE,0.527976843696499,200,2187,36,"gender_agreement","by_session","session_6",6,NA,NA,FALSE,"exploratory"
438,0.491554823643468,0.501202802119195,0.531071649590633,0.721393034825871,NA,NA,FALSE,0.527976843696499,200,2187,36,"gender_agreement","by_session","session_6",6,NA,NA,FALSE,"exploratory"
442,0.500937787916232,0.50138809885274,0.530148587688778,0.532338308457711,NA,NA,FALSE,0.527976843696499,200,2187,36,"gender_agreement","by_session","session_6",6,NA,NA,FALSE,"exploratory"
446,0.504963599569401,0.50048824304555,0.531452549617333,0.393034825870647,NA,NA,FALSE,0.527976843696499,200,2187,36,"gender_agreement","by_session","session_6",6,NA,NA,FALSE,"exploratory"
450,0.508450512417308,0.499789361339648,0.529123272452202,0.323383084577114,NA,NA,FALSE,0.527976843696499,200,2187,36,"gender_agreement","by_session","session_6",6,NA,NA,FALSE,"exploratory"
454,0.508122091435904,0.498527451451713,0.526247643250152,0.278606965174129,NA,NA,FALSE,0.527976843696499,200,2187,36,"gender_agreement","by_session","session_6",6,NA,NA,FALSE,"exploratory"
458,0.517256551907901,0.497889844336298,0.527629188321241,0.109452736318408,NA,NA,FALSE,0.527976843696499,200,2187,36,"gender_agreement","by_session","session_6",6,NA,NA,FALSE,"exploratory"
462,0.51270716448764,0.498274384188083,0.529434865779945,0.174129353233831,NA,NA,FALSE,0.527976843696499,200,2187,36,"gender_agreement","by_session","session_6",6,NA,NA,FALSE,"exploratory"
466,0.531324739200001,0.499496251952346,0.529700659736935,0.0248756218905473,3,0.920398009950249,FALSE,0.527976843696499,200,2187,36,"gender_agreement","by_session","session_6",6,NA,NA,FALSE,"exploratory"
470,0.524677427293887,0.499930728480426,0.533856720445269,0.0796019900497512,NA,NA,FALSE,0.527976843696499,200,2187,36,"gender_agreement","by_session","session_6",6,NA,NA,FALSE,"exploratory"
474,0.518437865096634,0.499981201570432,0.533031845341238,0.119402985074627,NA,NA,FALSE,0.527976843696499,200,2187,36,"gender_agreement","by_session","session_6",6,NA,NA,FALSE,"exploratory"
478,0.528316196318677,0.500446093229472,0.528752551381588,0.0398009950248756,4,0.985074626865672,FALSE,0.527976843696499,200,2187,36,"gender_agreement","by_session","session_6",6,NA,NA,FALSE,"exploratory"
482,0.525158714105541,0.501656175020694,0.530343695724307,0.0497512437810945,NA,NA,FALSE,0.527976843696499,200,2187,36,"gender_agreement","by_session","session_6",6,NA,NA,FALSE,"exploratory"
486,0.526853683179789,0.501713468825438,0.534067505507082,0.0447761194029851,NA,NA,FALSE,0.527976843696499,200,2187,36,"gender_agreement","by_session","session_6",6,NA,NA,FALSE,"exploratory"
490,0.519776758038999,0.501548080648626,0.533906115370428,0.119402985074627,NA,NA,FALSE,0.527976843696499,200,2187,36,"gender_agreement","by_session","session_6",6,NA,NA,FALSE,"exploratory"
494,0.495118741443245,0.501480460403313,0.534228170262225,0.63681592039801,NA,NA,FALSE,0.527976843696499,200,2187,36,"gender_agreement","by_session","session_6",6,NA,NA,FALSE,"exploratory"
498,0.488546300215905,0.501843991883737,0.534404680411264,0.796019900497512,NA,NA,FALSE,0.527976843696499,200,2187,36,"gender_agreement","by_session","session_6",6,NA,NA,FALSE,"exploratory"
502,0.485400006395112,0.501584308565525,0.535664497827597,0.805970149253731,NA,NA,FALSE,0.527976843696499,200,2187,36,"gender_agreement","by_session","session_6",6,NA,NA,FALSE,"exploratory"
506,0.483938253969969,0.500997691050882,0.537315050290314,0.81592039800995,NA,NA,FALSE,0.527976843696499,200,2187,36,"gender_agreement","by_session","session_6",6,NA,NA,FALSE,"exploratory"
510,0.50048538870376,0.501590688212071,0.532132754320296,0.527363184079602,NA,NA,FALSE,0.527976843696499,200,2187,36,"gender_agreement","by_session","session_6",6,NA,NA,FALSE,"exploratory"
514,0.510438822942398,0.501417771817289,0.533608771041463,0.323383084577114,NA,NA,FALSE,0.527976843696499,200,2187,36,"gender_agreement","by_session","session_6",6,NA,NA,FALSE,"exploratory"
518,0.518098915355491,0.501084902704608,0.533359806638436,0.169154228855721,NA,NA,FALSE,0.527976843696499,200,2187,36,"gender_agreement","by_session","session_6",6,NA,NA,FALSE,"exploratory"
522,0.518872697202509,0.500270153133524,0.53537957992356,0.149253731343284,NA,NA,FALSE,0.527976843696499,200,2187,36,"gender_agreement","by_session","session_6",6,NA,NA,FALSE,"exploratory"
526,0.527577480723843,0.49951922818678,0.53184385591785,0.054726368159204,NA,NA,FALSE,0.527976843696499,200,2187,36,"gender_agreement","by_session","session_6",6,NA,NA,FALSE,"exploratory"
530,0.525785773811166,0.498684448950698,0.533503445396703,0.0696517412935323,NA,NA,FALSE,0.527976843696499,200,2187,36,"gender_agreement","by_session","session_6",6,NA,NA,FALSE,"exploratory"
534,0.531756462653646,0.498020587160647,0.534269435111247,0.0348258706467662,5,0.656716417910448,FALSE,0.527976843696499,200,2187,36,"gender_agreement","by_session","session_6",6,NA,NA,FALSE,"exploratory"
538,0.534634367553695,0.498192786733084,0.531994575003296,0.0149253731343284,5,0.656716417910448,FALSE,0.527976843696499,200,2187,36,"gender_agreement","by_session","session_6",6,NA,NA,FALSE,"exploratory"
542,0.536131096305506,0.498473955427958,0.528932275720827,0.00995024875621891,5,0.656716417910448,FALSE,0.527976843696499,200,2187,36,"gender_agreement","by_session","session_6",6,NA,NA,FALSE,"exploratory"
546,0.523371923439225,0.498513778878732,0.524752799676196,0.0646766169154229,NA,NA,FALSE,0.527976843696499,200,2187,36,"gender_agreement","by_session","session_6",6,NA,NA,FALSE,"exploratory"
550,0.523207886983698,0.498890568285197,0.527748546517083,0.0646766169154229,NA,NA,FALSE,0.527976843696499,200,2187,36,"gender_agreement","by_session","session_6",6,NA,NA,FALSE,"exploratory"
554,0.522561148202807,0.499842630038849,0.528788520666905,0.0746268656716418,NA,NA,FALSE,0.527976843696499,200,2187,36,"gender_agreement","by_session","session_6",6,NA,NA,FALSE,"exploratory"
558,0.520277935320551,0.500200257851832,0.532255796045274,0.149253731343284,NA,NA,FALSE,0.527976843696499,200,2187,36,"gender_agreement","by_session","session_6",6,NA,NA,FALSE,"exploratory"
562,0.523575184767473,0.499827258581371,0.533013095261404,0.0895522388059701,NA,NA,FALSE,0.527976843696499,200,2187,36,"gender_agreement","by_session","session_6",6,NA,NA,FALSE,"exploratory"
566,0.525387531208003,0.499252045155563,0.535356054541,0.0796019900497512,NA,NA,FALSE,0.527976843696499,200,2187,36,"gender_agreement","by_session","session_6",6,NA,NA,FALSE,"exploratory"
570,0.51369645590602,0.499283388306754,0.535678197566769,0.208955223880597,NA,NA,FALSE,0.527976843696499,200,2187,36,"gender_agreement","by_session","session_6",6,NA,NA,FALSE,"exploratory"
574,0.517941053214101,0.500219873179516,0.536806982501818,0.144278606965174,NA,NA,FALSE,0.527976843696499,200,2187,36,"gender_agreement","by_session","session_6",6,NA,NA,FALSE,"exploratory"
578,0.522492809448071,0.500954195908082,0.531674765051111,0.0945273631840796,NA,NA,FALSE,0.527976843696499,200,2187,36,"gender_agreement","by_session","session_6",6,NA,NA,FALSE,"exploratory"
582,0.514467066271241,0.501444389788588,0.53118080416354,0.213930348258706,NA,NA,FALSE,0.527976843696499,200,2187,36,"gender_agreement","by_session","session_6",6,NA,NA,FALSE,"exploratory"
586,0.514755910468597,0.502192231347609,0.538732588934732,0.208955223880597,NA,NA,FALSE,0.527976843696499,200,2187,36,"gender_agreement","by_session","session_6",6,NA,NA,FALSE,"exploratory"
590,0.515472116330835,0.501829308622948,0.533830741955167,0.228855721393035,NA,NA,FALSE,0.527976843696499,200,2187,36,"gender_agreement","by_session","session_6",6,NA,NA,FALSE,"exploratory"
594,0.503853838813018,0.501374556622509,0.536958138525322,0.487562189054726,NA,NA,FALSE,0.527976843696499,200,2187,36,"gender_agreement","by_session","session_6",6,NA,NA,FALSE,"exploratory"
598,0.488454700957983,0.500604890478581,0.538322225493236,0.741293532338308,NA,NA,FALSE,0.527976843696499,200,2187,36,"gender_agreement","by_session","session_6",6,NA,NA,FALSE,"exploratory"
602,0.486990266190161,0.500209243760757,0.536013168690567,0.751243781094527,NA,NA,FALSE,0.527976843696499,200,2187,36,"gender_agreement","by_session","session_6",6,NA,NA,FALSE,"exploratory"
606,0.493391620593276,0.500160544955975,0.530117841171074,0.666666666666667,NA,NA,FALSE,0.527976843696499,200,2187,36,"gender_agreement","by_session","session_6",6,NA,NA,FALSE,"exploratory"
610,0.497446163139828,0.50127872199037,0.532898816293088,0.611940298507463,NA,NA,FALSE,0.527976843696499,200,2187,36,"gender_agreement","by_session","session_6",6,NA,NA,FALSE,"exploratory"
614,0.500397742306246,0.501409489436135,0.535298886949137,0.507462686567164,NA,NA,FALSE,0.527976843696499,200,2187,36,"gender_agreement","by_session","session_6",6,NA,NA,FALSE,"exploratory"
618,0.496223052068502,0.501709474955685,0.533841268191424,0.631840796019901,NA,NA,FALSE,0.527976843696499,200,2187,36,"gender_agreement","by_session","session_6",6,NA,NA,FALSE,"exploratory"
622,0.501441128472786,0.501656693892412,0.530526039040894,0.502487562189055,NA,NA,FALSE,0.527976843696499,200,2187,36,"gender_agreement","by_session","session_6",6,NA,NA,FALSE,"exploratory"
626,0.505437371060335,0.501299323290488,0.530980754564968,0.407960199004975,NA,NA,FALSE,0.527976843696499,200,2187,36,"gender_agreement","by_session","session_6",6,NA,NA,FALSE,"exploratory"
630,0.519750162489763,0.501605530241608,0.528089489775552,0.154228855721393,NA,NA,FALSE,0.527976843696499,200,2187,36,"gender_agreement","by_session","session_6",6,NA,NA,FALSE,"exploratory"
634,0.50531291285392,0.501287408854276,0.531941241404358,0.427860696517413,NA,NA,FALSE,0.527976843696499,200,2187,36,"gender_agreement","by_session","session_6",6,NA,NA,FALSE,"exploratory"
638,0.512328239311199,0.501174437263047,0.533975514712891,0.293532338308458,NA,NA,FALSE,0.527976843696499,200,2187,36,"gender_agreement","by_session","session_6",6,NA,NA,FALSE,"exploratory"
642,0.52221539153903,0.500952237484425,0.534664510968493,0.134328358208955,NA,NA,FALSE,0.527976843696499,200,2187,36,"gender_agreement","by_session","session_6",6,NA,NA,FALSE,"exploratory"
646,0.512986082189206,0.501393203552402,0.530567113746271,0.278606965174129,NA,NA,FALSE,0.527976843696499,200,2187,36,"gender_agreement","by_session","session_6",6,NA,NA,FALSE,"exploratory"
650,0.495410530100008,0.501019480826112,0.530918457904271,0.666666666666667,NA,NA,FALSE,0.527976843696499,200,2187,36,"gender_agreement","by_session","session_6",6,NA,NA,FALSE,"exploratory"
654,0.484170917737758,0.50024552421557,0.530408218123421,0.855721393034826,NA,NA,FALSE,0.527976843696499,200,2187,36,"gender_agreement","by_session","session_6",6,NA,NA,FALSE,"exploratory"
658,0.491733053863347,0.500476305359513,0.53130914421213,0.686567164179104,NA,NA,FALSE,0.527976843696499,200,2187,36,"gender_agreement","by_session","session_6",6,NA,NA,FALSE,"exploratory"
662,0.488878633725141,0.500176921028932,0.533197748552561,0.751243781094527,NA,NA,FALSE,0.527976843696499,200,2187,36,"gender_agreement","by_session","session_6",6,NA,NA,FALSE,"exploratory"
666,0.490874165302601,0.500067004795122,0.534867920408121,0.716417910447761,NA,NA,FALSE,0.527976843696499,200,2187,36,"gender_agreement","by_session","session_6",6,NA,NA,FALSE,"exploratory"
670,0.471059192455055,0.500326418031257,0.533529593986879,0.920398009950249,NA,NA,FALSE,0.527976843696499,200,2187,36,"gender_agreement","by_session","session_6",6,NA,NA,FALSE,"exploratory"
674,0.483060103626721,0.500586746876086,0.535715954432884,0.81592039800995,NA,NA,FALSE,0.527976843696499,200,2187,36,"gender_agreement","by_session","session_6",6,NA,NA,FALSE,"exploratory"
678,0.483972956324376,0.500287711608203,0.533817974114344,0.840796019900497,NA,NA,FALSE,0.527976843696499,200,2187,36,"gender_agreement","by_session","session_6",6,NA,NA,FALSE,"exploratory"
682,0.489674822284008,0.499727756424632,0.529604839196953,0.681592039800995,NA,NA,FALSE,0.527976843696499,200,2187,36,"gender_agreement","by_session","session_6",6,NA,NA,FALSE,"exploratory"
686,0.497660485717596,0.499922608036071,0.531681093983847,0.562189054726368,NA,NA,FALSE,0.527976843696499,200,2187,36,"gender_agreement","by_session","session_6",6,NA,NA,FALSE,"exploratory"
690,0.511106280647025,0.500243883013859,0.529528200166085,0.318407960199005,NA,NA,FALSE,0.527976843696499,200,2187,36,"gender_agreement","by_session","session_6",6,NA,NA,FALSE,"exploratory"
694,0.521574941505267,0.50039317616329,0.531275476377943,0.104477611940299,NA,NA,FALSE,0.527976843696499,200,2187,36,"gender_agreement","by_session","session_6",6,NA,NA,FALSE,"exploratory"
698,0.515213673582574,0.50089611770321,0.531419836908487,0.218905472636816,NA,NA,FALSE,0.527976843696499,200,2187,36,"gender_agreement","by_session","session_6",6,NA,NA,FALSE,"exploratory"
702,0.507523058337637,0.501521527991503,0.534145802206561,0.353233830845771,NA,NA,FALSE,0.527976843696499,200,2187,36,"gender_agreement","by_session","session_6",6,NA,NA,FALSE,"exploratory"
706,0.507492527169926,0.501478025108163,0.534516803932962,0.398009950248756,NA,NA,FALSE,0.527976843696499,200,2187,36,"gender_agreement","by_session","session_6",6,NA,NA,FALSE,"exploratory"
710,0.510624503645271,0.501845211604382,0.533545672324412,0.318407960199005,NA,NA,FALSE,0.527976843696499,200,2187,36,"gender_agreement","by_session","session_6",6,NA,NA,FALSE,"exploratory"
714,0.52932851097152,0.500448135196433,0.533405712549424,0.0398009950248756,6,0.970149253731343,FALSE,0.527976843696499,200,2187,36,"gender_agreement","by_session","session_6",6,NA,NA,FALSE,"exploratory"
718,0.515213969729224,0.499824778963366,0.532032356088407,0.194029850746269,NA,NA,FALSE,0.527976843696499,200,2187,36,"gender_agreement","by_session","session_6",6,NA,NA,FALSE,"exploratory"
722,0.512803983026028,0.498609260762765,0.529483347989091,0.218905472636816,NA,NA,FALSE,0.527976843696499,200,2187,36,"gender_agreement","by_session","session_6",6,NA,NA,FALSE,"exploratory"
726,0.512376131568899,0.498856218721712,0.536479703962824,0.199004975124378,NA,NA,FALSE,0.527976843696499,200,2187,36,"gender_agreement","by_session","session_6",6,NA,NA,FALSE,"exploratory"
730,0.510691968331534,0.498857330503704,0.534388600910122,0.233830845771144,NA,NA,FALSE,0.527976843696499,200,2187,36,"gender_agreement","by_session","session_6",6,NA,NA,FALSE,"exploratory"
734,0.51366419373286,0.499014020605073,0.530820864978785,0.189054726368159,NA,NA,FALSE,0.527976843696499,200,2187,36,"gender_agreement","by_session","session_6",6,NA,NA,FALSE,"exploratory"
738,0.508025353507645,0.498874843513975,0.530068069065521,0.348258706467662,NA,NA,FALSE,0.527976843696499,200,2187,36,"gender_agreement","by_session","session_6",6,NA,NA,FALSE,"exploratory"
742,0.502001605126507,0.499988284489911,0.533362417972864,0.447761194029851,NA,NA,FALSE,0.527976843696499,200,2187,36,"gender_agreement","by_session","session_6",6,NA,NA,FALSE,"exploratory"
746,0.495099805282912,0.499166682555581,0.533066632762449,0.582089552238806,NA,NA,FALSE,0.527976843696499,200,2187,36,"gender_agreement","by_session","session_6",6,NA,NA,FALSE,"exploratory"
750,0.488831931021603,0.499016535674968,0.531937123212676,0.72636815920398,NA,NA,FALSE,0.527976843696499,200,2187,36,"gender_agreement","by_session","session_6",6,NA,NA,FALSE,"exploratory"
754,0.480832583716903,0.498221684719965,0.52914042842157,0.830845771144279,NA,NA,FALSE,0.527976843696499,200,2187,36,"gender_agreement","by_session","session_6",6,NA,NA,FALSE,"exploratory"
758,0.470761137596967,0.498577432981193,0.528680896356085,0.900497512437811,NA,NA,FALSE,0.527976843696499,200,2187,36,"gender_agreement","by_session","session_6",6,NA,NA,FALSE,"exploratory"
762,0.471290530602284,0.499960355083321,0.53092533501866,0.91044776119403,NA,NA,FALSE,0.527976843696499,200,2187,36,"gender_agreement","by_session","session_6",6,NA,NA,FALSE,"exploratory"
766,0.485868962276226,0.500736414530002,0.532718619741276,0.796019900497512,NA,NA,FALSE,0.527976843696499,200,2187,36,"gender_agreement","by_session","session_6",6,NA,NA,FALSE,"exploratory"
770,0.489528177132972,0.500603067073982,0.534632184045204,0.771144278606965,NA,NA,FALSE,0.527976843696499,200,2187,36,"gender_agreement","by_session","session_6",6,NA,NA,FALSE,"exploratory"
774,0.490170253001228,0.501060774124945,0.530516514835506,0.751243781094527,NA,NA,FALSE,0.527976843696499,200,2187,36,"gender_agreement","by_session","session_6",6,NA,NA,FALSE,"exploratory"
778,0.48420101861921,0.501497869615317,0.531642334651441,0.835820895522388,NA,NA,FALSE,0.527976843696499,200,2187,36,"gender_agreement","by_session","session_6",6,NA,NA,FALSE,"exploratory"
782,0.496002269200942,0.500496280333203,0.5373289868865,0.63681592039801,NA,NA,FALSE,0.527976843696499,200,2187,36,"gender_agreement","by_session","session_6",6,NA,NA,FALSE,"exploratory"
786,0.486718538933228,0.499406556303071,0.532583925544607,0.746268656716418,NA,NA,FALSE,0.527976843696499,200,2187,36,"gender_agreement","by_session","session_6",6,NA,NA,FALSE,"exploratory"
790,0.481877501426157,0.499739803765806,0.5339497955871,0.830845771144279,NA,NA,FALSE,0.527976843696499,200,2187,36,"gender_agreement","by_session","session_6",6,NA,NA,FALSE,"exploratory"
794,0.47076422848867,0.500601060004184,0.531977490842897,0.970149253731343,NA,NA,FALSE,0.527976843696499,200,2187,36,"gender_agreement","by_session","session_6",6,NA,NA,FALSE,"exploratory"
798,0.467497586514191,0.500887689084371,0.533776610649907,0.975124378109453,NA,NA,FALSE,0.527976843696499,200,2187,36,"gender_agreement","by_session","session_6",6,NA,NA,FALSE,"exploratory"
802,0.470637925870343,0.499787128702383,0.532439758775372,0.945273631840796,NA,NA,FALSE,0.527976843696499,200,2187,36,"gender_agreement","by_session","session_6",6,NA,NA,FALSE,"exploratory"
806,0.471272949207278,0.499193475607102,0.535888669144251,0.925373134328358,NA,NA,FALSE,0.527976843696499,200,2187,36,"gender_agreement","by_session","session_6",6,NA,NA,FALSE,"exploratory"
810,0.466888750953534,0.498673741644999,0.536056003508872,0.965174129353234,NA,NA,FALSE,0.527976843696499,200,2187,36,"gender_agreement","by_session","session_6",6,NA,NA,FALSE,"exploratory"
814,0.472961264573179,0.499526960941663,0.534964661095769,0.930348258706468,NA,NA,FALSE,0.527976843696499,200,2187,36,"gender_agreement","by_session","session_6",6,NA,NA,FALSE,"exploratory"
818,0.487756996607666,0.500198278071354,0.527985850738228,0.761194029850746,NA,NA,FALSE,0.527976843696499,200,2187,36,"gender_agreement","by_session","session_6",6,NA,NA,FALSE,"exploratory"
822,0.478463394952045,0.500394003744974,0.531295854514537,0.880597014925373,NA,NA,FALSE,0.527976843696499,200,2187,36,"gender_agreement","by_session","session_6",6,NA,NA,FALSE,"exploratory"
826,0.48424515422184,0.500008932100068,0.529508655620641,0.810945273631841,NA,NA,FALSE,0.527976843696499,200,2187,36,"gender_agreement","by_session","session_6",6,NA,NA,FALSE,"exploratory"
830,0.482750254223037,0.499548332855876,0.52793496320505,0.860696517412935,NA,NA,FALSE,0.527976843696499,200,2187,36,"gender_agreement","by_session","session_6",6,NA,NA,FALSE,"exploratory"
834,0.494663111169886,0.49976555358217,0.532784922444199,0.597014925373134,NA,NA,FALSE,0.527976843696499,200,2187,36,"gender_agreement","by_session","session_6",6,NA,NA,FALSE,"exploratory"
838,0.49855070905972,0.499357745457256,0.528925137978839,0.54726368159204,NA,NA,FALSE,0.527976843696499,200,2187,36,"gender_agreement","by_session","session_6",6,NA,NA,FALSE,"exploratory"
842,0.490049034980372,0.499765078333795,0.533396934855037,0.741293532338308,NA,NA,FALSE,0.527976843696499,200,2187,36,"gender_agreement","by_session","session_6",6,NA,NA,FALSE,"exploratory"
846,0.47464529558819,0.500483569047241,0.534708729135228,0.935323383084577,NA,NA,FALSE,0.527976843696499,200,2187,36,"gender_agreement","by_session","session_6",6,NA,NA,FALSE,"exploratory"
850,0.477140126568764,0.501082508098088,0.532489403257973,0.960199004975124,NA,NA,FALSE,0.527976843696499,200,2187,36,"gender_agreement","by_session","session_6",6,NA,NA,FALSE,"exploratory"
854,0.485369440327729,0.500673062198625,0.534567611796667,0.830845771144279,NA,NA,FALSE,0.527976843696499,200,2187,36,"gender_agreement","by_session","session_6",6,NA,NA,FALSE,"exploratory"
858,0.492312364467543,0.500886741690396,0.531786046972165,0.706467661691542,NA,NA,FALSE,0.527976843696499,200,2187,36,"gender_agreement","by_session","session_6",6,NA,NA,FALSE,"exploratory"
862,0.494461240984865,0.499804216675019,0.531052510776338,0.621890547263682,NA,NA,FALSE,0.527976843696499,200,2187,36,"gender_agreement","by_session","session_6",6,NA,NA,FALSE,"exploratory"
866,0.506351208100608,0.499725598702987,0.531376804842878,0.36318407960199,NA,NA,FALSE,0.527976843696499,200,2187,36,"gender_agreement","by_session","session_6",6,NA,NA,FALSE,"exploratory"
870,0.497504534683868,0.499587920188406,0.534426853491129,0.552238805970149,NA,NA,FALSE,0.527976843696499,200,2187,36,"gender_agreement","by_session","session_6",6,NA,NA,FALSE,"exploratory"
874,0.49292388558944,0.500512074425337,0.534902447659584,0.681592039800995,NA,NA,FALSE,0.527976843696499,200,2187,36,"gender_agreement","by_session","session_6",6,NA,NA,FALSE,"exploratory"
878,0.481010698721549,0.500054337632401,0.535739529209249,0.855721393034826,NA,NA,FALSE,0.527976843696499,200,2187,36,"gender_agreement","by_session","session_6",6,NA,NA,FALSE,"exploratory"
882,0.47725385476976,0.499068544555039,0.530274355861509,0.895522388059702,NA,NA,FALSE,0.527976843696499,200,2187,36,"gender_agreement","by_session","session_6",6,NA,NA,FALSE,"exploratory"
886,0.481309717437057,0.499087117363167,0.529556302690842,0.855721393034826,NA,NA,FALSE,0.527976843696499,200,2187,36,"gender_agreement","by_session","session_6",6,NA,NA,FALSE,"exploratory"
890,0.487794708020475,0.500534131422103,0.531434112415265,0.776119402985075,NA,NA,FALSE,0.527976843696499,200,2187,36,"gender_agreement","by_session","session_6",6,NA,NA,FALSE,"exploratory"
894,0.50036358600898,0.501162348401227,0.530127495854241,0.517412935323383,NA,NA,FALSE,0.527976843696499,200,2187,36,"gender_agreement","by_session","session_6",6,NA,NA,FALSE,"exploratory"
898,0.501275492505349,0.500177533507393,0.530794901953152,0.492537313432836,NA,NA,FALSE,0.527976843696499,200,2187,36,"gender_agreement","by_session","session_6",6,NA,NA,FALSE,"exploratory"
902,0.514382815859163,0.500738484408706,0.5327237765416,0.199004975124378,NA,NA,FALSE,0.527976843696499,200,2187,36,"gender_agreement","by_session","session_6",6,NA,NA,FALSE,"exploratory"
906,0.508250362512945,0.500434952880681,0.531472069958531,0.36318407960199,NA,NA,FALSE,0.527976843696499,200,2187,36,"gender_agreement","by_session","session_6",6,NA,NA,FALSE,"exploratory"
910,0.507329586842928,0.501050994535775,0.536791997904648,0.398009950248756,NA,NA,FALSE,0.527976843696499,200,2187,36,"gender_agreement","by_session","session_6",6,NA,NA,FALSE,"exploratory"
914,0.50522851800224,0.501378368865165,0.536429564436531,0.45771144278607,NA,NA,FALSE,0.527976843696499,200,2187,36,"gender_agreement","by_session","session_6",6,NA,NA,FALSE,"exploratory"
918,0.495074812673528,0.50198759354129,0.532988758452863,0.666666666666667,NA,NA,FALSE,0.527976843696499,200,2187,36,"gender_agreement","by_session","session_6",6,NA,NA,FALSE,"exploratory"
922,0.490820720192491,0.501790355932206,0.529638340047329,0.721393034825871,NA,NA,FALSE,0.527976843696499,200,2187,36,"gender_agreement","by_session","session_6",6,NA,NA,FALSE,"exploratory"
926,0.488932778634396,0.50163281654632,0.530962047620317,0.791044776119403,NA,NA,FALSE,0.527976843696499,200,2187,36,"gender_agreement","by_session","session_6",6,NA,NA,FALSE,"exploratory"
930,0.491658040361815,0.502307218211835,0.534376056869602,0.751243781094527,NA,NA,FALSE,0.527976843696499,200,2187,36,"gender_agreement","by_session","session_6",6,NA,NA,FALSE,"exploratory"
934,0.49282558352144,0.502157809704415,0.530952055896869,0.711442786069652,NA,NA,FALSE,0.527976843696499,200,2187,36,"gender_agreement","by_session","session_6",6,NA,NA,FALSE,"exploratory"
938,0.4980556985055,0.501049080914359,0.530479000248997,0.582089552238806,NA,NA,FALSE,0.527976843696499,200,2187,36,"gender_agreement","by_session","session_6",6,NA,NA,FALSE,"exploratory"
942,0.505669310131702,0.50089424038562,0.529676727975389,0.432835820895522,NA,NA,FALSE,0.527976843696499,200,2187,36,"gender_agreement","by_session","session_6",6,NA,NA,FALSE,"exploratory"
946,0.499321242156743,0.500907651864436,0.531834748992598,0.567164179104478,NA,NA,FALSE,0.527976843696499,200,2187,36,"gender_agreement","by_session","session_6",6,NA,NA,FALSE,"exploratory"
950,0.498640934571894,0.500539371380132,0.528720228295404,0.572139303482587,NA,NA,FALSE,0.527976843696499,200,2187,36,"gender_agreement","by_session","session_6",6,NA,NA,FALSE,"exploratory"
954,0.498655579919091,0.499452479420636,0.531694413324727,0.54726368159204,NA,NA,FALSE,0.527976843696499,200,2187,36,"gender_agreement","by_session","session_6",6,NA,NA,FALSE,"exploratory"
958,0.488790721028348,0.499420783656707,0.528190898181561,0.741293532338308,NA,NA,FALSE,0.527976843696499,200,2187,36,"gender_agreement","by_session","session_6",6,NA,NA,FALSE,"exploratory"
962,0.481323056275245,0.499435872021945,0.531327638918977,0.860696517412935,NA,NA,FALSE,0.527976843696499,200,2187,36,"gender_agreement","by_session","session_6",6,NA,NA,FALSE,"exploratory"
966,0.501584774406418,0.499887375209221,0.527496557415906,0.45771144278607,NA,NA,FALSE,0.527976843696499,200,2187,36,"gender_agreement","by_session","session_6",6,NA,NA,FALSE,"exploratory"
970,0.50730525775009,0.50032718512832,0.528958189076724,0.353233830845771,NA,NA,FALSE,0.527976843696499,200,2187,36,"gender_agreement","by_session","session_6",6,NA,NA,FALSE,"exploratory"
974,0.502123553544221,0.501383336390265,0.533068377654416,0.502487562189055,NA,NA,FALSE,0.527976843696499,200,2187,36,"gender_agreement","by_session","session_6",6,NA,NA,FALSE,"exploratory"
978,0.495289288503531,0.500919105348255,0.531572784653657,0.651741293532338,NA,NA,FALSE,0.527976843696499,200,2187,36,"gender_agreement","by_session","session_6",6,NA,NA,FALSE,"exploratory"
982,0.500768359104181,0.500755305121004,0.53054312203103,0.522388059701492,NA,NA,FALSE,0.527976843696499,200,2187,36,"gender_agreement","by_session","session_6",6,NA,NA,FALSE,"exploratory"
986,0.508335192518093,0.499735134476496,0.528038795468918,0.353233830845771,NA,NA,FALSE,0.527976843696499,200,2187,36,"gender_agreement","by_session","session_6",6,NA,NA,FALSE,"exploratory"
990,0.496688934078417,0.499470057839722,0.525444720287947,0.582089552238806,NA,NA,FALSE,0.527976843696499,200,2187,36,"gender_agreement","by_session","session_6",6,NA,NA,FALSE,"exploratory"
994,0.492798876409048,0.499276098202509,0.529676235709589,0.671641791044776,NA,NA,FALSE,0.527976843696499,200,2187,36,"gender_agreement","by_session","session_6",6,NA,NA,FALSE,"exploratory"
998,0.497976721591471,0.499871538005457,0.532802021706102,0.54228855721393,NA,NA,FALSE,0.527976843696499,200,2187,36,"gender_agreement","by_session","session_6",6,NA,NA,FALSE,"exploratory"
1002,0.504004937368769,0.500238567663191,0.532381877804113,0.422885572139304,NA,NA,FALSE,0.527976843696499,200,2187,36,"gender_agreement","by_session","session_6",6,NA,NA,FALSE,"exploratory"
1006,0.494333396624012,0.500910819620705,0.5304138018684,0.666666666666667,NA,NA,FALSE,0.527976843696499,200,2187,36,"gender_agreement","by_session","session_6",6,NA,NA,FALSE,"exploratory"
1010,0.489543525877,0.501329978458982,0.529535541895575,0.776119402985075,NA,NA,FALSE,0.527976843696499,200,2187,36,"gender_agreement","by_session","session_6",6,NA,NA,FALSE,"exploratory"
1014,0.482762801089263,0.502168826102723,0.533402776352694,0.900497512437811,NA,NA,FALSE,0.527976843696499,200,2187,36,"gender_agreement","by_session","session_6",6,NA,NA,FALSE,"exploratory"
1018,0.473072133527237,0.501517060203641,0.536217629817746,0.955223880597015,NA,NA,FALSE,0.527976843696499,200,2187,36,"gender_agreement","by_session","session_6",6,NA,NA,FALSE,"exploratory"
1022,0.473436174216341,0.50097483967161,0.532104149700061,0.940298507462687,NA,NA,FALSE,0.527976843696499,200,2187,36,"gender_agreement","by_session","session_6",6,NA,NA,FALSE,"exploratory"
1026,0.473907972666177,0.500613795296429,0.533992306233383,0.935323383084577,NA,NA,FALSE,0.527976843696499,200,2187,36,"gender_agreement","by_session","session_6",6,NA,NA,FALSE,"exploratory"
1030,0.472545813916628,0.500538534207331,0.533526103294917,0.940298507462687,NA,NA,FALSE,0.527976843696499,200,2187,36,"gender_agreement","by_session","session_6",6,NA,NA,FALSE,"exploratory"
1034,0.484038405729224,0.500261700525781,0.527753706514326,0.835820895522388,NA,NA,FALSE,0.527976843696499,200,2187,36,"gender_agreement","by_session","session_6",6,NA,NA,FALSE,"exploratory"
1038,0.498796998428189,0.500109225995451,0.529820129721716,0.54726368159204,NA,NA,FALSE,0.527976843696499,200,2187,36,"gender_agreement","by_session","session_6",6,NA,NA,FALSE,"exploratory"
1042,0.500450241520039,0.499863795994683,0.52979810720542,0.537313432835821,NA,NA,FALSE,0.527976843696499,200,2187,36,"gender_agreement","by_session","session_6",6,NA,NA,FALSE,"exploratory"
1046,0.495284234442562,0.500929955681726,0.53070568242973,0.651741293532338,NA,NA,FALSE,0.527976843696499,200,2187,36,"gender_agreement","by_session","session_6",6,NA,NA,FALSE,"exploratory"
1050,0.50506686294571,0.501145539075559,0.529249005741372,0.422885572139304,NA,NA,FALSE,0.527976843696499,200,2187,36,"gender_agreement","by_session","session_6",6,NA,NA,FALSE,"exploratory"
1054,0.505121547363034,0.501308852024111,0.528502957297323,0.417910447761194,NA,NA,FALSE,0.527976843696499,200,2187,36,"gender_agreement","by_session","session_6",6,NA,NA,FALSE,"exploratory"
1058,0.493254534034958,0.500698537391328,0.529001381531058,0.671641791044776,NA,NA,FALSE,0.527976843696499,200,2187,36,"gender_agreement","by_session","session_6",6,NA,NA,FALSE,"exploratory"
1062,0.48924987600425,0.500518237979561,0.533447367417464,0.761194029850746,NA,NA,FALSE,0.527976843696499,200,2187,36,"gender_agreement","by_session","session_6",6,NA,NA,FALSE,"exploratory"
1066,0.479379527930494,0.500952391408847,0.532607165543153,0.900497512437811,NA,NA,FALSE,0.527976843696499,200,2187,36,"gender_agreement","by_session","session_6",6,NA,NA,FALSE,"exploratory"
1070,0.482173184018705,0.500233492440513,0.531119686603911,0.870646766169154,NA,NA,FALSE,0.527976843696499,200,2187,36,"gender_agreement","by_session","session_6",6,NA,NA,FALSE,"exploratory"
1074,0.484450907507248,0.500004878253541,0.526025124677525,0.825870646766169,NA,NA,FALSE,0.527976843696499,200,2187,36,"gender_agreement","by_session","session_6",6,NA,NA,FALSE,"exploratory"
1078,0.482876044897628,0.499991922811575,0.527105841452061,0.855721393034826,NA,NA,FALSE,0.527976843696499,200,2187,36,"gender_agreement","by_session","session_6",6,NA,NA,FALSE,"exploratory"
1082,0.475849681586919,0.49994915376808,0.527917116336128,0.900497512437811,NA,NA,FALSE,0.527976843696499,200,2187,36,"gender_agreement","by_session","session_6",6,NA,NA,FALSE,"exploratory"
1086,0.48578680930155,0.498829942172715,0.527679951144593,0.781094527363184,NA,NA,FALSE,0.527976843696499,200,2187,36,"gender_agreement","by_session","session_6",6,NA,NA,FALSE,"exploratory"
1090,0.499888406375542,0.498889187264475,0.530611089783579,0.482587064676617,NA,NA,FALSE,0.527976843696499,200,2187,36,"gender_agreement","by_session","session_6",6,NA,NA,FALSE,"exploratory"
1094,0.516313471792624,0.499241981959565,0.531210100962162,0.174129353233831,NA,NA,FALSE,0.527976843696499,200,2187,36,"gender_agreement","by_session","session_6",6,NA,NA,FALSE,"exploratory"
1098,0.52419804331232,0.500450958039707,0.531667295417333,0.0796019900497512,NA,NA,FALSE,0.527976843696499,200,2187,36,"gender_agreement","by_session","session_6",6,NA,NA,FALSE,"exploratory"
-98,0.496525627812554,0.502159590885476,0.530638312944596,0.641791044776119,NA,NA,FALSE,0.527570800664549,200,2066,33,"gender_agreement","by_session_language","session_2_Mini-English",2,"Mini-English",NA,FALSE,"exploratory"
-94,0.486559738602701,0.501779887774511,0.531379433663532,0.825870646766169,NA,NA,FALSE,0.527570800664549,200,2066,33,"gender_agreement","by_session_language","session_2_Mini-English",2,"Mini-English",NA,FALSE,"exploratory"
-90,0.458866627798123,0.499509769724245,0.52954519146213,0.990049751243781,NA,NA,FALSE,0.527570800664549,200,2066,33,"gender_agreement","by_session_language","session_2_Mini-English",2,"Mini-English",NA,FALSE,"exploratory"
-86,0.471209853090093,0.498831199971101,0.536120571647587,0.935323383084577,NA,NA,FALSE,0.527570800664549,200,2066,33,"gender_agreement","by_session_language","session_2_Mini-English",2,"Mini-English",NA,FALSE,"exploratory"
-82,0.493107885510035,0.500232479035683,0.53403308906618,0.681592039800995,NA,NA,FALSE,0.527570800664549,200,2066,33,"gender_agreement","by_session_language","session_2_Mini-English",2,"Mini-English",NA,FALSE,"exploratory"
-78,0.502262691011259,0.499859912745106,0.533852568838429,0.45273631840796,NA,NA,FALSE,0.527570800664549,200,2066,33,"gender_agreement","by_session_language","session_2_Mini-English",2,"Mini-English",NA,FALSE,"exploratory"
-74,0.497398028100775,0.50046481599139,0.535033156880532,0.572139303482587,NA,NA,FALSE,0.527570800664549,200,2066,33,"gender_agreement","by_session_language","session_2_Mini-English",2,"Mini-English",NA,FALSE,"exploratory"
-70,0.487056738770497,0.501031820304448,0.532860990594456,0.776119402985075,NA,NA,FALSE,0.527570800664549,200,2066,33,"gender_agreement","by_session_language","session_2_Mini-English",2,"Mini-English",NA,FALSE,"exploratory"
-66,0.494071561610681,0.501420361229323,0.534588610412823,0.646766169154229,NA,NA,FALSE,0.527570800664549,200,2066,33,"gender_agreement","by_session_language","session_2_Mini-English",2,"Mini-English",NA,FALSE,"exploratory"
-62,0.49755666407125,0.50157208095606,0.534157512501011,0.557213930348259,NA,NA,FALSE,0.527570800664549,200,2066,33,"gender_agreement","by_session_language","session_2_Mini-English",2,"Mini-English",NA,FALSE,"exploratory"
-58,0.499465647700066,0.501164820163641,0.531547428991603,0.552238805970149,NA,NA,FALSE,0.527570800664549,200,2066,33,"gender_agreement","by_session_language","session_2_Mini-English",2,"Mini-English",NA,FALSE,"exploratory"
-54,0.505920481219663,0.50140626345528,0.529753796621541,0.442786069651741,NA,NA,FALSE,0.527570800664549,200,2066,33,"gender_agreement","by_session_language","session_2_Mini-English",2,"Mini-English",NA,FALSE,"exploratory"
-50,0.508669919455258,0.501244165422169,0.529932089882733,0.353233830845771,NA,NA,FALSE,0.527570800664549,200,2066,33,"gender_agreement","by_session_language","session_2_Mini-English",2,"Mini-English",NA,FALSE,"exploratory"
-46,0.501388338221133,0.500527095571844,0.528811783807921,0.517412935323383,NA,NA,FALSE,0.527570800664549,200,2066,33,"gender_agreement","by_session_language","session_2_Mini-English",2,"Mini-English",NA,FALSE,"exploratory"
-42,0.50041982460673,0.501060070820427,0.530781030134839,0.532338308457711,NA,NA,FALSE,0.527570800664549,200,2066,33,"gender_agreement","by_session_language","session_2_Mini-English",2,"Mini-English",NA,FALSE,"exploratory"
-38,0.499796152221502,0.500584571415823,0.531709671486643,0.527363184079602,NA,NA,FALSE,0.527570800664549,200,2066,33,"gender_agreement","by_session_language","session_2_Mini-English",2,"Mini-English",NA,FALSE,"exploratory"
-34,0.492879829050023,0.50111151295501,0.534869442164088,0.706467661691542,NA,NA,FALSE,0.527570800664549,200,2066,33,"gender_agreement","by_session_language","session_2_Mini-English",2,"Mini-English",NA,FALSE,"exploratory"
-30,0.484877814134158,0.500144523206403,0.53279587071791,0.805970149253731,NA,NA,FALSE,0.527570800664549,200,2066,33,"gender_agreement","by_session_language","session_2_Mini-English",2,"Mini-English",NA,FALSE,"exploratory"
-26,0.509741660186669,0.499586355477369,0.533709388085772,0.283582089552239,NA,NA,FALSE,0.527570800664549,200,2066,33,"gender_agreement","by_session_language","session_2_Mini-English",2,"Mini-English",NA,FALSE,"exploratory"
-22,0.520358098113556,0.500359989333342,0.535780630379713,0.154228855721393,NA,NA,FALSE,0.527570800664549,200,2066,33,"gender_agreement","by_session_language","session_2_Mini-English",2,"Mini-English",NA,FALSE,"exploratory"
-18,0.517256049289122,0.501686311574175,0.532614808269512,0.189054726368159,NA,NA,FALSE,0.527570800664549,200,2066,33,"gender_agreement","by_session_language","session_2_Mini-English",2,"Mini-English",NA,FALSE,"exploratory"
-14,0.518730022019835,0.499971039009627,0.532240050240379,0.169154228855721,NA,NA,FALSE,0.527570800664549,200,2066,33,"gender_agreement","by_session_language","session_2_Mini-English",2,"Mini-English",NA,FALSE,"exploratory"
-10,0.500609126078627,0.500224553355089,0.533168536525594,0.482587064676617,NA,NA,FALSE,0.527570800664549,200,2066,33,"gender_agreement","by_session_language","session_2_Mini-English",2,"Mini-English",NA,FALSE,"exploratory"
-6,0.494937701464382,0.501165264348845,0.532849244544223,0.651741293532338,NA,NA,FALSE,0.527570800664549,200,2066,33,"gender_agreement","by_session_language","session_2_Mini-English",2,"Mini-English",NA,FALSE,"exploratory"
-2,0.510583009159497,0.502342687062049,0.533137449110489,0.328358208955224,NA,NA,FALSE,0.527570800664549,200,2066,33,"gender_agreement","by_session_language","session_2_Mini-English",2,"Mini-English",NA,FALSE,"exploratory"
2,0.51787112234692,0.502002283899762,0.533868497435172,0.189054726368159,NA,NA,FALSE,0.527570800664549,200,2066,33,"gender_agreement","by_session_language","session_2_Mini-English",2,"Mini-English",NA,FALSE,"exploratory"
6,0.513758955178153,0.501961559800826,0.534236340078113,0.278606965174129,NA,NA,FALSE,0.527570800664549,200,2066,33,"gender_agreement","by_session_language","session_2_Mini-English",2,"Mini-English",NA,FALSE,"exploratory"
10,0.492667325706915,0.50124289764348,0.533202691789534,0.696517412935323,NA,NA,FALSE,0.527570800664549,200,2066,33,"gender_agreement","by_session_language","session_2_Mini-English",2,"Mini-English",NA,FALSE,"exploratory"
14,0.477650639105236,0.50073482327974,0.532845127391546,0.90547263681592,NA,NA,FALSE,0.527570800664549,200,2066,33,"gender_agreement","by_session_language","session_2_Mini-English",2,"Mini-English",NA,FALSE,"exploratory"
18,0.475643722266626,0.499789728810906,0.532391595491336,0.91044776119403,NA,NA,FALSE,0.527570800664549,200,2066,33,"gender_agreement","by_session_language","session_2_Mini-English",2,"Mini-English",NA,FALSE,"exploratory"
22,0.484513364549154,0.500249728055917,0.531473665207033,0.825870646766169,NA,NA,FALSE,0.527570800664549,200,2066,33,"gender_agreement","by_session_language","session_2_Mini-English",2,"Mini-English",NA,FALSE,"exploratory"
26,0.484742957001206,0.500079195222243,0.530798726551481,0.835820895522388,NA,NA,FALSE,0.527570800664549,200,2066,33,"gender_agreement","by_session_language","session_2_Mini-English",2,"Mini-English",NA,FALSE,"exploratory"
30,0.483693002082224,0.499002050673321,0.531536622226705,0.810945273631841,NA,NA,FALSE,0.527570800664549,200,2066,33,"gender_agreement","by_session_language","session_2_Mini-English",2,"Mini-English",NA,FALSE,"exploratory"
34,0.490161782113099,0.499507545342806,0.52666293156187,0.716417910447761,NA,NA,FALSE,0.527570800664549,200,2066,33,"gender_agreement","by_session_language","session_2_Mini-English",2,"Mini-English",NA,FALSE,"exploratory"
38,0.499960259506006,0.500358561758735,0.533920973002415,0.507462686567164,NA,NA,FALSE,0.527570800664549,200,2066,33,"gender_agreement","by_session_language","session_2_Mini-English",2,"Mini-English",NA,FALSE,"exploratory"
42,0.50420406068472,0.500459425456644,0.531934433230787,0.417910447761194,NA,NA,FALSE,0.527570800664549,200,2066,33,"gender_agreement","by_session_language","session_2_Mini-English",2,"Mini-English",NA,FALSE,"exploratory"
46,0.506391379296387,0.499104230303968,0.534831428320178,0.343283582089552,NA,NA,FALSE,0.527570800664549,200,2066,33,"gender_agreement","by_session_language","session_2_Mini-English",2,"Mini-English",NA,FALSE,"exploratory"
50,0.49457617042293,0.499804289906723,0.533597363379904,0.621890547263682,NA,NA,FALSE,0.527570800664549,200,2066,33,"gender_agreement","by_session_language","session_2_Mini-English",2,"Mini-English",NA,FALSE,"exploratory"
54,0.486161386414625,0.500814852277379,0.535452091704453,0.805970149253731,NA,NA,FALSE,0.527570800664549,200,2066,33,"gender_agreement","by_session_language","session_2_Mini-English",2,"Mini-English",NA,FALSE,"exploratory"
58,0.493443256170749,0.501134067286992,0.535002283827371,0.671641791044776,NA,NA,FALSE,0.527570800664549,200,2066,33,"gender_agreement","by_session_language","session_2_Mini-English",2,"Mini-English",NA,FALSE,"exploratory"
62,0.490513445521691,0.500092639349902,0.530568970794735,0.721393034825871,NA,NA,FALSE,0.527570800664549,200,2066,33,"gender_agreement","by_session_language","session_2_Mini-English",2,"Mini-English",NA,FALSE,"exploratory"
66,0.49613424629954,0.500648323398809,0.534166196259001,0.582089552238806,NA,NA,FALSE,0.527570800664549,200,2066,33,"gender_agreement","by_session_language","session_2_Mini-English",2,"Mini-English",NA,FALSE,"exploratory"
70,0.512033841137314,0.501231979480004,0.533421347016186,0.278606965174129,NA,NA,FALSE,0.527570800664549,200,2066,33,"gender_agreement","by_session_language","session_2_Mini-English",2,"Mini-English",NA,FALSE,"exploratory"
74,0.524018008768212,0.500862404675238,0.532916731516895,0.124378109452736,NA,NA,FALSE,0.527570800664549,200,2066,33,"gender_agreement","by_session_language","session_2_Mini-English",2,"Mini-English",NA,FALSE,"exploratory"
78,0.523609830109444,0.500411870815275,0.533144260964721,0.109452736318408,NA,NA,FALSE,0.527570800664549,200,2066,33,"gender_agreement","by_session_language","session_2_Mini-English",2,"Mini-English",NA,FALSE,"exploratory"
82,0.524147507506008,0.499367001590528,0.532560128578489,0.0597014925373134,NA,NA,FALSE,0.527570800664549,200,2066,33,"gender_agreement","by_session_language","session_2_Mini-English",2,"Mini-English",NA,FALSE,"exploratory"
86,0.531149885004938,0.500192153468998,0.530639533673478,0.0248756218905473,1,0.343283582089552,FALSE,0.527570800664549,200,2066,33,"gender_agreement","by_session_language","session_2_Mini-English",2,"Mini-English",NA,FALSE,"exploratory"
90,0.535769731989546,0.500794333067289,0.533061275979846,0.0149253731343284,1,0.343283582089552,FALSE,0.527570800664549,200,2066,33,"gender_agreement","by_session_language","session_2_Mini-English",2,"Mini-English",NA,FALSE,"exploratory"
94,0.543434951208305,0.502072903036741,0.533190421712998,0.0199004975124378,1,0.343283582089552,FALSE,0.527570800664549,200,2066,33,"gender_agreement","by_session_language","session_2_Mini-English",2,"Mini-English",NA,FALSE,"exploratory"
98,0.538135613240516,0.501038398685159,0.535982174149427,0.0199004975124378,1,0.343283582089552,FALSE,0.527570800664549,200,2066,33,"gender_agreement","by_session_language","session_2_Mini-English",2,"Mini-English",NA,FALSE,"exploratory"
102,0.516985397229054,0.500383380105316,0.53416296890235,0.18407960199005,NA,NA,FALSE,0.527570800664549,200,2066,33,"gender_agreement","by_session_language","session_2_Mini-English",2,"Mini-English",NA,FALSE,"exploratory"
106,0.516297609600874,0.50095262975145,0.532031376283116,0.174129353233831,NA,NA,FALSE,0.527570800664549,200,2066,33,"gender_agreement","by_session_language","session_2_Mini-English",2,"Mini-English",NA,FALSE,"exploratory"
110,0.509575920467853,0.50027736285123,0.531072272056865,0.333333333333333,NA,NA,FALSE,0.527570800664549,200,2066,33,"gender_agreement","by_session_language","session_2_Mini-English",2,"Mini-English",NA,FALSE,"exploratory"
114,0.50873443489424,0.499568498276807,0.530620469608362,0.343283582089552,NA,NA,FALSE,0.527570800664549,200,2066,33,"gender_agreement","by_session_language","session_2_Mini-English",2,"Mini-English",NA,FALSE,"exploratory"
118,0.501513984673807,0.499079727010303,0.527523520877853,0.467661691542289,NA,NA,FALSE,0.527570800664549,200,2066,33,"gender_agreement","by_session_language","session_2_Mini-English",2,"Mini-English",NA,FALSE,"exploratory"
122,0.475863901718983,0.49906172730767,0.529654775852949,0.920398009950249,NA,NA,FALSE,0.527570800664549,200,2066,33,"gender_agreement","by_session_language","session_2_Mini-English",2,"Mini-English",NA,FALSE,"exploratory"
126,0.470720502081734,0.498911354590812,0.531078710854681,0.945273631840796,NA,NA,FALSE,0.527570800664549,200,2066,33,"gender_agreement","by_session_language","session_2_Mini-English",2,"Mini-English",NA,FALSE,"exploratory"
130,0.480641130632639,0.499667916470036,0.530060707424044,0.860696517412935,NA,NA,FALSE,0.527570800664549,200,2066,33,"gender_agreement","by_session_language","session_2_Mini-English",2,"Mini-English",NA,FALSE,"exploratory"
134,0.48960644439166,0.50010877970414,0.531539332783593,0.72636815920398,NA,NA,FALSE,0.527570800664549,200,2066,33,"gender_agreement","by_session_language","session_2_Mini-English",2,"Mini-English",NA,FALSE,"exploratory"
138,0.499173645989325,0.500641735417258,0.530877912143001,0.592039800995025,NA,NA,FALSE,0.527570800664549,200,2066,33,"gender_agreement","by_session_language","session_2_Mini-English",2,"Mini-English",NA,FALSE,"exploratory"
142,0.493762475507587,0.499833837583138,0.533436416272631,0.666666666666667,NA,NA,FALSE,0.527570800664549,200,2066,33,"gender_agreement","by_session_language","session_2_Mini-English",2,"Mini-English",NA,FALSE,"exploratory"
146,0.499188874714789,0.49984439332329,0.535159202653934,0.507462686567164,NA,NA,FALSE,0.527570800664549,200,2066,33,"gender_agreement","by_session_language","session_2_Mini-English",2,"Mini-English",NA,FALSE,"exploratory"
150,0.503780131648763,0.499588446181751,0.527242326043677,0.427860696517413,NA,NA,FALSE,0.527570800664549,200,2066,33,"gender_agreement","by_session_language","session_2_Mini-English",2,"Mini-English",NA,FALSE,"exploratory"
154,0.501830348194509,0.498697056414812,0.528624967570549,0.467661691542289,NA,NA,FALSE,0.527570800664549,200,2066,33,"gender_agreement","by_session_language","session_2_Mini-English",2,"Mini-English",NA,FALSE,"exploratory"
158,0.501564527029674,0.499203199426986,0.529965930929139,0.442786069651741,NA,NA,FALSE,0.527570800664549,200,2066,33,"gender_agreement","by_session_language","session_2_Mini-English",2,"Mini-English",NA,FALSE,"exploratory"
162,0.498434881071092,0.49922765356011,0.52787786761982,0.54228855721393,NA,NA,FALSE,0.527570800664549,200,2066,33,"gender_agreement","by_session_language","session_2_Mini-English",2,"Mini-English",NA,FALSE,"exploratory"
166,0.511380916173875,0.498630988894178,0.52597033137663,0.238805970149254,NA,NA,FALSE,0.527570800664549,200,2066,33,"gender_agreement","by_session_language","session_2_Mini-English",2,"Mini-English",NA,FALSE,"exploratory"
170,0.518658533998248,0.498617369215342,0.527339281536399,0.119402985074627,NA,NA,FALSE,0.527570800664549,200,2066,33,"gender_agreement","by_session_language","session_2_Mini-English",2,"Mini-English",NA,FALSE,"exploratory"
174,0.514942807661609,0.498649383168792,0.528179056787017,0.164179104477612,NA,NA,FALSE,0.527570800664549,200,2066,33,"gender_agreement","by_session_language","session_2_Mini-English",2,"Mini-English",NA,FALSE,"exploratory"
178,0.516464114304095,0.500339293660825,0.531587775679923,0.149253731343284,NA,NA,FALSE,0.527570800664549,200,2066,33,"gender_agreement","by_session_language","session_2_Mini-English",2,"Mini-English",NA,FALSE,"exploratory"
182,0.534185055439672,0.500766306676642,0.530833304002423,0.0298507462686567,2,0.771144278606965,FALSE,0.527570800664549,200,2066,33,"gender_agreement","by_session_language","session_2_Mini-English",2,"Mini-English",NA,FALSE,"exploratory"
186,0.531975495266537,0.500227803102057,0.534189741073803,0.0398009950248756,2,0.771144278606965,FALSE,0.527570800664549,200,2066,33,"gender_agreement","by_session_language","session_2_Mini-English",2,"Mini-English",NA,FALSE,"exploratory"
190,0.526356114246616,0.499992745214384,0.5332869566149,0.0746268656716418,NA,NA,FALSE,0.527570800664549,200,2066,33,"gender_agreement","by_session_language","session_2_Mini-English",2,"Mini-English",NA,FALSE,"exploratory"
194,0.525710056848816,0.498698263105939,0.530744092702151,0.054726368159204,NA,NA,FALSE,0.527570800664549,200,2066,33,"gender_agreement","by_session_language","session_2_Mini-English",2,"Mini-English",NA,FALSE,"exploratory"
198,0.51846671446552,0.497584559632576,0.528466852602413,0.129353233830846,NA,NA,FALSE,0.527570800664549,200,2066,33,"gender_agreement","by_session_language","session_2_Mini-English",2,"Mini-English",NA,FALSE,"exploratory"
202,0.507176070175341,0.498079516053566,0.534412073116029,0.333333333333333,NA,NA,FALSE,0.527570800664549,200,2066,33,"gender_agreement","by_session_language","session_2_Mini-English",2,"Mini-English",NA,FALSE,"exploratory"
206,0.493565206535095,0.499203276655469,0.530913427556347,0.621890547263682,NA,NA,FALSE,0.527570800664549,200,2066,33,"gender_agreement","by_session_language","session_2_Mini-English",2,"Mini-English",NA,FALSE,"exploratory"
210,0.50073465984186,0.499727907306105,0.531084950725335,0.492537313432836,NA,NA,FALSE,0.527570800664549,200,2066,33,"gender_agreement","by_session_language","session_2_Mini-English",2,"Mini-English",NA,FALSE,"exploratory"
214,0.496698705807103,0.499962424945981,0.531961133325826,0.592039800995025,NA,NA,FALSE,0.527570800664549,200,2066,33,"gender_agreement","by_session_language","session_2_Mini-English",2,"Mini-English",NA,FALSE,"exploratory"
218,0.485320654645503,0.501312550249777,0.532117965617192,0.830845771144279,NA,NA,FALSE,0.527570800664549,200,2066,33,"gender_agreement","by_session_language","session_2_Mini-English",2,"Mini-English",NA,FALSE,"exploratory"
222,0.46451259573439,0.501363697667214,0.534873084748398,0.985074626865672,NA,NA,FALSE,0.527570800664549,200,2066,33,"gender_agreement","by_session_language","session_2_Mini-English",2,"Mini-English",NA,FALSE,"exploratory"
226,0.458005825946038,0.501308929361783,0.540665244826935,1,NA,NA,FALSE,0.527570800664549,200,2066,33,"gender_agreement","by_session_language","session_2_Mini-English",2,"Mini-English",NA,FALSE,"exploratory"
230,0.474903814242918,0.500378761706838,0.538940041003799,0.950248756218905,NA,NA,FALSE,0.527570800664549,200,2066,33,"gender_agreement","by_session_language","session_2_Mini-English",2,"Mini-English",NA,FALSE,"exploratory"
234,0.484508266869767,0.500709333325564,0.534644494660276,0.850746268656716,NA,NA,FALSE,0.527570800664549,200,2066,33,"gender_agreement","by_session_language","session_2_Mini-English",2,"Mini-English",NA,FALSE,"exploratory"
238,0.499017707963286,0.50055596181684,0.531621233018844,0.537313432835821,NA,NA,FALSE,0.527570800664549,200,2066,33,"gender_agreement","by_session_language","session_2_Mini-English",2,"Mini-English",NA,FALSE,"exploratory"
242,0.517892143080608,0.500313001518417,0.528540466319914,0.164179104477612,NA,NA,FALSE,0.527570800664549,200,2066,33,"gender_agreement","by_session_language","session_2_Mini-English",2,"Mini-English",NA,FALSE,"exploratory"
246,0.517523694151881,0.500414197130945,0.532449452772997,0.208955223880597,NA,NA,FALSE,0.527570800664549,200,2066,33,"gender_agreement","by_session_language","session_2_Mini-English",2,"Mini-English",NA,FALSE,"exploratory"
250,0.508928485768737,0.499670220654162,0.532707239104487,0.318407960199005,NA,NA,FALSE,0.527570800664549,200,2066,33,"gender_agreement","by_session_language","session_2_Mini-English",2,"Mini-English",NA,FALSE,"exploratory"
254,0.481429507973046,0.498818280321894,0.530628287530857,0.840796019900497,NA,NA,FALSE,0.527570800664549,200,2066,33,"gender_agreement","by_session_language","session_2_Mini-English",2,"Mini-English",NA,FALSE,"exploratory"
258,0.478345470656437,0.498389266177075,0.528992388286124,0.865671641791045,NA,NA,FALSE,0.527570800664549,200,2066,33,"gender_agreement","by_session_language","session_2_Mini-English",2,"Mini-English",NA,FALSE,"exploratory"
262,0.489193090437851,0.499394992897456,0.53331225162076,0.721393034825871,NA,NA,FALSE,0.527570800664549,200,2066,33,"gender_agreement","by_session_language","session_2_Mini-English",2,"Mini-English",NA,FALSE,"exploratory"
266,0.504680953050505,0.501315602793956,0.533602237025463,0.462686567164179,NA,NA,FALSE,0.527570800664549,200,2066,33,"gender_agreement","by_session_language","session_2_Mini-English",2,"Mini-English",NA,FALSE,"exploratory"
270,0.515082342642235,0.501978833481211,0.535677948161402,0.278606965174129,NA,NA,FALSE,0.527570800664549,200,2066,33,"gender_agreement","by_session_language","session_2_Mini-English",2,"Mini-English",NA,FALSE,"exploratory"
274,0.522299643837432,0.501516643497836,0.539578812238668,0.129353233830846,NA,NA,FALSE,0.527570800664549,200,2066,33,"gender_agreement","by_session_language","session_2_Mini-English",2,"Mini-English",NA,FALSE,"exploratory"
278,0.513807331824077,0.50040764356415,0.536201038856536,0.258706467661692,NA,NA,FALSE,0.527570800664549,200,2066,33,"gender_agreement","by_session_language","session_2_Mini-English",2,"Mini-English",NA,FALSE,"exploratory"
282,0.502935038885554,0.499546728453551,0.531031880345679,0.467661691542289,NA,NA,FALSE,0.527570800664549,200,2066,33,"gender_agreement","by_session_language","session_2_Mini-English",2,"Mini-English",NA,FALSE,"exploratory"
286,0.490555637293736,0.499591024773565,0.531488227149941,0.701492537313433,NA,NA,FALSE,0.527570800664549,200,2066,33,"gender_agreement","by_session_language","session_2_Mini-English",2,"Mini-English",NA,FALSE,"exploratory"
290,0.472485667101963,0.499295570040798,0.527407574019533,0.945273631840796,NA,NA,FALSE,0.527570800664549,200,2066,33,"gender_agreement","by_session_language","session_2_Mini-English",2,"Mini-English",NA,FALSE,"exploratory"
294,0.463267556486303,0.499114261428075,0.527316805324557,0.985074626865672,NA,NA,FALSE,0.527570800664549,200,2066,33,"gender_agreement","by_session_language","session_2_Mini-English",2,"Mini-English",NA,FALSE,"exploratory"
298,0.473683962516602,0.498912758792265,0.531024036985853,0.900497512437811,NA,NA,FALSE,0.527570800664549,200,2066,33,"gender_agreement","by_session_language","session_2_Mini-English",2,"Mini-English",NA,FALSE,"exploratory"
302,0.486722381122012,0.49918304014359,0.529011417109481,0.746268656716418,NA,NA,FALSE,0.527570800664549,200,2066,33,"gender_agreement","by_session_language","session_2_Mini-English",2,"Mini-English",NA,FALSE,"exploratory"
306,0.484898078727147,0.50020666652265,0.536795209117648,0.810945273631841,NA,NA,FALSE,0.527570800664549,200,2066,33,"gender_agreement","by_session_language","session_2_Mini-English",2,"Mini-English",NA,FALSE,"exploratory"
310,0.483147111716352,0.501045485001184,0.536144997168493,0.860696517412935,NA,NA,FALSE,0.527570800664549,200,2066,33,"gender_agreement","by_session_language","session_2_Mini-English",2,"Mini-English",NA,FALSE,"exploratory"
314,0.489471174976145,0.501157854537405,0.533484928698221,0.771144278606965,NA,NA,FALSE,0.527570800664549,200,2066,33,"gender_agreement","by_session_language","session_2_Mini-English",2,"Mini-English",NA,FALSE,"exploratory"
318,0.49108993540986,0.501607042940233,0.531059170230431,0.766169154228856,NA,NA,FALSE,0.527570800664549,200,2066,33,"gender_agreement","by_session_language","session_2_Mini-English",2,"Mini-English",NA,FALSE,"exploratory"
322,0.504147715253498,0.501258864937786,0.532637108396699,0.472636815920398,NA,NA,FALSE,0.527570800664549,200,2066,33,"gender_agreement","by_session_language","session_2_Mini-English",2,"Mini-English",NA,FALSE,"exploratory"
326,0.511195630678994,0.500619257054764,0.531432567920413,0.243781094527363,NA,NA,FALSE,0.527570800664549,200,2066,33,"gender_agreement","by_session_language","session_2_Mini-English",2,"Mini-English",NA,FALSE,"exploratory"
330,0.518250300609909,0.500259436204513,0.532371042228379,0.169154228855721,NA,NA,FALSE,0.527570800664549,200,2066,33,"gender_agreement","by_session_language","session_2_Mini-English",2,"Mini-English",NA,FALSE,"exploratory"
334,0.518813069915248,0.500238978847844,0.530521677864328,0.164179104477612,NA,NA,FALSE,0.527570800664549,200,2066,33,"gender_agreement","by_session_language","session_2_Mini-English",2,"Mini-English",NA,FALSE,"exploratory"
338,0.521331799578077,0.500190925167834,0.52850605781094,0.119402985074627,NA,NA,FALSE,0.527570800664549,200,2066,33,"gender_agreement","by_session_language","session_2_Mini-English",2,"Mini-English",NA,FALSE,"exploratory"
342,0.509990979002272,0.500095408441766,0.536814391665258,0.27363184079602,NA,NA,FALSE,0.527570800664549,200,2066,33,"gender_agreement","by_session_language","session_2_Mini-English",2,"Mini-English",NA,FALSE,"exploratory"
346,0.504314931761545,0.49997168359157,0.532127106863841,0.407960199004975,NA,NA,FALSE,0.527570800664549,200,2066,33,"gender_agreement","by_session_language","session_2_Mini-English",2,"Mini-English",NA,FALSE,"exploratory"
350,0.487135192174645,0.499890674108343,0.531252586479754,0.766169154228856,NA,NA,FALSE,0.527570800664549,200,2066,33,"gender_agreement","by_session_language","session_2_Mini-English",2,"Mini-English",NA,FALSE,"exploratory"
354,0.494741553797836,0.499965612342738,0.528544516456597,0.616915422885572,NA,NA,FALSE,0.527570800664549,200,2066,33,"gender_agreement","by_session_language","session_2_Mini-English",2,"Mini-English",NA,FALSE,"exploratory"
358,0.498400104374657,0.499786476868988,0.529852358110424,0.54228855721393,NA,NA,FALSE,0.527570800664549,200,2066,33,"gender_agreement","by_session_language","session_2_Mini-English",2,"Mini-English",NA,FALSE,"exploratory"
362,0.52247328082031,0.499585194692546,0.529393075857065,0.0945273631840796,NA,NA,FALSE,0.527570800664549,200,2066,33,"gender_agreement","by_session_language","session_2_Mini-English",2,"Mini-English",NA,FALSE,"exploratory"
366,0.52896154493557,0.499227075663904,0.528549765283041,0.0298507462686567,3,0.860696517412935,FALSE,0.527570800664549,200,2066,33,"gender_agreement","by_session_language","session_2_Mini-English",2,"Mini-English",NA,FALSE,"exploratory"
370,0.532235117765618,0.499248062696148,0.533071128004459,0.0348258706467662,3,0.860696517412935,FALSE,0.527570800664549,200,2066,33,"gender_agreement","by_session_language","session_2_Mini-English",2,"Mini-English",NA,FALSE,"exploratory"
374,0.526313085819891,0.500040519261199,0.529572496342883,0.0597014925373134,NA,NA,FALSE,0.527570800664549,200,2066,33,"gender_agreement","by_session_language","session_2_Mini-English",2,"Mini-English",NA,FALSE,"exploratory"
378,0.51972002835502,0.499841416606655,0.531792225829157,0.149253731343284,NA,NA,FALSE,0.527570800664549,200,2066,33,"gender_agreement","by_session_language","session_2_Mini-English",2,"Mini-English",NA,FALSE,"exploratory"
382,0.522140774845656,0.499876651141398,0.533845528335555,0.134328358208955,NA,NA,FALSE,0.527570800664549,200,2066,33,"gender_agreement","by_session_language","session_2_Mini-English",2,"Mini-English",NA,FALSE,"exploratory"
386,0.526952044788668,0.501113544804343,0.533127160358611,0.0646766169154229,NA,NA,FALSE,0.527570800664549,200,2066,33,"gender_agreement","by_session_language","session_2_Mini-English",2,"Mini-English",NA,FALSE,"exploratory"
390,0.520723207771501,0.500914155792449,0.532407883735419,0.0995024875621891,NA,NA,FALSE,0.527570800664549,200,2066,33,"gender_agreement","by_session_language","session_2_Mini-English",2,"Mini-English",NA,FALSE,"exploratory"
394,0.52509635728554,0.500004886698333,0.53004708501437,0.0447761194029851,NA,NA,FALSE,0.527570800664549,200,2066,33,"gender_agreement","by_session_language","session_2_Mini-English",2,"Mini-English",NA,FALSE,"exploratory"
398,0.514271103900351,0.500540148258217,0.528708222912663,0.208955223880597,NA,NA,FALSE,0.527570800664549,200,2066,33,"gender_agreement","by_session_language","session_2_Mini-English",2,"Mini-English",NA,FALSE,"exploratory"
402,0.513570611943215,0.500236351136545,0.526071211959592,0.213930348258706,NA,NA,FALSE,0.527570800664549,200,2066,33,"gender_agreement","by_session_language","session_2_Mini-English",2,"Mini-English",NA,FALSE,"exploratory"
406,0.51219140772583,0.499052393440848,0.526111625163384,0.248756218905473,NA,NA,FALSE,0.527570800664549,200,2066,33,"gender_agreement","by_session_language","session_2_Mini-English",2,"Mini-English",NA,FALSE,"exploratory"
410,0.504637236675377,0.499262705115773,0.527789704982013,0.412935323383085,NA,NA,FALSE,0.527570800664549,200,2066,33,"gender_agreement","by_session_language","session_2_Mini-English",2,"Mini-English",NA,FALSE,"exploratory"
414,0.501184645848033,0.498567374895425,0.529430200793483,0.462686567164179,NA,NA,FALSE,0.527570800664549,200,2066,33,"gender_agreement","by_session_language","session_2_Mini-English",2,"Mini-English",NA,FALSE,"exploratory"
418,0.488176590512914,0.499086132041883,0.530519417349526,0.696517412935323,NA,NA,FALSE,0.527570800664549,200,2066,33,"gender_agreement","by_session_language","session_2_Mini-English",2,"Mini-English",NA,FALSE,"exploratory"
422,0.493968270058095,0.499572271487085,0.533734316506734,0.616915422885572,NA,NA,FALSE,0.527570800664549,200,2066,33,"gender_agreement","by_session_language","session_2_Mini-English",2,"Mini-English",NA,FALSE,"exploratory"
426,0.499218108236113,0.499982892703142,0.531817988467408,0.522388059701492,NA,NA,FALSE,0.527570800664549,200,2066,33,"gender_agreement","by_session_language","session_2_Mini-English",2,"Mini-English",NA,FALSE,"exploratory"
430,0.502424316563844,0.500001031097528,0.534941921177256,0.442786069651741,NA,NA,FALSE,0.527570800664549,200,2066,33,"gender_agreement","by_session_language","session_2_Mini-English",2,"Mini-English",NA,FALSE,"exploratory"
434,0.50149989044843,0.500029845798568,0.530795954324524,0.462686567164179,NA,NA,FALSE,0.527570800664549,200,2066,33,"gender_agreement","by_session_language","session_2_Mini-English",2,"Mini-English",NA,FALSE,"exploratory"
438,0.503242172342621,0.500728918202829,0.531682081039947,0.447761194029851,NA,NA,FALSE,0.527570800664549,200,2066,33,"gender_agreement","by_session_language","session_2_Mini-English",2,"Mini-English",NA,FALSE,"exploratory"
442,0.496354088354763,0.499975181655996,0.532107668161389,0.601990049751244,NA,NA,FALSE,0.527570800664549,200,2066,33,"gender_agreement","by_session_language","session_2_Mini-English",2,"Mini-English",NA,FALSE,"exploratory"
446,0.489900866438061,0.499032049400365,0.530431919437703,0.751243781094527,NA,NA,FALSE,0.527570800664549,200,2066,33,"gender_agreement","by_session_language","session_2_Mini-English",2,"Mini-English",NA,FALSE,"exploratory"
450,0.50050182127042,0.499492632898164,0.530578519025244,0.497512437810945,NA,NA,FALSE,0.527570800664549,200,2066,33,"gender_agreement","by_session_language","session_2_Mini-English",2,"Mini-English",NA,FALSE,"exploratory"
454,0.510331279588831,0.500422719530697,0.528313159512189,0.293532338308458,NA,NA,FALSE,0.527570800664549,200,2066,33,"gender_agreement","by_session_language","session_2_Mini-English",2,"Mini-English",NA,FALSE,"exploratory"
458,0.511380639727887,0.500077169799366,0.529484662792261,0.258706467661692,NA,NA,FALSE,0.527570800664549,200,2066,33,"gender_agreement","by_session_language","session_2_Mini-English",2,"Mini-English",NA,FALSE,"exploratory"
462,0.515177520619992,0.499822622802675,0.531023045030225,0.189054726368159,NA,NA,FALSE,0.527570800664549,200,2066,33,"gender_agreement","by_session_language","session_2_Mini-English",2,"Mini-English",NA,FALSE,"exploratory"
466,0.5046960188374,0.49928157918941,0.535450730655734,0.417910447761194,NA,NA,FALSE,0.527570800664549,200,2066,33,"gender_agreement","by_session_language","session_2_Mini-English",2,"Mini-English",NA,FALSE,"exploratory"
470,0.500944298205739,0.499329922017528,0.530639823705173,0.45273631840796,NA,NA,FALSE,0.527570800664549,200,2066,33,"gender_agreement","by_session_language","session_2_Mini-English",2,"Mini-English",NA,FALSE,"exploratory"
474,0.489588016056918,0.499445864347542,0.532590224413326,0.716417910447761,NA,NA,FALSE,0.527570800664549,200,2066,33,"gender_agreement","by_session_language","session_2_Mini-English",2,"Mini-English",NA,FALSE,"exploratory"
478,0.492552355174777,0.499942983538172,0.53069520177267,0.646766169154229,NA,NA,FALSE,0.527570800664549,200,2066,33,"gender_agreement","by_session_language","session_2_Mini-English",2,"Mini-English",NA,FALSE,"exploratory"
482,0.47020786227106,0.500414692803708,0.5314819155887,0.945273631840796,NA,NA,FALSE,0.527570800664549,200,2066,33,"gender_agreement","by_session_language","session_2_Mini-English",2,"Mini-English",NA,FALSE,"exploratory"
486,0.464936150924504,0.500414287721657,0.529901727070432,0.970149253731343,NA,NA,FALSE,0.527570800664549,200,2066,33,"gender_agreement","by_session_language","session_2_Mini-English",2,"Mini-English",NA,FALSE,"exploratory"
490,0.466857983446712,0.500931106371505,0.534182941071555,0.970149253731343,NA,NA,FALSE,0.527570800664549,200,2066,33,"gender_agreement","by_session_language","session_2_Mini-English",2,"Mini-English",NA,FALSE,"exploratory"
494,0.480561662746003,0.50077595351833,0.532180116864888,0.860696517412935,NA,NA,FALSE,0.527570800664549,200,2066,33,"gender_agreement","by_session_language","session_2_Mini-English",2,"Mini-English",NA,FALSE,"exploratory"
498,0.488677590151193,0.500451705362158,0.532671496732663,0.746268656716418,NA,NA,FALSE,0.527570800664549,200,2066,33,"gender_agreement","by_session_language","session_2_Mini-English",2,"Mini-English",NA,FALSE,"exploratory"
502,0.497003299049851,0.500087570998238,0.530144412870165,0.582089552238806,NA,NA,FALSE,0.527570800664549,200,2066,33,"gender_agreement","by_session_language","session_2_Mini-English",2,"Mini-English",NA,FALSE,"exploratory"
506,0.502776741861498,0.499221513170926,0.529382032249954,0.45273631840796,NA,NA,FALSE,0.527570800664549,200,2066,33,"gender_agreement","by_session_language","session_2_Mini-English",2,"Mini-English",NA,FALSE,"exploratory"
510,0.506123304259697,0.499054044431752,0.529101154978342,0.36318407960199,NA,NA,FALSE,0.527570800664549,200,2066,33,"gender_agreement","by_session_language","session_2_Mini-English",2,"Mini-English",NA,FALSE,"exploratory"
514,0.503801410627925,0.499003675487005,0.527166038909985,0.398009950248756,NA,NA,FALSE,0.527570800664549,200,2066,33,"gender_agreement","by_session_language","session_2_Mini-English",2,"Mini-English",NA,FALSE,"exploratory"
518,0.496244169453291,0.499293504242485,0.529561189839518,0.567164179104478,NA,NA,FALSE,0.527570800664549,200,2066,33,"gender_agreement","by_session_language","session_2_Mini-English",2,"Mini-English",NA,FALSE,"exploratory"
522,0.489500943299449,0.498323972871515,0.531624300577484,0.736318407960199,NA,NA,FALSE,0.527570800664549,200,2066,33,"gender_agreement","by_session_language","session_2_Mini-English",2,"Mini-English",NA,FALSE,"exploratory"
526,0.489393832359762,0.49869428325698,0.528585615897964,0.711442786069652,NA,NA,FALSE,0.527570800664549,200,2066,33,"gender_agreement","by_session_language","session_2_Mini-English",2,"Mini-English",NA,FALSE,"exploratory"
530,0.493879003658293,0.498781316787685,0.531195082045253,0.656716417910448,NA,NA,FALSE,0.527570800664549,200,2066,33,"gender_agreement","by_session_language","session_2_Mini-English",2,"Mini-English",NA,FALSE,"exploratory"
534,0.505470322359104,0.498739512316085,0.532691182178827,0.343283582089552,NA,NA,FALSE,0.527570800664549,200,2066,33,"gender_agreement","by_session_language","session_2_Mini-English",2,"Mini-English",NA,FALSE,"exploratory"
538,0.520179987344662,0.499115444931957,0.533209654079285,0.124378109452736,NA,NA,FALSE,0.527570800664549,200,2066,33,"gender_agreement","by_session_language","session_2_Mini-English",2,"Mini-English",NA,FALSE,"exploratory"
542,0.513535571790728,0.499214038378567,0.531293426609437,0.208955223880597,NA,NA,FALSE,0.527570800664549,200,2066,33,"gender_agreement","by_session_language","session_2_Mini-English",2,"Mini-English",NA,FALSE,"exploratory"
546,0.495909539364325,0.499061466588437,0.53012438889875,0.587064676616915,NA,NA,FALSE,0.527570800664549,200,2066,33,"gender_agreement","by_session_language","session_2_Mini-English",2,"Mini-English",NA,FALSE,"exploratory"
550,0.4886260540633,0.500448270060407,0.530840442643414,0.766169154228856,NA,NA,FALSE,0.527570800664549,200,2066,33,"gender_agreement","by_session_language","session_2_Mini-English",2,"Mini-English",NA,FALSE,"exploratory"
554,0.492948059482124,0.50053567233812,0.533632922510297,0.666666666666667,NA,NA,FALSE,0.527570800664549,200,2066,33,"gender_agreement","by_session_language","session_2_Mini-English",2,"Mini-English",NA,FALSE,"exploratory"
558,0.504346395403137,0.50068642449174,0.531116746903823,0.398009950248756,NA,NA,FALSE,0.527570800664549,200,2066,33,"gender_agreement","by_session_language","session_2_Mini-English",2,"Mini-English",NA,FALSE,"exploratory"
562,0.503017346667299,0.500588778721234,0.533779657107221,0.45273631840796,NA,NA,FALSE,0.527570800664549,200,2066,33,"gender_agreement","by_session_language","session_2_Mini-English",2,"Mini-English",NA,FALSE,"exploratory"
566,0.491865950533382,0.500103077269822,0.529911588959256,0.701492537313433,NA,NA,FALSE,0.527570800664549,200,2066,33,"gender_agreement","by_session_language","session_2_Mini-English",2,"Mini-English",NA,FALSE,"exploratory"
570,0.498145544074413,0.500548061439676,0.528481191490826,0.592039800995025,NA,NA,FALSE,0.527570800664549,200,2066,33,"gender_agreement","by_session_language","session_2_Mini-English",2,"Mini-English",NA,FALSE,"exploratory"
574,0.492239743365663,0.501255487988669,0.527630070720207,0.706467661691542,NA,NA,FALSE,0.527570800664549,200,2066,33,"gender_agreement","by_session_language","session_2_Mini-English",2,"Mini-English",NA,FALSE,"exploratory"
578,0.511835754737941,0.499946862788568,0.52733820169004,0.27363184079602,NA,NA,FALSE,0.527570800664549,200,2066,33,"gender_agreement","by_session_language","session_2_Mini-English",2,"Mini-English",NA,FALSE,"exploratory"
582,0.509388452888578,0.499373313916898,0.529774299673268,0.26865671641791,NA,NA,FALSE,0.527570800664549,200,2066,33,"gender_agreement","by_session_language","session_2_Mini-English",2,"Mini-English",NA,FALSE,"exploratory"
586,0.519862427115869,0.498859976931,0.529341594618752,0.0995024875621891,NA,NA,FALSE,0.527570800664549,200,2066,33,"gender_agreement","by_session_language","session_2_Mini-English",2,"Mini-English",NA,FALSE,"exploratory"
590,0.512683783342971,0.499323351427616,0.529324119735992,0.218905472636816,NA,NA,FALSE,0.527570800664549,200,2066,33,"gender_agreement","by_session_language","session_2_Mini-English",2,"Mini-English",NA,FALSE,"exploratory"
594,0.519732581643857,0.499965329694556,0.53150345970732,0.149253731343284,NA,NA,FALSE,0.527570800664549,200,2066,33,"gender_agreement","by_session_language","session_2_Mini-English",2,"Mini-English",NA,FALSE,"exploratory"
598,0.522259185141032,0.498428975614687,0.525617741414688,0.0597014925373134,NA,NA,FALSE,0.527570800664549,200,2066,33,"gender_agreement","by_session_language","session_2_Mini-English",2,"Mini-English",NA,FALSE,"exploratory"
602,0.519094851741941,0.497558863217498,0.530038888914726,0.0945273631840796,NA,NA,FALSE,0.527570800664549,200,2066,33,"gender_agreement","by_session_language","session_2_Mini-English",2,"Mini-English",NA,FALSE,"exploratory"
606,0.527536285829756,0.497314114410018,0.531120605735693,0.0398009950248756,NA,NA,FALSE,0.527570800664549,200,2066,33,"gender_agreement","by_session_language","session_2_Mini-English",2,"Mini-English",NA,FALSE,"exploratory"
610,0.523413343169871,0.497710635252001,0.524883710002059,0.0447761194029851,NA,NA,FALSE,0.527570800664549,200,2066,33,"gender_agreement","by_session_language","session_2_Mini-English",2,"Mini-English",NA,FALSE,"exploratory"
614,0.522534686909049,0.498570813367675,0.526698311284953,0.0646766169154229,NA,NA,FALSE,0.527570800664549,200,2066,33,"gender_agreement","by_session_language","session_2_Mini-English",2,"Mini-English",NA,FALSE,"exploratory"
618,0.516102215104084,0.498691575977216,0.527380645211281,0.174129353233831,NA,NA,FALSE,0.527570800664549,200,2066,33,"gender_agreement","by_session_language","session_2_Mini-English",2,"Mini-English",NA,FALSE,"exploratory"
622,0.519548483598836,0.499855390033177,0.533763288332157,0.0995024875621891,NA,NA,FALSE,0.527570800664549,200,2066,33,"gender_agreement","by_session_language","session_2_Mini-English",2,"Mini-English",NA,FALSE,"exploratory"
626,0.523918563683177,0.49986767599507,0.530400627723599,0.0646766169154229,NA,NA,FALSE,0.527570800664549,200,2066,33,"gender_agreement","by_session_language","session_2_Mini-English",2,"Mini-English",NA,FALSE,"exploratory"
630,0.526714216471462,0.500381340710111,0.529787821161358,0.0497512437810945,NA,NA,FALSE,0.527570800664549,200,2066,33,"gender_agreement","by_session_language","session_2_Mini-English",2,"Mini-English",NA,FALSE,"exploratory"
634,0.521133301122816,0.50014219465902,0.531538089975506,0.0995024875621891,NA,NA,FALSE,0.527570800664549,200,2066,33,"gender_agreement","by_session_language","session_2_Mini-English",2,"Mini-English",NA,FALSE,"exploratory"
638,0.512344712737156,0.500103707009643,0.534726192169594,0.218905472636816,NA,NA,FALSE,0.527570800664549,200,2066,33,"gender_agreement","by_session_language","session_2_Mini-English",2,"Mini-English",NA,FALSE,"exploratory"
642,0.498828075210527,0.499593510914356,0.532440850185508,0.557213930348259,NA,NA,FALSE,0.527570800664549,200,2066,33,"gender_agreement","by_session_language","session_2_Mini-English",2,"Mini-English",NA,FALSE,"exploratory"
646,0.499106122318488,0.500442149105996,0.532775133685313,0.562189054726368,NA,NA,FALSE,0.527570800664549,200,2066,33,"gender_agreement","by_session_language","session_2_Mini-English",2,"Mini-English",NA,FALSE,"exploratory"
650,0.499186156177595,0.500388808063123,0.533125572419462,0.562189054726368,NA,NA,FALSE,0.527570800664549,200,2066,33,"gender_agreement","by_session_language","session_2_Mini-English",2,"Mini-English",NA,FALSE,"exploratory"
654,0.505877135981528,0.499866360359964,0.532234968350887,0.383084577114428,NA,NA,FALSE,0.527570800664549,200,2066,33,"gender_agreement","by_session_language","session_2_Mini-English",2,"Mini-English",NA,FALSE,"exploratory"
658,0.509322181592829,0.499663841293156,0.532369249768739,0.298507462686567,NA,NA,FALSE,0.527570800664549,200,2066,33,"gender_agreement","by_session_language","session_2_Mini-English",2,"Mini-English",NA,FALSE,"exploratory"
662,0.502965159878019,0.499995478862056,0.535400994502925,0.45273631840796,NA,NA,FALSE,0.527570800664549,200,2066,33,"gender_agreement","by_session_language","session_2_Mini-English",2,"Mini-English",NA,FALSE,"exploratory"
666,0.511415261574444,0.500388480739627,0.533715615536135,0.278606965174129,NA,NA,FALSE,0.527570800664549,200,2066,33,"gender_agreement","by_session_language","session_2_Mini-English",2,"Mini-English",NA,FALSE,"exploratory"
670,0.508393776779912,0.500404531163533,0.535212715056709,0.323383084577114,NA,NA,FALSE,0.527570800664549,200,2066,33,"gender_agreement","by_session_language","session_2_Mini-English",2,"Mini-English",NA,FALSE,"exploratory"
674,0.514252712071735,0.499998414890708,0.532794101474861,0.189054726368159,NA,NA,FALSE,0.527570800664549,200,2066,33,"gender_agreement","by_session_language","session_2_Mini-English",2,"Mini-English",NA,FALSE,"exploratory"
678,0.499304888950304,0.500222342040739,0.532191913794826,0.517412935323383,NA,NA,FALSE,0.527570800664549,200,2066,33,"gender_agreement","by_session_language","session_2_Mini-English",2,"Mini-English",NA,FALSE,"exploratory"
682,0.484446889419982,0.499860566663564,0.531752415493099,0.850746268656716,NA,NA,FALSE,0.527570800664549,200,2066,33,"gender_agreement","by_session_language","session_2_Mini-English",2,"Mini-English",NA,FALSE,"exploratory"
686,0.497121676603146,0.499287574674311,0.532583239040851,0.557213930348259,NA,NA,FALSE,0.527570800664549,200,2066,33,"gender_agreement","by_session_language","session_2_Mini-English",2,"Mini-English",NA,FALSE,"exploratory"
690,0.495678668445455,0.499418868427928,0.528367098846574,0.587064676616915,NA,NA,FALSE,0.527570800664549,200,2066,33,"gender_agreement","by_session_language","session_2_Mini-English",2,"Mini-English",NA,FALSE,"exploratory"
694,0.510107714620109,0.498957250308409,0.525758311742614,0.248756218905473,NA,NA,FALSE,0.527570800664549,200,2066,33,"gender_agreement","by_session_language","session_2_Mini-English",2,"Mini-English",NA,FALSE,"exploratory"
698,0.504076564121901,0.499107300447987,0.526986417823938,0.383084577114428,NA,NA,FALSE,0.527570800664549,200,2066,33,"gender_agreement","by_session_language","session_2_Mini-English",2,"Mini-English",NA,FALSE,"exploratory"
702,0.497918553658997,0.49963069953577,0.530084954393838,0.572139303482587,NA,NA,FALSE,0.527570800664549,200,2066,33,"gender_agreement","by_session_language","session_2_Mini-English",2,"Mini-English",NA,FALSE,"exploratory"
706,0.497688892951579,0.500062561067213,0.532055331206292,0.562189054726368,NA,NA,FALSE,0.527570800664549,200,2066,33,"gender_agreement","by_session_language","session_2_Mini-English",2,"Mini-English",NA,FALSE,"exploratory"
710,0.504833356592508,0.500162667293521,0.531936251431556,0.398009950248756,NA,NA,FALSE,0.527570800664549,200,2066,33,"gender_agreement","by_session_language","session_2_Mini-English",2,"Mini-English",NA,FALSE,"exploratory"
714,0.522318463016405,0.499284741593304,0.535921902125991,0.0995024875621891,NA,NA,FALSE,0.527570800664549,200,2066,33,"gender_agreement","by_session_language","session_2_Mini-English",2,"Mini-English",NA,FALSE,"exploratory"
718,0.52258137018904,0.498666034015638,0.537175625061706,0.104477611940299,NA,NA,FALSE,0.527570800664549,200,2066,33,"gender_agreement","by_session_language","session_2_Mini-English",2,"Mini-English",NA,FALSE,"exploratory"
722,0.517303610292045,0.498554629075294,0.533384457145968,0.154228855721393,NA,NA,FALSE,0.527570800664549,200,2066,33,"gender_agreement","by_session_language","session_2_Mini-English",2,"Mini-English",NA,FALSE,"exploratory"
726,0.512763253356095,0.498940815540769,0.526817305669461,0.218905472636816,NA,NA,FALSE,0.527570800664549,200,2066,33,"gender_agreement","by_session_language","session_2_Mini-English",2,"Mini-English",NA,FALSE,"exploratory"
730,0.518535945870409,0.499310775206265,0.52715993238746,0.129353233830846,NA,NA,FALSE,0.527570800664549,200,2066,33,"gender_agreement","by_session_language","session_2_Mini-English",2,"Mini-English",NA,FALSE,"exploratory"
734,0.526479212804853,0.500319304804715,0.529135041389912,0.054726368159204,NA,NA,FALSE,0.527570800664549,200,2066,33,"gender_agreement","by_session_language","session_2_Mini-English",2,"Mini-English",NA,FALSE,"exploratory"
738,0.524829665715955,0.500182790613733,0.53401651743438,0.0746268656716418,NA,NA,FALSE,0.527570800664549,200,2066,33,"gender_agreement","by_session_language","session_2_Mini-English",2,"Mini-English",NA,FALSE,"exploratory"
742,0.52269657724859,0.499769242946399,0.529323405071067,0.0845771144278607,NA,NA,FALSE,0.527570800664549,200,2066,33,"gender_agreement","by_session_language","session_2_Mini-English",2,"Mini-English",NA,FALSE,"exploratory"
746,0.533431712930012,0.499241318111421,0.529601231649638,0.0199004975124378,4,0.865671641791045,FALSE,0.527570800664549,200,2066,33,"gender_agreement","by_session_language","session_2_Mini-English",2,"Mini-English",NA,FALSE,"exploratory"
750,0.519695637622613,0.49804363716196,0.528349420491453,0.0895522388059701,NA,NA,FALSE,0.527570800664549,200,2066,33,"gender_agreement","by_session_language","session_2_Mini-English",2,"Mini-English",NA,FALSE,"exploratory"
754,0.522213217115086,0.497855769291364,0.529644309190498,0.0696517412935323,NA,NA,FALSE,0.527570800664549,200,2066,33,"gender_agreement","by_session_language","session_2_Mini-English",2,"Mini-English",NA,FALSE,"exploratory"
758,0.533551691364159,0.498007160624395,0.52714644318705,0.00497512437810945,5,0.388059701492537,FALSE,0.527570800664549,200,2066,33,"gender_agreement","by_session_language","session_2_Mini-English",2,"Mini-English",NA,FALSE,"exploratory"
762,0.540233057978416,0.497672504784177,0.528644013714056,0.00497512437810945,5,0.388059701492537,FALSE,0.527570800664549,200,2066,33,"gender_agreement","by_session_language","session_2_Mini-English",2,"Mini-English",NA,FALSE,"exploratory"
766,0.537510882583106,0.498466841745634,0.529981535948802,0.0199004975124378,5,0.388059701492537,FALSE,0.527570800664549,200,2066,33,"gender_agreement","by_session_language","session_2_Mini-English",2,"Mini-English",NA,FALSE,"exploratory"
770,0.533362890217394,0.497971076352603,0.531566592805487,0.0199004975124378,5,0.388059701492537,FALSE,0.527570800664549,200,2066,33,"gender_agreement","by_session_language","session_2_Mini-English",2,"Mini-English",NA,FALSE,"exploratory"
774,0.528389487809383,0.498321642456225,0.532504335120304,0.0597014925373134,5,0.388059701492537,FALSE,0.527570800664549,200,2066,33,"gender_agreement","by_session_language","session_2_Mini-English",2,"Mini-English",NA,FALSE,"exploratory"
778,0.526679404373252,0.498269967724437,0.530437095309347,0.054726368159204,NA,NA,FALSE,0.527570800664549,200,2066,33,"gender_agreement","by_session_language","session_2_Mini-English",2,"Mini-English",NA,FALSE,"exploratory"
782,0.516602154157223,0.499552585828728,0.52944183036814,0.134328358208955,NA,NA,FALSE,0.527570800664549,200,2066,33,"gender_agreement","by_session_language","session_2_Mini-English",2,"Mini-English",NA,FALSE,"exploratory"
786,0.525411958848506,0.499939019451076,0.53011150464726,0.0646766169154229,NA,NA,FALSE,0.527570800664549,200,2066,33,"gender_agreement","by_session_language","session_2_Mini-English",2,"Mini-English",NA,FALSE,"exploratory"
790,0.535233932672407,0.500979078514455,0.528726342151292,0.0199004975124378,6,0.358208955223881,FALSE,0.527570800664549,200,2066,33,"gender_agreement","by_session_language","session_2_Mini-English",2,"Mini-English",NA,FALSE,"exploratory"
794,0.529928525398677,0.499911099687051,0.528763410562715,0.0248756218905473,6,0.358208955223881,FALSE,0.527570800664549,200,2066,33,"gender_agreement","by_session_language","session_2_Mini-English",2,"Mini-English",NA,FALSE,"exploratory"
798,0.53619003550438,0.498530918448616,0.52759575404832,0.0149253731343284,6,0.358208955223881,FALSE,0.527570800664549,200,2066,33,"gender_agreement","by_session_language","session_2_Mini-English",2,"Mini-English",NA,FALSE,"exploratory"
802,0.540710575023433,0.498907619923657,0.531024269311747,0.00995024875621891,6,0.358208955223881,FALSE,0.527570800664549,200,2066,33,"gender_agreement","by_session_language","session_2_Mini-English",2,"Mini-English",NA,FALSE,"exploratory"
806,0.533430062144494,0.49891242981615,0.530363765127041,0.0149253731343284,6,0.358208955223881,FALSE,0.527570800664549,200,2066,33,"gender_agreement","by_session_language","session_2_Mini-English",2,"Mini-English",NA,FALSE,"exploratory"
810,0.515603405578029,0.500294842353999,0.528991953746687,0.174129353233831,NA,NA,FALSE,0.527570800664549,200,2066,33,"gender_agreement","by_session_language","session_2_Mini-English",2,"Mini-English",NA,FALSE,"exploratory"
814,0.505996179931072,0.500449399361318,0.535118293507839,0.368159203980099,NA,NA,FALSE,0.527570800664549,200,2066,33,"gender_agreement","by_session_language","session_2_Mini-English",2,"Mini-English",NA,FALSE,"exploratory"
818,0.503140400088804,0.500438378860243,0.535712396826582,0.442786069651741,NA,NA,FALSE,0.527570800664549,200,2066,33,"gender_agreement","by_session_language","session_2_Mini-English",2,"Mini-English",NA,FALSE,"exploratory"
822,0.502143995906181,0.500335855073642,0.532785428850799,0.45273631840796,NA,NA,FALSE,0.527570800664549,200,2066,33,"gender_agreement","by_session_language","session_2_Mini-English",2,"Mini-English",NA,FALSE,"exploratory"
826,0.494553269970699,0.500778799904726,0.530697073973394,0.63681592039801,NA,NA,FALSE,0.527570800664549,200,2066,33,"gender_agreement","by_session_language","session_2_Mini-English",2,"Mini-English",NA,FALSE,"exploratory"
830,0.494886706679253,0.500204140740465,0.530734869333466,0.611940298507463,NA,NA,FALSE,0.527570800664549,200,2066,33,"gender_agreement","by_session_language","session_2_Mini-English",2,"Mini-English",NA,FALSE,"exploratory"
834,0.497334473348324,0.49903092193253,0.532702982477844,0.587064676616915,NA,NA,FALSE,0.527570800664549,200,2066,33,"gender_agreement","by_session_language","session_2_Mini-English",2,"Mini-English",NA,FALSE,"exploratory"
838,0.492242159933221,0.499051277443922,0.530708932146224,0.706467661691542,NA,NA,FALSE,0.527570800664549,200,2066,33,"gender_agreement","by_session_language","session_2_Mini-English",2,"Mini-English",NA,FALSE,"exploratory"
842,0.506580483306052,0.499523206518596,0.532422897521967,0.338308457711443,NA,NA,FALSE,0.527570800664549,200,2066,33,"gender_agreement","by_session_language","session_2_Mini-English",2,"Mini-English",NA,FALSE,"exploratory"
846,0.513891930514403,0.499979827200701,0.532591726229868,0.213930348258706,NA,NA,FALSE,0.527570800664549,200,2066,33,"gender_agreement","by_session_language","session_2_Mini-English",2,"Mini-English",NA,FALSE,"exploratory"
850,0.521861283227496,0.500711047209508,0.535993837714633,0.0895522388059701,NA,NA,FALSE,0.527570800664549,200,2066,33,"gender_agreement","by_session_language","session_2_Mini-English",2,"Mini-English",NA,FALSE,"exploratory"
854,0.517398273500682,0.500916343706727,0.529101849982485,0.149253731343284,NA,NA,FALSE,0.527570800664549,200,2066,33,"gender_agreement","by_session_language","session_2_Mini-English",2,"Mini-English",NA,FALSE,"exploratory"
858,0.521648759900651,0.500315992525743,0.532633109888621,0.109452736318408,NA,NA,FALSE,0.527570800664549,200,2066,33,"gender_agreement","by_session_language","session_2_Mini-English",2,"Mini-English",NA,FALSE,"exploratory"
862,0.531574067309054,0.501272244652204,0.536855089507268,0.0398009950248756,7,0.527363184079602,FALSE,0.527570800664549,200,2066,33,"gender_agreement","by_session_language","session_2_Mini-English",2,"Mini-English",NA,FALSE,"exploratory"
866,0.54186778934395,0.50062707948536,0.536510312090034,0.0149253731343284,7,0.527363184079602,FALSE,0.527570800664549,200,2066,33,"gender_agreement","by_session_language","session_2_Mini-English",2,"Mini-English",NA,FALSE,"exploratory"
870,0.534606682352586,0.501158017833462,0.537104607552313,0.0348258706467662,7,0.527363184079602,FALSE,0.527570800664549,200,2066,33,"gender_agreement","by_session_language","session_2_Mini-English",2,"Mini-English",NA,FALSE,"exploratory"
874,0.515779334565771,0.500976284170477,0.533748628778903,0.213930348258706,NA,NA,FALSE,0.527570800664549,200,2066,33,"gender_agreement","by_session_language","session_2_Mini-English",2,"Mini-English",NA,FALSE,"exploratory"
878,0.499255649628262,0.500042625107052,0.530223267912646,0.552238805970149,NA,NA,FALSE,0.527570800664549,200,2066,33,"gender_agreement","by_session_language","session_2_Mini-English",2,"Mini-English",NA,FALSE,"exploratory"
882,0.500344583264543,0.499859428235558,0.530141453396377,0.527363184079602,NA,NA,FALSE,0.527570800664549,200,2066,33,"gender_agreement","by_session_language","session_2_Mini-English",2,"Mini-English",NA,FALSE,"exploratory"
886,0.506519370213074,0.499417442048166,0.530055729614129,0.368159203980099,NA,NA,FALSE,0.527570800664549,200,2066,33,"gender_agreement","by_session_language","session_2_Mini-English",2,"Mini-English",NA,FALSE,"exploratory"
890,0.523819493475899,0.498997052263622,0.530322021750263,0.0746268656716418,NA,NA,FALSE,0.527570800664549,200,2066,33,"gender_agreement","by_session_language","session_2_Mini-English",2,"Mini-English",NA,FALSE,"exploratory"
894,0.550136408091745,0.498390924252857,0.528762254223479,0.00497512437810945,8,0.0995024875621891,FALSE,0.527570800664549,200,2066,33,"gender_agreement","by_session_language","session_2_Mini-English",2,"Mini-English",NA,FALSE,"exploratory"
898,0.55994660727045,0.497916870988019,0.532713912340163,0.00497512437810945,8,0.0995024875621891,FALSE,0.527570800664549,200,2066,33,"gender_agreement","by_session_language","session_2_Mini-English",2,"Mini-English",NA,FALSE,"exploratory"
902,0.546427307422211,0.498546053764756,0.535107601967664,0.00497512437810945,8,0.0995024875621891,FALSE,0.527570800664549,200,2066,33,"gender_agreement","by_session_language","session_2_Mini-English",2,"Mini-English",NA,FALSE,"exploratory"
906,0.541381328461808,0.498318391872829,0.531543383765621,0.00497512437810945,8,0.0995024875621891,FALSE,0.527570800664549,200,2066,33,"gender_agreement","by_session_language","session_2_Mini-English",2,"Mini-English",NA,FALSE,"exploratory"
910,0.529855917245582,0.498966918898671,0.531048821619258,0.0348258706467662,8,0.0995024875621891,FALSE,0.527570800664549,200,2066,33,"gender_agreement","by_session_language","session_2_Mini-English",2,"Mini-English",NA,FALSE,"exploratory"
914,0.522869900328444,0.499245446924726,0.534845440487949,0.0945273631840796,NA,NA,FALSE,0.527570800664549,200,2066,33,"gender_agreement","by_session_language","session_2_Mini-English",2,"Mini-English",NA,FALSE,"exploratory"
918,0.522486083776437,0.499347025536092,0.534899747438788,0.0845771144278607,NA,NA,FALSE,0.527570800664549,200,2066,33,"gender_agreement","by_session_language","session_2_Mini-English",2,"Mini-English",NA,FALSE,"exploratory"
922,0.508472906034282,0.500726950909339,0.5326253769988,0.333333333333333,NA,NA,FALSE,0.527570800664549,200,2066,33,"gender_agreement","by_session_language","session_2_Mini-English",2,"Mini-English",NA,FALSE,"exploratory"
926,0.503966462013767,0.500489631520102,0.53661716689646,0.402985074626866,NA,NA,FALSE,0.527570800664549,200,2066,33,"gender_agreement","by_session_language","session_2_Mini-English",2,"Mini-English",NA,FALSE,"exploratory"
930,0.51173833046306,0.499992245366715,0.534757893820348,0.238805970149254,NA,NA,FALSE,0.527570800664549,200,2066,33,"gender_agreement","by_session_language","session_2_Mini-English",2,"Mini-English",NA,FALSE,"exploratory"
934,0.52902666228532,0.500628944385633,0.530491401554401,0.0497512437810945,9,0.945273631840796,FALSE,0.527570800664549,200,2066,33,"gender_agreement","by_session_language","session_2_Mini-English",2,"Mini-English",NA,FALSE,"exploratory"
938,0.520478763396844,0.500178909607137,0.527901710466112,0.109452736318408,NA,NA,FALSE,0.527570800664549,200,2066,33,"gender_agreement","by_session_language","session_2_Mini-English",2,"Mini-English",NA,FALSE,"exploratory"
942,0.510854777833402,0.499936380803023,0.529989519288053,0.258706467661692,NA,NA,FALSE,0.527570800664549,200,2066,33,"gender_agreement","by_session_language","session_2_Mini-English",2,"Mini-English",NA,FALSE,"exploratory"
946,0.509123847935258,0.500183733677913,0.5292837831864,0.298507462686567,NA,NA,FALSE,0.527570800664549,200,2066,33,"gender_agreement","by_session_language","session_2_Mini-English",2,"Mini-English",NA,FALSE,"exploratory"
950,0.508312116877253,0.500089218927048,0.530142838530516,0.343283582089552,NA,NA,FALSE,0.527570800664549,200,2066,33,"gender_agreement","by_session_language","session_2_Mini-English",2,"Mini-English",NA,FALSE,"exploratory"
954,0.51068619819344,0.499221345264698,0.531220179909043,0.283582089552239,NA,NA,FALSE,0.527570800664549,200,2066,33,"gender_agreement","by_session_language","session_2_Mini-English",2,"Mini-English",NA,FALSE,"exploratory"
958,0.524778694670325,0.498257827447102,0.533008355442236,0.0895522388059701,NA,NA,FALSE,0.527570800664549,200,2066,33,"gender_agreement","by_session_language","session_2_Mini-English",2,"Mini-English",NA,FALSE,"exploratory"
962,0.538764889263064,0.498618668030387,0.536116167451347,0.0298507462686567,10,0.751243781094527,FALSE,0.527570800664549,200,2066,33,"gender_agreement","by_session_language","session_2_Mini-English",2,"Mini-English",NA,FALSE,"exploratory"
966,0.529055820103239,0.498423163983664,0.535944241092344,0.0447761194029851,10,0.751243781094527,FALSE,0.527570800664549,200,2066,33,"gender_agreement","by_session_language","session_2_Mini-English",2,"Mini-English",NA,FALSE,"exploratory"
970,0.51808386245988,0.498329492568575,0.525894020903286,0.124378109452736,NA,NA,FALSE,0.527570800664549,200,2066,33,"gender_agreement","by_session_language","session_2_Mini-English",2,"Mini-English",NA,FALSE,"exploratory"
974,0.510769113249525,0.497781299610062,0.529789211586693,0.218905472636816,NA,NA,FALSE,0.527570800664549,200,2066,33,"gender_agreement","by_session_language","session_2_Mini-English",2,"Mini-English",NA,FALSE,"exploratory"
978,0.5149559685275,0.497888626707449,0.531994656391149,0.164179104477612,NA,NA,FALSE,0.527570800664549,200,2066,33,"gender_agreement","by_session_language","session_2_Mini-English",2,"Mini-English",NA,FALSE,"exploratory"
982,0.518470770809946,0.498321806633532,0.535693213517336,0.129353233830846,NA,NA,FALSE,0.527570800664549,200,2066,33,"gender_agreement","by_session_language","session_2_Mini-English",2,"Mini-English",NA,FALSE,"exploratory"
986,0.5142824776541,0.498138719865616,0.529011039146526,0.18407960199005,NA,NA,FALSE,0.527570800664549,200,2066,33,"gender_agreement","by_session_language","session_2_Mini-English",2,"Mini-English",NA,FALSE,"exploratory"
990,0.512783436251449,0.498155421224361,0.533618873427865,0.199004975124378,NA,NA,FALSE,0.527570800664549,200,2066,33,"gender_agreement","by_session_language","session_2_Mini-English",2,"Mini-English",NA,FALSE,"exploratory"
994,0.531868913895066,0.499081388383406,0.537197020054965,0.0497512437810945,11,0.283582089552239,FALSE,0.527570800664549,200,2066,33,"gender_agreement","by_session_language","session_2_Mini-English",2,"Mini-English",NA,FALSE,"exploratory"
998,0.539749459632524,0.500505379857239,0.535905379533152,0.0248756218905473,11,0.283582089552239,FALSE,0.527570800664549,200,2066,33,"gender_agreement","by_session_language","session_2_Mini-English",2,"Mini-English",NA,FALSE,"exploratory"
1002,0.535286351690262,0.500686947326505,0.535359589515418,0.0348258706467662,11,0.283582089552239,FALSE,0.527570800664549,200,2066,33,"gender_agreement","by_session_language","session_2_Mini-English",2,"Mini-English",NA,FALSE,"exploratory"
1006,0.536628993938292,0.50087305327634,0.536056881048808,0.0248756218905473,11,0.283582089552239,FALSE,0.527570800664549,200,2066,33,"gender_agreement","by_session_language","session_2_Mini-English",2,"Mini-English",NA,FALSE,"exploratory"
1010,0.539542626466028,0.499877853485965,0.53132424802637,0.00995024875621891,11,0.283582089552239,FALSE,0.527570800664549,200,2066,33,"gender_agreement","by_session_language","session_2_Mini-English",2,"Mini-English",NA,FALSE,"exploratory"
1014,0.527478702972258,0.500617635246621,0.531148025243496,0.0597014925373134,NA,NA,FALSE,0.527570800664549,200,2066,33,"gender_agreement","by_session_language","session_2_Mini-English",2,"Mini-English",NA,FALSE,"exploratory"
1018,0.529190549426885,0.501220314369824,0.530159148457263,0.0348258706467662,12,0.940298507462687,FALSE,0.527570800664549,200,2066,33,"gender_agreement","by_session_language","session_2_Mini-English",2,"Mini-English",NA,FALSE,"exploratory"
1022,0.524011027037855,0.500782034299747,0.531433652516452,0.104477611940299,NA,NA,FALSE,0.527570800664549,200,2066,33,"gender_agreement","by_session_language","session_2_Mini-English",2,"Mini-English",NA,FALSE,"exploratory"
1026,0.52763118931107,0.500248486989396,0.533480103978462,0.0597014925373134,13,0.0845771144278607,FALSE,0.527570800664549,200,2066,33,"gender_agreement","by_session_language","session_2_Mini-English",2,"Mini-English",NA,FALSE,"exploratory"
1030,0.535978418452529,0.500061257603981,0.53060279364088,0.0149253731343284,13,0.0845771144278607,FALSE,0.527570800664549,200,2066,33,"gender_agreement","by_session_language","session_2_Mini-English",2,"Mini-English",NA,FALSE,"exploratory"
1034,0.542296896718789,0.500173924953904,0.530217558473076,0.00497512437810945,13,0.0845771144278607,FALSE,0.527570800664549,200,2066,33,"gender_agreement","by_session_language","session_2_Mini-English",2,"Mini-English",NA,FALSE,"exploratory"
1038,0.544530366250708,0.50011345551393,0.533915486606869,0.00995024875621891,13,0.0845771144278607,FALSE,0.527570800664549,200,2066,33,"gender_agreement","by_session_language","session_2_Mini-English",2,"Mini-English",NA,FALSE,"exploratory"
1042,0.552081165838843,0.499338186868236,0.536922059865874,0.00497512437810945,13,0.0845771144278607,FALSE,0.527570800664549,200,2066,33,"gender_agreement","by_session_language","session_2_Mini-English",2,"Mini-English",NA,FALSE,"exploratory"
1046,0.539884220247367,0.49936819906084,0.535668915189048,0.0149253731343284,13,0.0845771144278607,FALSE,0.527570800664549,200,2066,33,"gender_agreement","by_session_language","session_2_Mini-English",2,"Mini-English",NA,FALSE,"exploratory"
1050,0.531474176351198,0.499655245069994,0.533416093356043,0.0447761194029851,13,0.0845771144278607,FALSE,0.527570800664549,200,2066,33,"gender_agreement","by_session_language","session_2_Mini-English",2,"Mini-English",NA,FALSE,"exploratory"
1054,0.533716620942654,0.499693763100033,0.532133960672657,0.0199004975124378,13,0.0845771144278607,FALSE,0.527570800664549,200,2066,33,"gender_agreement","by_session_language","session_2_Mini-English",2,"Mini-English",NA,FALSE,"exploratory"
1058,0.534187752765624,0.501323411424301,0.531722956433006,0.0248756218905473,13,0.0845771144278607,FALSE,0.527570800664549,200,2066,33,"gender_agreement","by_session_language","session_2_Mini-English",2,"Mini-English",NA,FALSE,"exploratory"
1062,0.518418821153456,0.501796420863577,0.532153829383401,0.199004975124378,NA,NA,FALSE,0.527570800664549,200,2066,33,"gender_agreement","by_session_language","session_2_Mini-English",2,"Mini-English",NA,FALSE,"exploratory"
1066,0.510872379429523,0.502399261390504,0.531239740069814,0.343283582089552,NA,NA,FALSE,0.527570800664549,200,2066,33,"gender_agreement","by_session_language","session_2_Mini-English",2,"Mini-English",NA,FALSE,"exploratory"
1070,0.521704933666533,0.501240289603042,0.53349123090664,0.104477611940299,NA,NA,FALSE,0.527570800664549,200,2066,33,"gender_agreement","by_session_language","session_2_Mini-English",2,"Mini-English",NA,FALSE,"exploratory"
1074,0.527747407336268,0.500536712131411,0.529857569684977,0.0398009950248756,14,0.965174129353234,FALSE,0.527570800664549,200,2066,33,"gender_agreement","by_session_language","session_2_Mini-English",2,"Mini-English",NA,FALSE,"exploratory"
1078,0.52657971350572,0.500060290682786,0.530365297462257,0.0447761194029851,NA,NA,FALSE,0.527570800664549,200,2066,33,"gender_agreement","by_session_language","session_2_Mini-English",2,"Mini-English",NA,FALSE,"exploratory"
1082,0.522077783650156,0.499071573140338,0.531981775384298,0.109452736318408,NA,NA,FALSE,0.527570800664549,200,2066,33,"gender_agreement","by_session_language","session_2_Mini-English",2,"Mini-English",NA,FALSE,"exploratory"
1086,0.524764558605987,0.499649554560706,0.536301679367281,0.0945273631840796,NA,NA,FALSE,0.527570800664549,200,2066,33,"gender_agreement","by_session_language","session_2_Mini-English",2,"Mini-English",NA,FALSE,"exploratory"
1090,0.516049112465951,0.500760015724555,0.537689945268727,0.233830845771144,NA,NA,FALSE,0.527570800664549,200,2066,33,"gender_agreement","by_session_language","session_2_Mini-English",2,"Mini-English",NA,FALSE,"exploratory"
1094,0.509384355718465,0.502369910202257,0.537045978357777,0.388059701492537,NA,NA,FALSE,0.527570800664549,200,2066,33,"gender_agreement","by_session_language","session_2_Mini-English",2,"Mini-English",NA,FALSE,"exploratory"
1098,0.512276369490373,0.502335789616984,0.534383343918158,0.338308457711443,NA,NA,FALSE,0.527570800664549,200,2066,33,"gender_agreement","by_session_language","session_2_Mini-English",2,"Mini-English",NA,FALSE,"exploratory"
-98,0.482403532060731,0.501286788868179,0.535856470400269,0.850746268656716,NA,NA,FALSE,0.528802827084013,200,1849,30,"gender_agreement","by_session_language","session_2_Mini-Norwegian",2,"Mini-Norwegian",NA,FALSE,"exploratory"
-94,0.485646380675752,0.498898233203895,0.534745256701895,0.736318407960199,NA,NA,FALSE,0.528802827084013,200,1849,30,"gender_agreement","by_session_language","session_2_Mini-Norwegian",2,"Mini-Norwegian",NA,FALSE,"exploratory"
-90,0.475772603844553,0.497694615022139,0.532151027616703,0.895522388059702,NA,NA,FALSE,0.528802827084013,200,1849,30,"gender_agreement","by_session_language","session_2_Mini-Norwegian",2,"Mini-Norwegian",NA,FALSE,"exploratory"
-86,0.479114624840088,0.497893279878632,0.530369259605553,0.840796019900497,NA,NA,FALSE,0.528802827084013,200,1849,30,"gender_agreement","by_session_language","session_2_Mini-Norwegian",2,"Mini-Norwegian",NA,FALSE,"exploratory"
-82,0.487722240107753,0.499350994798695,0.532430305859589,0.73134328358209,NA,NA,FALSE,0.528802827084013,200,1849,30,"gender_agreement","by_session_language","session_2_Mini-Norwegian",2,"Mini-Norwegian",NA,FALSE,"exploratory"
-78,0.486121006696644,0.499492991117398,0.531156608843181,0.796019900497512,NA,NA,FALSE,0.528802827084013,200,1849,30,"gender_agreement","by_session_language","session_2_Mini-Norwegian",2,"Mini-Norwegian",NA,FALSE,"exploratory"
-74,0.488901553085952,0.500349425298489,0.530734276875098,0.761194029850746,NA,NA,FALSE,0.528802827084013,200,1849,30,"gender_agreement","by_session_language","session_2_Mini-Norwegian",2,"Mini-Norwegian",NA,FALSE,"exploratory"
-70,0.501035830143943,0.49839241897228,0.52828668011425,0.432835820895522,NA,NA,FALSE,0.528802827084013,200,1849,30,"gender_agreement","by_session_language","session_2_Mini-Norwegian",2,"Mini-Norwegian",NA,FALSE,"exploratory"
-66,0.497332581109837,0.497581607410319,0.531965737403046,0.522388059701492,NA,NA,FALSE,0.528802827084013,200,1849,30,"gender_agreement","by_session_language","session_2_Mini-Norwegian",2,"Mini-Norwegian",NA,FALSE,"exploratory"
-62,0.484043014049102,0.498979745409811,0.533862734778936,0.781094527363184,NA,NA,FALSE,0.528802827084013,200,1849,30,"gender_agreement","by_session_language","session_2_Mini-Norwegian",2,"Mini-Norwegian",NA,FALSE,"exploratory"
-58,0.504067087707828,0.500622276320494,0.537503412893983,0.432835820895522,NA,NA,FALSE,0.528802827084013,200,1849,30,"gender_agreement","by_session_language","session_2_Mini-Norwegian",2,"Mini-Norwegian",NA,FALSE,"exploratory"
-54,0.51968354572574,0.499993560576365,0.529907554573865,0.149253731343284,NA,NA,FALSE,0.528802827084013,200,1849,30,"gender_agreement","by_session_language","session_2_Mini-Norwegian",2,"Mini-Norwegian",NA,FALSE,"exploratory"
-50,0.523593130500407,0.498371570717902,0.529957813304979,0.0746268656716418,NA,NA,FALSE,0.528802827084013,200,1849,30,"gender_agreement","by_session_language","session_2_Mini-Norwegian",2,"Mini-Norwegian",NA,FALSE,"exploratory"
-46,0.514710954520093,0.498325291893619,0.536064737589183,0.203980099502488,NA,NA,FALSE,0.528802827084013,200,1849,30,"gender_agreement","by_session_language","session_2_Mini-Norwegian",2,"Mini-Norwegian",NA,FALSE,"exploratory"
-42,0.505133024394553,0.499398437498814,0.537317486968204,0.427860696517413,NA,NA,FALSE,0.528802827084013,200,1849,30,"gender_agreement","by_session_language","session_2_Mini-Norwegian",2,"Mini-Norwegian",NA,FALSE,"exploratory"
-38,0.499968660527166,0.499282161822205,0.52949074366206,0.492537313432836,NA,NA,FALSE,0.528802827084013,200,1849,30,"gender_agreement","by_session_language","session_2_Mini-Norwegian",2,"Mini-Norwegian",NA,FALSE,"exploratory"
-34,0.496923724249777,0.496821205353157,0.52863772490334,0.552238805970149,NA,NA,FALSE,0.528802827084013,200,1849,30,"gender_agreement","by_session_language","session_2_Mini-Norwegian",2,"Mini-Norwegian",NA,FALSE,"exploratory"
-30,0.505192010234123,0.496585696292631,0.532265438028343,0.338308457711443,NA,NA,FALSE,0.528802827084013,200,1849,30,"gender_agreement","by_session_language","session_2_Mini-Norwegian",2,"Mini-Norwegian",NA,FALSE,"exploratory"
-26,0.486950241326043,0.498225485653767,0.535861205107363,0.696517412935323,NA,NA,FALSE,0.528802827084013,200,1849,30,"gender_agreement","by_session_language","session_2_Mini-Norwegian",2,"Mini-Norwegian",NA,FALSE,"exploratory"
-22,0.494749904724246,0.498411289945547,0.538728739540911,0.587064676616915,NA,NA,FALSE,0.528802827084013,200,1849,30,"gender_agreement","by_session_language","session_2_Mini-Norwegian",2,"Mini-Norwegian",NA,FALSE,"exploratory"
-18,0.507207145911119,0.498146329507684,0.527932516260741,0.323383084577114,NA,NA,FALSE,0.528802827084013,200,1849,30,"gender_agreement","by_session_language","session_2_Mini-Norwegian",2,"Mini-Norwegian",NA,FALSE,"exploratory"
-14,0.513348532301457,0.499215984361124,0.533801729139697,0.233830845771144,NA,NA,FALSE,0.528802827084013,200,1849,30,"gender_agreement","by_session_language","session_2_Mini-Norwegian",2,"Mini-Norwegian",NA,FALSE,"exploratory"
-10,0.508481287550131,0.499778079279502,0.52965716172264,0.308457711442786,NA,NA,FALSE,0.528802827084013,200,1849,30,"gender_agreement","by_session_language","session_2_Mini-Norwegian",2,"Mini-Norwegian",NA,FALSE,"exploratory"
-6,0.48329597043656,0.50009757169584,0.533838418246861,0.835820895522388,NA,NA,FALSE,0.528802827084013,200,1849,30,"gender_agreement","by_session_language","session_2_Mini-Norwegian",2,"Mini-Norwegian",NA,FALSE,"exploratory"
-2,0.487803513483878,0.49988135132147,0.534458772060625,0.741293532338308,NA,NA,FALSE,0.528802827084013,200,1849,30,"gender_agreement","by_session_language","session_2_Mini-Norwegian",2,"Mini-Norwegian",NA,FALSE,"exploratory"
2,0.502139586846365,0.498192513039014,0.537224786122925,0.398009950248756,NA,NA,FALSE,0.528802827084013,200,1849,30,"gender_agreement","by_session_language","session_2_Mini-Norwegian",2,"Mini-Norwegian",NA,FALSE,"exploratory"
6,0.531024468591048,0.497529880245035,0.530309896181459,0.0298507462686567,1,0.90547263681592,FALSE,0.528802827084013,200,1849,30,"gender_agreement","by_session_language","session_2_Mini-Norwegian",2,"Mini-Norwegian",NA,FALSE,"exploratory"
10,0.531572009728751,0.497042658383509,0.529315843409945,0.0199004975124378,1,0.90547263681592,FALSE,0.528802827084013,200,1849,30,"gender_agreement","by_session_language","session_2_Mini-Norwegian",2,"Mini-Norwegian",NA,FALSE,"exploratory"
14,0.527328338857949,0.497330691902663,0.52620296284846,0.0248756218905473,NA,NA,FALSE,0.528802827084013,200,1849,30,"gender_agreement","by_session_language","session_2_Mini-Norwegian",2,"Mini-Norwegian",NA,FALSE,"exploratory"
18,0.49640863338831,0.498138256295927,0.532366606864154,0.562189054726368,NA,NA,FALSE,0.528802827084013,200,1849,30,"gender_agreement","by_session_language","session_2_Mini-Norwegian",2,"Mini-Norwegian",NA,FALSE,"exploratory"
22,0.492708819737079,0.498917168140529,0.533800880528887,0.616915422885572,NA,NA,FALSE,0.528802827084013,200,1849,30,"gender_agreement","by_session_language","session_2_Mini-Norwegian",2,"Mini-Norwegian",NA,FALSE,"exploratory"
26,0.492780631437361,0.499866423182707,0.534785924179929,0.671641791044776,NA,NA,FALSE,0.528802827084013,200,1849,30,"gender_agreement","by_session_language","session_2_Mini-Norwegian",2,"Mini-Norwegian",NA,FALSE,"exploratory"
30,0.502034347476914,0.500713640507425,0.53177415353853,0.467661691542289,NA,NA,FALSE,0.528802827084013,200,1849,30,"gender_agreement","by_session_language","session_2_Mini-Norwegian",2,"Mini-Norwegian",NA,FALSE,"exploratory"
34,0.484198420232733,0.499106413378118,0.533538711018448,0.796019900497512,NA,NA,FALSE,0.528802827084013,200,1849,30,"gender_agreement","by_session_language","session_2_Mini-Norwegian",2,"Mini-Norwegian",NA,FALSE,"exploratory"
38,0.479169741674682,0.497500541178264,0.529654628660897,0.855721393034826,NA,NA,FALSE,0.528802827084013,200,1849,30,"gender_agreement","by_session_language","session_2_Mini-Norwegian",2,"Mini-Norwegian",NA,FALSE,"exploratory"
42,0.467138243749644,0.498347289085447,0.535930984932474,0.955223880597015,NA,NA,FALSE,0.528802827084013,200,1849,30,"gender_agreement","by_session_language","session_2_Mini-Norwegian",2,"Mini-Norwegian",NA,FALSE,"exploratory"
46,0.483583024531044,0.499263919270847,0.536966772644491,0.82089552238806,NA,NA,FALSE,0.528802827084013,200,1849,30,"gender_agreement","by_session_language","session_2_Mini-Norwegian",2,"Mini-Norwegian",NA,FALSE,"exploratory"
50,0.478335173327137,0.49987655267197,0.535386323271636,0.91044776119403,NA,NA,FALSE,0.528802827084013,200,1849,30,"gender_agreement","by_session_language","session_2_Mini-Norwegian",2,"Mini-Norwegian",NA,FALSE,"exploratory"
54,0.484156301297151,0.499887086457284,0.530366208433776,0.810945273631841,NA,NA,FALSE,0.528802827084013,200,1849,30,"gender_agreement","by_session_language","session_2_Mini-Norwegian",2,"Mini-Norwegian",NA,FALSE,"exploratory"
58,0.505113752140259,0.500198053773015,0.533817193249329,0.383084577114428,NA,NA,FALSE,0.528802827084013,200,1849,30,"gender_agreement","by_session_language","session_2_Mini-Norwegian",2,"Mini-Norwegian",NA,FALSE,"exploratory"
62,0.504758592748759,0.501393996300769,0.535068974031304,0.45273631840796,NA,NA,FALSE,0.528802827084013,200,1849,30,"gender_agreement","by_session_language","session_2_Mini-Norwegian",2,"Mini-Norwegian",NA,FALSE,"exploratory"
66,0.496060009566386,0.50130130961275,0.538061672059866,0.631840796019901,NA,NA,FALSE,0.528802827084013,200,1849,30,"gender_agreement","by_session_language","session_2_Mini-Norwegian",2,"Mini-Norwegian",NA,FALSE,"exploratory"
70,0.50306195068195,0.500831447487155,0.536093524602096,0.45771144278607,NA,NA,FALSE,0.528802827084013,200,1849,30,"gender_agreement","by_session_language","session_2_Mini-Norwegian",2,"Mini-Norwegian",NA,FALSE,"exploratory"
74,0.511216652783223,0.501252680950062,0.534685624124558,0.293532338308458,NA,NA,FALSE,0.528802827084013,200,1849,30,"gender_agreement","by_session_language","session_2_Mini-Norwegian",2,"Mini-Norwegian",NA,FALSE,"exploratory"
78,0.506803306175189,0.501017426203646,0.535107523846125,0.383084577114428,NA,NA,FALSE,0.528802827084013,200,1849,30,"gender_agreement","by_session_language","session_2_Mini-Norwegian",2,"Mini-Norwegian",NA,FALSE,"exploratory"
82,0.502481943217136,0.500536542742932,0.531747806858011,0.412935323383085,NA,NA,FALSE,0.528802827084013,200,1849,30,"gender_agreement","by_session_language","session_2_Mini-Norwegian",2,"Mini-Norwegian",NA,FALSE,"exploratory"
86,0.511668271529342,0.498888029858817,0.530749624897327,0.243781094527363,NA,NA,FALSE,0.528802827084013,200,1849,30,"gender_agreement","by_session_language","session_2_Mini-Norwegian",2,"Mini-Norwegian",NA,FALSE,"exploratory"
90,0.501600318114128,0.497505374975315,0.527486738904962,0.437810945273632,NA,NA,FALSE,0.528802827084013,200,1849,30,"gender_agreement","by_session_language","session_2_Mini-Norwegian",2,"Mini-Norwegian",NA,FALSE,"exploratory"
94,0.492465734900245,0.498087811897811,0.526977277329424,0.616915422885572,NA,NA,FALSE,0.528802827084013,200,1849,30,"gender_agreement","by_session_language","session_2_Mini-Norwegian",2,"Mini-Norwegian",NA,FALSE,"exploratory"
98,0.508346653239392,0.498106527120048,0.5316332038424,0.318407960199005,NA,NA,FALSE,0.528802827084013,200,1849,30,"gender_agreement","by_session_language","session_2_Mini-Norwegian",2,"Mini-Norwegian",NA,FALSE,"exploratory"
102,0.51155146577187,0.4970985943846,0.53124791711078,0.258706467661692,NA,NA,FALSE,0.528802827084013,200,1849,30,"gender_agreement","by_session_language","session_2_Mini-Norwegian",2,"Mini-Norwegian",NA,FALSE,"exploratory"
106,0.481492526506114,0.497898763493903,0.532560622263589,0.825870646766169,NA,NA,FALSE,0.528802827084013,200,1849,30,"gender_agreement","by_session_language","session_2_Mini-Norwegian",2,"Mini-Norwegian",NA,FALSE,"exploratory"
110,0.459965496978375,0.499287801708549,0.531063772324212,0.980099502487562,NA,NA,FALSE,0.528802827084013,200,1849,30,"gender_agreement","by_session_language","session_2_Mini-Norwegian",2,"Mini-Norwegian",NA,FALSE,"exploratory"
114,0.451450534282614,0.501030032301289,0.532663973325505,0.995024875621891,NA,NA,FALSE,0.528802827084013,200,1849,30,"gender_agreement","by_session_language","session_2_Mini-Norwegian",2,"Mini-Norwegian",NA,FALSE,"exploratory"
118,0.442106476348284,0.501815311978533,0.535316122545575,1,NA,NA,FALSE,0.528802827084013,200,1849,30,"gender_agreement","by_session_language","session_2_Mini-Norwegian",2,"Mini-Norwegian",NA,FALSE,"exploratory"
122,0.452805715777595,0.500246186771279,0.536169873752348,0.995024875621891,NA,NA,FALSE,0.528802827084013,200,1849,30,"gender_agreement","by_session_language","session_2_Mini-Norwegian",2,"Mini-Norwegian",NA,FALSE,"exploratory"
126,0.475199752012663,0.498945325438017,0.531455923731502,0.915422885572139,NA,NA,FALSE,0.528802827084013,200,1849,30,"gender_agreement","by_session_language","session_2_Mini-Norwegian",2,"Mini-Norwegian",NA,FALSE,"exploratory"
130,0.485732987985163,0.498727752616721,0.528249935464951,0.771144278606965,NA,NA,FALSE,0.528802827084013,200,1849,30,"gender_agreement","by_session_language","session_2_Mini-Norwegian",2,"Mini-Norwegian",NA,FALSE,"exploratory"
134,0.490042582604315,0.498862721880288,0.527894714388593,0.691542288557214,NA,NA,FALSE,0.528802827084013,200,1849,30,"gender_agreement","by_session_language","session_2_Mini-Norwegian",2,"Mini-Norwegian",NA,FALSE,"exploratory"
138,0.48888228260994,0.498037976784466,0.52811379393697,0.701492537313433,NA,NA,FALSE,0.528802827084013,200,1849,30,"gender_agreement","by_session_language","session_2_Mini-Norwegian",2,"Mini-Norwegian",NA,FALSE,"exploratory"
142,0.481333652182013,0.497810275750081,0.532270466882895,0.82089552238806,NA,NA,FALSE,0.528802827084013,200,1849,30,"gender_agreement","by_session_language","session_2_Mini-Norwegian",2,"Mini-Norwegian",NA,FALSE,"exploratory"
146,0.497818137523635,0.497056671718495,0.53149034485448,0.502487562189055,NA,NA,FALSE,0.528802827084013,200,1849,30,"gender_agreement","by_session_language","session_2_Mini-Norwegian",2,"Mini-Norwegian",NA,FALSE,"exploratory"
150,0.485650031881519,0.497761679248571,0.528696162915866,0.746268656716418,NA,NA,FALSE,0.528802827084013,200,1849,30,"gender_agreement","by_session_language","session_2_Mini-Norwegian",2,"Mini-Norwegian",NA,FALSE,"exploratory"
154,0.491214942182555,0.499376998275336,0.528665059631379,0.701492537313433,NA,NA,FALSE,0.528802827084013,200,1849,30,"gender_agreement","by_session_language","session_2_Mini-Norwegian",2,"Mini-Norwegian",NA,FALSE,"exploratory"
158,0.494270286787943,0.500261569641296,0.533097504138964,0.661691542288557,NA,NA,FALSE,0.528802827084013,200,1849,30,"gender_agreement","by_session_language","session_2_Mini-Norwegian",2,"Mini-Norwegian",NA,FALSE,"exploratory"
162,0.499797992605196,0.499666026488426,0.531785082591957,0.472636815920398,NA,NA,FALSE,0.528802827084013,200,1849,30,"gender_agreement","by_session_language","session_2_Mini-Norwegian",2,"Mini-Norwegian",NA,FALSE,"exploratory"
166,0.504677677116433,0.499599735707867,0.533775080271564,0.427860696517413,NA,NA,FALSE,0.528802827084013,200,1849,30,"gender_agreement","by_session_language","session_2_Mini-Norwegian",2,"Mini-Norwegian",NA,FALSE,"exploratory"
170,0.49567134429933,0.499797520467095,0.537498319071861,0.601990049751244,NA,NA,FALSE,0.528802827084013,200,1849,30,"gender_agreement","by_session_language","session_2_Mini-Norwegian",2,"Mini-Norwegian",NA,FALSE,"exploratory"
174,0.485654075575554,0.499908746248836,0.536308289399415,0.786069651741294,NA,NA,FALSE,0.528802827084013,200,1849,30,"gender_agreement","by_session_language","session_2_Mini-Norwegian",2,"Mini-Norwegian",NA,FALSE,"exploratory"
178,0.481570656909378,0.500025576094569,0.537058480869919,0.860696517412935,NA,NA,FALSE,0.528802827084013,200,1849,30,"gender_agreement","by_session_language","session_2_Mini-Norwegian",2,"Mini-Norwegian",NA,FALSE,"exploratory"
182,0.500406188040868,0.500472295101273,0.533275218838502,0.537313432835821,NA,NA,FALSE,0.528802827084013,200,1849,30,"gender_agreement","by_session_language","session_2_Mini-Norwegian",2,"Mini-Norwegian",NA,FALSE,"exploratory"
186,0.520859718272393,0.500150451139054,0.538546176747541,0.129353233830846,NA,NA,FALSE,0.528802827084013,200,1849,30,"gender_agreement","by_session_language","session_2_Mini-Norwegian",2,"Mini-Norwegian",NA,FALSE,"exploratory"
190,0.525841964724187,0.5004687582052,0.540260738109501,0.114427860696517,NA,NA,FALSE,0.528802827084013,200,1849,30,"gender_agreement","by_session_language","session_2_Mini-Norwegian",2,"Mini-Norwegian",NA,FALSE,"exploratory"
194,0.52726463289002,0.498914438747016,0.535421760443949,0.0995024875621891,NA,NA,FALSE,0.528802827084013,200,1849,30,"gender_agreement","by_session_language","session_2_Mini-Norwegian",2,"Mini-Norwegian",NA,FALSE,"exploratory"
198,0.524899575409196,0.497265706163737,0.535181703998663,0.0746268656716418,NA,NA,FALSE,0.528802827084013,200,1849,30,"gender_agreement","by_session_language","session_2_Mini-Norwegian",2,"Mini-Norwegian",NA,FALSE,"exploratory"
202,0.519272556173145,0.496765040407871,0.531056775873407,0.109452736318408,NA,NA,FALSE,0.528802827084013,200,1849,30,"gender_agreement","by_session_language","session_2_Mini-Norwegian",2,"Mini-Norwegian",NA,FALSE,"exploratory"
206,0.517138131576507,0.497280415564033,0.525180907094237,0.149253731343284,NA,NA,FALSE,0.528802827084013,200,1849,30,"gender_agreement","by_session_language","session_2_Mini-Norwegian",2,"Mini-Norwegian",NA,FALSE,"exploratory"
210,0.518083887237931,0.498156797143367,0.527889685422624,0.149253731343284,NA,NA,FALSE,0.528802827084013,200,1849,30,"gender_agreement","by_session_language","session_2_Mini-Norwegian",2,"Mini-Norwegian",NA,FALSE,"exploratory"
214,0.526510535511435,0.498340921048462,0.535206399030335,0.0746268656716418,NA,NA,FALSE,0.528802827084013,200,1849,30,"gender_agreement","by_session_language","session_2_Mini-Norwegian",2,"Mini-Norwegian",NA,FALSE,"exploratory"
218,0.516660720323229,0.499864500544383,0.529861340213422,0.169154228855721,NA,NA,FALSE,0.528802827084013,200,1849,30,"gender_agreement","by_session_language","session_2_Mini-Norwegian",2,"Mini-Norwegian",NA,FALSE,"exploratory"
222,0.525089508036059,0.501157765734779,0.536028348396777,0.104477611940299,NA,NA,FALSE,0.528802827084013,200,1849,30,"gender_agreement","by_session_language","session_2_Mini-Norwegian",2,"Mini-Norwegian",NA,FALSE,"exploratory"
226,0.510017705581268,0.501238778477597,0.534855096021515,0.303482587064677,NA,NA,FALSE,0.528802827084013,200,1849,30,"gender_agreement","by_session_language","session_2_Mini-Norwegian",2,"Mini-Norwegian",NA,FALSE,"exploratory"
230,0.507430683743903,0.500647987858336,0.532880590738894,0.333333333333333,NA,NA,FALSE,0.528802827084013,200,1849,30,"gender_agreement","by_session_language","session_2_Mini-Norwegian",2,"Mini-Norwegian",NA,FALSE,"exploratory"
234,0.482062085971841,0.500793243715603,0.530272879854705,0.82089552238806,NA,NA,FALSE,0.528802827084013,200,1849,30,"gender_agreement","by_session_language","session_2_Mini-Norwegian",2,"Mini-Norwegian",NA,FALSE,"exploratory"
238,0.465714769987837,0.500884698794168,0.534278957440326,0.970149253731343,NA,NA,FALSE,0.528802827084013,200,1849,30,"gender_agreement","by_session_language","session_2_Mini-Norwegian",2,"Mini-Norwegian",NA,FALSE,"exploratory"
242,0.480215835058875,0.502425148016229,0.538233997389312,0.875621890547264,NA,NA,FALSE,0.528802827084013,200,1849,30,"gender_agreement","by_session_language","session_2_Mini-Norwegian",2,"Mini-Norwegian",NA,FALSE,"exploratory"
246,0.491972449840288,0.502241273828067,0.538304132980886,0.736318407960199,NA,NA,FALSE,0.528802827084013,200,1849,30,"gender_agreement","by_session_language","session_2_Mini-Norwegian",2,"Mini-Norwegian",NA,FALSE,"exploratory"
250,0.488724154919146,0.502283756387932,0.538592864802341,0.796019900497512,NA,NA,FALSE,0.528802827084013,200,1849,30,"gender_agreement","by_session_language","session_2_Mini-Norwegian",2,"Mini-Norwegian",NA,FALSE,"exploratory"
254,0.482833621366133,0.501312179703389,0.533215850800575,0.860696517412935,NA,NA,FALSE,0.528802827084013,200,1849,30,"gender_agreement","by_session_language","session_2_Mini-Norwegian",2,"Mini-Norwegian",NA,FALSE,"exploratory"
258,0.478534939998475,0.499771373187872,0.532487141859577,0.895522388059702,NA,NA,FALSE,0.528802827084013,200,1849,30,"gender_agreement","by_session_language","session_2_Mini-Norwegian",2,"Mini-Norwegian",NA,FALSE,"exploratory"
262,0.481150771074065,0.4995473911507,0.529765481370635,0.850746268656716,NA,NA,FALSE,0.528802827084013,200,1849,30,"gender_agreement","by_session_language","session_2_Mini-Norwegian",2,"Mini-Norwegian",NA,FALSE,"exploratory"
266,0.473240702211047,0.499890403533881,0.531507144258271,0.945273631840796,NA,NA,FALSE,0.528802827084013,200,1849,30,"gender_agreement","by_session_language","session_2_Mini-Norwegian",2,"Mini-Norwegian",NA,FALSE,"exploratory"
270,0.473495779058373,0.499382378724725,0.534231451006251,0.915422885572139,NA,NA,FALSE,0.528802827084013,200,1849,30,"gender_agreement","by_session_language","session_2_Mini-Norwegian",2,"Mini-Norwegian",NA,FALSE,"exploratory"
274,0.470865227940415,0.498813582327542,0.530437837535146,0.940298507462687,NA,NA,FALSE,0.528802827084013,200,1849,30,"gender_agreement","by_session_language","session_2_Mini-Norwegian",2,"Mini-Norwegian",NA,FALSE,"exploratory"
278,0.448720841241837,0.49769446413639,0.529678102643857,0.995024875621891,NA,NA,FALSE,0.528802827084013,200,1849,30,"gender_agreement","by_session_language","session_2_Mini-Norwegian",2,"Mini-Norwegian",NA,FALSE,"exploratory"
282,0.469452948640317,0.497020465099696,0.52768592592884,0.915422885572139,NA,NA,FALSE,0.528802827084013,200,1849,30,"gender_agreement","by_session_language","session_2_Mini-Norwegian",2,"Mini-Norwegian",NA,FALSE,"exploratory"
286,0.515562796101735,0.498489983966659,0.53304476577764,0.174129353233831,NA,NA,FALSE,0.528802827084013,200,1849,30,"gender_agreement","by_session_language","session_2_Mini-Norwegian",2,"Mini-Norwegian",NA,FALSE,"exploratory"
290,0.516836236488015,0.498620584025369,0.533497288833886,0.174129353233831,NA,NA,FALSE,0.528802827084013,200,1849,30,"gender_agreement","by_session_language","session_2_Mini-Norwegian",2,"Mini-Norwegian",NA,FALSE,"exploratory"
294,0.499623901943222,0.498935804283604,0.533446889431908,0.487562189054726,NA,NA,FALSE,0.528802827084013,200,1849,30,"gender_agreement","by_session_language","session_2_Mini-Norwegian",2,"Mini-Norwegian",NA,FALSE,"exploratory"
298,0.489621430260821,0.499927747813337,0.536175681590584,0.701492537313433,NA,NA,FALSE,0.528802827084013,200,1849,30,"gender_agreement","by_session_language","session_2_Mini-Norwegian",2,"Mini-Norwegian",NA,FALSE,"exploratory"
302,0.493070548070631,0.500881409397418,0.538530633064817,0.656716417910448,NA,NA,FALSE,0.528802827084013,200,1849,30,"gender_agreement","by_session_language","session_2_Mini-Norwegian",2,"Mini-Norwegian",NA,FALSE,"exploratory"
306,0.505043968906638,0.501266396441381,0.539849488570718,0.373134328358209,NA,NA,FALSE,0.528802827084013,200,1849,30,"gender_agreement","by_session_language","session_2_Mini-Norwegian",2,"Mini-Norwegian",NA,FALSE,"exploratory"
310,0.515823265798858,0.499723140240388,0.538689927124674,0.208955223880597,NA,NA,FALSE,0.528802827084013,200,1849,30,"gender_agreement","by_session_language","session_2_Mini-Norwegian",2,"Mini-Norwegian",NA,FALSE,"exploratory"
314,0.513504295668501,0.498664792695506,0.53820493317996,0.253731343283582,NA,NA,FALSE,0.528802827084013,200,1849,30,"gender_agreement","by_session_language","session_2_Mini-Norwegian",2,"Mini-Norwegian",NA,FALSE,"exploratory"
318,0.510743270434904,0.5000789149593,0.535098953790032,0.298507462686567,NA,NA,FALSE,0.528802827084013,200,1849,30,"gender_agreement","by_session_language","session_2_Mini-Norwegian",2,"Mini-Norwegian",NA,FALSE,"exploratory"
322,0.50913401062142,0.500613231284271,0.531359813460306,0.353233830845771,NA,NA,FALSE,0.528802827084013,200,1849,30,"gender_agreement","by_session_language","session_2_Mini-Norwegian",2,"Mini-Norwegian",NA,FALSE,"exploratory"
326,0.51059155778495,0.500335173297445,0.531606682370913,0.313432835820896,NA,NA,FALSE,0.528802827084013,200,1849,30,"gender_agreement","by_session_language","session_2_Mini-Norwegian",2,"Mini-Norwegian",NA,FALSE,"exploratory"
330,0.505505821031193,0.500555044177594,0.537894010136847,0.398009950248756,NA,NA,FALSE,0.528802827084013,200,1849,30,"gender_agreement","by_session_language","session_2_Mini-Norwegian",2,"Mini-Norwegian",NA,FALSE,"exploratory"
334,0.491116672442307,0.501777034459969,0.539679538225068,0.716417910447761,NA,NA,FALSE,0.528802827084013,200,1849,30,"gender_agreement","by_session_language","session_2_Mini-Norwegian",2,"Mini-Norwegian",NA,FALSE,"exploratory"
338,0.488459793049667,0.502065559822257,0.537115500729743,0.781094527363184,NA,NA,FALSE,0.528802827084013,200,1849,30,"gender_agreement","by_session_language","session_2_Mini-Norwegian",2,"Mini-Norwegian",NA,FALSE,"exploratory"
342,0.50121024682949,0.501308067244999,0.5374993633232,0.522388059701492,NA,NA,FALSE,0.528802827084013,200,1849,30,"gender_agreement","by_session_language","session_2_Mini-Norwegian",2,"Mini-Norwegian",NA,FALSE,"exploratory"
346,0.510458024438211,0.501012119607435,0.541853858019237,0.308457711442786,NA,NA,FALSE,0.528802827084013,200,1849,30,"gender_agreement","by_session_language","session_2_Mini-Norwegian",2,"Mini-Norwegian",NA,FALSE,"exploratory"
350,0.513289694735086,0.500159018951234,0.537347983485073,0.263681592039801,NA,NA,FALSE,0.528802827084013,200,1849,30,"gender_agreement","by_session_language","session_2_Mini-Norwegian",2,"Mini-Norwegian",NA,FALSE,"exploratory"
354,0.511020622198554,0.501228834643334,0.53866725733021,0.298507462686567,NA,NA,FALSE,0.528802827084013,200,1849,30,"gender_agreement","by_session_language","session_2_Mini-Norwegian",2,"Mini-Norwegian",NA,FALSE,"exploratory"
358,0.501522907524176,0.50043915464208,0.538859965687307,0.487562189054726,NA,NA,FALSE,0.528802827084013,200,1849,30,"gender_agreement","by_session_language","session_2_Mini-Norwegian",2,"Mini-Norwegian",NA,FALSE,"exploratory"
362,0.476101124533168,0.499966837327374,0.536212519829254,0.885572139303483,NA,NA,FALSE,0.528802827084013,200,1849,30,"gender_agreement","by_session_language","session_2_Mini-Norwegian",2,"Mini-Norwegian",NA,FALSE,"exploratory"
366,0.492940297577041,0.499584746140469,0.53472497675443,0.651741293532338,NA,NA,FALSE,0.528802827084013,200,1849,30,"gender_agreement","by_session_language","session_2_Mini-Norwegian",2,"Mini-Norwegian",NA,FALSE,"exploratory"
370,0.49538283609895,0.499000687576037,0.533730750817118,0.601990049751244,NA,NA,FALSE,0.528802827084013,200,1849,30,"gender_agreement","by_session_language","session_2_Mini-Norwegian",2,"Mini-Norwegian",NA,FALSE,"exploratory"
374,0.497542443421504,0.498165257388304,0.53103714912855,0.517412935323383,NA,NA,FALSE,0.528802827084013,200,1849,30,"gender_agreement","by_session_language","session_2_Mini-Norwegian",2,"Mini-Norwegian",NA,FALSE,"exploratory"
378,0.485263219260163,0.498802930018665,0.530416750922139,0.810945273631841,NA,NA,FALSE,0.528802827084013,200,1849,30,"gender_agreement","by_session_language","session_2_Mini-Norwegian",2,"Mini-Norwegian",NA,FALSE,"exploratory"
382,0.50178662532823,0.499005081932004,0.531822556791439,0.442786069651741,NA,NA,FALSE,0.528802827084013,200,1849,30,"gender_agreement","by_session_language","session_2_Mini-Norwegian",2,"Mini-Norwegian",NA,FALSE,"exploratory"
386,0.508978879637075,0.499299654523106,0.531180295691018,0.303482587064677,NA,NA,FALSE,0.528802827084013,200,1849,30,"gender_agreement","by_session_language","session_2_Mini-Norwegian",2,"Mini-Norwegian",NA,FALSE,"exploratory"
390,0.504011983545465,0.499438938767487,0.530575476914045,0.437810945273632,NA,NA,FALSE,0.528802827084013,200,1849,30,"gender_agreement","by_session_language","session_2_Mini-Norwegian",2,"Mini-Norwegian",NA,FALSE,"exploratory"
394,0.49120973267887,0.499945919903388,0.534525476417155,0.711442786069652,NA,NA,FALSE,0.528802827084013,200,1849,30,"gender_agreement","by_session_language","session_2_Mini-Norwegian",2,"Mini-Norwegian",NA,FALSE,"exploratory"
398,0.48814125896232,0.500033759206631,0.52893811730494,0.746268656716418,NA,NA,FALSE,0.528802827084013,200,1849,30,"gender_agreement","by_session_language","session_2_Mini-Norwegian",2,"Mini-Norwegian",NA,FALSE,"exploratory"
402,0.502119119265602,0.500631799698564,0.531234347307125,0.54726368159204,NA,NA,FALSE,0.528802827084013,200,1849,30,"gender_agreement","by_session_language","session_2_Mini-Norwegian",2,"Mini-Norwegian",NA,FALSE,"exploratory"
406,0.495508598912769,0.500079570404556,0.53451536427094,0.611940298507463,NA,NA,FALSE,0.528802827084013,200,1849,30,"gender_agreement","by_session_language","session_2_Mini-Norwegian",2,"Mini-Norwegian",NA,FALSE,"exploratory"
410,0.504896937562933,0.498649773243864,0.535108657874299,0.383084577114428,NA,NA,FALSE,0.528802827084013,200,1849,30,"gender_agreement","by_session_language","session_2_Mini-Norwegian",2,"Mini-Norwegian",NA,FALSE,"exploratory"
414,0.517511793891991,0.498180950594958,0.531271763730672,0.114427860696517,NA,NA,FALSE,0.528802827084013,200,1849,30,"gender_agreement","by_session_language","session_2_Mini-Norwegian",2,"Mini-Norwegian",NA,FALSE,"exploratory"
418,0.52204389647001,0.499197441174417,0.53240006027201,0.109452736318408,NA,NA,FALSE,0.528802827084013,200,1849,30,"gender_agreement","by_session_language","session_2_Mini-Norwegian",2,"Mini-Norwegian",NA,FALSE,"exploratory"
422,0.515911135456019,0.499620378329158,0.536097811242549,0.189054726368159,NA,NA,FALSE,0.528802827084013,200,1849,30,"gender_agreement","by_session_language","session_2_Mini-Norwegian",2,"Mini-Norwegian",NA,FALSE,"exploratory"
426,0.51580132287543,0.499134093238881,0.53568505497012,0.189054726368159,NA,NA,FALSE,0.528802827084013,200,1849,30,"gender_agreement","by_session_language","session_2_Mini-Norwegian",2,"Mini-Norwegian",NA,FALSE,"exploratory"
430,0.525184300224334,0.498641476240925,0.535440177120021,0.0945273631840796,NA,NA,FALSE,0.528802827084013,200,1849,30,"gender_agreement","by_session_language","session_2_Mini-Norwegian",2,"Mini-Norwegian",NA,FALSE,"exploratory"
434,0.530531096066091,0.497907143929929,0.533180137263473,0.0447761194029851,2,0.90547263681592,FALSE,0.528802827084013,200,1849,30,"gender_agreement","by_session_language","session_2_Mini-Norwegian",2,"Mini-Norwegian",NA,FALSE,"exploratory"
438,0.532696205618625,0.498394132054956,0.533256048234826,0.0348258706467662,2,0.90547263681592,FALSE,0.528802827084013,200,1849,30,"gender_agreement","by_session_language","session_2_Mini-Norwegian",2,"Mini-Norwegian",NA,FALSE,"exploratory"
442,0.52889116188964,0.498907648713447,0.529271220544503,0.0348258706467662,2,0.90547263681592,FALSE,0.528802827084013,200,1849,30,"gender_agreement","by_session_language","session_2_Mini-Norwegian",2,"Mini-Norwegian",NA,FALSE,"exploratory"
446,0.522132245445915,0.498702469814967,0.533400680431232,0.104477611940299,NA,NA,FALSE,0.528802827084013,200,1849,30,"gender_agreement","by_session_language","session_2_Mini-Norwegian",2,"Mini-Norwegian",NA,FALSE,"exploratory"
450,0.524576120248425,0.499605038600491,0.534343654448036,0.0646766169154229,NA,NA,FALSE,0.528802827084013,200,1849,30,"gender_agreement","by_session_language","session_2_Mini-Norwegian",2,"Mini-Norwegian",NA,FALSE,"exploratory"
454,0.520081306861973,0.499332716258292,0.534918935238563,0.134328358208955,NA,NA,FALSE,0.528802827084013,200,1849,30,"gender_agreement","by_session_language","session_2_Mini-Norwegian",2,"Mini-Norwegian",NA,FALSE,"exploratory"
458,0.508783455239446,0.500028025313182,0.538384945640186,0.343283582089552,NA,NA,FALSE,0.528802827084013,200,1849,30,"gender_agreement","by_session_language","session_2_Mini-Norwegian",2,"Mini-Norwegian",NA,FALSE,"exploratory"
462,0.510400599724206,0.49959705545205,0.537104510316651,0.313432835820896,NA,NA,FALSE,0.528802827084013,200,1849,30,"gender_agreement","by_session_language","session_2_Mini-Norwegian",2,"Mini-Norwegian",NA,FALSE,"exploratory"
466,0.521132686994149,0.498820573372381,0.533709328746402,0.124378109452736,NA,NA,FALSE,0.528802827084013,200,1849,30,"gender_agreement","by_session_language","session_2_Mini-Norwegian",2,"Mini-Norwegian",NA,FALSE,"exploratory"
470,0.522057894196162,0.497760653678467,0.533536312966914,0.0995024875621891,NA,NA,FALSE,0.528802827084013,200,1849,30,"gender_agreement","by_session_language","session_2_Mini-Norwegian",2,"Mini-Norwegian",NA,FALSE,"exploratory"
474,0.494054761694424,0.496985947777545,0.531022622239076,0.587064676616915,NA,NA,FALSE,0.528802827084013,200,1849,30,"gender_agreement","by_session_language","session_2_Mini-Norwegian",2,"Mini-Norwegian",NA,FALSE,"exploratory"
478,0.506138447517686,0.498060448758034,0.528493235528707,0.348258706467662,NA,NA,FALSE,0.528802827084013,200,1849,30,"gender_agreement","by_session_language","session_2_Mini-Norwegian",2,"Mini-Norwegian",NA,FALSE,"exploratory"
482,0.514394040993707,0.498804178956162,0.534060627993581,0.169154228855721,NA,NA,FALSE,0.528802827084013,200,1849,30,"gender_agreement","by_session_language","session_2_Mini-Norwegian",2,"Mini-Norwegian",NA,FALSE,"exploratory"
486,0.518817520844817,0.49962348012695,0.538649998520614,0.124378109452736,NA,NA,FALSE,0.528802827084013,200,1849,30,"gender_agreement","by_session_language","session_2_Mini-Norwegian",2,"Mini-Norwegian",NA,FALSE,"exploratory"
490,0.518098091385892,0.499745270692324,0.536351899613385,0.18407960199005,NA,NA,FALSE,0.528802827084013,200,1849,30,"gender_agreement","by_session_language","session_2_Mini-Norwegian",2,"Mini-Norwegian",NA,FALSE,"exploratory"
494,0.522122608375128,0.500259109841145,0.537713583079898,0.109452736318408,NA,NA,FALSE,0.528802827084013,200,1849,30,"gender_agreement","by_session_language","session_2_Mini-Norwegian",2,"Mini-Norwegian",NA,FALSE,"exploratory"
498,0.527284556289615,0.50039114899565,0.538448955741065,0.0646766169154229,NA,NA,FALSE,0.528802827084013,200,1849,30,"gender_agreement","by_session_language","session_2_Mini-Norwegian",2,"Mini-Norwegian",NA,FALSE,"exploratory"
502,0.530471044105604,0.499322807855342,0.532963046542266,0.054726368159204,3,0.950248756218905,FALSE,0.528802827084013,200,1849,30,"gender_agreement","by_session_language","session_2_Mini-Norwegian",2,"Mini-Norwegian",NA,FALSE,"exploratory"
506,0.516064637378681,0.499465702292012,0.536006665812738,0.194029850746269,NA,NA,FALSE,0.528802827084013,200,1849,30,"gender_agreement","by_session_language","session_2_Mini-Norwegian",2,"Mini-Norwegian",NA,FALSE,"exploratory"
510,0.505690229754186,0.499218680084304,0.533818809123805,0.398009950248756,NA,NA,FALSE,0.528802827084013,200,1849,30,"gender_agreement","by_session_language","session_2_Mini-Norwegian",2,"Mini-Norwegian",NA,FALSE,"exploratory"
514,0.510843287088407,0.499799268566333,0.535214150770151,0.263681592039801,NA,NA,FALSE,0.528802827084013,200,1849,30,"gender_agreement","by_session_language","session_2_Mini-Norwegian",2,"Mini-Norwegian",NA,FALSE,"exploratory"
518,0.514417563478413,0.499709279005758,0.533827453030807,0.218905472636816,NA,NA,FALSE,0.528802827084013,200,1849,30,"gender_agreement","by_session_language","session_2_Mini-Norwegian",2,"Mini-Norwegian",NA,FALSE,"exploratory"
522,0.51071987521658,0.498306228107528,0.532002772126229,0.263681592039801,NA,NA,FALSE,0.528802827084013,200,1849,30,"gender_agreement","by_session_language","session_2_Mini-Norwegian",2,"Mini-Norwegian",NA,FALSE,"exploratory"
526,0.505993303591391,0.498510676311884,0.533922568683085,0.368159203980099,NA,NA,FALSE,0.528802827084013,200,1849,30,"gender_agreement","by_session_language","session_2_Mini-Norwegian",2,"Mini-Norwegian",NA,FALSE,"exploratory"
530,0.495061696283407,0.498403379325459,0.53207286367916,0.611940298507463,NA,NA,FALSE,0.528802827084013,200,1849,30,"gender_agreement","by_session_language","session_2_Mini-Norwegian",2,"Mini-Norwegian",NA,FALSE,"exploratory"
534,0.492112089946662,0.498181375001148,0.534379112855795,0.606965174129353,NA,NA,FALSE,0.528802827084013,200,1849,30,"gender_agreement","by_session_language","session_2_Mini-Norwegian",2,"Mini-Norwegian",NA,FALSE,"exploratory"
538,0.505765250763623,0.49788487274116,0.536580708375755,0.353233830845771,NA,NA,FALSE,0.528802827084013,200,1849,30,"gender_agreement","by_session_language","session_2_Mini-Norwegian",2,"Mini-Norwegian",NA,FALSE,"exploratory"
542,0.510138184476387,0.499563299437675,0.536824810545994,0.258706467661692,NA,NA,FALSE,0.528802827084013,200,1849,30,"gender_agreement","by_session_language","session_2_Mini-Norwegian",2,"Mini-Norwegian",NA,FALSE,"exploratory"
546,0.507914142369648,0.499987330050893,0.536884715547662,0.303482587064677,NA,NA,FALSE,0.528802827084013,200,1849,30,"gender_agreement","by_session_language","session_2_Mini-Norwegian",2,"Mini-Norwegian",NA,FALSE,"exploratory"
550,0.500603437838787,0.499564710414545,0.532302366837864,0.482587064676617,NA,NA,FALSE,0.528802827084013,200,1849,30,"gender_agreement","by_session_language","session_2_Mini-Norwegian",2,"Mini-Norwegian",NA,FALSE,"exploratory"
554,0.498374963821366,0.498493363057555,0.532340188713655,0.507462686567164,NA,NA,FALSE,0.528802827084013,200,1849,30,"gender_agreement","by_session_language","session_2_Mini-Norwegian",2,"Mini-Norwegian",NA,FALSE,"exploratory"
558,0.493005944155483,0.498258240401272,0.529237770229459,0.631840796019901,NA,NA,FALSE,0.528802827084013,200,1849,30,"gender_agreement","by_session_language","session_2_Mini-Norwegian",2,"Mini-Norwegian",NA,FALSE,"exploratory"
562,0.484517376549922,0.498868365355927,0.532348345410082,0.81592039800995,NA,NA,FALSE,0.528802827084013,200,1849,30,"gender_agreement","by_session_language","session_2_Mini-Norwegian",2,"Mini-Norwegian",NA,FALSE,"exploratory"
566,0.505216812462429,0.499476599470007,0.531732955128111,0.393034825870647,NA,NA,FALSE,0.528802827084013,200,1849,30,"gender_agreement","by_session_language","session_2_Mini-Norwegian",2,"Mini-Norwegian",NA,FALSE,"exploratory"
570,0.526871828559673,0.499675750843993,0.535051760654715,0.0696517412935323,NA,NA,FALSE,0.528802827084013,200,1849,30,"gender_agreement","by_session_language","session_2_Mini-Norwegian",2,"Mini-Norwegian",NA,FALSE,"exploratory"
574,0.530793758295748,0.499667064009412,0.531028340848243,0.0348258706467662,4,0.208955223880597,FALSE,0.528802827084013,200,1849,30,"gender_agreement","by_session_language","session_2_Mini-Norwegian",2,"Mini-Norwegian",NA,FALSE,"exploratory"
578,0.549025866006277,0.499913789839548,0.535653581225561,0.00497512437810945,4,0.208955223880597,FALSE,0.528802827084013,200,1849,30,"gender_agreement","by_session_language","session_2_Mini-Norwegian",2,"Mini-Norwegian",NA,FALSE,"exploratory"
582,0.540901705344895,0.50008572720649,0.539947454345057,0.0298507462686567,4,0.208955223880597,FALSE,0.528802827084013,200,1849,30,"gender_agreement","by_session_language","session_2_Mini-Norwegian",2,"Mini-Norwegian",NA,FALSE,"exploratory"
586,0.539595979781441,0.499875541048607,0.539021574041048,0.0298507462686567,4,0.208955223880597,FALSE,0.528802827084013,200,1849,30,"gender_agreement","by_session_language","session_2_Mini-Norwegian",2,"Mini-Norwegian",NA,FALSE,"exploratory"
590,0.536991437044394,0.50032177271158,0.534558995164432,0.0298507462686567,4,0.208955223880597,FALSE,0.528802827084013,200,1849,30,"gender_agreement","by_session_language","session_2_Mini-Norwegian",2,"Mini-Norwegian",NA,FALSE,"exploratory"
594,0.529930602585482,0.501344026064193,0.533273688653973,0.0746268656716418,4,0.208955223880597,FALSE,0.528802827084013,200,1849,30,"gender_agreement","by_session_language","session_2_Mini-Norwegian",2,"Mini-Norwegian",NA,FALSE,"exploratory"
598,0.520807670804621,0.501257485413463,0.535344212148748,0.154228855721393,NA,NA,FALSE,0.528802827084013,200,1849,30,"gender_agreement","by_session_language","session_2_Mini-Norwegian",2,"Mini-Norwegian",NA,FALSE,"exploratory"
602,0.514318914649415,0.50035931356527,0.532905813636486,0.213930348258706,NA,NA,FALSE,0.528802827084013,200,1849,30,"gender_agreement","by_session_language","session_2_Mini-Norwegian",2,"Mini-Norwegian",NA,FALSE,"exploratory"
606,0.513272098811401,0.499470305418269,0.528670416885928,0.253731343283582,NA,NA,FALSE,0.528802827084013,200,1849,30,"gender_agreement","by_session_language","session_2_Mini-Norwegian",2,"Mini-Norwegian",NA,FALSE,"exploratory"
610,0.506047970424704,0.499818197005247,0.535491973145819,0.388059701492537,NA,NA,FALSE,0.528802827084013,200,1849,30,"gender_agreement","by_session_language","session_2_Mini-Norwegian",2,"Mini-Norwegian",NA,FALSE,"exploratory"
614,0.521616370502723,0.49962325051143,0.532850783110246,0.124378109452736,NA,NA,FALSE,0.528802827084013,200,1849,30,"gender_agreement","by_session_language","session_2_Mini-Norwegian",2,"Mini-Norwegian",NA,FALSE,"exploratory"
618,0.541328508179785,0.498508588042465,0.531621068857674,0.0199004975124378,5,0.0248756218905473,TRUE,0.528802827084013,200,1849,30,"gender_agreement","by_session_language","session_2_Mini-Norwegian",2,"Mini-Norwegian",NA,FALSE,"exploratory"
622,0.550857748067383,0.498440901725912,0.530769508263406,0.00995024875621891,5,0.0248756218905473,TRUE,0.528802827084013,200,1849,30,"gender_agreement","by_session_language","session_2_Mini-Norwegian",2,"Mini-Norwegian",NA,FALSE,"exploratory"
626,0.549518021420353,0.498946567977936,0.53187963071785,0.00497512437810945,5,0.0248756218905473,TRUE,0.528802827084013,200,1849,30,"gender_agreement","by_session_language","session_2_Mini-Norwegian",2,"Mini-Norwegian",NA,FALSE,"exploratory"
630,0.542970081036194,0.499987298639329,0.533833197989028,0.00497512437810945,5,0.0248756218905473,TRUE,0.528802827084013,200,1849,30,"gender_agreement","by_session_language","session_2_Mini-Norwegian",2,"Mini-Norwegian",NA,FALSE,"exploratory"
634,0.542488821545042,0.49975895412576,0.527935446342745,0.00497512437810945,5,0.0248756218905473,TRUE,0.528802827084013,200,1849,30,"gender_agreement","by_session_language","session_2_Mini-Norwegian",2,"Mini-Norwegian",NA,FALSE,"exploratory"
638,0.537964703801311,0.500286639664103,0.532225802857215,0.00995024875621891,5,0.0248756218905473,TRUE,0.528802827084013,200,1849,30,"gender_agreement","by_session_language","session_2_Mini-Norwegian",2,"Mini-Norwegian",NA,FALSE,"exploratory"
642,0.544250596787482,0.500216961439489,0.531517679499667,0.00497512437810945,5,0.0248756218905473,TRUE,0.528802827084013,200,1849,30,"gender_agreement","by_session_language","session_2_Mini-Norwegian",2,"Mini-Norwegian",NA,FALSE,"exploratory"
646,0.541116422927345,0.500462509760446,0.532817573622148,0.00995024875621891,5,0.0248756218905473,TRUE,0.528802827084013,200,1849,30,"gender_agreement","by_session_language","session_2_Mini-Norwegian",2,"Mini-Norwegian",NA,FALSE,"exploratory"
650,0.540186760851887,0.49911908183137,0.530608115211239,0.00995024875621891,5,0.0248756218905473,TRUE,0.528802827084013,200,1849,30,"gender_agreement","by_session_language","session_2_Mini-Norwegian",2,"Mini-Norwegian",NA,FALSE,"exploratory"
654,0.529993281073606,0.499227660939602,0.527802735408654,0.0248756218905473,5,0.0248756218905473,TRUE,0.528802827084013,200,1849,30,"gender_agreement","by_session_language","session_2_Mini-Norwegian",2,"Mini-Norwegian",NA,FALSE,"exploratory"
658,0.532713368072227,0.499004025133257,0.532025401663457,0.0199004975124378,5,0.0248756218905473,TRUE,0.528802827084013,200,1849,30,"gender_agreement","by_session_language","session_2_Mini-Norwegian",2,"Mini-Norwegian",NA,FALSE,"exploratory"
662,0.538223976195991,0.499582333814171,0.533486488086083,0.0149253731343284,5,0.0248756218905473,TRUE,0.528802827084013,200,1849,30,"gender_agreement","by_session_language","session_2_Mini-Norwegian",2,"Mini-Norwegian",NA,FALSE,"exploratory"
666,0.536702518103781,0.499771263965072,0.53279851449802,0.00995024875621891,5,0.0248756218905473,TRUE,0.528802827084013,200,1849,30,"gender_agreement","by_session_language","session_2_Mini-Norwegian",2,"Mini-Norwegian",NA,FALSE,"exploratory"
670,0.542756396117302,0.499692228088672,0.535707875525674,0.00497512437810945,5,0.0248756218905473,TRUE,0.528802827084013,200,1849,30,"gender_agreement","by_session_language","session_2_Mini-Norwegian",2,"Mini-Norwegian",NA,FALSE,"exploratory"
674,0.532408133750748,0.499804434188363,0.532306646949299,0.0298507462686567,5,0.0248756218905473,TRUE,0.528802827084013,200,1849,30,"gender_agreement","by_session_language","session_2_Mini-Norwegian",2,"Mini-Norwegian",NA,FALSE,"exploratory"
678,0.531864169302322,0.499599979772914,0.532129518512919,0.0398009950248756,5,0.0248756218905473,TRUE,0.528802827084013,200,1849,30,"gender_agreement","by_session_language","session_2_Mini-Norwegian",2,"Mini-Norwegian",NA,FALSE,"exploratory"
682,0.531891733841649,0.499497797788177,0.533050274179593,0.0398009950248756,5,0.0248756218905473,TRUE,0.528802827084013,200,1849,30,"gender_agreement","by_session_language","session_2_Mini-Norwegian",2,"Mini-Norwegian",NA,FALSE,"exploratory"
686,0.533104241724042,0.498783348892079,0.531789927445317,0.0248756218905473,5,0.0248756218905473,TRUE,0.528802827084013,200,1849,30,"gender_agreement","by_session_language","session_2_Mini-Norwegian",2,"Mini-Norwegian",NA,FALSE,"exploratory"
690,0.515703103263902,0.499409227777262,0.531165324017536,0.203980099502488,NA,NA,FALSE,0.528802827084013,200,1849,30,"gender_agreement","by_session_language","session_2_Mini-Norwegian",2,"Mini-Norwegian",NA,FALSE,"exploratory"
694,0.519188478862774,0.498746138582639,0.53662620635669,0.164179104477612,NA,NA,FALSE,0.528802827084013,200,1849,30,"gender_agreement","by_session_language","session_2_Mini-Norwegian",2,"Mini-Norwegian",NA,FALSE,"exploratory"
698,0.524659655179048,0.498206126551116,0.53136214770706,0.0995024875621891,NA,NA,FALSE,0.528802827084013,200,1849,30,"gender_agreement","by_session_language","session_2_Mini-Norwegian",2,"Mini-Norwegian",NA,FALSE,"exploratory"
702,0.523949835405293,0.498534844004396,0.534906083159173,0.104477611940299,NA,NA,FALSE,0.528802827084013,200,1849,30,"gender_agreement","by_session_language","session_2_Mini-Norwegian",2,"Mini-Norwegian",NA,FALSE,"exploratory"
706,0.520154161784757,0.498730491456227,0.534036839522503,0.154228855721393,NA,NA,FALSE,0.528802827084013,200,1849,30,"gender_agreement","by_session_language","session_2_Mini-Norwegian",2,"Mini-Norwegian",NA,FALSE,"exploratory"
710,0.511257380378354,0.49989902423939,0.535260863884622,0.283582089552239,NA,NA,FALSE,0.528802827084013,200,1849,30,"gender_agreement","by_session_language","session_2_Mini-Norwegian",2,"Mini-Norwegian",NA,FALSE,"exploratory"
714,0.500110311909271,0.499397908853893,0.538825785922183,0.492537313432836,NA,NA,FALSE,0.528802827084013,200,1849,30,"gender_agreement","by_session_language","session_2_Mini-Norwegian",2,"Mini-Norwegian",NA,FALSE,"exploratory"
718,0.493465299326458,0.499598864015708,0.530677411425962,0.63681592039801,NA,NA,FALSE,0.528802827084013,200,1849,30,"gender_agreement","by_session_language","session_2_Mini-Norwegian",2,"Mini-Norwegian",NA,FALSE,"exploratory"
722,0.496152088027815,0.498191003644802,0.531103903126736,0.597014925373134,NA,NA,FALSE,0.528802827084013,200,1849,30,"gender_agreement","by_session_language","session_2_Mini-Norwegian",2,"Mini-Norwegian",NA,FALSE,"exploratory"
726,0.498012602907651,0.498451859933811,0.531323531192055,0.507462686567164,NA,NA,FALSE,0.528802827084013,200,1849,30,"gender_agreement","by_session_language","session_2_Mini-Norwegian",2,"Mini-Norwegian",NA,FALSE,"exploratory"
730,0.493440271272917,0.498032701849576,0.531064495037098,0.616915422885572,NA,NA,FALSE,0.528802827084013,200,1849,30,"gender_agreement","by_session_language","session_2_Mini-Norwegian",2,"Mini-Norwegian",NA,FALSE,"exploratory"
734,0.484340315460722,0.497347014540789,0.531148993226104,0.73134328358209,NA,NA,FALSE,0.528802827084013,200,1849,30,"gender_agreement","by_session_language","session_2_Mini-Norwegian",2,"Mini-Norwegian",NA,FALSE,"exploratory"
738,0.485503785521617,0.497627844892752,0.528926994439838,0.761194029850746,NA,NA,FALSE,0.528802827084013,200,1849,30,"gender_agreement","by_session_language","session_2_Mini-Norwegian",2,"Mini-Norwegian",NA,FALSE,"exploratory"
742,0.487294133966131,0.496443464840411,0.528401758353345,0.736318407960199,NA,NA,FALSE,0.528802827084013,200,1849,30,"gender_agreement","by_session_language","session_2_Mini-Norwegian",2,"Mini-Norwegian",NA,FALSE,"exploratory"
746,0.50458935666109,0.496901840568324,0.530528248127272,0.328358208955224,NA,NA,FALSE,0.528802827084013,200,1849,30,"gender_agreement","by_session_language","session_2_Mini-Norwegian",2,"Mini-Norwegian",NA,FALSE,"exploratory"
750,0.507707076105742,0.497973582144633,0.535394780666784,0.283582089552239,NA,NA,FALSE,0.528802827084013,200,1849,30,"gender_agreement","by_session_language","session_2_Mini-Norwegian",2,"Mini-Norwegian",NA,FALSE,"exploratory"
754,0.518740410275203,0.498494951044584,0.532993055969037,0.154228855721393,NA,NA,FALSE,0.528802827084013,200,1849,30,"gender_agreement","by_session_language","session_2_Mini-Norwegian",2,"Mini-Norwegian",NA,FALSE,"exploratory"
758,0.520652712705669,0.497612898668715,0.532665191227131,0.139303482587065,NA,NA,FALSE,0.528802827084013,200,1849,30,"gender_agreement","by_session_language","session_2_Mini-Norwegian",2,"Mini-Norwegian",NA,FALSE,"exploratory"
762,0.521355989413542,0.497745313559671,0.532606726713906,0.124378109452736,NA,NA,FALSE,0.528802827084013,200,1849,30,"gender_agreement","by_session_language","session_2_Mini-Norwegian",2,"Mini-Norwegian",NA,FALSE,"exploratory"
766,0.523645144181593,0.496929432981286,0.534420381530655,0.0895522388059701,NA,NA,FALSE,0.528802827084013,200,1849,30,"gender_agreement","by_session_language","session_2_Mini-Norwegian",2,"Mini-Norwegian",NA,FALSE,"exploratory"
770,0.522489928627957,0.497692969115689,0.531588886774493,0.0945273631840796,NA,NA,FALSE,0.528802827084013,200,1849,30,"gender_agreement","by_session_language","session_2_Mini-Norwegian",2,"Mini-Norwegian",NA,FALSE,"exploratory"
774,0.526194299547345,0.49817175890163,0.530168235535186,0.0497512437810945,NA,NA,FALSE,0.528802827084013,200,1849,30,"gender_agreement","by_session_language","session_2_Mini-Norwegian",2,"Mini-Norwegian",NA,FALSE,"exploratory"
778,0.523983819774596,0.497046335490689,0.52852859162274,0.054726368159204,NA,NA,FALSE,0.528802827084013,200,1849,30,"gender_agreement","by_session_language","session_2_Mini-Norwegian",2,"Mini-Norwegian",NA,FALSE,"exploratory"
782,0.524711027711031,0.498188673675325,0.530123301891878,0.0746268656716418,NA,NA,FALSE,0.528802827084013,200,1849,30,"gender_agreement","by_session_language","session_2_Mini-Norwegian",2,"Mini-Norwegian",NA,FALSE,"exploratory"
786,0.509360268545609,0.498096086993145,0.526517372083655,0.283582089552239,NA,NA,FALSE,0.528802827084013,200,1849,30,"gender_agreement","by_session_language","session_2_Mini-Norwegian",2,"Mini-Norwegian",NA,FALSE,"exploratory"
790,0.515739956604746,0.497773694538074,0.52977283843392,0.149253731343284,NA,NA,FALSE,0.528802827084013,200,1849,30,"gender_agreement","by_session_language","session_2_Mini-Norwegian",2,"Mini-Norwegian",NA,FALSE,"exploratory"
794,0.51408742184619,0.497228517913796,0.530302688996766,0.208955223880597,NA,NA,FALSE,0.528802827084013,200,1849,30,"gender_agreement","by_session_language","session_2_Mini-Norwegian",2,"Mini-Norwegian",NA,FALSE,"exploratory"
798,0.510229433478665,0.496810234509258,0.530514929110631,0.26865671641791,NA,NA,FALSE,0.528802827084013,200,1849,30,"gender_agreement","by_session_language","session_2_Mini-Norwegian",2,"Mini-Norwegian",NA,FALSE,"exploratory"
802,0.507475989802102,0.497769450239257,0.529321515964079,0.358208955223881,NA,NA,FALSE,0.528802827084013,200,1849,30,"gender_agreement","by_session_language","session_2_Mini-Norwegian",2,"Mini-Norwegian",NA,FALSE,"exploratory"
806,0.497271382122365,0.497428762082827,0.535324494101858,0.537313432835821,NA,NA,FALSE,0.528802827084013,200,1849,30,"gender_agreement","by_session_language","session_2_Mini-Norwegian",2,"Mini-Norwegian",NA,FALSE,"exploratory"
810,0.494968320491085,0.49811795625816,0.536869966693118,0.567164179104478,NA,NA,FALSE,0.528802827084013,200,1849,30,"gender_agreement","by_session_language","session_2_Mini-Norwegian",2,"Mini-Norwegian",NA,FALSE,"exploratory"
814,0.507416533580695,0.498353045738411,0.536373640778165,0.333333333333333,NA,NA,FALSE,0.528802827084013,200,1849,30,"gender_agreement","by_session_language","session_2_Mini-Norwegian",2,"Mini-Norwegian",NA,FALSE,"exploratory"
818,0.520932192813865,0.4991543499697,0.538481011783121,0.109452736318408,NA,NA,FALSE,0.528802827084013,200,1849,30,"gender_agreement","by_session_language","session_2_Mini-Norwegian",2,"Mini-Norwegian",NA,FALSE,"exploratory"
822,0.52032625885899,0.499462013147783,0.542634219108823,0.124378109452736,NA,NA,FALSE,0.528802827084013,200,1849,30,"gender_agreement","by_session_language","session_2_Mini-Norwegian",2,"Mini-Norwegian",NA,FALSE,"exploratory"
826,0.523100929979777,0.498574233775506,0.538916301492435,0.104477611940299,NA,NA,FALSE,0.528802827084013,200,1849,30,"gender_agreement","by_session_language","session_2_Mini-Norwegian",2,"Mini-Norwegian",NA,FALSE,"exploratory"
830,0.520776063480272,0.497669337285757,0.541421244621263,0.114427860696517,NA,NA,FALSE,0.528802827084013,200,1849,30,"gender_agreement","by_session_language","session_2_Mini-Norwegian",2,"Mini-Norwegian",NA,FALSE,"exploratory"
834,0.509125064464553,0.498339751376989,0.538027327830435,0.288557213930348,NA,NA,FALSE,0.528802827084013,200,1849,30,"gender_agreement","by_session_language","session_2_Mini-Norwegian",2,"Mini-Norwegian",NA,FALSE,"exploratory"
838,0.513308320205199,0.499536404855079,0.540265537268888,0.228855721393035,NA,NA,FALSE,0.528802827084013,200,1849,30,"gender_agreement","by_session_language","session_2_Mini-Norwegian",2,"Mini-Norwegian",NA,FALSE,"exploratory"
842,0.513383555028551,0.500120353751107,0.539664590400365,0.253731343283582,NA,NA,FALSE,0.528802827084013,200,1849,30,"gender_agreement","by_session_language","session_2_Mini-Norwegian",2,"Mini-Norwegian",NA,FALSE,"exploratory"
846,0.515136314878406,0.499126879174186,0.538324295480398,0.223880597014925,NA,NA,FALSE,0.528802827084013,200,1849,30,"gender_agreement","by_session_language","session_2_Mini-Norwegian",2,"Mini-Norwegian",NA,FALSE,"exploratory"
850,0.514840939414351,0.499333042705225,0.538955117696677,0.228855721393035,NA,NA,FALSE,0.528802827084013,200,1849,30,"gender_agreement","by_session_language","session_2_Mini-Norwegian",2,"Mini-Norwegian",NA,FALSE,"exploratory"
854,0.512762482900051,0.499607490011568,0.536311604352235,0.26865671641791,NA,NA,FALSE,0.528802827084013,200,1849,30,"gender_agreement","by_session_language","session_2_Mini-Norwegian",2,"Mini-Norwegian",NA,FALSE,"exploratory"
858,0.519002358158005,0.49833288893829,0.53165158527189,0.144278606965174,NA,NA,FALSE,0.528802827084013,200,1849,30,"gender_agreement","by_session_language","session_2_Mini-Norwegian",2,"Mini-Norwegian",NA,FALSE,"exploratory"
862,0.519445293142348,0.498834898538257,0.532086862674378,0.124378109452736,NA,NA,FALSE,0.528802827084013,200,1849,30,"gender_agreement","by_session_language","session_2_Mini-Norwegian",2,"Mini-Norwegian",NA,FALSE,"exploratory"
866,0.511747338861657,0.499164840199763,0.530916753780593,0.228855721393035,NA,NA,FALSE,0.528802827084013,200,1849,30,"gender_agreement","by_session_language","session_2_Mini-Norwegian",2,"Mini-Norwegian",NA,FALSE,"exploratory"
870,0.521195559557415,0.498575193133089,0.52937237546389,0.0696517412935323,NA,NA,FALSE,0.528802827084013,200,1849,30,"gender_agreement","by_session_language","session_2_Mini-Norwegian",2,"Mini-Norwegian",NA,FALSE,"exploratory"
874,0.526901361137509,0.497348192334343,0.527815539226464,0.0398009950248756,NA,NA,FALSE,0.528802827084013,200,1849,30,"gender_agreement","by_session_language","session_2_Mini-Norwegian",2,"Mini-Norwegian",NA,FALSE,"exploratory"
878,0.51803825701383,0.4969796420302,0.527146342285126,0.134328358208955,NA,NA,FALSE,0.528802827084013,200,1849,30,"gender_agreement","by_session_language","session_2_Mini-Norwegian",2,"Mini-Norwegian",NA,FALSE,"exploratory"
882,0.526773282471293,0.498126850878065,0.529832422696362,0.0597014925373134,NA,NA,FALSE,0.528802827084013,200,1849,30,"gender_agreement","by_session_language","session_2_Mini-Norwegian",2,"Mini-Norwegian",NA,FALSE,"exploratory"
886,0.514692943174381,0.499124872007716,0.532531311067401,0.228855721393035,NA,NA,FALSE,0.528802827084013,200,1849,30,"gender_agreement","by_session_language","session_2_Mini-Norwegian",2,"Mini-Norwegian",NA,FALSE,"exploratory"
890,0.51290830806426,0.49933501100019,0.533804075404896,0.258706467661692,NA,NA,FALSE,0.528802827084013,200,1849,30,"gender_agreement","by_session_language","session_2_Mini-Norwegian",2,"Mini-Norwegian",NA,FALSE,"exploratory"
894,0.521684826162846,0.499301541352421,0.532535726308982,0.119402985074627,NA,NA,FALSE,0.528802827084013,200,1849,30,"gender_agreement","by_session_language","session_2_Mini-Norwegian",2,"Mini-Norwegian",NA,FALSE,"exploratory"
898,0.528510490688901,0.498905971720385,0.536630173314264,0.0646766169154229,NA,NA,FALSE,0.528802827084013,200,1849,30,"gender_agreement","by_session_language","session_2_Mini-Norwegian",2,"Mini-Norwegian",NA,FALSE,"exploratory"
902,0.522269395187574,0.498263075453747,0.533977809574553,0.0746268656716418,NA,NA,FALSE,0.528802827084013,200,1849,30,"gender_agreement","by_session_language","session_2_Mini-Norwegian",2,"Mini-Norwegian",NA,FALSE,"exploratory"
906,0.525652546186041,0.498799485430312,0.532714063759735,0.0746268656716418,NA,NA,FALSE,0.528802827084013,200,1849,30,"gender_agreement","by_session_language","session_2_Mini-Norwegian",2,"Mini-Norwegian",NA,FALSE,"exploratory"
910,0.528973396049856,0.499840018224579,0.533175743513348,0.054726368159204,6,0.940298507462687,FALSE,0.528802827084013,200,1849,30,"gender_agreement","by_session_language","session_2_Mini-Norwegian",2,"Mini-Norwegian",NA,FALSE,"exploratory"
914,0.530834103812387,0.500250177005811,0.529324842044318,0.0248756218905473,6,0.940298507462687,FALSE,0.528802827084013,200,1849,30,"gender_agreement","by_session_language","session_2_Mini-Norwegian",2,"Mini-Norwegian",NA,FALSE,"exploratory"
918,0.524654059320102,0.499893228831131,0.531850278113769,0.0895522388059701,NA,NA,FALSE,0.528802827084013,200,1849,30,"gender_agreement","by_session_language","session_2_Mini-Norwegian",2,"Mini-Norwegian",NA,FALSE,"exploratory"
922,0.513653862252939,0.499630429375478,0.533852237216725,0.233830845771144,NA,NA,FALSE,0.528802827084013,200,1849,30,"gender_agreement","by_session_language","session_2_Mini-Norwegian",2,"Mini-Norwegian",NA,FALSE,"exploratory"
926,0.506529049525164,0.500259246537122,0.533110366819759,0.36318407960199,NA,NA,FALSE,0.528802827084013,200,1849,30,"gender_agreement","by_session_language","session_2_Mini-Norwegian",2,"Mini-Norwegian",NA,FALSE,"exploratory"
930,0.508122579332971,0.498442312548205,0.531834924199646,0.308457711442786,NA,NA,FALSE,0.528802827084013,200,1849,30,"gender_agreement","by_session_language","session_2_Mini-Norwegian",2,"Mini-Norwegian",NA,FALSE,"exploratory"
934,0.502356349186082,0.498915568626984,0.529590325193296,0.437810945273632,NA,NA,FALSE,0.528802827084013,200,1849,30,"gender_agreement","by_session_language","session_2_Mini-Norwegian",2,"Mini-Norwegian",NA,FALSE,"exploratory"
938,0.518314620830552,0.498415952205034,0.536908065112207,0.154228855721393,NA,NA,FALSE,0.528802827084013,200,1849,30,"gender_agreement","by_session_language","session_2_Mini-Norwegian",2,"Mini-Norwegian",NA,FALSE,"exploratory"
942,0.503221359030378,0.49859498098133,0.533557841004484,0.373134328358209,NA,NA,FALSE,0.528802827084013,200,1849,30,"gender_agreement","by_session_language","session_2_Mini-Norwegian",2,"Mini-Norwegian",NA,FALSE,"exploratory"
946,0.513674059275456,0.498445154196715,0.530820430633889,0.228855721393035,NA,NA,FALSE,0.528802827084013,200,1849,30,"gender_agreement","by_session_language","session_2_Mini-Norwegian",2,"Mini-Norwegian",NA,FALSE,"exploratory"
950,0.5169304143183,0.498717887819815,0.537209501478713,0.17910447761194,NA,NA,FALSE,0.528802827084013,200,1849,30,"gender_agreement","by_session_language","session_2_Mini-Norwegian",2,"Mini-Norwegian",NA,FALSE,"exploratory"
954,0.511747418840626,0.499797885685989,0.536305401160884,0.283582089552239,NA,NA,FALSE,0.528802827084013,200,1849,30,"gender_agreement","by_session_language","session_2_Mini-Norwegian",2,"Mini-Norwegian",NA,FALSE,"exploratory"
958,0.507372947037094,0.499721590880596,0.536731354309172,0.353233830845771,NA,NA,FALSE,0.528802827084013,200,1849,30,"gender_agreement","by_session_language","session_2_Mini-Norwegian",2,"Mini-Norwegian",NA,FALSE,"exploratory"
962,0.511466790998406,0.499074797924644,0.533529193014394,0.233830845771144,NA,NA,FALSE,0.528802827084013,200,1849,30,"gender_agreement","by_session_language","session_2_Mini-Norwegian",2,"Mini-Norwegian",NA,FALSE,"exploratory"
966,0.514306541771146,0.498571103845204,0.532831332993495,0.194029850746269,NA,NA,FALSE,0.528802827084013,200,1849,30,"gender_agreement","by_session_language","session_2_Mini-Norwegian",2,"Mini-Norwegian",NA,FALSE,"exploratory"
970,0.514362328368519,0.498614988186248,0.534038531009456,0.208955223880597,NA,NA,FALSE,0.528802827084013,200,1849,30,"gender_agreement","by_session_language","session_2_Mini-Norwegian",2,"Mini-Norwegian",NA,FALSE,"exploratory"
974,0.510467835844845,0.498649418342016,0.534833282492017,0.263681592039801,NA,NA,FALSE,0.528802827084013,200,1849,30,"gender_agreement","by_session_language","session_2_Mini-Norwegian",2,"Mini-Norwegian",NA,FALSE,"exploratory"
978,0.504320582556606,0.498265520854588,0.535802490844582,0.378109452736318,NA,NA,FALSE,0.528802827084013,200,1849,30,"gender_agreement","by_session_language","session_2_Mini-Norwegian",2,"Mini-Norwegian",NA,FALSE,"exploratory"
982,0.502769948947589,0.498708358503858,0.534342814612717,0.447761194029851,NA,NA,FALSE,0.528802827084013,200,1849,30,"gender_agreement","by_session_language","session_2_Mini-Norwegian",2,"Mini-Norwegian",NA,FALSE,"exploratory"
986,0.50820741972074,0.499754219299057,0.531253903425756,0.328358208955224,NA,NA,FALSE,0.528802827084013,200,1849,30,"gender_agreement","by_session_language","session_2_Mini-Norwegian",2,"Mini-Norwegian",NA,FALSE,"exploratory"
990,0.507678155107616,0.499567765639929,0.5307458807371,0.358208955223881,NA,NA,FALSE,0.528802827084013,200,1849,30,"gender_agreement","by_session_language","session_2_Mini-Norwegian",2,"Mini-Norwegian",NA,FALSE,"exploratory"
994,0.485515768210737,0.499061070496366,0.531577994764984,0.756218905472637,NA,NA,FALSE,0.528802827084013,200,1849,30,"gender_agreement","by_session_language","session_2_Mini-Norwegian",2,"Mini-Norwegian",NA,FALSE,"exploratory"
998,0.473951603533336,0.498740850707365,0.537810781696961,0.900497512437811,NA,NA,FALSE,0.528802827084013,200,1849,30,"gender_agreement","by_session_language","session_2_Mini-Norwegian",2,"Mini-Norwegian",NA,FALSE,"exploratory"
1002,0.48294953211279,0.499868787453176,0.540083927173802,0.835820895522388,NA,NA,FALSE,0.528802827084013,200,1849,30,"gender_agreement","by_session_language","session_2_Mini-Norwegian",2,"Mini-Norwegian",NA,FALSE,"exploratory"
1006,0.475529984424041,0.500644675322559,0.54020649042587,0.90547263681592,NA,NA,FALSE,0.528802827084013,200,1849,30,"gender_agreement","by_session_language","session_2_Mini-Norwegian",2,"Mini-Norwegian",NA,FALSE,"exploratory"
1010,0.487367193490535,0.501342933079255,0.540080619283064,0.796019900497512,NA,NA,FALSE,0.528802827084013,200,1849,30,"gender_agreement","by_session_language","session_2_Mini-Norwegian",2,"Mini-Norwegian",NA,FALSE,"exploratory"
1014,0.483240792575839,0.501434083504893,0.537661595773205,0.835820895522388,NA,NA,FALSE,0.528802827084013,200,1849,30,"gender_agreement","by_session_language","session_2_Mini-Norwegian",2,"Mini-Norwegian",NA,FALSE,"exploratory"
1018,0.488870380347333,0.500331241725164,0.535540779527275,0.716417910447761,NA,NA,FALSE,0.528802827084013,200,1849,30,"gender_agreement","by_session_language","session_2_Mini-Norwegian",2,"Mini-Norwegian",NA,FALSE,"exploratory"
1022,0.478034145652009,0.499222030696693,0.534028557755589,0.885572139303483,NA,NA,FALSE,0.528802827084013,200,1849,30,"gender_agreement","by_session_language","session_2_Mini-Norwegian",2,"Mini-Norwegian",NA,FALSE,"exploratory"
1026,0.494261975089205,0.498672939120546,0.531081746665179,0.587064676616915,NA,NA,FALSE,0.528802827084013,200,1849,30,"gender_agreement","by_session_language","session_2_Mini-Norwegian",2,"Mini-Norwegian",NA,FALSE,"exploratory"
1030,0.500255831601098,0.498478698942726,0.52916273838173,0.472636815920398,NA,NA,FALSE,0.528802827084013,200,1849,30,"gender_agreement","by_session_language","session_2_Mini-Norwegian",2,"Mini-Norwegian",NA,FALSE,"exploratory"
1034,0.502588391611759,0.497969950803379,0.531429993668185,0.393034825870647,NA,NA,FALSE,0.528802827084013,200,1849,30,"gender_agreement","by_session_language","session_2_Mini-Norwegian",2,"Mini-Norwegian",NA,FALSE,"exploratory"
1038,0.50046693446486,0.498038916628165,0.527608887411989,0.462686567164179,NA,NA,FALSE,0.528802827084013,200,1849,30,"gender_agreement","by_session_language","session_2_Mini-Norwegian",2,"Mini-Norwegian",NA,FALSE,"exploratory"
1042,0.507685700784992,0.497633370405843,0.528937855041981,0.318407960199005,NA,NA,FALSE,0.528802827084013,200,1849,30,"gender_agreement","by_session_language","session_2_Mini-Norwegian",2,"Mini-Norwegian",NA,FALSE,"exploratory"
1046,0.490011257584062,0.498055224358899,0.530444723263686,0.661691542288557,NA,NA,FALSE,0.528802827084013,200,1849,30,"gender_agreement","by_session_language","session_2_Mini-Norwegian",2,"Mini-Norwegian",NA,FALSE,"exploratory"
1050,0.489119837276775,0.497531893177382,0.529831179158485,0.686567164179104,NA,NA,FALSE,0.528802827084013,200,1849,30,"gender_agreement","by_session_language","session_2_Mini-Norwegian",2,"Mini-Norwegian",NA,FALSE,"exploratory"
1054,0.495094063094629,0.49776521535426,0.527527800621862,0.572139303482587,NA,NA,FALSE,0.528802827084013,200,1849,30,"gender_agreement","by_session_language","session_2_Mini-Norwegian",2,"Mini-Norwegian",NA,FALSE,"exploratory"
1058,0.491668747459465,0.496451671521322,0.526420952283328,0.611940298507463,NA,NA,FALSE,0.528802827084013,200,1849,30,"gender_agreement","by_session_language","session_2_Mini-Norwegian",2,"Mini-Norwegian",NA,FALSE,"exploratory"
1062,0.494303559351813,0.496910266951376,0.528511615858571,0.572139303482587,NA,NA,FALSE,0.528802827084013,200,1849,30,"gender_agreement","by_session_language","session_2_Mini-Norwegian",2,"Mini-Norwegian",NA,FALSE,"exploratory"
1066,0.495804858573769,0.497775637809233,0.529959772975276,0.572139303482587,NA,NA,FALSE,0.528802827084013,200,1849,30,"gender_agreement","by_session_language","session_2_Mini-Norwegian",2,"Mini-Norwegian",NA,FALSE,"exploratory"
1070,0.502308716236778,0.498419588002373,0.53110263889246,0.432835820895522,NA,NA,FALSE,0.528802827084013,200,1849,30,"gender_agreement","by_session_language","session_2_Mini-Norwegian",2,"Mini-Norwegian",NA,FALSE,"exploratory"
1074,0.495858705525375,0.499411875735698,0.529627314951168,0.601990049751244,NA,NA,FALSE,0.528802827084013,200,1849,30,"gender_agreement","by_session_language","session_2_Mini-Norwegian",2,"Mini-Norwegian",NA,FALSE,"exploratory"
1078,0.507293577659408,0.49898577524387,0.533573284036817,0.343283582089552,NA,NA,FALSE,0.528802827084013,200,1849,30,"gender_agreement","by_session_language","session_2_Mini-Norwegian",2,"Mini-Norwegian",NA,FALSE,"exploratory"
1082,0.505029939846367,0.498243454655281,0.534560002836627,0.353233830845771,NA,NA,FALSE,0.528802827084013,200,1849,30,"gender_agreement","by_session_language","session_2_Mini-Norwegian",2,"Mini-Norwegian",NA,FALSE,"exploratory"
1086,0.502938218682543,0.4977764421029,0.537756728581389,0.36318407960199,NA,NA,FALSE,0.528802827084013,200,1849,30,"gender_agreement","by_session_language","session_2_Mini-Norwegian",2,"Mini-Norwegian",NA,FALSE,"exploratory"
1090,0.500579726253313,0.498277434086829,0.537688559221674,0.393034825870647,NA,NA,FALSE,0.528802827084013,200,1849,30,"gender_agreement","by_session_language","session_2_Mini-Norwegian",2,"Mini-Norwegian",NA,FALSE,"exploratory"
1094,0.483810039093602,0.499317212770095,0.537248392637657,0.761194029850746,NA,NA,FALSE,0.528802827084013,200,1849,30,"gender_agreement","by_session_language","session_2_Mini-Norwegian",2,"Mini-Norwegian",NA,FALSE,"exploratory"
1098,0.463550230617468,0.499305422149485,0.536645327160108,0.980099502487562,NA,NA,FALSE,0.528802827084013,200,1849,30,"gender_agreement","by_session_language","session_2_Mini-Norwegian",2,"Mini-Norwegian",NA,FALSE,"exploratory"
-98,0.514933729770471,0.500118738561836,0.530997869090824,0.189054726368159,NA,NA,FALSE,0.529800628914085,200,1784,28,"gender_agreement","by_session_language","session_3_Mini-English",3,"Mini-English",NA,FALSE,"exploratory"
-94,0.51170961122788,0.49999208080796,0.532682070848845,0.238805970149254,NA,NA,FALSE,0.529800628914085,200,1784,28,"gender_agreement","by_session_language","session_3_Mini-English",3,"Mini-English",NA,FALSE,"exploratory"
-90,0.496781983648666,0.498735144741605,0.534408258313332,0.597014925373134,NA,NA,FALSE,0.529800628914085,200,1784,28,"gender_agreement","by_session_language","session_3_Mini-English",3,"Mini-English",NA,FALSE,"exploratory"
-86,0.481988675637825,0.49702391139066,0.535013856051894,0.805970149253731,NA,NA,FALSE,0.529800628914085,200,1784,28,"gender_agreement","by_session_language","session_3_Mini-English",3,"Mini-English",NA,FALSE,"exploratory"
-82,0.474463065670813,0.497921695319756,0.530826579645761,0.875621890547264,NA,NA,FALSE,0.529800628914085,200,1784,28,"gender_agreement","by_session_language","session_3_Mini-English",3,"Mini-English",NA,FALSE,"exploratory"
-78,0.472138897182009,0.49907184143138,0.534239985122241,0.90547263681592,NA,NA,FALSE,0.529800628914085,200,1784,28,"gender_agreement","by_session_language","session_3_Mini-English",3,"Mini-English",NA,FALSE,"exploratory"
-74,0.483649058409189,0.499393949084381,0.531386277656949,0.800995024875622,NA,NA,FALSE,0.529800628914085,200,1784,28,"gender_agreement","by_session_language","session_3_Mini-English",3,"Mini-English",NA,FALSE,"exploratory"
-70,0.492648334880592,0.498660793670264,0.533054199524875,0.656716417910448,NA,NA,FALSE,0.529800628914085,200,1784,28,"gender_agreement","by_session_language","session_3_Mini-English",3,"Mini-English",NA,FALSE,"exploratory"
-66,0.51568792501737,0.498006541375615,0.531293475514239,0.144278606965174,NA,NA,FALSE,0.529800628914085,200,1784,28,"gender_agreement","by_session_language","session_3_Mini-English",3,"Mini-English",NA,FALSE,"exploratory"
-62,0.511822650478254,0.498408842650815,0.537228697324202,0.253731343283582,NA,NA,FALSE,0.529800628914085,200,1784,28,"gender_agreement","by_session_language","session_3_Mini-English",3,"Mini-English",NA,FALSE,"exploratory"
-58,0.497112913638911,0.498668368861035,0.532714264491039,0.54228855721393,NA,NA,FALSE,0.529800628914085,200,1784,28,"gender_agreement","by_session_language","session_3_Mini-English",3,"Mini-English",NA,FALSE,"exploratory"
-54,0.46814577099864,0.499099121604905,0.530160835864968,0.955223880597015,NA,NA,FALSE,0.529800628914085,200,1784,28,"gender_agreement","by_session_language","session_3_Mini-English",3,"Mini-English",NA,FALSE,"exploratory"
-50,0.462138987131354,0.499065561089949,0.532007524338251,0.970149253731343,NA,NA,FALSE,0.529800628914085,200,1784,28,"gender_agreement","by_session_language","session_3_Mini-English",3,"Mini-English",NA,FALSE,"exploratory"
-46,0.496102693673696,0.499290180622852,0.531908889617442,0.572139303482587,NA,NA,FALSE,0.529800628914085,200,1784,28,"gender_agreement","by_session_language","session_3_Mini-English",3,"Mini-English",NA,FALSE,"exploratory"
-42,0.49222322192209,0.500338889423752,0.529863014185412,0.701492537313433,NA,NA,FALSE,0.529800628914085,200,1784,28,"gender_agreement","by_session_language","session_3_Mini-English",3,"Mini-English",NA,FALSE,"exploratory"
-38,0.481864555602183,0.500428244635734,0.532665144505468,0.855721393034826,NA,NA,FALSE,0.529800628914085,200,1784,28,"gender_agreement","by_session_language","session_3_Mini-English",3,"Mini-English",NA,FALSE,"exploratory"
-34,0.476033415595223,0.500954417044071,0.538621080348937,0.890547263681592,NA,NA,FALSE,0.529800628914085,200,1784,28,"gender_agreement","by_session_language","session_3_Mini-English",3,"Mini-English",NA,FALSE,"exploratory"
-30,0.479798656747161,0.500936529037861,0.536212611573111,0.835820895522388,NA,NA,FALSE,0.529800628914085,200,1784,28,"gender_agreement","by_session_language","session_3_Mini-English",3,"Mini-English",NA,FALSE,"exploratory"
-26,0.478902396931664,0.500998929732984,0.536514335738878,0.885572139303483,NA,NA,FALSE,0.529800628914085,200,1784,28,"gender_agreement","by_session_language","session_3_Mini-English",3,"Mini-English",NA,FALSE,"exploratory"
-22,0.48787633943786,0.500433251799842,0.53665805826554,0.746268656716418,NA,NA,FALSE,0.529800628914085,200,1784,28,"gender_agreement","by_session_language","session_3_Mini-English",3,"Mini-English",NA,FALSE,"exploratory"
-18,0.491014680016731,0.499561561252713,0.535607140148762,0.656716417910448,NA,NA,FALSE,0.529800628914085,200,1784,28,"gender_agreement","by_session_language","session_3_Mini-English",3,"Mini-English",NA,FALSE,"exploratory"
-14,0.481935359724227,0.497167206380601,0.534974517738726,0.781094527363184,NA,NA,FALSE,0.529800628914085,200,1784,28,"gender_agreement","by_session_language","session_3_Mini-English",3,"Mini-English",NA,FALSE,"exploratory"
-10,0.480890311337777,0.497766425013384,0.531924111412466,0.805970149253731,NA,NA,FALSE,0.529800628914085,200,1784,28,"gender_agreement","by_session_language","session_3_Mini-English",3,"Mini-English",NA,FALSE,"exploratory"
-6,0.489697410330748,0.497958659363666,0.533846472762557,0.661691542288557,NA,NA,FALSE,0.529800628914085,200,1784,28,"gender_agreement","by_session_language","session_3_Mini-English",3,"Mini-English",NA,FALSE,"exploratory"
-2,0.501871648781299,0.496506793195118,0.52940796305309,0.417910447761194,NA,NA,FALSE,0.529800628914085,200,1784,28,"gender_agreement","by_session_language","session_3_Mini-English",3,"Mini-English",NA,FALSE,"exploratory"
2,0.500915264993894,0.497542597464287,0.526959497499418,0.472636815920398,NA,NA,FALSE,0.529800628914085,200,1784,28,"gender_agreement","by_session_language","session_3_Mini-English",3,"Mini-English",NA,FALSE,"exploratory"
6,0.483229812277646,0.499986991157792,0.532630224078324,0.805970149253731,NA,NA,FALSE,0.529800628914085,200,1784,28,"gender_agreement","by_session_language","session_3_Mini-English",3,"Mini-English",NA,FALSE,"exploratory"
10,0.483421765318299,0.501188471443567,0.533202770751543,0.81592039800995,NA,NA,FALSE,0.529800628914085,200,1784,28,"gender_agreement","by_session_language","session_3_Mini-English",3,"Mini-English",NA,FALSE,"exploratory"
14,0.494682209808531,0.501251891421398,0.536266662340533,0.626865671641791,NA,NA,FALSE,0.529800628914085,200,1784,28,"gender_agreement","by_session_language","session_3_Mini-English",3,"Mini-English",NA,FALSE,"exploratory"
18,0.48556878610508,0.499575082294086,0.534278160024731,0.766169154228856,NA,NA,FALSE,0.529800628914085,200,1784,28,"gender_agreement","by_session_language","session_3_Mini-English",3,"Mini-English",NA,FALSE,"exploratory"
22,0.475398992020588,0.497378665324262,0.530291957088398,0.870646766169154,NA,NA,FALSE,0.529800628914085,200,1784,28,"gender_agreement","by_session_language","session_3_Mini-English",3,"Mini-English",NA,FALSE,"exploratory"
26,0.489323285918232,0.497655945430469,0.529963622221943,0.686567164179104,NA,NA,FALSE,0.529800628914085,200,1784,28,"gender_agreement","by_session_language","session_3_Mini-English",3,"Mini-English",NA,FALSE,"exploratory"
30,0.497265224197985,0.499111894873513,0.528142125154119,0.567164179104478,NA,NA,FALSE,0.529800628914085,200,1784,28,"gender_agreement","by_session_language","session_3_Mini-English",3,"Mini-English",NA,FALSE,"exploratory"
34,0.488569368304388,0.501454512595013,0.53201206846891,0.771144278606965,NA,NA,FALSE,0.529800628914085,200,1784,28,"gender_agreement","by_session_language","session_3_Mini-English",3,"Mini-English",NA,FALSE,"exploratory"
38,0.486669942380164,0.501997360799552,0.53603135066056,0.82089552238806,NA,NA,FALSE,0.529800628914085,200,1784,28,"gender_agreement","by_session_language","session_3_Mini-English",3,"Mini-English",NA,FALSE,"exploratory"
42,0.486010875536693,0.500243127063681,0.530972289306811,0.796019900497512,NA,NA,FALSE,0.529800628914085,200,1784,28,"gender_agreement","by_session_language","session_3_Mini-English",3,"Mini-English",NA,FALSE,"exploratory"
46,0.494578698385837,0.498987528645034,0.533251319140216,0.626865671641791,NA,NA,FALSE,0.529800628914085,200,1784,28,"gender_agreement","by_session_language","session_3_Mini-English",3,"Mini-English",NA,FALSE,"exploratory"
50,0.502462463267605,0.499132404648986,0.531206024422056,0.422885572139304,NA,NA,FALSE,0.529800628914085,200,1784,28,"gender_agreement","by_session_language","session_3_Mini-English",3,"Mini-English",NA,FALSE,"exploratory"
54,0.494702588415373,0.499500250314871,0.535562378852824,0.621890547263682,NA,NA,FALSE,0.529800628914085,200,1784,28,"gender_agreement","by_session_language","session_3_Mini-English",3,"Mini-English",NA,FALSE,"exploratory"
58,0.498418676278083,0.499914858181747,0.534811809500618,0.562189054726368,NA,NA,FALSE,0.529800628914085,200,1784,28,"gender_agreement","by_session_language","session_3_Mini-English",3,"Mini-English",NA,FALSE,"exploratory"
62,0.505048680650049,0.499938887325227,0.536322565673844,0.402985074626866,NA,NA,FALSE,0.529800628914085,200,1784,28,"gender_agreement","by_session_language","session_3_Mini-English",3,"Mini-English",NA,FALSE,"exploratory"
66,0.496704408064597,0.499624830312107,0.536991724049036,0.611940298507463,NA,NA,FALSE,0.529800628914085,200,1784,28,"gender_agreement","by_session_language","session_3_Mini-English",3,"Mini-English",NA,FALSE,"exploratory"
70,0.471453209169985,0.499742517585355,0.535209818661123,0.945273631840796,NA,NA,FALSE,0.529800628914085,200,1784,28,"gender_agreement","by_session_language","session_3_Mini-English",3,"Mini-English",NA,FALSE,"exploratory"
74,0.472946863495494,0.502114478601828,0.532896260544329,0.965174129353234,NA,NA,FALSE,0.529800628914085,200,1784,28,"gender_agreement","by_session_language","session_3_Mini-English",3,"Mini-English",NA,FALSE,"exploratory"
78,0.486093244524406,0.502285828273311,0.531453300173945,0.835820895522388,NA,NA,FALSE,0.529800628914085,200,1784,28,"gender_agreement","by_session_language","session_3_Mini-English",3,"Mini-English",NA,FALSE,"exploratory"
82,0.501545828625226,0.5008133653885,0.535312903638363,0.517412935323383,NA,NA,FALSE,0.529800628914085,200,1784,28,"gender_agreement","by_session_language","session_3_Mini-English",3,"Mini-English",NA,FALSE,"exploratory"
86,0.502524046213697,0.500410221273559,0.541222460500203,0.497512437810945,NA,NA,FALSE,0.529800628914085,200,1784,28,"gender_agreement","by_session_language","session_3_Mini-English",3,"Mini-English",NA,FALSE,"exploratory"
90,0.495539085174231,0.500474732265868,0.539369218512633,0.621890547263682,NA,NA,FALSE,0.529800628914085,200,1784,28,"gender_agreement","by_session_language","session_3_Mini-English",3,"Mini-English",NA,FALSE,"exploratory"
94,0.499406281909097,0.501220686105911,0.53797216652458,0.567164179104478,NA,NA,FALSE,0.529800628914085,200,1784,28,"gender_agreement","by_session_language","session_3_Mini-English",3,"Mini-English",NA,FALSE,"exploratory"
98,0.492753333173339,0.501018597306736,0.541809507122754,0.666666666666667,NA,NA,FALSE,0.529800628914085,200,1784,28,"gender_agreement","by_session_language","session_3_Mini-English",3,"Mini-English",NA,FALSE,"exploratory"
102,0.498266139485732,0.50114764607134,0.545415281352837,0.587064676616915,NA,NA,FALSE,0.529800628914085,200,1784,28,"gender_agreement","by_session_language","session_3_Mini-English",3,"Mini-English",NA,FALSE,"exploratory"
106,0.51258450466438,0.50075948653983,0.53943816141735,0.258706467661692,NA,NA,FALSE,0.529800628914085,200,1784,28,"gender_agreement","by_session_language","session_3_Mini-English",3,"Mini-English",NA,FALSE,"exploratory"
110,0.518969434542595,0.500765111822263,0.537495199824082,0.199004975124378,NA,NA,FALSE,0.529800628914085,200,1784,28,"gender_agreement","by_session_language","session_3_Mini-English",3,"Mini-English",NA,FALSE,"exploratory"
114,0.495189300465625,0.500861439415205,0.537251723006132,0.611940298507463,NA,NA,FALSE,0.529800628914085,200,1784,28,"gender_agreement","by_session_language","session_3_Mini-English",3,"Mini-English",NA,FALSE,"exploratory"
118,0.497181570495518,0.502310012363144,0.537826223792452,0.641791044776119,NA,NA,FALSE,0.529800628914085,200,1784,28,"gender_agreement","by_session_language","session_3_Mini-English",3,"Mini-English",NA,FALSE,"exploratory"
122,0.477340557866716,0.503778311378533,0.537705766862622,0.920398009950249,NA,NA,FALSE,0.529800628914085,200,1784,28,"gender_agreement","by_session_language","session_3_Mini-English",3,"Mini-English",NA,FALSE,"exploratory"
126,0.474041847228875,0.502601907840275,0.531587174531147,0.925373134328358,NA,NA,FALSE,0.529800628914085,200,1784,28,"gender_agreement","by_session_language","session_3_Mini-English",3,"Mini-English",NA,FALSE,"exploratory"
130,0.489385981550901,0.501775093886664,0.535337631105327,0.771144278606965,NA,NA,FALSE,0.529800628914085,200,1784,28,"gender_agreement","by_session_language","session_3_Mini-English",3,"Mini-English",NA,FALSE,"exploratory"
134,0.499288279520073,0.500418724052393,0.541349542291688,0.562189054726368,NA,NA,FALSE,0.529800628914085,200,1784,28,"gender_agreement","by_session_language","session_3_Mini-English",3,"Mini-English",NA,FALSE,"exploratory"
138,0.496401369257801,0.498435174959733,0.533858646486062,0.567164179104478,NA,NA,FALSE,0.529800628914085,200,1784,28,"gender_agreement","by_session_language","session_3_Mini-English",3,"Mini-English",NA,FALSE,"exploratory"
142,0.491180607761137,0.498127047905935,0.533683608917468,0.646766169154229,NA,NA,FALSE,0.529800628914085,200,1784,28,"gender_agreement","by_session_language","session_3_Mini-English",3,"Mini-English",NA,FALSE,"exploratory"
146,0.483056457236872,0.497495944980811,0.529047831220648,0.766169154228856,NA,NA,FALSE,0.529800628914085,200,1784,28,"gender_agreement","by_session_language","session_3_Mini-English",3,"Mini-English",NA,FALSE,"exploratory"
150,0.479016132824017,0.498404500759803,0.533422235258554,0.850746268656716,NA,NA,FALSE,0.529800628914085,200,1784,28,"gender_agreement","by_session_language","session_3_Mini-English",3,"Mini-English",NA,FALSE,"exploratory"
154,0.488224258744096,0.496737289610039,0.532502380390703,0.691542288557214,NA,NA,FALSE,0.529800628914085,200,1784,28,"gender_agreement","by_session_language","session_3_Mini-English",3,"Mini-English",NA,FALSE,"exploratory"
158,0.490632595500763,0.496487901746314,0.532915795453301,0.686567164179104,NA,NA,FALSE,0.529800628914085,200,1784,28,"gender_agreement","by_session_language","session_3_Mini-English",3,"Mini-English",NA,FALSE,"exploratory"
162,0.507268473839366,0.497993244782316,0.529204390521129,0.293532338308458,NA,NA,FALSE,0.529800628914085,200,1784,28,"gender_agreement","by_session_language","session_3_Mini-English",3,"Mini-English",NA,FALSE,"exploratory"
166,0.506503314624785,0.498078535221755,0.53092391903023,0.348258706467662,NA,NA,FALSE,0.529800628914085,200,1784,28,"gender_agreement","by_session_language","session_3_Mini-English",3,"Mini-English",NA,FALSE,"exploratory"
170,0.52573583462128,0.49881851357015,0.535576413685751,0.0746268656716418,NA,NA,FALSE,0.529800628914085,200,1784,28,"gender_agreement","by_session_language","session_3_Mini-English",3,"Mini-English",NA,FALSE,"exploratory"
174,0.527996513055305,0.498915846533795,0.531758772500832,0.0796019900497512,NA,NA,FALSE,0.529800628914085,200,1784,28,"gender_agreement","by_session_language","session_3_Mini-English",3,"Mini-English",NA,FALSE,"exploratory"
178,0.529072100288154,0.50016588776163,0.534674526851315,0.0796019900497512,NA,NA,FALSE,0.529800628914085,200,1784,28,"gender_agreement","by_session_language","session_3_Mini-English",3,"Mini-English",NA,FALSE,"exploratory"
182,0.515618016332625,0.501526657378495,0.536079925534776,0.233830845771144,NA,NA,FALSE,0.529800628914085,200,1784,28,"gender_agreement","by_session_language","session_3_Mini-English",3,"Mini-English",NA,FALSE,"exploratory"
186,0.501998054136307,0.501997756874064,0.533456882335225,0.512437810945274,NA,NA,FALSE,0.529800628914085,200,1784,28,"gender_agreement","by_session_language","session_3_Mini-English",3,"Mini-English",NA,FALSE,"exploratory"
190,0.489927281550814,0.50180819104827,0.536010876859732,0.73134328358209,NA,NA,FALSE,0.529800628914085,200,1784,28,"gender_agreement","by_session_language","session_3_Mini-English",3,"Mini-English",NA,FALSE,"exploratory"
194,0.493383480936808,0.501277450292386,0.537355021485603,0.676616915422886,NA,NA,FALSE,0.529800628914085,200,1784,28,"gender_agreement","by_session_language","session_3_Mini-English",3,"Mini-English",NA,FALSE,"exploratory"
198,0.491760899112122,0.500194704627915,0.534748041274622,0.681592039800995,NA,NA,FALSE,0.529800628914085,200,1784,28,"gender_agreement","by_session_language","session_3_Mini-English",3,"Mini-English",NA,FALSE,"exploratory"
202,0.483839076444488,0.498368351941203,0.537751750377574,0.771144278606965,NA,NA,FALSE,0.529800628914085,200,1784,28,"gender_agreement","by_session_language","session_3_Mini-English",3,"Mini-English",NA,FALSE,"exploratory"
206,0.475009972411732,0.497147056597826,0.53077517648967,0.870646766169154,NA,NA,FALSE,0.529800628914085,200,1784,28,"gender_agreement","by_session_language","session_3_Mini-English",3,"Mini-English",NA,FALSE,"exploratory"
210,0.491482950896654,0.497896799822378,0.533706659603664,0.656716417910448,NA,NA,FALSE,0.529800628914085,200,1784,28,"gender_agreement","by_session_language","session_3_Mini-English",3,"Mini-English",NA,FALSE,"exploratory"
214,0.505611518137637,0.498765206329017,0.534281254862757,0.318407960199005,NA,NA,FALSE,0.529800628914085,200,1784,28,"gender_agreement","by_session_language","session_3_Mini-English",3,"Mini-English",NA,FALSE,"exploratory"
218,0.493891235869382,0.499835505154334,0.534089986640489,0.641791044776119,NA,NA,FALSE,0.529800628914085,200,1784,28,"gender_agreement","by_session_language","session_3_Mini-English",3,"Mini-English",NA,FALSE,"exploratory"
222,0.48934366421051,0.500887467197474,0.534025673025706,0.73134328358209,NA,NA,FALSE,0.529800628914085,200,1784,28,"gender_agreement","by_session_language","session_3_Mini-English",3,"Mini-English",NA,FALSE,"exploratory"
226,0.499673471498104,0.500468681141897,0.53418647804448,0.54228855721393,NA,NA,FALSE,0.529800628914085,200,1784,28,"gender_agreement","by_session_language","session_3_Mini-English",3,"Mini-English",NA,FALSE,"exploratory"
230,0.498772358009816,0.500213673621046,0.532376436034942,0.552238805970149,NA,NA,FALSE,0.529800628914085,200,1784,28,"gender_agreement","by_session_language","session_3_Mini-English",3,"Mini-English",NA,FALSE,"exploratory"
234,0.499088288394409,0.499979586704902,0.530739997013417,0.537313432835821,NA,NA,FALSE,0.529800628914085,200,1784,28,"gender_agreement","by_session_language","session_3_Mini-English",3,"Mini-English",NA,FALSE,"exploratory"
238,0.49373401163462,0.499300092164384,0.528555700473585,0.626865671641791,NA,NA,FALSE,0.529800628914085,200,1784,28,"gender_agreement","by_session_language","session_3_Mini-English",3,"Mini-English",NA,FALSE,"exploratory"
242,0.493271756937764,0.499389829173068,0.529093482458524,0.641791044776119,NA,NA,FALSE,0.529800628914085,200,1784,28,"gender_agreement","by_session_language","session_3_Mini-English",3,"Mini-English",NA,FALSE,"exploratory"
246,0.480484338324594,0.49886841715059,0.526866291951573,0.865671641791045,NA,NA,FALSE,0.529800628914085,200,1784,28,"gender_agreement","by_session_language","session_3_Mini-English",3,"Mini-English",NA,FALSE,"exploratory"
250,0.493420726630756,0.49829223178169,0.526094059122801,0.676616915422886,NA,NA,FALSE,0.529800628914085,200,1784,28,"gender_agreement","by_session_language","session_3_Mini-English",3,"Mini-English",NA,FALSE,"exploratory"
254,0.51166987116293,0.498337499142647,0.529731838504379,0.26865671641791,NA,NA,FALSE,0.529800628914085,200,1784,28,"gender_agreement","by_session_language","session_3_Mini-English",3,"Mini-English",NA,FALSE,"exploratory"
258,0.518073415848282,0.497840089118742,0.529554233345403,0.159203980099502,NA,NA,FALSE,0.529800628914085,200,1784,28,"gender_agreement","by_session_language","session_3_Mini-English",3,"Mini-English",NA,FALSE,"exploratory"
262,0.51185743932733,0.496946863839944,0.532456160258032,0.228855721393035,NA,NA,FALSE,0.529800628914085,200,1784,28,"gender_agreement","by_session_language","session_3_Mini-English",3,"Mini-English",NA,FALSE,"exploratory"
266,0.50798962031876,0.497534296926907,0.531377965464432,0.283582089552239,NA,NA,FALSE,0.529800628914085,200,1784,28,"gender_agreement","by_session_language","session_3_Mini-English",3,"Mini-English",NA,FALSE,"exploratory"
270,0.499045057590481,0.498790140679708,0.530722009211384,0.532338308457711,NA,NA,FALSE,0.529800628914085,200,1784,28,"gender_agreement","by_session_language","session_3_Mini-English",3,"Mini-English",NA,FALSE,"exploratory"
274,0.500998075492621,0.499636622272516,0.533942478968575,0.497512437810945,NA,NA,FALSE,0.529800628914085,200,1784,28,"gender_agreement","by_session_language","session_3_Mini-English",3,"Mini-English",NA,FALSE,"exploratory"
278,0.500930643048725,0.499798490606812,0.535381649522413,0.497512437810945,NA,NA,FALSE,0.529800628914085,200,1784,28,"gender_agreement","by_session_language","session_3_Mini-English",3,"Mini-English",NA,FALSE,"exploratory"
282,0.500267788878267,0.498744600240123,0.53182776315359,0.492537313432836,NA,NA,FALSE,0.529800628914085,200,1784,28,"gender_agreement","by_session_language","session_3_Mini-English",3,"Mini-English",NA,FALSE,"exploratory"
286,0.516340054339427,0.498977303950253,0.529062224354438,0.164179104477612,NA,NA,FALSE,0.529800628914085,200,1784,28,"gender_agreement","by_session_language","session_3_Mini-English",3,"Mini-English",NA,FALSE,"exploratory"
290,0.524257232762276,0.49913176681665,0.531633807440951,0.0746268656716418,NA,NA,FALSE,0.529800628914085,200,1784,28,"gender_agreement","by_session_language","session_3_Mini-English",3,"Mini-English",NA,FALSE,"exploratory"
294,0.498592983856678,0.499505785698687,0.530422561471498,0.482587064676617,NA,NA,FALSE,0.529800628914085,200,1784,28,"gender_agreement","by_session_language","session_3_Mini-English",3,"Mini-English",NA,FALSE,"exploratory"
298,0.505609770431487,0.499372317186734,0.530807471502808,0.383084577114428,NA,NA,FALSE,0.529800628914085,200,1784,28,"gender_agreement","by_session_language","session_3_Mini-English",3,"Mini-English",NA,FALSE,"exploratory"
302,0.516692876199787,0.49923928952702,0.532561855198561,0.194029850746269,NA,NA,FALSE,0.529800628914085,200,1784,28,"gender_agreement","by_session_language","session_3_Mini-English",3,"Mini-English",NA,FALSE,"exploratory"
306,0.498390763855295,0.498731709220449,0.532047129854314,0.522388059701492,NA,NA,FALSE,0.529800628914085,200,1784,28,"gender_agreement","by_session_language","session_3_Mini-English",3,"Mini-English",NA,FALSE,"exploratory"
310,0.490318478161176,0.499030214690928,0.531210097742829,0.696517412935323,NA,NA,FALSE,0.529800628914085,200,1784,28,"gender_agreement","by_session_language","session_3_Mini-English",3,"Mini-English",NA,FALSE,"exploratory"
314,0.494303526296887,0.49987856089454,0.530951533473396,0.656716417910448,NA,NA,FALSE,0.529800628914085,200,1784,28,"gender_agreement","by_session_language","session_3_Mini-English",3,"Mini-English",NA,FALSE,"exploratory"
318,0.499107826454491,0.500432118809778,0.531056400775484,0.54228855721393,NA,NA,FALSE,0.529800628914085,200,1784,28,"gender_agreement","by_session_language","session_3_Mini-English",3,"Mini-English",NA,FALSE,"exploratory"
322,0.50973264784871,0.500376404892833,0.534285371773248,0.318407960199005,NA,NA,FALSE,0.529800628914085,200,1784,28,"gender_agreement","by_session_language","session_3_Mini-English",3,"Mini-English",NA,FALSE,"exploratory"
326,0.51827721846483,0.500107012643009,0.535368651609653,0.17910447761194,NA,NA,FALSE,0.529800628914085,200,1784,28,"gender_agreement","by_session_language","session_3_Mini-English",3,"Mini-English",NA,FALSE,"exploratory"
330,0.517506565556772,0.500184063288261,0.536339887716669,0.194029850746269,NA,NA,FALSE,0.529800628914085,200,1784,28,"gender_agreement","by_session_language","session_3_Mini-English",3,"Mini-English",NA,FALSE,"exploratory"
334,0.503713622540055,0.498994796864108,0.534935084718055,0.422885572139304,NA,NA,FALSE,0.529800628914085,200,1784,28,"gender_agreement","by_session_language","session_3_Mini-English",3,"Mini-English",NA,FALSE,"exploratory"
338,0.512050124582149,0.499280922922693,0.535486667289559,0.243781094527363,NA,NA,FALSE,0.529800628914085,200,1784,28,"gender_agreement","by_session_language","session_3_Mini-English",3,"Mini-English",NA,FALSE,"exploratory"
342,0.507885710126837,0.500048817496421,0.537892472415102,0.288557213930348,NA,NA,FALSE,0.529800628914085,200,1784,28,"gender_agreement","by_session_language","session_3_Mini-English",3,"Mini-English",NA,FALSE,"exploratory"
346,0.505547647659992,0.501030568783334,0.53852673431309,0.427860696517413,NA,NA,FALSE,0.529800628914085,200,1784,28,"gender_agreement","by_session_language","session_3_Mini-English",3,"Mini-English",NA,FALSE,"exploratory"
350,0.476467315147161,0.501173045395247,0.537580980291698,0.915422885572139,NA,NA,FALSE,0.529800628914085,200,1784,28,"gender_agreement","by_session_language","session_3_Mini-English",3,"Mini-English",NA,FALSE,"exploratory"
354,0.453635868734402,0.501055051308071,0.538697042684929,0.985074626865672,NA,NA,FALSE,0.529800628914085,200,1784,28,"gender_agreement","by_session_language","session_3_Mini-English",3,"Mini-English",NA,FALSE,"exploratory"
358,0.46170836350232,0.500601340663741,0.537775248048318,0.970149253731343,NA,NA,FALSE,0.529800628914085,200,1784,28,"gender_agreement","by_session_language","session_3_Mini-English",3,"Mini-English",NA,FALSE,"exploratory"
362,0.476527836140879,0.500578152692568,0.537508975930587,0.890547263681592,NA,NA,FALSE,0.529800628914085,200,1784,28,"gender_agreement","by_session_language","session_3_Mini-English",3,"Mini-English",NA,FALSE,"exploratory"
366,0.473309166841133,0.501360949448442,0.534575270799447,0.930348258706468,NA,NA,FALSE,0.529800628914085,200,1784,28,"gender_agreement","by_session_language","session_3_Mini-English",3,"Mini-English",NA,FALSE,"exploratory"
370,0.480592320820941,0.501788684780698,0.531372639905934,0.865671641791045,NA,NA,FALSE,0.529800628914085,200,1784,28,"gender_agreement","by_session_language","session_3_Mini-English",3,"Mini-English",NA,FALSE,"exploratory"
374,0.497192899655605,0.500552444164336,0.537593948240608,0.587064676616915,NA,NA,FALSE,0.529800628914085,200,1784,28,"gender_agreement","by_session_language","session_3_Mini-English",3,"Mini-English",NA,FALSE,"exploratory"
378,0.4896681879452,0.499262540017181,0.532938350943509,0.706467661691542,NA,NA,FALSE,0.529800628914085,200,1784,28,"gender_agreement","by_session_language","session_3_Mini-English",3,"Mini-English",NA,FALSE,"exploratory"
382,0.476642706896147,0.499359131619822,0.535816813138878,0.850746268656716,NA,NA,FALSE,0.529800628914085,200,1784,28,"gender_agreement","by_session_language","session_3_Mini-English",3,"Mini-English",NA,FALSE,"exploratory"
386,0.475672355732586,0.498801716348537,0.536736929199044,0.880597014925373,NA,NA,FALSE,0.529800628914085,200,1784,28,"gender_agreement","by_session_language","session_3_Mini-English",3,"Mini-English",NA,FALSE,"exploratory"
390,0.476116888720832,0.498168814851072,0.535028799827316,0.860696517412935,NA,NA,FALSE,0.529800628914085,200,1784,28,"gender_agreement","by_session_language","session_3_Mini-English",3,"Mini-English",NA,FALSE,"exploratory"
394,0.488169132705815,0.498130778125836,0.534405582529907,0.711442786069652,NA,NA,FALSE,0.529800628914085,200,1784,28,"gender_agreement","by_session_language","session_3_Mini-English",3,"Mini-English",NA,FALSE,"exploratory"
398,0.483588729862201,0.498586869404108,0.537003468393397,0.786069651741294,NA,NA,FALSE,0.529800628914085,200,1784,28,"gender_agreement","by_session_language","session_3_Mini-English",3,"Mini-English",NA,FALSE,"exploratory"
402,0.499368575058828,0.499779357060518,0.534720139719612,0.54726368159204,NA,NA,FALSE,0.529800628914085,200,1784,28,"gender_agreement","by_session_language","session_3_Mini-English",3,"Mini-English",NA,FALSE,"exploratory"
406,0.508877437324801,0.499718465735938,0.535196904037581,0.373134328358209,NA,NA,FALSE,0.529800628914085,200,1784,28,"gender_agreement","by_session_language","session_3_Mini-English",3,"Mini-English",NA,FALSE,"exploratory"
410,0.511128833758381,0.500318985654537,0.531873731687756,0.318407960199005,NA,NA,FALSE,0.529800628914085,200,1784,28,"gender_agreement","by_session_language","session_3_Mini-English",3,"Mini-English",NA,FALSE,"exploratory"
414,0.506190362449537,0.500972496878433,0.533080930483231,0.422885572139304,NA,NA,FALSE,0.529800628914085,200,1784,28,"gender_agreement","by_session_language","session_3_Mini-English",3,"Mini-English",NA,FALSE,"exploratory"
418,0.500499781966912,0.501474237372354,0.535348948005803,0.527363184079602,NA,NA,FALSE,0.529800628914085,200,1784,28,"gender_agreement","by_session_language","session_3_Mini-English",3,"Mini-English",NA,FALSE,"exploratory"
422,0.496673284256857,0.500552410053564,0.53396887685628,0.606965174129353,NA,NA,FALSE,0.529800628914085,200,1784,28,"gender_agreement","by_session_language","session_3_Mini-English",3,"Mini-English",NA,FALSE,"exploratory"
426,0.494507218321064,0.500397795654469,0.532284620742803,0.641791044776119,NA,NA,FALSE,0.529800628914085,200,1784,28,"gender_agreement","by_session_language","session_3_Mini-English",3,"Mini-English",NA,FALSE,"exploratory"
430,0.503393029603099,0.501520205673544,0.533633931962341,0.482587064676617,NA,NA,FALSE,0.529800628914085,200,1784,28,"gender_agreement","by_session_language","session_3_Mini-English",3,"Mini-English",NA,FALSE,"exploratory"
434,0.502202691576959,0.501804799709732,0.538409653935598,0.472636815920398,NA,NA,FALSE,0.529800628914085,200,1784,28,"gender_agreement","by_session_language","session_3_Mini-English",3,"Mini-English",NA,FALSE,"exploratory"
438,0.495562415577399,0.502325611731067,0.540221077576728,0.656716417910448,NA,NA,FALSE,0.529800628914085,200,1784,28,"gender_agreement","by_session_language","session_3_Mini-English",3,"Mini-English",NA,FALSE,"exploratory"
442,0.483940702252453,0.5021383683895,0.540826786852667,0.835820895522388,NA,NA,FALSE,0.529800628914085,200,1784,28,"gender_agreement","by_session_language","session_3_Mini-English",3,"Mini-English",NA,FALSE,"exploratory"
446,0.48855838660692,0.501328835841362,0.540565008259636,0.751243781094527,NA,NA,FALSE,0.529800628914085,200,1784,28,"gender_agreement","by_session_language","session_3_Mini-English",3,"Mini-English",NA,FALSE,"exploratory"
450,0.510187699380387,0.501403197030711,0.536631875438047,0.353233830845771,NA,NA,FALSE,0.529800628914085,200,1784,28,"gender_agreement","by_session_language","session_3_Mini-English",3,"Mini-English",NA,FALSE,"exploratory"
454,0.521441831694519,0.501653186196789,0.532973244851044,0.114427860696517,NA,NA,FALSE,0.529800628914085,200,1784,28,"gender_agreement","by_session_language","session_3_Mini-English",3,"Mini-English",NA,FALSE,"exploratory"
458,0.524892350662137,0.501129321497607,0.534424672605845,0.0746268656716418,NA,NA,FALSE,0.529800628914085,200,1784,28,"gender_agreement","by_session_language","session_3_Mini-English",3,"Mini-English",NA,FALSE,"exploratory"
462,0.52364139218677,0.501119343081262,0.532070451227395,0.109452736318408,NA,NA,FALSE,0.529800628914085,200,1784,28,"gender_agreement","by_session_language","session_3_Mini-English",3,"Mini-English",NA,FALSE,"exploratory"
466,0.517001683114008,0.501002346385859,0.537055129909792,0.208955223880597,NA,NA,FALSE,0.529800628914085,200,1784,28,"gender_agreement","by_session_language","session_3_Mini-English",3,"Mini-English",NA,FALSE,"exploratory"
470,0.51886575810704,0.500343162947341,0.540881739315209,0.199004975124378,NA,NA,FALSE,0.529800628914085,200,1784,28,"gender_agreement","by_session_language","session_3_Mini-English",3,"Mini-English",NA,FALSE,"exploratory"
474,0.516496938713876,0.500627947339014,0.534973006704485,0.213930348258706,NA,NA,FALSE,0.529800628914085,200,1784,28,"gender_agreement","by_session_language","session_3_Mini-English",3,"Mini-English",NA,FALSE,"exploratory"
478,0.501793959157588,0.500196572953314,0.531208313810719,0.487562189054726,NA,NA,FALSE,0.529800628914085,200,1784,28,"gender_agreement","by_session_language","session_3_Mini-English",3,"Mini-English",NA,FALSE,"exploratory"
482,0.498879575115684,0.5004609343973,0.535270390722333,0.537313432835821,NA,NA,FALSE,0.529800628914085,200,1784,28,"gender_agreement","by_session_language","session_3_Mini-English",3,"Mini-English",NA,FALSE,"exploratory"
486,0.504846018425161,0.499603675822959,0.530964186032221,0.422885572139304,NA,NA,FALSE,0.529800628914085,200,1784,28,"gender_agreement","by_session_language","session_3_Mini-English",3,"Mini-English",NA,FALSE,"exploratory"
490,0.519265568561155,0.499666159739757,0.536490119989406,0.154228855721393,NA,NA,FALSE,0.529800628914085,200,1784,28,"gender_agreement","by_session_language","session_3_Mini-English",3,"Mini-English",NA,FALSE,"exploratory"
494,0.520535567538422,0.499799095135824,0.533135146900758,0.149253731343284,NA,NA,FALSE,0.529800628914085,200,1784,28,"gender_agreement","by_session_language","session_3_Mini-English",3,"Mini-English",NA,FALSE,"exploratory"
498,0.510968058972081,0.499622644008366,0.532580276637193,0.293532338308458,NA,NA,FALSE,0.529800628914085,200,1784,28,"gender_agreement","by_session_language","session_3_Mini-English",3,"Mini-English",NA,FALSE,"exploratory"
502,0.493419332756351,0.49861033667385,0.534726528815157,0.63681592039801,NA,NA,FALSE,0.529800628914085,200,1784,28,"gender_agreement","by_session_language","session_3_Mini-English",3,"Mini-English",NA,FALSE,"exploratory"
506,0.483243165875221,0.498097856560853,0.532837034961255,0.791044776119403,NA,NA,FALSE,0.529800628914085,200,1784,28,"gender_agreement","by_session_language","session_3_Mini-English",3,"Mini-English",NA,FALSE,"exploratory"
510,0.472705974725901,0.498381313636254,0.535719278999901,0.915422885572139,NA,NA,FALSE,0.529800628914085,200,1784,28,"gender_agreement","by_session_language","session_3_Mini-English",3,"Mini-English",NA,FALSE,"exploratory"
514,0.493301811426251,0.49874606609466,0.529116834347496,0.611940298507463,NA,NA,FALSE,0.529800628914085,200,1784,28,"gender_agreement","by_session_language","session_3_Mini-English",3,"Mini-English",NA,FALSE,"exploratory"
518,0.499944726990963,0.499372423245211,0.530485387460335,0.54726368159204,NA,NA,FALSE,0.529800628914085,200,1784,28,"gender_agreement","by_session_language","session_3_Mini-English",3,"Mini-English",NA,FALSE,"exploratory"
522,0.510959006791865,0.500165431632968,0.532760028171403,0.293532338308458,NA,NA,FALSE,0.529800628914085,200,1784,28,"gender_agreement","by_session_language","session_3_Mini-English",3,"Mini-English",NA,FALSE,"exploratory"
526,0.511476005535024,0.50081076167523,0.536460388063174,0.293532338308458,NA,NA,FALSE,0.529800628914085,200,1784,28,"gender_agreement","by_session_language","session_3_Mini-English",3,"Mini-English",NA,FALSE,"exploratory"
530,0.502241922522585,0.500117866754644,0.534468735017062,0.442786069651741,NA,NA,FALSE,0.529800628914085,200,1784,28,"gender_agreement","by_session_language","session_3_Mini-English",3,"Mini-English",NA,FALSE,"exploratory"
534,0.505136983512075,0.500651196369807,0.532060420624587,0.427860696517413,NA,NA,FALSE,0.529800628914085,200,1784,28,"gender_agreement","by_session_language","session_3_Mini-English",3,"Mini-English",NA,FALSE,"exploratory"
538,0.502369436698137,0.501115883827488,0.534756588724906,0.492537313432836,NA,NA,FALSE,0.529800628914085,200,1784,28,"gender_agreement","by_session_language","session_3_Mini-English",3,"Mini-English",NA,FALSE,"exploratory"
542,0.501067200459084,0.500398512723741,0.532300025612551,0.537313432835821,NA,NA,FALSE,0.529800628914085,200,1784,28,"gender_agreement","by_session_language","session_3_Mini-English",3,"Mini-English",NA,FALSE,"exploratory"
546,0.507916433347647,0.499278358703718,0.531008693445031,0.348258706467662,NA,NA,FALSE,0.529800628914085,200,1784,28,"gender_agreement","by_session_language","session_3_Mini-English",3,"Mini-English",NA,FALSE,"exploratory"
550,0.510919693644925,0.50075337499927,0.534014376867146,0.288557213930348,NA,NA,FALSE,0.529800628914085,200,1784,28,"gender_agreement","by_session_language","session_3_Mini-English",3,"Mini-English",NA,FALSE,"exploratory"
554,0.497625022770979,0.502096541370504,0.536382468970599,0.597014925373134,NA,NA,FALSE,0.529800628914085,200,1784,28,"gender_agreement","by_session_language","session_3_Mini-English",3,"Mini-English",NA,FALSE,"exploratory"
558,0.501262138527205,0.502178996408144,0.537840056716117,0.552238805970149,NA,NA,FALSE,0.529800628914085,200,1784,28,"gender_agreement","by_session_language","session_3_Mini-English",3,"Mini-English",NA,FALSE,"exploratory"
562,0.511883715052889,0.501035990766283,0.533032520623092,0.303482587064677,NA,NA,FALSE,0.529800628914085,200,1784,28,"gender_agreement","by_session_language","session_3_Mini-English",3,"Mini-English",NA,FALSE,"exploratory"
566,0.502717997654094,0.500564938142257,0.530991123643925,0.472636815920398,NA,NA,FALSE,0.529800628914085,200,1784,28,"gender_agreement","by_session_language","session_3_Mini-English",3,"Mini-English",NA,FALSE,"exploratory"
570,0.506165651803072,0.500087441059299,0.534857807989474,0.393034825870647,NA,NA,FALSE,0.529800628914085,200,1784,28,"gender_agreement","by_session_language","session_3_Mini-English",3,"Mini-English",NA,FALSE,"exploratory"
574,0.503366857135931,0.500294076619346,0.536184243066939,0.447761194029851,NA,NA,FALSE,0.529800628914085,200,1784,28,"gender_agreement","by_session_language","session_3_Mini-English",3,"Mini-English",NA,FALSE,"exploratory"
578,0.496769831019679,0.502050826519616,0.536247956735203,0.626865671641791,NA,NA,FALSE,0.529800628914085,200,1784,28,"gender_agreement","by_session_language","session_3_Mini-English",3,"Mini-English",NA,FALSE,"exploratory"
582,0.484410434092459,0.501371357223123,0.537757010757672,0.800995024875622,NA,NA,FALSE,0.529800628914085,200,1784,28,"gender_agreement","by_session_language","session_3_Mini-English",3,"Mini-English",NA,FALSE,"exploratory"
586,0.483037005746157,0.500827778330159,0.537276900517731,0.830845771144279,NA,NA,FALSE,0.529800628914085,200,1784,28,"gender_agreement","by_session_language","session_3_Mini-English",3,"Mini-English",NA,FALSE,"exploratory"
590,0.484854147334225,0.501778621194701,0.538402474109503,0.825870646766169,NA,NA,FALSE,0.529800628914085,200,1784,28,"gender_agreement","by_session_language","session_3_Mini-English",3,"Mini-English",NA,FALSE,"exploratory"
594,0.489166410712101,0.502094663238686,0.536674605113961,0.746268656716418,NA,NA,FALSE,0.529800628914085,200,1784,28,"gender_agreement","by_session_language","session_3_Mini-English",3,"Mini-English",NA,FALSE,"exploratory"
598,0.492181259378041,0.501583535620975,0.537833759803748,0.691542288557214,NA,NA,FALSE,0.529800628914085,200,1784,28,"gender_agreement","by_session_language","session_3_Mini-English",3,"Mini-English",NA,FALSE,"exploratory"
602,0.490350053117382,0.501671564163307,0.536037903698262,0.741293532338308,NA,NA,FALSE,0.529800628914085,200,1784,28,"gender_agreement","by_session_language","session_3_Mini-English",3,"Mini-English",NA,FALSE,"exploratory"
606,0.484615442595161,0.500852475540021,0.531991833494588,0.810945273631841,NA,NA,FALSE,0.529800628914085,200,1784,28,"gender_agreement","by_session_language","session_3_Mini-English",3,"Mini-English",NA,FALSE,"exploratory"
610,0.480596001684865,0.500408260748993,0.534979437790989,0.875621890547264,NA,NA,FALSE,0.529800628914085,200,1784,28,"gender_agreement","by_session_language","session_3_Mini-English",3,"Mini-English",NA,FALSE,"exploratory"
614,0.494924540018246,0.500997460456737,0.534569840766571,0.646766169154229,NA,NA,FALSE,0.529800628914085,200,1784,28,"gender_agreement","by_session_language","session_3_Mini-English",3,"Mini-English",NA,FALSE,"exploratory"
618,0.492094371137993,0.500888112716647,0.539729174802274,0.686567164179104,NA,NA,FALSE,0.529800628914085,200,1784,28,"gender_agreement","by_session_language","session_3_Mini-English",3,"Mini-English",NA,FALSE,"exploratory"
622,0.484654634181779,0.499630041525248,0.534411671397544,0.776119402985075,NA,NA,FALSE,0.529800628914085,200,1784,28,"gender_agreement","by_session_language","session_3_Mini-English",3,"Mini-English",NA,FALSE,"exploratory"
626,0.488113641594665,0.499730006656306,0.534701786782081,0.711442786069652,NA,NA,FALSE,0.529800628914085,200,1784,28,"gender_agreement","by_session_language","session_3_Mini-English",3,"Mini-English",NA,FALSE,"exploratory"
630,0.495460099777257,0.500134090884889,0.533790852698185,0.592039800995025,NA,NA,FALSE,0.529800628914085,200,1784,28,"gender_agreement","by_session_language","session_3_Mini-English",3,"Mini-English",NA,FALSE,"exploratory"
634,0.490831817288237,0.499997144633124,0.53324643570338,0.696517412935323,NA,NA,FALSE,0.529800628914085,200,1784,28,"gender_agreement","by_session_language","session_3_Mini-English",3,"Mini-English",NA,FALSE,"exploratory"
638,0.481581675931574,0.499291090360085,0.530034719603768,0.850746268656716,NA,NA,FALSE,0.529800628914085,200,1784,28,"gender_agreement","by_session_language","session_3_Mini-English",3,"Mini-English",NA,FALSE,"exploratory"
642,0.481018466157334,0.4994413958181,0.530521690865782,0.81592039800995,NA,NA,FALSE,0.529800628914085,200,1784,28,"gender_agreement","by_session_language","session_3_Mini-English",3,"Mini-English",NA,FALSE,"exploratory"
646,0.495498408489683,0.49915168650528,0.535130794503341,0.552238805970149,NA,NA,FALSE,0.529800628914085,200,1784,28,"gender_agreement","by_session_language","session_3_Mini-English",3,"Mini-English",NA,FALSE,"exploratory"
650,0.51788058043987,0.499529777883909,0.535182811736246,0.208955223880597,NA,NA,FALSE,0.529800628914085,200,1784,28,"gender_agreement","by_session_language","session_3_Mini-English",3,"Mini-English",NA,FALSE,"exploratory"
654,0.510696169205988,0.499854295124831,0.533192314732678,0.318407960199005,NA,NA,FALSE,0.529800628914085,200,1784,28,"gender_agreement","by_session_language","session_3_Mini-English",3,"Mini-English",NA,FALSE,"exploratory"
658,0.487269357988887,0.500287147503559,0.538667223101343,0.776119402985075,NA,NA,FALSE,0.529800628914085,200,1784,28,"gender_agreement","by_session_language","session_3_Mini-English",3,"Mini-English",NA,FALSE,"exploratory"
662,0.493730451763031,0.499642137895097,0.530277797067824,0.651741293532338,NA,NA,FALSE,0.529800628914085,200,1784,28,"gender_agreement","by_session_language","session_3_Mini-English",3,"Mini-English",NA,FALSE,"exploratory"
666,0.483197667225328,0.499512661375975,0.532870930085669,0.840796019900497,NA,NA,FALSE,0.529800628914085,200,1784,28,"gender_agreement","by_session_language","session_3_Mini-English",3,"Mini-English",NA,FALSE,"exploratory"
670,0.485129642916072,0.499152093328336,0.533951979788806,0.810945273631841,NA,NA,FALSE,0.529800628914085,200,1784,28,"gender_agreement","by_session_language","session_3_Mini-English",3,"Mini-English",NA,FALSE,"exploratory"
674,0.501450127552092,0.499763922009103,0.531641353262097,0.472636815920398,NA,NA,FALSE,0.529800628914085,200,1784,28,"gender_agreement","by_session_language","session_3_Mini-English",3,"Mini-English",NA,FALSE,"exploratory"
678,0.506263357699094,0.500299390612992,0.532256787673078,0.402985074626866,NA,NA,FALSE,0.529800628914085,200,1784,28,"gender_agreement","by_session_language","session_3_Mini-English",3,"Mini-English",NA,FALSE,"exploratory"
682,0.503825058075199,0.501311217128214,0.537023644980276,0.462686567164179,NA,NA,FALSE,0.529800628914085,200,1784,28,"gender_agreement","by_session_language","session_3_Mini-English",3,"Mini-English",NA,FALSE,"exploratory"
686,0.487969349169119,0.501888106590315,0.536025604526442,0.776119402985075,NA,NA,FALSE,0.529800628914085,200,1784,28,"gender_agreement","by_session_language","session_3_Mini-English",3,"Mini-English",NA,FALSE,"exploratory"
690,0.463310642411904,0.501772507018961,0.53588287104177,0.965174129353234,NA,NA,FALSE,0.529800628914085,200,1784,28,"gender_agreement","by_session_language","session_3_Mini-English",3,"Mini-English",NA,FALSE,"exploratory"
694,0.472807977054467,0.501445967236174,0.53467350831998,0.915422885572139,NA,NA,FALSE,0.529800628914085,200,1784,28,"gender_agreement","by_session_language","session_3_Mini-English",3,"Mini-English",NA,FALSE,"exploratory"
698,0.482042398232849,0.499940451443445,0.53501941779468,0.855721393034826,NA,NA,FALSE,0.529800628914085,200,1784,28,"gender_agreement","by_session_language","session_3_Mini-English",3,"Mini-English",NA,FALSE,"exploratory"
702,0.493883435020642,0.499416048988248,0.531941134658071,0.671641791044776,NA,NA,FALSE,0.529800628914085,200,1784,28,"gender_agreement","by_session_language","session_3_Mini-English",3,"Mini-English",NA,FALSE,"exploratory"
706,0.501102807192177,0.499189387091547,0.529304166839905,0.502487562189055,NA,NA,FALSE,0.529800628914085,200,1784,28,"gender_agreement","by_session_language","session_3_Mini-English",3,"Mini-English",NA,FALSE,"exploratory"
710,0.491905441737958,0.499697685281033,0.531678056249461,0.651741293532338,NA,NA,FALSE,0.529800628914085,200,1784,28,"gender_agreement","by_session_language","session_3_Mini-English",3,"Mini-English",NA,FALSE,"exploratory"
714,0.5011019738038,0.500570414387191,0.533091940138526,0.487562189054726,NA,NA,FALSE,0.529800628914085,200,1784,28,"gender_agreement","by_session_language","session_3_Mini-English",3,"Mini-English",NA,FALSE,"exploratory"
718,0.504764792347382,0.500498391568116,0.536749918861116,0.402985074626866,NA,NA,FALSE,0.529800628914085,200,1784,28,"gender_agreement","by_session_language","session_3_Mini-English",3,"Mini-English",NA,FALSE,"exploratory"
722,0.505840968793321,0.500978645027522,0.532366241150378,0.45273631840796,NA,NA,FALSE,0.529800628914085,200,1784,28,"gender_agreement","by_session_language","session_3_Mini-English",3,"Mini-English",NA,FALSE,"exploratory"
726,0.500419306194866,0.501017356766877,0.537588797817302,0.517412935323383,NA,NA,FALSE,0.529800628914085,200,1784,28,"gender_agreement","by_session_language","session_3_Mini-English",3,"Mini-English",NA,FALSE,"exploratory"
730,0.498533021991939,0.50066493106228,0.538270284113397,0.54726368159204,NA,NA,FALSE,0.529800628914085,200,1784,28,"gender_agreement","by_session_language","session_3_Mini-English",3,"Mini-English",NA,FALSE,"exploratory"
734,0.497360301849394,0.501016289382961,0.533051703509592,0.552238805970149,NA,NA,FALSE,0.529800628914085,200,1784,28,"gender_agreement","by_session_language","session_3_Mini-English",3,"Mini-English",NA,FALSE,"exploratory"
738,0.495287571712651,0.503014705101833,0.536426678430245,0.686567164179104,NA,NA,FALSE,0.529800628914085,200,1784,28,"gender_agreement","by_session_language","session_3_Mini-English",3,"Mini-English",NA,FALSE,"exploratory"
742,0.48756898910584,0.502372973944342,0.534533561816119,0.81592039800995,NA,NA,FALSE,0.529800628914085,200,1784,28,"gender_agreement","by_session_language","session_3_Mini-English",3,"Mini-English",NA,FALSE,"exploratory"
746,0.467289657093244,0.502336927586121,0.5359560222857,0.970149253731343,NA,NA,FALSE,0.529800628914085,200,1784,28,"gender_agreement","by_session_language","session_3_Mini-English",3,"Mini-English",NA,FALSE,"exploratory"
750,0.458003196711531,0.501706685962864,0.534991117251764,0.990049751243781,NA,NA,FALSE,0.529800628914085,200,1784,28,"gender_agreement","by_session_language","session_3_Mini-English",3,"Mini-English",NA,FALSE,"exploratory"
754,0.457686190307277,0.501930776230676,0.537231319574121,0.985074626865672,NA,NA,FALSE,0.529800628914085,200,1784,28,"gender_agreement","by_session_language","session_3_Mini-English",3,"Mini-English",NA,FALSE,"exploratory"
758,0.476112532134882,0.500470190698895,0.535995021102707,0.900497512437811,NA,NA,FALSE,0.529800628914085,200,1784,28,"gender_agreement","by_session_language","session_3_Mini-English",3,"Mini-English",NA,FALSE,"exploratory"
762,0.487245541477546,0.499037209423437,0.531670516995475,0.736318407960199,NA,NA,FALSE,0.529800628914085,200,1784,28,"gender_agreement","by_session_language","session_3_Mini-English",3,"Mini-English",NA,FALSE,"exploratory"
766,0.496943183548088,0.498999246212185,0.531939799310792,0.54726368159204,NA,NA,FALSE,0.529800628914085,200,1784,28,"gender_agreement","by_session_language","session_3_Mini-English",3,"Mini-English",NA,FALSE,"exploratory"
770,0.507305857994382,0.499200031112226,0.534089708864004,0.388059701492537,NA,NA,FALSE,0.529800628914085,200,1784,28,"gender_agreement","by_session_language","session_3_Mini-English",3,"Mini-English",NA,FALSE,"exploratory"
774,0.502967319543898,0.50042580999318,0.537241708567219,0.45273631840796,NA,NA,FALSE,0.529800628914085,200,1784,28,"gender_agreement","by_session_language","session_3_Mini-English",3,"Mini-English",NA,FALSE,"exploratory"
778,0.501363533661141,0.501300358667994,0.538406619315981,0.517412935323383,NA,NA,FALSE,0.529800628914085,200,1784,28,"gender_agreement","by_session_language","session_3_Mini-English",3,"Mini-English",NA,FALSE,"exploratory"
782,0.517434832921839,0.501039056762702,0.53448427024769,0.208955223880597,NA,NA,FALSE,0.529800628914085,200,1784,28,"gender_agreement","by_session_language","session_3_Mini-English",3,"Mini-English",NA,FALSE,"exploratory"
786,0.51668183583247,0.501413030628746,0.531322769967164,0.17910447761194,NA,NA,FALSE,0.529800628914085,200,1784,28,"gender_agreement","by_session_language","session_3_Mini-English",3,"Mini-English",NA,FALSE,"exploratory"
790,0.502912080044868,0.501448529740008,0.535008642820067,0.492537313432836,NA,NA,FALSE,0.529800628914085,200,1784,28,"gender_agreement","by_session_language","session_3_Mini-English",3,"Mini-English",NA,FALSE,"exploratory"
794,0.492997552494933,0.501472928940635,0.53606596588908,0.691542288557214,NA,NA,FALSE,0.529800628914085,200,1784,28,"gender_agreement","by_session_language","session_3_Mini-English",3,"Mini-English",NA,FALSE,"exploratory"
798,0.512839157591439,0.500596300797632,0.537500551218383,0.27363184079602,NA,NA,FALSE,0.529800628914085,200,1784,28,"gender_agreement","by_session_language","session_3_Mini-English",3,"Mini-English",NA,FALSE,"exploratory"
802,0.51795524179151,0.501166194589282,0.534935081239444,0.189054726368159,NA,NA,FALSE,0.529800628914085,200,1784,28,"gender_agreement","by_session_language","session_3_Mini-English",3,"Mini-English",NA,FALSE,"exploratory"
806,0.530690180734363,0.500623586854248,0.536874257998471,0.054726368159204,1,0.90547263681592,FALSE,0.529800628914085,200,1784,28,"gender_agreement","by_session_language","session_3_Mini-English",3,"Mini-English",NA,FALSE,"exploratory"
810,0.533597320171713,0.499665618478232,0.53487758385867,0.0398009950248756,1,0.90547263681592,FALSE,0.529800628914085,200,1784,28,"gender_agreement","by_session_language","session_3_Mini-English",3,"Mini-English",NA,FALSE,"exploratory"
814,0.524961090052233,0.499652819231905,0.532682333515475,0.0746268656716418,NA,NA,FALSE,0.529800628914085,200,1784,28,"gender_agreement","by_session_language","session_3_Mini-English",3,"Mini-English",NA,FALSE,"exploratory"
818,0.512430239607537,0.49894057879163,0.534499540614672,0.238805970149254,NA,NA,FALSE,0.529800628914085,200,1784,28,"gender_agreement","by_session_language","session_3_Mini-English",3,"Mini-English",NA,FALSE,"exploratory"
822,0.503112311009229,0.499524613361206,0.537976885208143,0.407960199004975,NA,NA,FALSE,0.529800628914085,200,1784,28,"gender_agreement","by_session_language","session_3_Mini-English",3,"Mini-English",NA,FALSE,"exploratory"
826,0.492908546359541,0.499419089554554,0.538341376259665,0.671641791044776,NA,NA,FALSE,0.529800628914085,200,1784,28,"gender_agreement","by_session_language","session_3_Mini-English",3,"Mini-English",NA,FALSE,"exploratory"
830,0.488702240341288,0.499626201274173,0.53551573492828,0.721393034825871,NA,NA,FALSE,0.529800628914085,200,1784,28,"gender_agreement","by_session_language","session_3_Mini-English",3,"Mini-English",NA,FALSE,"exploratory"
834,0.4958626498358,0.500814443692904,0.534181979834462,0.611940298507463,NA,NA,FALSE,0.529800628914085,200,1784,28,"gender_agreement","by_session_language","session_3_Mini-English",3,"Mini-English",NA,FALSE,"exploratory"
838,0.508604992753091,0.501568806346979,0.535041815587406,0.378109452736318,NA,NA,FALSE,0.529800628914085,200,1784,28,"gender_agreement","by_session_language","session_3_Mini-English",3,"Mini-English",NA,FALSE,"exploratory"
842,0.502118905772293,0.50233350147726,0.537356207721738,0.522388059701492,NA,NA,FALSE,0.529800628914085,200,1784,28,"gender_agreement","by_session_language","session_3_Mini-English",3,"Mini-English",NA,FALSE,"exploratory"
846,0.511885942582904,0.501831243120929,0.537677121390507,0.288557213930348,NA,NA,FALSE,0.529800628914085,200,1784,28,"gender_agreement","by_session_language","session_3_Mini-English",3,"Mini-English",NA,FALSE,"exploratory"
850,0.523498017287483,0.500878274202345,0.536110751716012,0.139303482587065,NA,NA,FALSE,0.529800628914085,200,1784,28,"gender_agreement","by_session_language","session_3_Mini-English",3,"Mini-English",NA,FALSE,"exploratory"
854,0.528315940515483,0.499012839339464,0.529503398040729,0.0597014925373134,NA,NA,FALSE,0.529800628914085,200,1784,28,"gender_agreement","by_session_language","session_3_Mini-English",3,"Mini-English",NA,FALSE,"exploratory"
858,0.517033423889536,0.498958709917713,0.531572957771073,0.169154228855721,NA,NA,FALSE,0.529800628914085,200,1784,28,"gender_agreement","by_session_language","session_3_Mini-English",3,"Mini-English",NA,FALSE,"exploratory"
862,0.501155757364662,0.498816964703731,0.536516171773663,0.462686567164179,NA,NA,FALSE,0.529800628914085,200,1784,28,"gender_agreement","by_session_language","session_3_Mini-English",3,"Mini-English",NA,FALSE,"exploratory"
866,0.480237320839774,0.498262683797369,0.531081381248972,0.850746268656716,NA,NA,FALSE,0.529800628914085,200,1784,28,"gender_agreement","by_session_language","session_3_Mini-English",3,"Mini-English",NA,FALSE,"exploratory"
870,0.472408357338395,0.499076257693983,0.535518596663552,0.915422885572139,NA,NA,FALSE,0.529800628914085,200,1784,28,"gender_agreement","by_session_language","session_3_Mini-English",3,"Mini-English",NA,FALSE,"exploratory"
874,0.463528308775674,0.499359365571449,0.534711326792027,0.975124378109453,NA,NA,FALSE,0.529800628914085,200,1784,28,"gender_agreement","by_session_language","session_3_Mini-English",3,"Mini-English",NA,FALSE,"exploratory"
878,0.473578569003357,0.499922010164052,0.532137798649772,0.915422885572139,NA,NA,FALSE,0.529800628914085,200,1784,28,"gender_agreement","by_session_language","session_3_Mini-English",3,"Mini-English",NA,FALSE,"exploratory"
882,0.493503643011417,0.499746723779515,0.536244540001225,0.631840796019901,NA,NA,FALSE,0.529800628914085,200,1784,28,"gender_agreement","by_session_language","session_3_Mini-English",3,"Mini-English",NA,FALSE,"exploratory"
886,0.500601771725006,0.500352172549177,0.536785506285758,0.492537313432836,NA,NA,FALSE,0.529800628914085,200,1784,28,"gender_agreement","by_session_language","session_3_Mini-English",3,"Mini-English",NA,FALSE,"exploratory"
890,0.499044408738291,0.500925870723005,0.532519685139599,0.577114427860697,NA,NA,FALSE,0.529800628914085,200,1784,28,"gender_agreement","by_session_language","session_3_Mini-English",3,"Mini-English",NA,FALSE,"exploratory"
894,0.496497516906262,0.501265094988451,0.530543294423512,0.626865671641791,NA,NA,FALSE,0.529800628914085,200,1784,28,"gender_agreement","by_session_language","session_3_Mini-English",3,"Mini-English",NA,FALSE,"exploratory"
898,0.503769406950569,0.500386261201241,0.527679363659315,0.447761194029851,NA,NA,FALSE,0.529800628914085,200,1784,28,"gender_agreement","by_session_language","session_3_Mini-English",3,"Mini-English",NA,FALSE,"exploratory"
902,0.483248188411994,0.498423962820974,0.530680098204476,0.791044776119403,NA,NA,FALSE,0.529800628914085,200,1784,28,"gender_agreement","by_session_language","session_3_Mini-English",3,"Mini-English",NA,FALSE,"exploratory"
906,0.477323287030501,0.498566446880832,0.530787776665467,0.875621890547264,NA,NA,FALSE,0.529800628914085,200,1784,28,"gender_agreement","by_session_language","session_3_Mini-English",3,"Mini-English",NA,FALSE,"exploratory"
910,0.489872877479815,0.49839912853962,0.532254444557766,0.691542288557214,NA,NA,FALSE,0.529800628914085,200,1784,28,"gender_agreement","by_session_language","session_3_Mini-English",3,"Mini-English",NA,FALSE,"exploratory"
914,0.493792207623338,0.497841827098596,0.5335001490335,0.611940298507463,NA,NA,FALSE,0.529800628914085,200,1784,28,"gender_agreement","by_session_language","session_3_Mini-English",3,"Mini-English",NA,FALSE,"exploratory"
918,0.491203307495331,0.498742805785266,0.533489303517232,0.681592039800995,NA,NA,FALSE,0.529800628914085,200,1784,28,"gender_agreement","by_session_language","session_3_Mini-English",3,"Mini-English",NA,FALSE,"exploratory"
922,0.49089957343087,0.49961727383534,0.533003637028594,0.701492537313433,NA,NA,FALSE,0.529800628914085,200,1784,28,"gender_agreement","by_session_language","session_3_Mini-English",3,"Mini-English",NA,FALSE,"exploratory"
926,0.490854939728067,0.500316881795758,0.532680755747789,0.741293532338308,NA,NA,FALSE,0.529800628914085,200,1784,28,"gender_agreement","by_session_language","session_3_Mini-English",3,"Mini-English",NA,FALSE,"exploratory"
930,0.489516069543927,0.500184619576527,0.530497835925975,0.751243781094527,NA,NA,FALSE,0.529800628914085,200,1784,28,"gender_agreement","by_session_language","session_3_Mini-English",3,"Mini-English",NA,FALSE,"exploratory"
934,0.48612962252564,0.499340589106277,0.52992221777946,0.766169154228856,NA,NA,FALSE,0.529800628914085,200,1784,28,"gender_agreement","by_session_language","session_3_Mini-English",3,"Mini-English",NA,FALSE,"exploratory"
938,0.482241162248605,0.500072899882059,0.534250772553133,0.840796019900497,NA,NA,FALSE,0.529800628914085,200,1784,28,"gender_agreement","by_session_language","session_3_Mini-English",3,"Mini-English",NA,FALSE,"exploratory"
942,0.470312369500101,0.500443499015565,0.531223569851664,0.950248756218905,NA,NA,FALSE,0.529800628914085,200,1784,28,"gender_agreement","by_session_language","session_3_Mini-English",3,"Mini-English",NA,FALSE,"exploratory"
946,0.466661364446025,0.501158789833466,0.529214679588102,0.960199004975124,NA,NA,FALSE,0.529800628914085,200,1784,28,"gender_agreement","by_session_language","session_3_Mini-English",3,"Mini-English",NA,FALSE,"exploratory"
950,0.472657829808739,0.501489048586973,0.531021793431574,0.935323383084577,NA,NA,FALSE,0.529800628914085,200,1784,28,"gender_agreement","by_session_language","session_3_Mini-English",3,"Mini-English",NA,FALSE,"exploratory"
954,0.47808598723058,0.502343586530668,0.537482727904585,0.900497512437811,NA,NA,FALSE,0.529800628914085,200,1784,28,"gender_agreement","by_session_language","session_3_Mini-English",3,"Mini-English",NA,FALSE,"exploratory"
958,0.489339843799454,0.502363898599578,0.535192903760896,0.756218905472637,NA,NA,FALSE,0.529800628914085,200,1784,28,"gender_agreement","by_session_language","session_3_Mini-English",3,"Mini-English",NA,FALSE,"exploratory"
962,0.504484260886346,0.50156865838756,0.537395940073643,0.472636815920398,NA,NA,FALSE,0.529800628914085,200,1784,28,"gender_agreement","by_session_language","session_3_Mini-English",3,"Mini-English",NA,FALSE,"exploratory"
966,0.514300164970583,0.50044071468028,0.53304742371217,0.248756218905473,NA,NA,FALSE,0.529800628914085,200,1784,28,"gender_agreement","by_session_language","session_3_Mini-English",3,"Mini-English",NA,FALSE,"exploratory"
970,0.517569208647158,0.498594051868712,0.531435789912949,0.144278606965174,NA,NA,FALSE,0.529800628914085,200,1784,28,"gender_agreement","by_session_language","session_3_Mini-English",3,"Mini-English",NA,FALSE,"exploratory"
974,0.501619845592292,0.497905281256438,0.531013047651292,0.422885572139304,NA,NA,FALSE,0.529800628914085,200,1784,28,"gender_agreement","by_session_language","session_3_Mini-English",3,"Mini-English",NA,FALSE,"exploratory"
978,0.501871523677248,0.497089663655763,0.533164164071684,0.432835820895522,NA,NA,FALSE,0.529800628914085,200,1784,28,"gender_agreement","by_session_language","session_3_Mini-English",3,"Mini-English",NA,FALSE,"exploratory"
982,0.494865508616338,0.49719173397157,0.53265610497398,0.527363184079602,NA,NA,FALSE,0.529800628914085,200,1784,28,"gender_agreement","by_session_language","session_3_Mini-English",3,"Mini-English",NA,FALSE,"exploratory"
986,0.489033050791372,0.498815280774669,0.537513556661827,0.656716417910448,NA,NA,FALSE,0.529800628914085,200,1784,28,"gender_agreement","by_session_language","session_3_Mini-English",3,"Mini-English",NA,FALSE,"exploratory"
990,0.490312187019334,0.499382775270492,0.535654064688364,0.661691542288557,NA,NA,FALSE,0.529800628914085,200,1784,28,"gender_agreement","by_session_language","session_3_Mini-English",3,"Mini-English",NA,FALSE,"exploratory"
994,0.469076839775231,0.500815460113189,0.53693629996073,0.955223880597015,NA,NA,FALSE,0.529800628914085,200,1784,28,"gender_agreement","by_session_language","session_3_Mini-English",3,"Mini-English",NA,FALSE,"exploratory"
998,0.461517093117439,0.500190519565722,0.532563470614457,0.990049751243781,NA,NA,FALSE,0.529800628914085,200,1784,28,"gender_agreement","by_session_language","session_3_Mini-English",3,"Mini-English",NA,FALSE,"exploratory"
1002,0.461178238942585,0.499909257548596,0.535164133122767,0.985074626865672,NA,NA,FALSE,0.529800628914085,200,1784,28,"gender_agreement","by_session_language","session_3_Mini-English",3,"Mini-English",NA,FALSE,"exploratory"
1006,0.477089829225975,0.499429132907458,0.534002155528623,0.885572139303483,NA,NA,FALSE,0.529800628914085,200,1784,28,"gender_agreement","by_session_language","session_3_Mini-English",3,"Mini-English",NA,FALSE,"exploratory"
1010,0.49848808146661,0.498837626810735,0.532590166654555,0.507462686567164,NA,NA,FALSE,0.529800628914085,200,1784,28,"gender_agreement","by_session_language","session_3_Mini-English",3,"Mini-English",NA,FALSE,"exploratory"
1014,0.504966374463888,0.499162970408973,0.536309506029852,0.383084577114428,NA,NA,FALSE,0.529800628914085,200,1784,28,"gender_agreement","by_session_language","session_3_Mini-English",3,"Mini-English",NA,FALSE,"exploratory"
1018,0.501732934046633,0.498756978409319,0.530577176684164,0.467661691542289,NA,NA,FALSE,0.529800628914085,200,1784,28,"gender_agreement","by_session_language","session_3_Mini-English",3,"Mini-English",NA,FALSE,"exploratory"
1022,0.505120672576115,0.499299232659726,0.535281174505157,0.398009950248756,NA,NA,FALSE,0.529800628914085,200,1784,28,"gender_agreement","by_session_language","session_3_Mini-English",3,"Mini-English",NA,FALSE,"exploratory"
1026,0.510589770677693,0.500600136582925,0.533297200208085,0.298507462686567,NA,NA,FALSE,0.529800628914085,200,1784,28,"gender_agreement","by_session_language","session_3_Mini-English",3,"Mini-English",NA,FALSE,"exploratory"
1030,0.512294020132547,0.499788181653107,0.532684063969061,0.283582089552239,NA,NA,FALSE,0.529800628914085,200,1784,28,"gender_agreement","by_session_language","session_3_Mini-English",3,"Mini-English",NA,FALSE,"exploratory"
1034,0.501423810937116,0.498768674034639,0.53693853237089,0.427860696517413,NA,NA,FALSE,0.529800628914085,200,1784,28,"gender_agreement","by_session_language","session_3_Mini-English",3,"Mini-English",NA,FALSE,"exploratory"
1038,0.494576974574592,0.498902579100106,0.535096998656283,0.606965174129353,NA,NA,FALSE,0.529800628914085,200,1784,28,"gender_agreement","by_session_language","session_3_Mini-English",3,"Mini-English",NA,FALSE,"exploratory"
1042,0.490371022748124,0.499482966169551,0.538904613714414,0.671641791044776,NA,NA,FALSE,0.529800628914085,200,1784,28,"gender_agreement","by_session_language","session_3_Mini-English",3,"Mini-English",NA,FALSE,"exploratory"
1046,0.500967430910748,0.498921595484943,0.53395168376529,0.482587064676617,NA,NA,FALSE,0.529800628914085,200,1784,28,"gender_agreement","by_session_language","session_3_Mini-English",3,"Mini-English",NA,FALSE,"exploratory"
1050,0.501686592490277,0.499910847911884,0.537594527791865,0.462686567164179,NA,NA,FALSE,0.529800628914085,200,1784,28,"gender_agreement","by_session_language","session_3_Mini-English",3,"Mini-English",NA,FALSE,"exploratory"
1054,0.517533604309226,0.500416775736851,0.534752995397576,0.199004975124378,NA,NA,FALSE,0.529800628914085,200,1784,28,"gender_agreement","by_session_language","session_3_Mini-English",3,"Mini-English",NA,FALSE,"exploratory"
1058,0.523882927510357,0.500187399159919,0.533123338009234,0.139303482587065,NA,NA,FALSE,0.529800628914085,200,1784,28,"gender_agreement","by_session_language","session_3_Mini-English",3,"Mini-English",NA,FALSE,"exploratory"
1062,0.524211695040971,0.500417277457383,0.531882562005933,0.104477611940299,NA,NA,FALSE,0.529800628914085,200,1784,28,"gender_agreement","by_session_language","session_3_Mini-English",3,"Mini-English",NA,FALSE,"exploratory"
1066,0.523297054834354,0.500284025349472,0.532754161046759,0.104477611940299,NA,NA,FALSE,0.529800628914085,200,1784,28,"gender_agreement","by_session_language","session_3_Mini-English",3,"Mini-English",NA,FALSE,"exploratory"
1070,0.533529381900085,0.500081342563897,0.534626017134514,0.0497512437810945,2,0.900497512437811,FALSE,0.529800628914085,200,1784,28,"gender_agreement","by_session_language","session_3_Mini-English",3,"Mini-English",NA,FALSE,"exploratory"
1074,0.530832849629429,0.500177471499584,0.537874647967707,0.0796019900497512,2,0.900497512437811,FALSE,0.529800628914085,200,1784,28,"gender_agreement","by_session_language","session_3_Mini-English",3,"Mini-English",NA,FALSE,"exploratory"
1078,0.526420339960765,0.500444013040857,0.536577331313562,0.119402985074627,NA,NA,FALSE,0.529800628914085,200,1784,28,"gender_agreement","by_session_language","session_3_Mini-English",3,"Mini-English",NA,FALSE,"exploratory"
1082,0.512626588763495,0.500707058409236,0.537793928400063,0.238805970149254,NA,NA,FALSE,0.529800628914085,200,1784,28,"gender_agreement","by_session_language","session_3_Mini-English",3,"Mini-English",NA,FALSE,"exploratory"
1086,0.502732334458839,0.500082730371215,0.537218015488094,0.412935323383085,NA,NA,FALSE,0.529800628914085,200,1784,28,"gender_agreement","by_session_language","session_3_Mini-English",3,"Mini-English",NA,FALSE,"exploratory"
1090,0.499011573994592,0.499944738364701,0.537672326548839,0.482587064676617,NA,NA,FALSE,0.529800628914085,200,1784,28,"gender_agreement","by_session_language","session_3_Mini-English",3,"Mini-English",NA,FALSE,"exploratory"
1094,0.506753732011335,0.500645907825167,0.538184165088227,0.328358208955224,NA,NA,FALSE,0.529800628914085,200,1784,28,"gender_agreement","by_session_language","session_3_Mini-English",3,"Mini-English",NA,FALSE,"exploratory"
1098,0.515483396259629,0.501112174325571,0.536533034778227,0.233830845771144,NA,NA,FALSE,0.529800628914085,200,1784,28,"gender_agreement","by_session_language","session_3_Mini-English",3,"Mini-English",NA,FALSE,"exploratory"
-98,0.47071035470338,0.501055679219303,0.535093503442359,0.945273631840796,NA,NA,FALSE,0.530661377480027,200,1709,27,"gender_agreement","by_session_language","session_3_Mini-Norwegian",3,"Mini-Norwegian",NA,FALSE,"exploratory"
-94,0.486625891528411,0.501255167232029,0.536294910738206,0.805970149253731,NA,NA,FALSE,0.530661377480027,200,1709,27,"gender_agreement","by_session_language","session_3_Mini-Norwegian",3,"Mini-Norwegian",NA,FALSE,"exploratory"
-90,0.529504389252604,0.500653364707535,0.536229254392006,0.0497512437810945,NA,NA,FALSE,0.530661377480027,200,1709,27,"gender_agreement","by_session_language","session_3_Mini-Norwegian",3,"Mini-Norwegian",NA,FALSE,"exploratory"
-86,0.54044456452842,0.49913333348932,0.531644117191065,0.00995024875621891,1,0.840796019900497,FALSE,0.530661377480027,200,1709,27,"gender_agreement","by_session_language","session_3_Mini-Norwegian",3,"Mini-Norwegian",NA,FALSE,"exploratory"
-82,0.513925956823707,0.497365003403981,0.53789680288013,0.194029850746269,NA,NA,FALSE,0.530661377480027,200,1709,27,"gender_agreement","by_session_language","session_3_Mini-Norwegian",3,"Mini-Norwegian",NA,FALSE,"exploratory"
-78,0.504244000650467,0.496648123344294,0.542018296330613,0.338308457711443,NA,NA,FALSE,0.530661377480027,200,1709,27,"gender_agreement","by_session_language","session_3_Mini-Norwegian",3,"Mini-Norwegian",NA,FALSE,"exploratory"
-74,0.508648075605446,0.495734062458951,0.540617832927665,0.27363184079602,NA,NA,FALSE,0.530661377480027,200,1709,27,"gender_agreement","by_session_language","session_3_Mini-Norwegian",3,"Mini-Norwegian",NA,FALSE,"exploratory"
-70,0.488910164933189,0.497950071210971,0.537039507679417,0.691542288557214,NA,NA,FALSE,0.530661377480027,200,1709,27,"gender_agreement","by_session_language","session_3_Mini-Norwegian",3,"Mini-Norwegian",NA,FALSE,"exploratory"
-66,0.494636579345414,0.500724909455365,0.532914813996859,0.646766169154229,NA,NA,FALSE,0.530661377480027,200,1709,27,"gender_agreement","by_session_language","session_3_Mini-Norwegian",3,"Mini-Norwegian",NA,FALSE,"exploratory"
-62,0.506546831698258,0.500871038018031,0.534500926252086,0.368159203980099,NA,NA,FALSE,0.530661377480027,200,1709,27,"gender_agreement","by_session_language","session_3_Mini-Norwegian",3,"Mini-Norwegian",NA,FALSE,"exploratory"
-58,0.51267044831733,0.500989249662079,0.539193663130903,0.258706467661692,NA,NA,FALSE,0.530661377480027,200,1709,27,"gender_agreement","by_session_language","session_3_Mini-Norwegian",3,"Mini-Norwegian",NA,FALSE,"exploratory"
-54,0.514923052707579,0.501477351058195,0.537343829643256,0.253731343283582,NA,NA,FALSE,0.530661377480027,200,1709,27,"gender_agreement","by_session_language","session_3_Mini-Norwegian",3,"Mini-Norwegian",NA,FALSE,"exploratory"
-50,0.519231283704361,0.501624329512556,0.541773315868236,0.194029850746269,NA,NA,FALSE,0.530661377480027,200,1709,27,"gender_agreement","by_session_language","session_3_Mini-Norwegian",3,"Mini-Norwegian",NA,FALSE,"exploratory"
-46,0.516973880793664,0.501202857802545,0.534662124781489,0.228855721393035,NA,NA,FALSE,0.530661377480027,200,1709,27,"gender_agreement","by_session_language","session_3_Mini-Norwegian",3,"Mini-Norwegian",NA,FALSE,"exploratory"
-42,0.507208661003448,0.498830134523263,0.535346904417727,0.373134328358209,NA,NA,FALSE,0.530661377480027,200,1709,27,"gender_agreement","by_session_language","session_3_Mini-Norwegian",3,"Mini-Norwegian",NA,FALSE,"exploratory"
-38,0.487618935007656,0.497945962261079,0.534383166833317,0.73134328358209,NA,NA,FALSE,0.530661377480027,200,1709,27,"gender_agreement","by_session_language","session_3_Mini-Norwegian",3,"Mini-Norwegian",NA,FALSE,"exploratory"
-34,0.474449617363722,0.499115281175672,0.5347876963472,0.915422885572139,NA,NA,FALSE,0.530661377480027,200,1709,27,"gender_agreement","by_session_language","session_3_Mini-Norwegian",3,"Mini-Norwegian",NA,FALSE,"exploratory"
-30,0.482249710176111,0.501781330838434,0.536418571721375,0.855721393034826,NA,NA,FALSE,0.530661377480027,200,1709,27,"gender_agreement","by_session_language","session_3_Mini-Norwegian",3,"Mini-Norwegian",NA,FALSE,"exploratory"
-26,0.501784640851216,0.502346342751838,0.536488944031645,0.492537313432836,NA,NA,FALSE,0.530661377480027,200,1709,27,"gender_agreement","by_session_language","session_3_Mini-Norwegian",3,"Mini-Norwegian",NA,FALSE,"exploratory"
-22,0.503227089858869,0.502874741847203,0.539589576855761,0.517412935323383,NA,NA,FALSE,0.530661377480027,200,1709,27,"gender_agreement","by_session_language","session_3_Mini-Norwegian",3,"Mini-Norwegian",NA,FALSE,"exploratory"
-18,0.512734153247318,0.500429822591706,0.539053605848973,0.303482587064677,NA,NA,FALSE,0.530661377480027,200,1709,27,"gender_agreement","by_session_language","session_3_Mini-Norwegian",3,"Mini-Norwegian",NA,FALSE,"exploratory"
-14,0.496819833542094,0.498966100662269,0.53682258615672,0.562189054726368,NA,NA,FALSE,0.530661377480027,200,1709,27,"gender_agreement","by_session_language","session_3_Mini-Norwegian",3,"Mini-Norwegian",NA,FALSE,"exploratory"
-10,0.516014621667531,0.498712637694226,0.535008715410696,0.189054726368159,NA,NA,FALSE,0.530661377480027,200,1709,27,"gender_agreement","by_session_language","session_3_Mini-Norwegian",3,"Mini-Norwegian",NA,FALSE,"exploratory"
-6,0.52587439881711,0.499596365033258,0.533182948021004,0.054726368159204,NA,NA,FALSE,0.530661377480027,200,1709,27,"gender_agreement","by_session_language","session_3_Mini-Norwegian",3,"Mini-Norwegian",NA,FALSE,"exploratory"
-2,0.522255459123994,0.499787720503661,0.531106291257246,0.104477611940299,NA,NA,FALSE,0.530661377480027,200,1709,27,"gender_agreement","by_session_language","session_3_Mini-Norwegian",3,"Mini-Norwegian",NA,FALSE,"exploratory"
2,0.50815333350681,0.500503355235257,0.532510532785328,0.402985074626866,NA,NA,FALSE,0.530661377480027,200,1709,27,"gender_agreement","by_session_language","session_3_Mini-Norwegian",3,"Mini-Norwegian",NA,FALSE,"exploratory"
6,0.522923465277382,0.499753521330858,0.530644905061084,0.114427860696517,NA,NA,FALSE,0.530661377480027,200,1709,27,"gender_agreement","by_session_language","session_3_Mini-Norwegian",3,"Mini-Norwegian",NA,FALSE,"exploratory"
10,0.522335502290735,0.499312498079362,0.53128347292936,0.104477611940299,NA,NA,FALSE,0.530661377480027,200,1709,27,"gender_agreement","by_session_language","session_3_Mini-Norwegian",3,"Mini-Norwegian",NA,FALSE,"exploratory"
14,0.500883841229958,0.499950072403811,0.535182750468454,0.497512437810945,NA,NA,FALSE,0.530661377480027,200,1709,27,"gender_agreement","by_session_language","session_3_Mini-Norwegian",3,"Mini-Norwegian",NA,FALSE,"exploratory"
18,0.484073128270335,0.500503588170968,0.534466767986373,0.791044776119403,NA,NA,FALSE,0.530661377480027,200,1709,27,"gender_agreement","by_session_language","session_3_Mini-Norwegian",3,"Mini-Norwegian",NA,FALSE,"exploratory"
22,0.492222333759518,0.501260905017982,0.535097982536711,0.656716417910448,NA,NA,FALSE,0.530661377480027,200,1709,27,"gender_agreement","by_session_language","session_3_Mini-Norwegian",3,"Mini-Norwegian",NA,FALSE,"exploratory"
26,0.505639509377323,0.501500237873244,0.53678386599525,0.422885572139304,NA,NA,FALSE,0.530661377480027,200,1709,27,"gender_agreement","by_session_language","session_3_Mini-Norwegian",3,"Mini-Norwegian",NA,FALSE,"exploratory"
30,0.505660509393572,0.500308398037242,0.534213493377941,0.417910447761194,NA,NA,FALSE,0.530661377480027,200,1709,27,"gender_agreement","by_session_language","session_3_Mini-Norwegian",3,"Mini-Norwegian",NA,FALSE,"exploratory"
34,0.507090197066902,0.499471610168145,0.535324575743118,0.36318407960199,NA,NA,FALSE,0.530661377480027,200,1709,27,"gender_agreement","by_session_language","session_3_Mini-Norwegian",3,"Mini-Norwegian",NA,FALSE,"exploratory"
38,0.514439592021015,0.499149805768013,0.540615660292582,0.223880597014925,NA,NA,FALSE,0.530661377480027,200,1709,27,"gender_agreement","by_session_language","session_3_Mini-Norwegian",3,"Mini-Norwegian",NA,FALSE,"exploratory"
42,0.491900626238185,0.499832202075598,0.543662822022001,0.641791044776119,NA,NA,FALSE,0.530661377480027,200,1709,27,"gender_agreement","by_session_language","session_3_Mini-Norwegian",3,"Mini-Norwegian",NA,FALSE,"exploratory"
46,0.481712839936323,0.499701848715267,0.537990062806438,0.810945273631841,NA,NA,FALSE,0.530661377480027,200,1709,27,"gender_agreement","by_session_language","session_3_Mini-Norwegian",3,"Mini-Norwegian",NA,FALSE,"exploratory"
50,0.468111793237563,0.498266005775184,0.53595405681502,0.925373134328358,NA,NA,FALSE,0.530661377480027,200,1709,27,"gender_agreement","by_session_language","session_3_Mini-Norwegian",3,"Mini-Norwegian",NA,FALSE,"exploratory"
54,0.481763484525443,0.496750532781763,0.533110586252683,0.771144278606965,NA,NA,FALSE,0.530661377480027,200,1709,27,"gender_agreement","by_session_language","session_3_Mini-Norwegian",3,"Mini-Norwegian",NA,FALSE,"exploratory"
58,0.500412315408279,0.498440765740672,0.533516043569607,0.502487562189055,NA,NA,FALSE,0.530661377480027,200,1709,27,"gender_agreement","by_session_language","session_3_Mini-Norwegian",3,"Mini-Norwegian",NA,FALSE,"exploratory"
62,0.513110087125864,0.499569253422514,0.532638545264068,0.243781094527363,NA,NA,FALSE,0.530661377480027,200,1709,27,"gender_agreement","by_session_language","session_3_Mini-Norwegian",3,"Mini-Norwegian",NA,FALSE,"exploratory"
66,0.504685356809136,0.500863367038604,0.535202119810588,0.432835820895522,NA,NA,FALSE,0.530661377480027,200,1709,27,"gender_agreement","by_session_language","session_3_Mini-Norwegian",3,"Mini-Norwegian",NA,FALSE,"exploratory"
70,0.497892971366582,0.500427796109367,0.533794756918645,0.557213930348259,NA,NA,FALSE,0.530661377480027,200,1709,27,"gender_agreement","by_session_language","session_3_Mini-Norwegian",3,"Mini-Norwegian",NA,FALSE,"exploratory"
74,0.499463421433755,0.499345043911099,0.534456861299104,0.552238805970149,NA,NA,FALSE,0.530661377480027,200,1709,27,"gender_agreement","by_session_language","session_3_Mini-Norwegian",3,"Mini-Norwegian",NA,FALSE,"exploratory"
78,0.512733105772894,0.499970304710773,0.53686581443697,0.263681592039801,NA,NA,FALSE,0.530661377480027,200,1709,27,"gender_agreement","by_session_language","session_3_Mini-Norwegian",3,"Mini-Norwegian",NA,FALSE,"exploratory"
82,0.511470957702407,0.500367639585246,0.530974377626154,0.318407960199005,NA,NA,FALSE,0.530661377480027,200,1709,27,"gender_agreement","by_session_language","session_3_Mini-Norwegian",3,"Mini-Norwegian",NA,FALSE,"exploratory"
86,0.483772511664093,0.50043102365034,0.531949017441197,0.796019900497512,NA,NA,FALSE,0.530661377480027,200,1709,27,"gender_agreement","by_session_language","session_3_Mini-Norwegian",3,"Mini-Norwegian",NA,FALSE,"exploratory"
90,0.491416763120266,0.499736526928288,0.53458043892857,0.666666666666667,NA,NA,FALSE,0.530661377480027,200,1709,27,"gender_agreement","by_session_language","session_3_Mini-Norwegian",3,"Mini-Norwegian",NA,FALSE,"exploratory"
94,0.499171467427367,0.50057224654799,0.534795448567836,0.567164179104478,NA,NA,FALSE,0.530661377480027,200,1709,27,"gender_agreement","by_session_language","session_3_Mini-Norwegian",3,"Mini-Norwegian",NA,FALSE,"exploratory"
98,0.488503890801026,0.501575283792445,0.533773606917784,0.761194029850746,NA,NA,FALSE,0.530661377480027,200,1709,27,"gender_agreement","by_session_language","session_3_Mini-Norwegian",3,"Mini-Norwegian",NA,FALSE,"exploratory"
102,0.482003707699303,0.502156855770789,0.534269701057675,0.870646766169154,NA,NA,FALSE,0.530661377480027,200,1709,27,"gender_agreement","by_session_language","session_3_Mini-Norwegian",3,"Mini-Norwegian",NA,FALSE,"exploratory"
106,0.460280487631952,0.501588117507602,0.534064942941213,0.985074626865672,NA,NA,FALSE,0.530661377480027,200,1709,27,"gender_agreement","by_session_language","session_3_Mini-Norwegian",3,"Mini-Norwegian",NA,FALSE,"exploratory"
110,0.465077048112368,0.501473996785466,0.53970856370193,0.975124378109453,NA,NA,FALSE,0.530661377480027,200,1709,27,"gender_agreement","by_session_language","session_3_Mini-Norwegian",3,"Mini-Norwegian",NA,FALSE,"exploratory"
114,0.479830847987915,0.502094818896409,0.539489061336091,0.860696517412935,NA,NA,FALSE,0.530661377480027,200,1709,27,"gender_agreement","by_session_language","session_3_Mini-Norwegian",3,"Mini-Norwegian",NA,FALSE,"exploratory"
118,0.486352741603384,0.500871865696113,0.536324705778343,0.791044776119403,NA,NA,FALSE,0.530661377480027,200,1709,27,"gender_agreement","by_session_language","session_3_Mini-Norwegian",3,"Mini-Norwegian",NA,FALSE,"exploratory"
122,0.495391021385843,0.498788997376276,0.533169446501399,0.616915422885572,NA,NA,FALSE,0.530661377480027,200,1709,27,"gender_agreement","by_session_language","session_3_Mini-Norwegian",3,"Mini-Norwegian",NA,FALSE,"exploratory"
126,0.496921258675843,0.497388914353028,0.529356278592236,0.54228855721393,NA,NA,FALSE,0.530661377480027,200,1709,27,"gender_agreement","by_session_language","session_3_Mini-Norwegian",3,"Mini-Norwegian",NA,FALSE,"exploratory"
130,0.495032149648651,0.498930697114339,0.530109936451802,0.606965174129353,NA,NA,FALSE,0.530661377480027,200,1709,27,"gender_agreement","by_session_language","session_3_Mini-Norwegian",3,"Mini-Norwegian",NA,FALSE,"exploratory"
134,0.486757543863692,0.500523353471026,0.534164808494941,0.781094527363184,NA,NA,FALSE,0.530661377480027,200,1709,27,"gender_agreement","by_session_language","session_3_Mini-Norwegian",3,"Mini-Norwegian",NA,FALSE,"exploratory"
138,0.479361006871765,0.50275092553297,0.539392804241252,0.885572139303483,NA,NA,FALSE,0.530661377480027,200,1709,27,"gender_agreement","by_session_language","session_3_Mini-Norwegian",3,"Mini-Norwegian",NA,FALSE,"exploratory"
142,0.501104001876215,0.501641452945267,0.537363982612143,0.522388059701492,NA,NA,FALSE,0.530661377480027,200,1709,27,"gender_agreement","by_session_language","session_3_Mini-Norwegian",3,"Mini-Norwegian",NA,FALSE,"exploratory"
146,0.505388774064107,0.499960828344848,0.536207882132685,0.412935323383085,NA,NA,FALSE,0.530661377480027,200,1709,27,"gender_agreement","by_session_language","session_3_Mini-Norwegian",3,"Mini-Norwegian",NA,FALSE,"exploratory"
150,0.51452312738343,0.498846711089528,0.534141833797868,0.243781094527363,NA,NA,FALSE,0.530661377480027,200,1709,27,"gender_agreement","by_session_language","session_3_Mini-Norwegian",3,"Mini-Norwegian",NA,FALSE,"exploratory"
154,0.518031591296158,0.498078498316606,0.538665789219333,0.159203980099502,NA,NA,FALSE,0.530661377480027,200,1709,27,"gender_agreement","by_session_language","session_3_Mini-Norwegian",3,"Mini-Norwegian",NA,FALSE,"exploratory"
158,0.523280200306227,0.499635163536379,0.535597278848212,0.119402985074627,NA,NA,FALSE,0.530661377480027,200,1709,27,"gender_agreement","by_session_language","session_3_Mini-Norwegian",3,"Mini-Norwegian",NA,FALSE,"exploratory"
162,0.525660610076983,0.500511122014982,0.532475599352299,0.104477611940299,NA,NA,FALSE,0.530661377480027,200,1709,27,"gender_agreement","by_session_language","session_3_Mini-Norwegian",3,"Mini-Norwegian",NA,FALSE,"exploratory"
166,0.514966504680238,0.499790763031722,0.535115802643254,0.218905472636816,NA,NA,FALSE,0.530661377480027,200,1709,27,"gender_agreement","by_session_language","session_3_Mini-Norwegian",3,"Mini-Norwegian",NA,FALSE,"exploratory"
170,0.49177142469398,0.498739091458838,0.535765191366338,0.641791044776119,NA,NA,FALSE,0.530661377480027,200,1709,27,"gender_agreement","by_session_language","session_3_Mini-Norwegian",3,"Mini-Norwegian",NA,FALSE,"exploratory"
174,0.498579838031759,0.498599545682728,0.533522728565067,0.517412935323383,NA,NA,FALSE,0.530661377480027,200,1709,27,"gender_agreement","by_session_language","session_3_Mini-Norwegian",3,"Mini-Norwegian",NA,FALSE,"exploratory"
178,0.50315093917414,0.499104995734516,0.534724685272104,0.447761194029851,NA,NA,FALSE,0.530661377480027,200,1709,27,"gender_agreement","by_session_language","session_3_Mini-Norwegian",3,"Mini-Norwegian",NA,FALSE,"exploratory"
182,0.493029820216427,0.500076289950379,0.53256659976988,0.681592039800995,NA,NA,FALSE,0.530661377480027,200,1709,27,"gender_agreement","by_session_language","session_3_Mini-Norwegian",3,"Mini-Norwegian",NA,FALSE,"exploratory"
186,0.47161896323769,0.500074620348915,0.532113744185677,0.925373134328358,NA,NA,FALSE,0.530661377480027,200,1709,27,"gender_agreement","by_session_language","session_3_Mini-Norwegian",3,"Mini-Norwegian",NA,FALSE,"exploratory"
190,0.470752507873656,0.500619047546707,0.535549335563955,0.925373134328358,NA,NA,FALSE,0.530661377480027,200,1709,27,"gender_agreement","by_session_language","session_3_Mini-Norwegian",3,"Mini-Norwegian",NA,FALSE,"exploratory"
194,0.492863923920476,0.500447696697904,0.534152696947087,0.666666666666667,NA,NA,FALSE,0.530661377480027,200,1709,27,"gender_agreement","by_session_language","session_3_Mini-Norwegian",3,"Mini-Norwegian",NA,FALSE,"exploratory"
198,0.483242703311875,0.501314818524409,0.536612370591196,0.830845771144279,NA,NA,FALSE,0.530661377480027,200,1709,27,"gender_agreement","by_session_language","session_3_Mini-Norwegian",3,"Mini-Norwegian",NA,FALSE,"exploratory"
202,0.49192919115055,0.502019236745383,0.54333348725857,0.741293532338308,NA,NA,FALSE,0.530661377480027,200,1709,27,"gender_agreement","by_session_language","session_3_Mini-Norwegian",3,"Mini-Norwegian",NA,FALSE,"exploratory"
206,0.486184942028331,0.501698060064997,0.537248738326847,0.805970149253731,NA,NA,FALSE,0.530661377480027,200,1709,27,"gender_agreement","by_session_language","session_3_Mini-Norwegian",3,"Mini-Norwegian",NA,FALSE,"exploratory"
210,0.474428763632726,0.501606895846598,0.536636602707188,0.915422885572139,NA,NA,FALSE,0.530661377480027,200,1709,27,"gender_agreement","by_session_language","session_3_Mini-Norwegian",3,"Mini-Norwegian",NA,FALSE,"exploratory"
214,0.481816552937339,0.500490125234961,0.531794344242571,0.81592039800995,NA,NA,FALSE,0.530661377480027,200,1709,27,"gender_agreement","by_session_language","session_3_Mini-Norwegian",3,"Mini-Norwegian",NA,FALSE,"exploratory"
218,0.501079924519978,0.500675626159954,0.5350479485287,0.527363184079602,NA,NA,FALSE,0.530661377480027,200,1709,27,"gender_agreement","by_session_language","session_3_Mini-Norwegian",3,"Mini-Norwegian",NA,FALSE,"exploratory"
222,0.515792302841912,0.501337508254923,0.539740481871648,0.233830845771144,NA,NA,FALSE,0.530661377480027,200,1709,27,"gender_agreement","by_session_language","session_3_Mini-Norwegian",3,"Mini-Norwegian",NA,FALSE,"exploratory"
226,0.528821487974081,0.501476866152547,0.53791177908259,0.0796019900497512,NA,NA,FALSE,0.530661377480027,200,1709,27,"gender_agreement","by_session_language","session_3_Mini-Norwegian",3,"Mini-Norwegian",NA,FALSE,"exploratory"
230,0.519105128271281,0.501119988836626,0.542038227509699,0.189054726368159,NA,NA,FALSE,0.530661377480027,200,1709,27,"gender_agreement","by_session_language","session_3_Mini-Norwegian",3,"Mini-Norwegian",NA,FALSE,"exploratory"
234,0.51190114829842,0.500129747440088,0.539962054552579,0.288557213930348,NA,NA,FALSE,0.530661377480027,200,1709,27,"gender_agreement","by_session_language","session_3_Mini-Norwegian",3,"Mini-Norwegian",NA,FALSE,"exploratory"
238,0.500748038356137,0.500699145552133,0.539759084026773,0.507462686567164,NA,NA,FALSE,0.530661377480027,200,1709,27,"gender_agreement","by_session_language","session_3_Mini-Norwegian",3,"Mini-Norwegian",NA,FALSE,"exploratory"
242,0.501729645651531,0.502244965205329,0.532897635852789,0.522388059701492,NA,NA,FALSE,0.530661377480027,200,1709,27,"gender_agreement","by_session_language","session_3_Mini-Norwegian",3,"Mini-Norwegian",NA,FALSE,"exploratory"
246,0.497315545420231,0.501906594496852,0.533993500812309,0.626865671641791,NA,NA,FALSE,0.530661377480027,200,1709,27,"gender_agreement","by_session_language","session_3_Mini-Norwegian",3,"Mini-Norwegian",NA,FALSE,"exploratory"
250,0.493310638528856,0.501694246662198,0.534645030751234,0.701492537313433,NA,NA,FALSE,0.530661377480027,200,1709,27,"gender_agreement","by_session_language","session_3_Mini-Norwegian",3,"Mini-Norwegian",NA,FALSE,"exploratory"
254,0.49142414819121,0.500707623519501,0.534583570320763,0.721393034825871,NA,NA,FALSE,0.530661377480027,200,1709,27,"gender_agreement","by_session_language","session_3_Mini-Norwegian",3,"Mini-Norwegian",NA,FALSE,"exploratory"
258,0.490027994514403,0.502247060404814,0.537235538328731,0.746268656716418,NA,NA,FALSE,0.530661377480027,200,1709,27,"gender_agreement","by_session_language","session_3_Mini-Norwegian",3,"Mini-Norwegian",NA,FALSE,"exploratory"
262,0.511514525147929,0.502060038701314,0.539542390159668,0.323383084577114,NA,NA,FALSE,0.530661377480027,200,1709,27,"gender_agreement","by_session_language","session_3_Mini-Norwegian",3,"Mini-Norwegian",NA,FALSE,"exploratory"
266,0.525927027783866,0.503340583058741,0.540657624607239,0.119402985074627,NA,NA,FALSE,0.530661377480027,200,1709,27,"gender_agreement","by_session_language","session_3_Mini-Norwegian",3,"Mini-Norwegian",NA,FALSE,"exploratory"
270,0.537605917673081,0.503563435960947,0.536945137098638,0.0298507462686567,2,0.920398009950249,FALSE,0.530661377480027,200,1709,27,"gender_agreement","by_session_language","session_3_Mini-Norwegian",3,"Mini-Norwegian",NA,FALSE,"exploratory"
274,0.521632661745122,0.504209115580953,0.536306296311429,0.154228855721393,NA,NA,FALSE,0.530661377480027,200,1709,27,"gender_agreement","by_session_language","session_3_Mini-Norwegian",3,"Mini-Norwegian",NA,FALSE,"exploratory"
278,0.521048372918396,0.503863170035588,0.538435864078377,0.17910447761194,NA,NA,FALSE,0.530661377480027,200,1709,27,"gender_agreement","by_session_language","session_3_Mini-Norwegian",3,"Mini-Norwegian",NA,FALSE,"exploratory"
282,0.508990329233969,0.503771807422584,0.541206417867388,0.398009950248756,NA,NA,FALSE,0.530661377480027,200,1709,27,"gender_agreement","by_session_language","session_3_Mini-Norwegian",3,"Mini-Norwegian",NA,FALSE,"exploratory"
286,0.503808307214868,0.502939037884238,0.534378741404928,0.487562189054726,NA,NA,FALSE,0.530661377480027,200,1709,27,"gender_agreement","by_session_language","session_3_Mini-Norwegian",3,"Mini-Norwegian",NA,FALSE,"exploratory"
290,0.492838234917485,0.501634110591901,0.535505359498545,0.72636815920398,NA,NA,FALSE,0.530661377480027,200,1709,27,"gender_agreement","by_session_language","session_3_Mini-Norwegian",3,"Mini-Norwegian",NA,FALSE,"exploratory"
294,0.500096072115066,0.500257440977445,0.534074909348933,0.507462686567164,NA,NA,FALSE,0.530661377480027,200,1709,27,"gender_agreement","by_session_language","session_3_Mini-Norwegian",3,"Mini-Norwegian",NA,FALSE,"exploratory"
298,0.510214474969119,0.500582648231656,0.534282705778423,0.323383084577114,NA,NA,FALSE,0.530661377480027,200,1709,27,"gender_agreement","by_session_language","session_3_Mini-Norwegian",3,"Mini-Norwegian",NA,FALSE,"exploratory"
302,0.523264761569979,0.501326690443639,0.533840561675198,0.124378109452736,NA,NA,FALSE,0.530661377480027,200,1709,27,"gender_agreement","by_session_language","session_3_Mini-Norwegian",3,"Mini-Norwegian",NA,FALSE,"exploratory"
306,0.519824862971958,0.501227309462909,0.534349818465248,0.164179104477612,NA,NA,FALSE,0.530661377480027,200,1709,27,"gender_agreement","by_session_language","session_3_Mini-Norwegian",3,"Mini-Norwegian",NA,FALSE,"exploratory"
310,0.515172385351641,0.50278576801667,0.536152510061513,0.26865671641791,NA,NA,FALSE,0.530661377480027,200,1709,27,"gender_agreement","by_session_language","session_3_Mini-Norwegian",3,"Mini-Norwegian",NA,FALSE,"exploratory"
314,0.507391901370305,0.503108490321045,0.539162894888807,0.422885572139304,NA,NA,FALSE,0.530661377480027,200,1709,27,"gender_agreement","by_session_language","session_3_Mini-Norwegian",3,"Mini-Norwegian",NA,FALSE,"exploratory"
318,0.488006771408038,0.502036784063317,0.538745202867783,0.741293532338308,NA,NA,FALSE,0.530661377480027,200,1709,27,"gender_agreement","by_session_language","session_3_Mini-Norwegian",3,"Mini-Norwegian",NA,FALSE,"exploratory"
322,0.485255524475922,0.502089481680841,0.535751692323564,0.835820895522388,NA,NA,FALSE,0.530661377480027,200,1709,27,"gender_agreement","by_session_language","session_3_Mini-Norwegian",3,"Mini-Norwegian",NA,FALSE,"exploratory"
326,0.457727637080526,0.502657155654196,0.540989125732195,0.985074626865672,NA,NA,FALSE,0.530661377480027,200,1709,27,"gender_agreement","by_session_language","session_3_Mini-Norwegian",3,"Mini-Norwegian",NA,FALSE,"exploratory"
330,0.483955751260926,0.5020847788952,0.538213404757287,0.81592039800995,NA,NA,FALSE,0.530661377480027,200,1709,27,"gender_agreement","by_session_language","session_3_Mini-Norwegian",3,"Mini-Norwegian",NA,FALSE,"exploratory"
334,0.48641445021301,0.501772072571586,0.536470369624419,0.781094527363184,NA,NA,FALSE,0.530661377480027,200,1709,27,"gender_agreement","by_session_language","session_3_Mini-Norwegian",3,"Mini-Norwegian",NA,FALSE,"exploratory"
338,0.507152489067093,0.501158992971001,0.531955067491793,0.36318407960199,NA,NA,FALSE,0.530661377480027,200,1709,27,"gender_agreement","by_session_language","session_3_Mini-Norwegian",3,"Mini-Norwegian",NA,FALSE,"exploratory"
342,0.517809884123495,0.500671291099011,0.535974759048779,0.169154228855721,NA,NA,FALSE,0.530661377480027,200,1709,27,"gender_agreement","by_session_language","session_3_Mini-Norwegian",3,"Mini-Norwegian",NA,FALSE,"exploratory"
346,0.523880541437118,0.500266551419009,0.533397606421847,0.104477611940299,NA,NA,FALSE,0.530661377480027,200,1709,27,"gender_agreement","by_session_language","session_3_Mini-Norwegian",3,"Mini-Norwegian",NA,FALSE,"exploratory"
350,0.528226658416142,0.500971707575418,0.533346550348147,0.0746268656716418,NA,NA,FALSE,0.530661377480027,200,1709,27,"gender_agreement","by_session_language","session_3_Mini-Norwegian",3,"Mini-Norwegian",NA,FALSE,"exploratory"
354,0.525058993221678,0.500125977051508,0.537743741844766,0.104477611940299,NA,NA,FALSE,0.530661377480027,200,1709,27,"gender_agreement","by_session_language","session_3_Mini-Norwegian",3,"Mini-Norwegian",NA,FALSE,"exploratory"
358,0.524387076723805,0.500363450901227,0.534689448214553,0.134328358208955,NA,NA,FALSE,0.530661377480027,200,1709,27,"gender_agreement","by_session_language","session_3_Mini-Norwegian",3,"Mini-Norwegian",NA,FALSE,"exploratory"
362,0.511190335269789,0.500700874692914,0.535137298589981,0.313432835820896,NA,NA,FALSE,0.530661377480027,200,1709,27,"gender_agreement","by_session_language","session_3_Mini-Norwegian",3,"Mini-Norwegian",NA,FALSE,"exploratory"
366,0.500832040211256,0.500680600447405,0.532913671097378,0.517412935323383,NA,NA,FALSE,0.530661377480027,200,1709,27,"gender_agreement","by_session_language","session_3_Mini-Norwegian",3,"Mini-Norwegian",NA,FALSE,"exploratory"
370,0.489661218070514,0.49990238017015,0.533416400092504,0.691542288557214,NA,NA,FALSE,0.530661377480027,200,1709,27,"gender_agreement","by_session_language","session_3_Mini-Norwegian",3,"Mini-Norwegian",NA,FALSE,"exploratory"
374,0.496347886155626,0.499692316309691,0.533375761679365,0.592039800995025,NA,NA,FALSE,0.530661377480027,200,1709,27,"gender_agreement","by_session_language","session_3_Mini-Norwegian",3,"Mini-Norwegian",NA,FALSE,"exploratory"
378,0.510157499156039,0.50048409364886,0.535353023554344,0.313432835820896,NA,NA,FALSE,0.530661377480027,200,1709,27,"gender_agreement","by_session_language","session_3_Mini-Norwegian",3,"Mini-Norwegian",NA,FALSE,"exploratory"
382,0.51328991681538,0.499673509520872,0.538458928799842,0.258706467661692,NA,NA,FALSE,0.530661377480027,200,1709,27,"gender_agreement","by_session_language","session_3_Mini-Norwegian",3,"Mini-Norwegian",NA,FALSE,"exploratory"
386,0.50415619860058,0.499437883664407,0.536700399852955,0.437810945273632,NA,NA,FALSE,0.530661377480027,200,1709,27,"gender_agreement","by_session_language","session_3_Mini-Norwegian",3,"Mini-Norwegian",NA,FALSE,"exploratory"
390,0.503654222079318,0.498902452477352,0.538207022696859,0.398009950248756,NA,NA,FALSE,0.530661377480027,200,1709,27,"gender_agreement","by_session_language","session_3_Mini-Norwegian",3,"Mini-Norwegian",NA,FALSE,"exploratory"
394,0.512170038969826,0.499083181225822,0.533188862525075,0.263681592039801,NA,NA,FALSE,0.530661377480027,200,1709,27,"gender_agreement","by_session_language","session_3_Mini-Norwegian",3,"Mini-Norwegian",NA,FALSE,"exploratory"
398,0.526987387360652,0.500166091053308,0.536379460403435,0.0845771144278607,NA,NA,FALSE,0.530661377480027,200,1709,27,"gender_agreement","by_session_language","session_3_Mini-Norwegian",3,"Mini-Norwegian",NA,FALSE,"exploratory"
402,0.535391643300607,0.500622486209495,0.534094561792447,0.0298507462686567,3,0.955223880597015,FALSE,0.530661377480027,200,1709,27,"gender_agreement","by_session_language","session_3_Mini-Norwegian",3,"Mini-Norwegian",NA,FALSE,"exploratory"
406,0.523844350494309,0.500571538052522,0.533850240995146,0.109452736318408,NA,NA,FALSE,0.530661377480027,200,1709,27,"gender_agreement","by_session_language","session_3_Mini-Norwegian",3,"Mini-Norwegian",NA,FALSE,"exploratory"
410,0.51348625868357,0.499950528130936,0.536619222398104,0.199004975124378,NA,NA,FALSE,0.530661377480027,200,1709,27,"gender_agreement","by_session_language","session_3_Mini-Norwegian",3,"Mini-Norwegian",NA,FALSE,"exploratory"
414,0.515452840991624,0.500712590844162,0.532665903247909,0.189054726368159,NA,NA,FALSE,0.530661377480027,200,1709,27,"gender_agreement","by_session_language","session_3_Mini-Norwegian",3,"Mini-Norwegian",NA,FALSE,"exploratory"
418,0.525616482623238,0.500022810004543,0.533218423074004,0.0646766169154229,NA,NA,FALSE,0.530661377480027,200,1709,27,"gender_agreement","by_session_language","session_3_Mini-Norwegian",3,"Mini-Norwegian",NA,FALSE,"exploratory"
422,0.520367509152546,0.498714808514477,0.535033390122393,0.114427860696517,NA,NA,FALSE,0.530661377480027,200,1709,27,"gender_agreement","by_session_language","session_3_Mini-Norwegian",3,"Mini-Norwegian",NA,FALSE,"exploratory"
426,0.511286965860953,0.498143615789971,0.534159572841789,0.248756218905473,NA,NA,FALSE,0.530661377480027,200,1709,27,"gender_agreement","by_session_language","session_3_Mini-Norwegian",3,"Mini-Norwegian",NA,FALSE,"exploratory"
430,0.508369442471766,0.498077959695626,0.534336213916937,0.343283582089552,NA,NA,FALSE,0.530661377480027,200,1709,27,"gender_agreement","by_session_language","session_3_Mini-Norwegian",3,"Mini-Norwegian",NA,FALSE,"exploratory"
434,0.510216362079577,0.498821143208759,0.535209716301776,0.278606965174129,NA,NA,FALSE,0.530661377480027,200,1709,27,"gender_agreement","by_session_language","session_3_Mini-Norwegian",3,"Mini-Norwegian",NA,FALSE,"exploratory"
438,0.51825661446447,0.500105580405483,0.533979778776364,0.144278606965174,NA,NA,FALSE,0.530661377480027,200,1709,27,"gender_agreement","by_session_language","session_3_Mini-Norwegian",3,"Mini-Norwegian",NA,FALSE,"exploratory"
442,0.50021826875586,0.501140215870931,0.535735288383249,0.562189054726368,NA,NA,FALSE,0.530661377480027,200,1709,27,"gender_agreement","by_session_language","session_3_Mini-Norwegian",3,"Mini-Norwegian",NA,FALSE,"exploratory"
446,0.494897546638182,0.500206496483176,0.534292522199185,0.611940298507463,NA,NA,FALSE,0.530661377480027,200,1709,27,"gender_agreement","by_session_language","session_3_Mini-Norwegian",3,"Mini-Norwegian",NA,FALSE,"exploratory"
450,0.489697455013909,0.499690282479606,0.536286412473904,0.72636815920398,NA,NA,FALSE,0.530661377480027,200,1709,27,"gender_agreement","by_session_language","session_3_Mini-Norwegian",3,"Mini-Norwegian",NA,FALSE,"exploratory"
454,0.508205350258493,0.499438485645284,0.538284965186711,0.333333333333333,NA,NA,FALSE,0.530661377480027,200,1709,27,"gender_agreement","by_session_language","session_3_Mini-Norwegian",3,"Mini-Norwegian",NA,FALSE,"exploratory"
458,0.534901900393135,0.499771043186451,0.534626456110778,0.0298507462686567,4,0.213930348258706,FALSE,0.530661377480027,200,1709,27,"gender_agreement","by_session_language","session_3_Mini-Norwegian",3,"Mini-Norwegian",NA,FALSE,"exploratory"
462,0.550170103362613,0.499188180066353,0.535555102838196,0.0149253731343284,4,0.213930348258706,FALSE,0.530661377480027,200,1709,27,"gender_agreement","by_session_language","session_3_Mini-Norwegian",3,"Mini-Norwegian",NA,FALSE,"exploratory"
466,0.551710930556685,0.498607185061407,0.532916788129028,0.00497512437810945,4,0.213930348258706,FALSE,0.530661377480027,200,1709,27,"gender_agreement","by_session_language","session_3_Mini-Norwegian",3,"Mini-Norwegian",NA,FALSE,"exploratory"
470,0.547262733560154,0.498494552197488,0.536127681155184,0.00497512437810945,4,0.213930348258706,FALSE,0.530661377480027,200,1709,27,"gender_agreement","by_session_language","session_3_Mini-Norwegian",3,"Mini-Norwegian",NA,FALSE,"exploratory"
474,0.534615706615809,0.497971422282554,0.53167401569052,0.0199004975124378,4,0.213930348258706,FALSE,0.530661377480027,200,1709,27,"gender_agreement","by_session_language","session_3_Mini-Norwegian",3,"Mini-Norwegian",NA,FALSE,"exploratory"
478,0.528739399135821,0.49808889302236,0.52633963372366,0.0248756218905473,NA,NA,FALSE,0.530661377480027,200,1709,27,"gender_agreement","by_session_language","session_3_Mini-Norwegian",3,"Mini-Norwegian",NA,FALSE,"exploratory"
482,0.52866826470214,0.499125369310046,0.529304081780343,0.0348258706467662,NA,NA,FALSE,0.530661377480027,200,1709,27,"gender_agreement","by_session_language","session_3_Mini-Norwegian",3,"Mini-Norwegian",NA,FALSE,"exploratory"
486,0.518322623383603,0.500181412186302,0.533065074374845,0.139303482587065,NA,NA,FALSE,0.530661377480027,200,1709,27,"gender_agreement","by_session_language","session_3_Mini-Norwegian",3,"Mini-Norwegian",NA,FALSE,"exploratory"
490,0.527014080408694,0.501606681271567,0.53275718703509,0.0597014925373134,NA,NA,FALSE,0.530661377480027,200,1709,27,"gender_agreement","by_session_language","session_3_Mini-Norwegian",3,"Mini-Norwegian",NA,FALSE,"exploratory"
494,0.528794096129817,0.501241530469289,0.533445422498315,0.054726368159204,NA,NA,FALSE,0.530661377480027,200,1709,27,"gender_agreement","by_session_language","session_3_Mini-Norwegian",3,"Mini-Norwegian",NA,FALSE,"exploratory"
498,0.528223865415162,0.500464940751241,0.532032186475216,0.0597014925373134,NA,NA,FALSE,0.530661377480027,200,1709,27,"gender_agreement","by_session_language","session_3_Mini-Norwegian",3,"Mini-Norwegian",NA,FALSE,"exploratory"
502,0.512747199167252,0.499451285693895,0.528271083976525,0.233830845771144,NA,NA,FALSE,0.530661377480027,200,1709,27,"gender_agreement","by_session_language","session_3_Mini-Norwegian",3,"Mini-Norwegian",NA,FALSE,"exploratory"
506,0.507614110851591,0.499427027753149,0.531267700779186,0.358208955223881,NA,NA,FALSE,0.530661377480027,200,1709,27,"gender_agreement","by_session_language","session_3_Mini-Norwegian",3,"Mini-Norwegian",NA,FALSE,"exploratory"
510,0.5117844954684,0.498961342696369,0.53341979286055,0.243781094527363,NA,NA,FALSE,0.530661377480027,200,1709,27,"gender_agreement","by_session_language","session_3_Mini-Norwegian",3,"Mini-Norwegian",NA,FALSE,"exploratory"
514,0.512417157642279,0.498717259249854,0.53062303708922,0.223880597014925,NA,NA,FALSE,0.530661377480027,200,1709,27,"gender_agreement","by_session_language","session_3_Mini-Norwegian",3,"Mini-Norwegian",NA,FALSE,"exploratory"
518,0.489246804865776,0.499854791866233,0.533847510772449,0.721393034825871,NA,NA,FALSE,0.530661377480027,200,1709,27,"gender_agreement","by_session_language","session_3_Mini-Norwegian",3,"Mini-Norwegian",NA,FALSE,"exploratory"
522,0.461576952560919,0.500155485381976,0.533809736782357,0.995024875621891,NA,NA,FALSE,0.530661377480027,200,1709,27,"gender_agreement","by_session_language","session_3_Mini-Norwegian",3,"Mini-Norwegian",NA,FALSE,"exploratory"
526,0.439386920632657,0.500662108867099,0.536689026792599,1,NA,NA,FALSE,0.530661377480027,200,1709,27,"gender_agreement","by_session_language","session_3_Mini-Norwegian",3,"Mini-Norwegian",NA,FALSE,"exploratory"
530,0.436496431175344,0.501128734057637,0.53518156016323,1,NA,NA,FALSE,0.530661377480027,200,1709,27,"gender_agreement","by_session_language","session_3_Mini-Norwegian",3,"Mini-Norwegian",NA,FALSE,"exploratory"
534,0.457437655207787,0.50080205373127,0.536486078687469,0.995024875621891,NA,NA,FALSE,0.530661377480027,200,1709,27,"gender_agreement","by_session_language","session_3_Mini-Norwegian",3,"Mini-Norwegian",NA,FALSE,"exploratory"
538,0.447827083524777,0.501753048892278,0.535534165090482,0.995024875621891,NA,NA,FALSE,0.530661377480027,200,1709,27,"gender_agreement","by_session_language","session_3_Mini-Norwegian",3,"Mini-Norwegian",NA,FALSE,"exploratory"
542,0.450242499223629,0.501142773479127,0.534962940600882,0.990049751243781,NA,NA,FALSE,0.530661377480027,200,1709,27,"gender_agreement","by_session_language","session_3_Mini-Norwegian",3,"Mini-Norwegian",NA,FALSE,"exploratory"
546,0.456762025597826,0.500295537098411,0.538799118702541,0.990049751243781,NA,NA,FALSE,0.530661377480027,200,1709,27,"gender_agreement","by_session_language","session_3_Mini-Norwegian",3,"Mini-Norwegian",NA,FALSE,"exploratory"
550,0.469904489538895,0.499617184329988,0.532564589386645,0.940298507462687,NA,NA,FALSE,0.530661377480027,200,1709,27,"gender_agreement","by_session_language","session_3_Mini-Norwegian",3,"Mini-Norwegian",NA,FALSE,"exploratory"
554,0.487699951135393,0.497835054239532,0.53136406601879,0.716417910447761,NA,NA,FALSE,0.530661377480027,200,1709,27,"gender_agreement","by_session_language","session_3_Mini-Norwegian",3,"Mini-Norwegian",NA,FALSE,"exploratory"
558,0.484307373927744,0.497701860213508,0.535358865583588,0.796019900497512,NA,NA,FALSE,0.530661377480027,200,1709,27,"gender_agreement","by_session_language","session_3_Mini-Norwegian",3,"Mini-Norwegian",NA,FALSE,"exploratory"
562,0.480472246266813,0.497788918528803,0.531820496290777,0.82089552238806,NA,NA,FALSE,0.530661377480027,200,1709,27,"gender_agreement","by_session_language","session_3_Mini-Norwegian",3,"Mini-Norwegian",NA,FALSE,"exploratory"
566,0.476092647831587,0.499327057888606,0.531759166177789,0.885572139303483,NA,NA,FALSE,0.530661377480027,200,1709,27,"gender_agreement","by_session_language","session_3_Mini-Norwegian",3,"Mini-Norwegian",NA,FALSE,"exploratory"
570,0.478114513579299,0.499668958712767,0.532791983660583,0.895522388059702,NA,NA,FALSE,0.530661377480027,200,1709,27,"gender_agreement","by_session_language","session_3_Mini-Norwegian",3,"Mini-Norwegian",NA,FALSE,"exploratory"
574,0.485206626680965,0.499025597000141,0.532979801573149,0.796019900497512,NA,NA,FALSE,0.530661377480027,200,1709,27,"gender_agreement","by_session_language","session_3_Mini-Norwegian",3,"Mini-Norwegian",NA,FALSE,"exploratory"
578,0.474062529064634,0.499244106537961,0.533951907211809,0.880597014925373,NA,NA,FALSE,0.530661377480027,200,1709,27,"gender_agreement","by_session_language","session_3_Mini-Norwegian",3,"Mini-Norwegian",NA,FALSE,"exploratory"
582,0.489713442288824,0.500186067714801,0.532925145257643,0.73134328358209,NA,NA,FALSE,0.530661377480027,200,1709,27,"gender_agreement","by_session_language","session_3_Mini-Norwegian",3,"Mini-Norwegian",NA,FALSE,"exploratory"
586,0.481490439815339,0.501132675888237,0.535425745135452,0.845771144278607,NA,NA,FALSE,0.530661377480027,200,1709,27,"gender_agreement","by_session_language","session_3_Mini-Norwegian",3,"Mini-Norwegian",NA,FALSE,"exploratory"
590,0.502110999590712,0.49985756782688,0.534216889834438,0.462686567164179,NA,NA,FALSE,0.530661377480027,200,1709,27,"gender_agreement","by_session_language","session_3_Mini-Norwegian",3,"Mini-Norwegian",NA,FALSE,"exploratory"
594,0.513093690119139,0.498609422411681,0.532256795678392,0.238805970149254,NA,NA,FALSE,0.530661377480027,200,1709,27,"gender_agreement","by_session_language","session_3_Mini-Norwegian",3,"Mini-Norwegian",NA,FALSE,"exploratory"
598,0.507931336562938,0.500559033938674,0.534432614375931,0.36318407960199,NA,NA,FALSE,0.530661377480027,200,1709,27,"gender_agreement","by_session_language","session_3_Mini-Norwegian",3,"Mini-Norwegian",NA,FALSE,"exploratory"
602,0.479352484665423,0.501449614336291,0.534158929847019,0.870646766169154,NA,NA,FALSE,0.530661377480027,200,1709,27,"gender_agreement","by_session_language","session_3_Mini-Norwegian",3,"Mini-Norwegian",NA,FALSE,"exploratory"
606,0.471814574305908,0.501526383916438,0.533518430015867,0.935323383084577,NA,NA,FALSE,0.530661377480027,200,1709,27,"gender_agreement","by_session_language","session_3_Mini-Norwegian",3,"Mini-Norwegian",NA,FALSE,"exploratory"
610,0.479903012788094,0.501527146209431,0.533762048870129,0.850746268656716,NA,NA,FALSE,0.530661377480027,200,1709,27,"gender_agreement","by_session_language","session_3_Mini-Norwegian",3,"Mini-Norwegian",NA,FALSE,"exploratory"
614,0.493907535934434,0.502133046809894,0.532581196322355,0.706467661691542,NA,NA,FALSE,0.530661377480027,200,1709,27,"gender_agreement","by_session_language","session_3_Mini-Norwegian",3,"Mini-Norwegian",NA,FALSE,"exploratory"
618,0.502142873528623,0.503984333420387,0.534568063355871,0.552238805970149,NA,NA,FALSE,0.530661377480027,200,1709,27,"gender_agreement","by_session_language","session_3_Mini-Norwegian",3,"Mini-Norwegian",NA,FALSE,"exploratory"
622,0.498589974093051,0.504234843037159,0.539009993955453,0.63681592039801,NA,NA,FALSE,0.530661377480027,200,1709,27,"gender_agreement","by_session_language","session_3_Mini-Norwegian",3,"Mini-Norwegian",NA,FALSE,"exploratory"
626,0.495384307171765,0.503446048607505,0.536378022437242,0.676616915422886,NA,NA,FALSE,0.530661377480027,200,1709,27,"gender_agreement","by_session_language","session_3_Mini-Norwegian",3,"Mini-Norwegian",NA,FALSE,"exploratory"
630,0.494741602607503,0.502248137478275,0.534876953656894,0.686567164179104,NA,NA,FALSE,0.530661377480027,200,1709,27,"gender_agreement","by_session_language","session_3_Mini-Norwegian",3,"Mini-Norwegian",NA,FALSE,"exploratory"
634,0.499898292581306,0.502414402479696,0.534049185697627,0.577114427860697,NA,NA,FALSE,0.530661377480027,200,1709,27,"gender_agreement","by_session_language","session_3_Mini-Norwegian",3,"Mini-Norwegian",NA,FALSE,"exploratory"
638,0.517769468486569,0.501906077720986,0.536945139751321,0.203980099502488,NA,NA,FALSE,0.530661377480027,200,1709,27,"gender_agreement","by_session_language","session_3_Mini-Norwegian",3,"Mini-Norwegian",NA,FALSE,"exploratory"
642,0.519717507528879,0.502472032643955,0.535119880618908,0.203980099502488,NA,NA,FALSE,0.530661377480027,200,1709,27,"gender_agreement","by_session_language","session_3_Mini-Norwegian",3,"Mini-Norwegian",NA,FALSE,"exploratory"
646,0.531168895187031,0.50121536785105,0.533656729321854,0.0497512437810945,5,0.990049751243781,FALSE,0.530661377480027,200,1709,27,"gender_agreement","by_session_language","session_3_Mini-Norwegian",3,"Mini-Norwegian",NA,FALSE,"exploratory"
650,0.528251798029025,0.500774401143269,0.536723196352504,0.054726368159204,NA,NA,FALSE,0.530661377480027,200,1709,27,"gender_agreement","by_session_language","session_3_Mini-Norwegian",3,"Mini-Norwegian",NA,FALSE,"exploratory"
654,0.519721036160778,0.499918221452645,0.533543454747658,0.124378109452736,NA,NA,FALSE,0.530661377480027,200,1709,27,"gender_agreement","by_session_language","session_3_Mini-Norwegian",3,"Mini-Norwegian",NA,FALSE,"exploratory"
658,0.516668298223717,0.500795738433533,0.53204928178528,0.18407960199005,NA,NA,FALSE,0.530661377480027,200,1709,27,"gender_agreement","by_session_language","session_3_Mini-Norwegian",3,"Mini-Norwegian",NA,FALSE,"exploratory"
662,0.520522768530458,0.501191262217673,0.532296964122622,0.164179104477612,NA,NA,FALSE,0.530661377480027,200,1709,27,"gender_agreement","by_session_language","session_3_Mini-Norwegian",3,"Mini-Norwegian",NA,FALSE,"exploratory"
666,0.518866588647781,0.501520125979104,0.536846556783748,0.218905472636816,NA,NA,FALSE,0.530661377480027,200,1709,27,"gender_agreement","by_session_language","session_3_Mini-Norwegian",3,"Mini-Norwegian",NA,FALSE,"exploratory"
670,0.507978652537784,0.501994751700205,0.540684658649079,0.373134328358209,NA,NA,FALSE,0.530661377480027,200,1709,27,"gender_agreement","by_session_language","session_3_Mini-Norwegian",3,"Mini-Norwegian",NA,FALSE,"exploratory"
674,0.502732783642144,0.50257996772537,0.540395264588578,0.512437810945274,NA,NA,FALSE,0.530661377480027,200,1709,27,"gender_agreement","by_session_language","session_3_Mini-Norwegian",3,"Mini-Norwegian",NA,FALSE,"exploratory"
678,0.505898319902485,0.502030976463882,0.537266675393138,0.45273631840796,NA,NA,FALSE,0.530661377480027,200,1709,27,"gender_agreement","by_session_language","session_3_Mini-Norwegian",3,"Mini-Norwegian",NA,FALSE,"exploratory"
682,0.503827956898868,0.5011055167709,0.533960167447836,0.437810945273632,NA,NA,FALSE,0.530661377480027,200,1709,27,"gender_agreement","by_session_language","session_3_Mini-Norwegian",3,"Mini-Norwegian",NA,FALSE,"exploratory"
686,0.508222850627902,0.500920095633803,0.534657441490991,0.348258706467662,NA,NA,FALSE,0.530661377480027,200,1709,27,"gender_agreement","by_session_language","session_3_Mini-Norwegian",3,"Mini-Norwegian",NA,FALSE,"exploratory"
690,0.494957907787151,0.50041742183095,0.532298641905685,0.621890547263682,NA,NA,FALSE,0.530661377480027,200,1709,27,"gender_agreement","by_session_language","session_3_Mini-Norwegian",3,"Mini-Norwegian",NA,FALSE,"exploratory"
694,0.494527511347655,0.500415846319543,0.53168126676615,0.656716417910448,NA,NA,FALSE,0.530661377480027,200,1709,27,"gender_agreement","by_session_language","session_3_Mini-Norwegian",3,"Mini-Norwegian",NA,FALSE,"exploratory"
698,0.502218377065086,0.500886970341161,0.534668505531115,0.512437810945274,NA,NA,FALSE,0.530661377480027,200,1709,27,"gender_agreement","by_session_language","session_3_Mini-Norwegian",3,"Mini-Norwegian",NA,FALSE,"exploratory"
702,0.498187038204325,0.500784949450176,0.532122612442878,0.567164179104478,NA,NA,FALSE,0.530661377480027,200,1709,27,"gender_agreement","by_session_language","session_3_Mini-Norwegian",3,"Mini-Norwegian",NA,FALSE,"exploratory"
706,0.505669047629231,0.502628943048722,0.536194403198151,0.45273631840796,NA,NA,FALSE,0.530661377480027,200,1709,27,"gender_agreement","by_session_language","session_3_Mini-Norwegian",3,"Mini-Norwegian",NA,FALSE,"exploratory"
710,0.496536731523758,0.503221842573919,0.539117252994725,0.661691542288557,NA,NA,FALSE,0.530661377480027,200,1709,27,"gender_agreement","by_session_language","session_3_Mini-Norwegian",3,"Mini-Norwegian",NA,FALSE,"exploratory"
714,0.492225694870598,0.503183996452027,0.540930065864902,0.711442786069652,NA,NA,FALSE,0.530661377480027,200,1709,27,"gender_agreement","by_session_language","session_3_Mini-Norwegian",3,"Mini-Norwegian",NA,FALSE,"exploratory"
718,0.488783923880479,0.501804042628619,0.536884568923533,0.771144278606965,NA,NA,FALSE,0.530661377480027,200,1709,27,"gender_agreement","by_session_language","session_3_Mini-Norwegian",3,"Mini-Norwegian",NA,FALSE,"exploratory"
722,0.503250095729748,0.500585176875825,0.538022227045949,0.432835820895522,NA,NA,FALSE,0.530661377480027,200,1709,27,"gender_agreement","by_session_language","session_3_Mini-Norwegian",3,"Mini-Norwegian",NA,FALSE,"exploratory"
726,0.492312024898761,0.49988228996757,0.538312419237931,0.656716417910448,NA,NA,FALSE,0.530661377480027,200,1709,27,"gender_agreement","by_session_language","session_3_Mini-Norwegian",3,"Mini-Norwegian",NA,FALSE,"exploratory"
730,0.493891106462669,0.500432699173199,0.543129651701147,0.621890547263682,NA,NA,FALSE,0.530661377480027,200,1709,27,"gender_agreement","by_session_language","session_3_Mini-Norwegian",3,"Mini-Norwegian",NA,FALSE,"exploratory"
734,0.490091151845662,0.502110664089904,0.53734667356202,0.751243781094527,NA,NA,FALSE,0.530661377480027,200,1709,27,"gender_agreement","by_session_language","session_3_Mini-Norwegian",3,"Mini-Norwegian",NA,FALSE,"exploratory"
738,0.491633709283204,0.502053408987404,0.534045207557199,0.736318407960199,NA,NA,FALSE,0.530661377480027,200,1709,27,"gender_agreement","by_session_language","session_3_Mini-Norwegian",3,"Mini-Norwegian",NA,FALSE,"exploratory"
742,0.512892492411178,0.501418271381016,0.536059664604785,0.283582089552239,NA,NA,FALSE,0.530661377480027,200,1709,27,"gender_agreement","by_session_language","session_3_Mini-Norwegian",3,"Mini-Norwegian",NA,FALSE,"exploratory"
746,0.51280506440632,0.50145089536688,0.535213179637389,0.253731343283582,NA,NA,FALSE,0.530661377480027,200,1709,27,"gender_agreement","by_session_language","session_3_Mini-Norwegian",3,"Mini-Norwegian",NA,FALSE,"exploratory"
750,0.515289008219943,0.500539596794656,0.533774092262558,0.223880597014925,NA,NA,FALSE,0.530661377480027,200,1709,27,"gender_agreement","by_session_language","session_3_Mini-Norwegian",3,"Mini-Norwegian",NA,FALSE,"exploratory"
754,0.514912383144563,0.499978101909266,0.532041708658064,0.218905472636816,NA,NA,FALSE,0.530661377480027,200,1709,27,"gender_agreement","by_session_language","session_3_Mini-Norwegian",3,"Mini-Norwegian",NA,FALSE,"exploratory"
758,0.505388014227628,0.500603475080663,0.532429606558371,0.407960199004975,NA,NA,FALSE,0.530661377480027,200,1709,27,"gender_agreement","by_session_language","session_3_Mini-Norwegian",3,"Mini-Norwegian",NA,FALSE,"exploratory"
762,0.504155133408851,0.500074666524189,0.532544209964236,0.437810945273632,NA,NA,FALSE,0.530661377480027,200,1709,27,"gender_agreement","by_session_language","session_3_Mini-Norwegian",3,"Mini-Norwegian",NA,FALSE,"exploratory"
766,0.499995441830132,0.499967440740245,0.534858463136063,0.492537313432836,NA,NA,FALSE,0.530661377480027,200,1709,27,"gender_agreement","by_session_language","session_3_Mini-Norwegian",3,"Mini-Norwegian",NA,FALSE,"exploratory"
770,0.500409291697651,0.500015172503881,0.534625261686273,0.497512437810945,NA,NA,FALSE,0.530661377480027,200,1709,27,"gender_agreement","by_session_language","session_3_Mini-Norwegian",3,"Mini-Norwegian",NA,FALSE,"exploratory"
774,0.491995063145058,0.500452119399315,0.53510244208087,0.701492537313433,NA,NA,FALSE,0.530661377480027,200,1709,27,"gender_agreement","by_session_language","session_3_Mini-Norwegian",3,"Mini-Norwegian",NA,FALSE,"exploratory"
778,0.468074239060905,0.500849220413716,0.535642579478448,0.950248756218905,NA,NA,FALSE,0.530661377480027,200,1709,27,"gender_agreement","by_session_language","session_3_Mini-Norwegian",3,"Mini-Norwegian",NA,FALSE,"exploratory"
782,0.443222365855241,0.501585602241192,0.541824205410305,1,NA,NA,FALSE,0.530661377480027,200,1709,27,"gender_agreement","by_session_language","session_3_Mini-Norwegian",3,"Mini-Norwegian",NA,FALSE,"exploratory"
786,0.464629058890013,0.501547426203316,0.539831712916503,0.965174129353234,NA,NA,FALSE,0.530661377480027,200,1709,27,"gender_agreement","by_session_language","session_3_Mini-Norwegian",3,"Mini-Norwegian",NA,FALSE,"exploratory"
790,0.501483739382616,0.502293626931707,0.537501755690202,0.517412935323383,NA,NA,FALSE,0.530661377480027,200,1709,27,"gender_agreement","by_session_language","session_3_Mini-Norwegian",3,"Mini-Norwegian",NA,FALSE,"exploratory"
794,0.500679213641028,0.501529313186671,0.537532564568679,0.54228855721393,NA,NA,FALSE,0.530661377480027,200,1709,27,"gender_agreement","by_session_language","session_3_Mini-Norwegian",3,"Mini-Norwegian",NA,FALSE,"exploratory"
798,0.4908030104918,0.501038126870772,0.538750213143771,0.691542288557214,NA,NA,FALSE,0.530661377480027,200,1709,27,"gender_agreement","by_session_language","session_3_Mini-Norwegian",3,"Mini-Norwegian",NA,FALSE,"exploratory"
802,0.484009528759981,0.50046025783104,0.535676261032036,0.850746268656716,NA,NA,FALSE,0.530661377480027,200,1709,27,"gender_agreement","by_session_language","session_3_Mini-Norwegian",3,"Mini-Norwegian",NA,FALSE,"exploratory"
806,0.479329307503971,0.500642519902641,0.539978030347975,0.900497512437811,NA,NA,FALSE,0.530661377480027,200,1709,27,"gender_agreement","by_session_language","session_3_Mini-Norwegian",3,"Mini-Norwegian",NA,FALSE,"exploratory"
810,0.485615565417636,0.500155392217497,0.536476213901705,0.766169154228856,NA,NA,FALSE,0.530661377480027,200,1709,27,"gender_agreement","by_session_language","session_3_Mini-Norwegian",3,"Mini-Norwegian",NA,FALSE,"exploratory"
814,0.477673956028694,0.500708930611791,0.537612505402389,0.860696517412935,NA,NA,FALSE,0.530661377480027,200,1709,27,"gender_agreement","by_session_language","session_3_Mini-Norwegian",3,"Mini-Norwegian",NA,FALSE,"exploratory"
818,0.480081550130032,0.501027188502245,0.542131140210836,0.850746268656716,NA,NA,FALSE,0.530661377480027,200,1709,27,"gender_agreement","by_session_language","session_3_Mini-Norwegian",3,"Mini-Norwegian",NA,FALSE,"exploratory"
822,0.492137016607173,0.501931327703384,0.539455118832992,0.701492537313433,NA,NA,FALSE,0.530661377480027,200,1709,27,"gender_agreement","by_session_language","session_3_Mini-Norwegian",3,"Mini-Norwegian",NA,FALSE,"exploratory"
826,0.50280898519878,0.502035529956392,0.539920406779772,0.517412935323383,NA,NA,FALSE,0.530661377480027,200,1709,27,"gender_agreement","by_session_language","session_3_Mini-Norwegian",3,"Mini-Norwegian",NA,FALSE,"exploratory"
830,0.494995106112795,0.502271125814635,0.535486000535733,0.666666666666667,NA,NA,FALSE,0.530661377480027,200,1709,27,"gender_agreement","by_session_language","session_3_Mini-Norwegian",3,"Mini-Norwegian",NA,FALSE,"exploratory"
834,0.477130086504398,0.501438666372696,0.5314087618923,0.870646766169154,NA,NA,FALSE,0.530661377480027,200,1709,27,"gender_agreement","by_session_language","session_3_Mini-Norwegian",3,"Mini-Norwegian",NA,FALSE,"exploratory"
838,0.467523082781932,0.499426723855842,0.532222330400166,0.940298507462687,NA,NA,FALSE,0.530661377480027,200,1709,27,"gender_agreement","by_session_language","session_3_Mini-Norwegian",3,"Mini-Norwegian",NA,FALSE,"exploratory"
842,0.487818774494561,0.499183280702352,0.532835450373394,0.716417910447761,NA,NA,FALSE,0.530661377480027,200,1709,27,"gender_agreement","by_session_language","session_3_Mini-Norwegian",3,"Mini-Norwegian",NA,FALSE,"exploratory"
846,0.49772395279145,0.499515047726156,0.54080825809907,0.577114427860697,NA,NA,FALSE,0.530661377480027,200,1709,27,"gender_agreement","by_session_language","session_3_Mini-Norwegian",3,"Mini-Norwegian",NA,FALSE,"exploratory"
850,0.509301576879994,0.498537211029846,0.5354356357719,0.298507462686567,NA,NA,FALSE,0.530661377480027,200,1709,27,"gender_agreement","by_session_language","session_3_Mini-Norwegian",3,"Mini-Norwegian",NA,FALSE,"exploratory"
854,0.514095274106875,0.498794699263434,0.531487455283218,0.208955223880597,NA,NA,FALSE,0.530661377480027,200,1709,27,"gender_agreement","by_session_language","session_3_Mini-Norwegian",3,"Mini-Norwegian",NA,FALSE,"exploratory"
858,0.511052431854912,0.499048267248756,0.534705155122138,0.258706467661692,NA,NA,FALSE,0.530661377480027,200,1709,27,"gender_agreement","by_session_language","session_3_Mini-Norwegian",3,"Mini-Norwegian",NA,FALSE,"exploratory"
862,0.508527805911726,0.500291712354927,0.531374339316521,0.368159203980099,NA,NA,FALSE,0.530661377480027,200,1709,27,"gender_agreement","by_session_language","session_3_Mini-Norwegian",3,"Mini-Norwegian",NA,FALSE,"exploratory"
866,0.50444106264153,0.500712763832806,0.533826550589677,0.412935323383085,NA,NA,FALSE,0.530661377480027,200,1709,27,"gender_agreement","by_session_language","session_3_Mini-Norwegian",3,"Mini-Norwegian",NA,FALSE,"exploratory"
870,0.502936994462708,0.500949916890649,0.535763318021246,0.467661691542289,NA,NA,FALSE,0.530661377480027,200,1709,27,"gender_agreement","by_session_language","session_3_Mini-Norwegian",3,"Mini-Norwegian",NA,FALSE,"exploratory"
874,0.509601940140577,0.500960054009401,0.541769601028447,0.318407960199005,NA,NA,FALSE,0.530661377480027,200,1709,27,"gender_agreement","by_session_language","session_3_Mini-Norwegian",3,"Mini-Norwegian",NA,FALSE,"exploratory"
878,0.501865463332912,0.501304240451835,0.54050995565715,0.492537313432836,NA,NA,FALSE,0.530661377480027,200,1709,27,"gender_agreement","by_session_language","session_3_Mini-Norwegian",3,"Mini-Norwegian",NA,FALSE,"exploratory"
882,0.495805277289724,0.501302385177775,0.538371419822898,0.597014925373134,NA,NA,FALSE,0.530661377480027,200,1709,27,"gender_agreement","by_session_language","session_3_Mini-Norwegian",3,"Mini-Norwegian",NA,FALSE,"exploratory"
886,0.477696197133938,0.501441969126463,0.536156536222089,0.895522388059702,NA,NA,FALSE,0.530661377480027,200,1709,27,"gender_agreement","by_session_language","session_3_Mini-Norwegian",3,"Mini-Norwegian",NA,FALSE,"exploratory"
890,0.477799683187754,0.500921512209716,0.534471076645236,0.870646766169154,NA,NA,FALSE,0.530661377480027,200,1709,27,"gender_agreement","by_session_language","session_3_Mini-Norwegian",3,"Mini-Norwegian",NA,FALSE,"exploratory"
894,0.495119330825352,0.501675308440328,0.536147028567102,0.626865671641791,NA,NA,FALSE,0.530661377480027,200,1709,27,"gender_agreement","by_session_language","session_3_Mini-Norwegian",3,"Mini-Norwegian",NA,FALSE,"exploratory"
898,0.486175825229205,0.501613552089797,0.543596824262418,0.800995024875622,NA,NA,FALSE,0.530661377480027,200,1709,27,"gender_agreement","by_session_language","session_3_Mini-Norwegian",3,"Mini-Norwegian",NA,FALSE,"exploratory"
902,0.479112503191409,0.502374085731847,0.537264695385622,0.885572139303483,NA,NA,FALSE,0.530661377480027,200,1709,27,"gender_agreement","by_session_language","session_3_Mini-Norwegian",3,"Mini-Norwegian",NA,FALSE,"exploratory"
906,0.479188310442418,0.500983191706376,0.539250764753629,0.895522388059702,NA,NA,FALSE,0.530661377480027,200,1709,27,"gender_agreement","by_session_language","session_3_Mini-Norwegian",3,"Mini-Norwegian",NA,FALSE,"exploratory"
910,0.466104508946506,0.500404704847972,0.539277808086745,0.955223880597015,NA,NA,FALSE,0.530661377480027,200,1709,27,"gender_agreement","by_session_language","session_3_Mini-Norwegian",3,"Mini-Norwegian",NA,FALSE,"exploratory"
914,0.452901183587957,0.500867660368444,0.536210930927508,0.985074626865672,NA,NA,FALSE,0.530661377480027,200,1709,27,"gender_agreement","by_session_language","session_3_Mini-Norwegian",3,"Mini-Norwegian",NA,FALSE,"exploratory"
918,0.449512897209716,0.500600801028452,0.537819122693681,0.990049751243781,NA,NA,FALSE,0.530661377480027,200,1709,27,"gender_agreement","by_session_language","session_3_Mini-Norwegian",3,"Mini-Norwegian",NA,FALSE,"exploratory"
922,0.473044410801798,0.50035261546567,0.538654023670402,0.935323383084577,NA,NA,FALSE,0.530661377480027,200,1709,27,"gender_agreement","by_session_language","session_3_Mini-Norwegian",3,"Mini-Norwegian",NA,FALSE,"exploratory"
926,0.475023952937883,0.499534816221976,0.535672613996265,0.90547263681592,NA,NA,FALSE,0.530661377480027,200,1709,27,"gender_agreement","by_session_language","session_3_Mini-Norwegian",3,"Mini-Norwegian",NA,FALSE,"exploratory"
930,0.475031031089181,0.498979491748077,0.535501720747551,0.90547263681592,NA,NA,FALSE,0.530661377480027,200,1709,27,"gender_agreement","by_session_language","session_3_Mini-Norwegian",3,"Mini-Norwegian",NA,FALSE,"exploratory"
934,0.488479622463455,0.499505668630194,0.529888038418135,0.706467661691542,NA,NA,FALSE,0.530661377480027,200,1709,27,"gender_agreement","by_session_language","session_3_Mini-Norwegian",3,"Mini-Norwegian",NA,FALSE,"exploratory"
938,0.492587623439657,0.50050138557064,0.529414100896619,0.676616915422886,NA,NA,FALSE,0.530661377480027,200,1709,27,"gender_agreement","by_session_language","session_3_Mini-Norwegian",3,"Mini-Norwegian",NA,FALSE,"exploratory"
942,0.490449966577816,0.500817591345436,0.530778328225027,0.736318407960199,NA,NA,FALSE,0.530661377480027,200,1709,27,"gender_agreement","by_session_language","session_3_Mini-Norwegian",3,"Mini-Norwegian",NA,FALSE,"exploratory"
946,0.500278016036997,0.501621047084368,0.535341475873323,0.517412935323383,NA,NA,FALSE,0.530661377480027,200,1709,27,"gender_agreement","by_session_language","session_3_Mini-Norwegian",3,"Mini-Norwegian",NA,FALSE,"exploratory"
950,0.503023850134743,0.502275932331397,0.535983408701477,0.492537313432836,NA,NA,FALSE,0.530661377480027,200,1709,27,"gender_agreement","by_session_language","session_3_Mini-Norwegian",3,"Mini-Norwegian",NA,FALSE,"exploratory"
954,0.494802303760962,0.50230798609632,0.540135754167954,0.646766169154229,NA,NA,FALSE,0.530661377480027,200,1709,27,"gender_agreement","by_session_language","session_3_Mini-Norwegian",3,"Mini-Norwegian",NA,FALSE,"exploratory"
958,0.479911915748703,0.502723821401306,0.535667554801716,0.855721393034826,NA,NA,FALSE,0.530661377480027,200,1709,27,"gender_agreement","by_session_language","session_3_Mini-Norwegian",3,"Mini-Norwegian",NA,FALSE,"exploratory"
962,0.500438125962097,0.502591167028188,0.535185336092363,0.562189054726368,NA,NA,FALSE,0.530661377480027,200,1709,27,"gender_agreement","by_session_language","session_3_Mini-Norwegian",3,"Mini-Norwegian",NA,FALSE,"exploratory"
966,0.507009231715731,0.501908211249294,0.540856819916891,0.427860696517413,NA,NA,FALSE,0.530661377480027,200,1709,27,"gender_agreement","by_session_language","session_3_Mini-Norwegian",3,"Mini-Norwegian",NA,FALSE,"exploratory"
970,0.519133336027037,0.501871954046521,0.534472738865795,0.18407960199005,NA,NA,FALSE,0.530661377480027,200,1709,27,"gender_agreement","by_session_language","session_3_Mini-Norwegian",3,"Mini-Norwegian",NA,FALSE,"exploratory"
974,0.517332682242067,0.501000975890367,0.533153908854176,0.218905472636816,NA,NA,FALSE,0.530661377480027,200,1709,27,"gender_agreement","by_session_language","session_3_Mini-Norwegian",3,"Mini-Norwegian",NA,FALSE,"exploratory"
978,0.504258448819878,0.500738858682941,0.531196526075696,0.477611940298507,NA,NA,FALSE,0.530661377480027,200,1709,27,"gender_agreement","by_session_language","session_3_Mini-Norwegian",3,"Mini-Norwegian",NA,FALSE,"exploratory"
982,0.501154291423591,0.499826157400176,0.531202738667321,0.497512437810945,NA,NA,FALSE,0.530661377480027,200,1709,27,"gender_agreement","by_session_language","session_3_Mini-Norwegian",3,"Mini-Norwegian",NA,FALSE,"exploratory"
986,0.488196999121347,0.499339724097365,0.529208036948942,0.741293532338308,NA,NA,FALSE,0.530661377480027,200,1709,27,"gender_agreement","by_session_language","session_3_Mini-Norwegian",3,"Mini-Norwegian",NA,FALSE,"exploratory"
990,0.468228464387784,0.499849036325265,0.533987844043945,0.940298507462687,NA,NA,FALSE,0.530661377480027,200,1709,27,"gender_agreement","by_session_language","session_3_Mini-Norwegian",3,"Mini-Norwegian",NA,FALSE,"exploratory"
994,0.474791489275881,0.499505891589841,0.534553729617346,0.900497512437811,NA,NA,FALSE,0.530661377480027,200,1709,27,"gender_agreement","by_session_language","session_3_Mini-Norwegian",3,"Mini-Norwegian",NA,FALSE,"exploratory"
998,0.47114781137198,0.500178034697464,0.53428932604482,0.920398009950249,NA,NA,FALSE,0.530661377480027,200,1709,27,"gender_agreement","by_session_language","session_3_Mini-Norwegian",3,"Mini-Norwegian",NA,FALSE,"exploratory"
1002,0.458850837514774,0.500481440215962,0.532855707680496,0.975124378109453,NA,NA,FALSE,0.530661377480027,200,1709,27,"gender_agreement","by_session_language","session_3_Mini-Norwegian",3,"Mini-Norwegian",NA,FALSE,"exploratory"
1006,0.462957435939494,0.501197155248485,0.53701527894312,0.960199004975124,NA,NA,FALSE,0.530661377480027,200,1709,27,"gender_agreement","by_session_language","session_3_Mini-Norwegian",3,"Mini-Norwegian",NA,FALSE,"exploratory"
1010,0.452882885252421,0.50130789386218,0.539998908761475,1,NA,NA,FALSE,0.530661377480027,200,1709,27,"gender_agreement","by_session_language","session_3_Mini-Norwegian",3,"Mini-Norwegian",NA,FALSE,"exploratory"
1014,0.45991374164911,0.50121483833084,0.536958759485313,0.980099502487562,NA,NA,FALSE,0.530661377480027,200,1709,27,"gender_agreement","by_session_language","session_3_Mini-Norwegian",3,"Mini-Norwegian",NA,FALSE,"exploratory"
1018,0.485672249393246,0.501704490287477,0.532034624687701,0.81592039800995,NA,NA,FALSE,0.530661377480027,200,1709,27,"gender_agreement","by_session_language","session_3_Mini-Norwegian",3,"Mini-Norwegian",NA,FALSE,"exploratory"
1022,0.491115739404923,0.501703328898874,0.538476144824076,0.736318407960199,NA,NA,FALSE,0.530661377480027,200,1709,27,"gender_agreement","by_session_language","session_3_Mini-Norwegian",3,"Mini-Norwegian",NA,FALSE,"exploratory"
1026,0.469719964228938,0.50018838631082,0.530347520101819,0.935323383084577,NA,NA,FALSE,0.530661377480027,200,1709,27,"gender_agreement","by_session_language","session_3_Mini-Norwegian",3,"Mini-Norwegian",NA,FALSE,"exploratory"
1030,0.454118534079927,0.499309749328756,0.532824460397594,0.990049751243781,NA,NA,FALSE,0.530661377480027,200,1709,27,"gender_agreement","by_session_language","session_3_Mini-Norwegian",3,"Mini-Norwegian",NA,FALSE,"exploratory"
1034,0.448186424617478,0.498225450652828,0.535213325121936,1,NA,NA,FALSE,0.530661377480027,200,1709,27,"gender_agreement","by_session_language","session_3_Mini-Norwegian",3,"Mini-Norwegian",NA,FALSE,"exploratory"
1038,0.446007649901322,0.498785577530767,0.533944553245594,1,NA,NA,FALSE,0.530661377480027,200,1709,27,"gender_agreement","by_session_language","session_3_Mini-Norwegian",3,"Mini-Norwegian",NA,FALSE,"exploratory"
1042,0.444206402903605,0.499076461479831,0.536203759843726,1,NA,NA,FALSE,0.530661377480027,200,1709,27,"gender_agreement","by_session_language","session_3_Mini-Norwegian",3,"Mini-Norwegian",NA,FALSE,"exploratory"
1046,0.46227841205446,0.499298601402863,0.536529446278422,0.970149253731343,NA,NA,FALSE,0.530661377480027,200,1709,27,"gender_agreement","by_session_language","session_3_Mini-Norwegian",3,"Mini-Norwegian",NA,FALSE,"exploratory"
1050,0.467173439799395,0.499788550339615,0.538522503006617,0.965174129353234,NA,NA,FALSE,0.530661377480027,200,1709,27,"gender_agreement","by_session_language","session_3_Mini-Norwegian",3,"Mini-Norwegian",NA,FALSE,"exploratory"
1054,0.488181010168327,0.499868755277106,0.531301462945888,0.711442786069652,NA,NA,FALSE,0.530661377480027,200,1709,27,"gender_agreement","by_session_language","session_3_Mini-Norwegian",3,"Mini-Norwegian",NA,FALSE,"exploratory"
1058,0.491701503731389,0.49928323463026,0.530806204431387,0.626865671641791,NA,NA,FALSE,0.530661377480027,200,1709,27,"gender_agreement","by_session_language","session_3_Mini-Norwegian",3,"Mini-Norwegian",NA,FALSE,"exploratory"
1062,0.516591338926142,0.499466418911501,0.531191996074929,0.169154228855721,NA,NA,FALSE,0.530661377480027,200,1709,27,"gender_agreement","by_session_language","session_3_Mini-Norwegian",3,"Mini-Norwegian",NA,FALSE,"exploratory"
1066,0.520096153747011,0.500689009113535,0.528538259209725,0.114427860696517,NA,NA,FALSE,0.530661377480027,200,1709,27,"gender_agreement","by_session_language","session_3_Mini-Norwegian",3,"Mini-Norwegian",NA,FALSE,"exploratory"
1070,0.504120334962049,0.501392533454221,0.53277087984768,0.432835820895522,NA,NA,FALSE,0.530661377480027,200,1709,27,"gender_agreement","by_session_language","session_3_Mini-Norwegian",3,"Mini-Norwegian",NA,FALSE,"exploratory"
1074,0.497682641799464,0.502433295669327,0.532852932436816,0.651741293532338,NA,NA,FALSE,0.530661377480027,200,1709,27,"gender_agreement","by_session_language","session_3_Mini-Norwegian",3,"Mini-Norwegian",NA,FALSE,"exploratory"
1078,0.487074189254901,0.502170986477638,0.533631778070304,0.805970149253731,NA,NA,FALSE,0.530661377480027,200,1709,27,"gender_agreement","by_session_language","session_3_Mini-Norwegian",3,"Mini-Norwegian",NA,FALSE,"exploratory"
1082,0.483130469823194,0.501302871970818,0.531786680486827,0.850746268656716,NA,NA,FALSE,0.530661377480027,200,1709,27,"gender_agreement","by_session_language","session_3_Mini-Norwegian",3,"Mini-Norwegian",NA,FALSE,"exploratory"
1086,0.471258925431542,0.49979095607981,0.533678976767939,0.930348258706468,NA,NA,FALSE,0.530661377480027,200,1709,27,"gender_agreement","by_session_language","session_3_Mini-Norwegian",3,"Mini-Norwegian",NA,FALSE,"exploratory"
1090,0.486813509345403,0.499780715799243,0.529369451802396,0.796019900497512,NA,NA,FALSE,0.530661377480027,200,1709,27,"gender_agreement","by_session_language","session_3_Mini-Norwegian",3,"Mini-Norwegian",NA,FALSE,"exploratory"
1094,0.472453725620675,0.499026433244169,0.529977656659117,0.930348258706468,NA,NA,FALSE,0.530661377480027,200,1709,27,"gender_agreement","by_session_language","session_3_Mini-Norwegian",3,"Mini-Norwegian",NA,FALSE,"exploratory"
1098,0.466167445774421,0.499547032711523,0.533246689145104,0.965174129353234,NA,NA,FALSE,0.530661377480027,200,1709,27,"gender_agreement","by_session_language","session_3_Mini-Norwegian",3,"Mini-Norwegian",NA,FALSE,"exploratory"
-98,0.508670004912161,0.502392392282056,0.535867691071876,0.36318407960199,NA,NA,FALSE,0.531764081812029,200,1650,27,"gender_agreement","by_session_language","session_4_Mini-English",4,"Mini-English",NA,FALSE,"exploratory"
-94,0.483065198473626,0.501639881731107,0.536308848858289,0.845771144278607,NA,NA,FALSE,0.531764081812029,200,1650,27,"gender_agreement","by_session_language","session_4_Mini-English",4,"Mini-English",NA,FALSE,"exploratory"
-90,0.464533077495124,0.500381389702349,0.539461531458348,0.965174129353234,NA,NA,FALSE,0.531764081812029,200,1650,27,"gender_agreement","by_session_language","session_4_Mini-English",4,"Mini-English",NA,FALSE,"exploratory"
-86,0.497158377072727,0.500056513628863,0.539176173481195,0.572139303482587,NA,NA,FALSE,0.531764081812029,200,1650,27,"gender_agreement","by_session_language","session_4_Mini-English",4,"Mini-English",NA,FALSE,"exploratory"
-82,0.519268783807632,0.499487992022389,0.540015766346278,0.169154228855721,NA,NA,FALSE,0.531764081812029,200,1650,27,"gender_agreement","by_session_language","session_4_Mini-English",4,"Mini-English",NA,FALSE,"exploratory"
-78,0.513404131628678,0.499282037553487,0.533580401702073,0.248756218905473,NA,NA,FALSE,0.531764081812029,200,1650,27,"gender_agreement","by_session_language","session_4_Mini-English",4,"Mini-English",NA,FALSE,"exploratory"
-74,0.506093405060569,0.499004124399,0.539670154849763,0.388059701492537,NA,NA,FALSE,0.531764081812029,200,1650,27,"gender_agreement","by_session_language","session_4_Mini-English",4,"Mini-English",NA,FALSE,"exploratory"
-70,0.504536490116455,0.500480035235968,0.543142056748066,0.398009950248756,NA,NA,FALSE,0.531764081812029,200,1650,27,"gender_agreement","by_session_language","session_4_Mini-English",4,"Mini-English",NA,FALSE,"exploratory"
-66,0.50594632068039,0.500416143789993,0.542279785442033,0.398009950248756,NA,NA,FALSE,0.531764081812029,200,1650,27,"gender_agreement","by_session_language","session_4_Mini-English",4,"Mini-English",NA,FALSE,"exploratory"
-62,0.522161219911607,0.501538602316116,0.537915248813023,0.154228855721393,NA,NA,FALSE,0.531764081812029,200,1650,27,"gender_agreement","by_session_language","session_4_Mini-English",4,"Mini-English",NA,FALSE,"exploratory"
-58,0.519893169868281,0.501164996777361,0.538500684123027,0.164179104477612,NA,NA,FALSE,0.531764081812029,200,1650,27,"gender_agreement","by_session_language","session_4_Mini-English",4,"Mini-English",NA,FALSE,"exploratory"
-54,0.490341739992828,0.501235524581316,0.536248859373204,0.73134328358209,NA,NA,FALSE,0.531764081812029,200,1650,27,"gender_agreement","by_session_language","session_4_Mini-English",4,"Mini-English",NA,FALSE,"exploratory"
-50,0.484344014820087,0.499329670495777,0.542196314492695,0.741293532338308,NA,NA,FALSE,0.531764081812029,200,1650,27,"gender_agreement","by_session_language","session_4_Mini-English",4,"Mini-English",NA,FALSE,"exploratory"
-46,0.467200362060605,0.499033465874556,0.537697951989585,0.955223880597015,NA,NA,FALSE,0.531764081812029,200,1650,27,"gender_agreement","by_session_language","session_4_Mini-English",4,"Mini-English",NA,FALSE,"exploratory"
-42,0.465834672858081,0.500892475855991,0.534369395997548,0.970149253731343,NA,NA,FALSE,0.531764081812029,200,1650,27,"gender_agreement","by_session_language","session_4_Mini-English",4,"Mini-English",NA,FALSE,"exploratory"
-38,0.471050944428991,0.502179538915307,0.533168258161849,0.970149253731343,NA,NA,FALSE,0.531764081812029,200,1650,27,"gender_agreement","by_session_language","session_4_Mini-English",4,"Mini-English",NA,FALSE,"exploratory"
-34,0.480651621014619,0.503368066827667,0.537271968468807,0.870646766169154,NA,NA,FALSE,0.531764081812029,200,1650,27,"gender_agreement","by_session_language","session_4_Mini-English",4,"Mini-English",NA,FALSE,"exploratory"
-30,0.497278329763038,0.501920471631921,0.537952916842367,0.577114427860697,NA,NA,FALSE,0.531764081812029,200,1650,27,"gender_agreement","by_session_language","session_4_Mini-English",4,"Mini-English",NA,FALSE,"exploratory"
-26,0.518711385931789,0.50078182824579,0.542362045216822,0.233830845771144,NA,NA,FALSE,0.531764081812029,200,1650,27,"gender_agreement","by_session_language","session_4_Mini-English",4,"Mini-English",NA,FALSE,"exploratory"
-22,0.521770163738268,0.500320268861696,0.540539866005907,0.149253731343284,NA,NA,FALSE,0.531764081812029,200,1650,27,"gender_agreement","by_session_language","session_4_Mini-English",4,"Mini-English",NA,FALSE,"exploratory"
-18,0.506790336558658,0.500755529184421,0.538599691997927,0.417910447761194,NA,NA,FALSE,0.531764081812029,200,1650,27,"gender_agreement","by_session_language","session_4_Mini-English",4,"Mini-English",NA,FALSE,"exploratory"
-14,0.505012289255328,0.500460166421005,0.532134024926231,0.442786069651741,NA,NA,FALSE,0.531764081812029,200,1650,27,"gender_agreement","by_session_language","session_4_Mini-English",4,"Mini-English",NA,FALSE,"exploratory"
-10,0.503846248991499,0.501982568285893,0.539977100529662,0.432835820895522,NA,NA,FALSE,0.531764081812029,200,1650,27,"gender_agreement","by_session_language","session_4_Mini-English",4,"Mini-English",NA,FALSE,"exploratory"
-6,0.529815765832959,0.502669502114551,0.539474389205691,0.0696517412935323,NA,NA,FALSE,0.531764081812029,200,1650,27,"gender_agreement","by_session_language","session_4_Mini-English",4,"Mini-English",NA,FALSE,"exploratory"
-2,0.539962876816858,0.501681024093264,0.535839045960858,0.0149253731343284,1,0.865671641791045,FALSE,0.531764081812029,200,1650,27,"gender_agreement","by_session_language","session_4_Mini-English",4,"Mini-English",NA,FALSE,"exploratory"
2,0.515930494460961,0.498427347229047,0.533658774038509,0.203980099502488,NA,NA,FALSE,0.531764081812029,200,1650,27,"gender_agreement","by_session_language","session_4_Mini-English",4,"Mini-English",NA,FALSE,"exploratory"
6,0.493631062186188,0.498178584811799,0.535077123568746,0.577114427860697,NA,NA,FALSE,0.531764081812029,200,1650,27,"gender_agreement","by_session_language","session_4_Mini-English",4,"Mini-English",NA,FALSE,"exploratory"
10,0.498252591940112,0.498879133474739,0.54230988905122,0.512437810945274,NA,NA,FALSE,0.531764081812029,200,1650,27,"gender_agreement","by_session_language","session_4_Mini-English",4,"Mini-English",NA,FALSE,"exploratory"
14,0.505254042136803,0.499396171538843,0.540066076544527,0.36318407960199,NA,NA,FALSE,0.531764081812029,200,1650,27,"gender_agreement","by_session_language","session_4_Mini-English",4,"Mini-English",NA,FALSE,"exploratory"
18,0.5194924380475,0.498293406669611,0.535266679994807,0.139303482587065,NA,NA,FALSE,0.531764081812029,200,1650,27,"gender_agreement","by_session_language","session_4_Mini-English",4,"Mini-English",NA,FALSE,"exploratory"
22,0.519032356073491,0.498622477354715,0.535458920480918,0.139303482587065,NA,NA,FALSE,0.531764081812029,200,1650,27,"gender_agreement","by_session_language","session_4_Mini-English",4,"Mini-English",NA,FALSE,"exploratory"
26,0.533998109771615,0.498306816799267,0.54190469223516,0.0497512437810945,2,0.611940298507463,FALSE,0.531764081812029,200,1650,27,"gender_agreement","by_session_language","session_4_Mini-English",4,"Mini-English",NA,FALSE,"exploratory"
30,0.544839063482452,0.498751738654932,0.535887851058759,0.00995024875621891,2,0.611940298507463,FALSE,0.531764081812029,200,1650,27,"gender_agreement","by_session_language","session_4_Mini-English",4,"Mini-English",NA,FALSE,"exploratory"
34,0.542475796431576,0.498972510950123,0.536643321057777,0.0199004975124378,2,0.611940298507463,FALSE,0.531764081812029,200,1650,27,"gender_agreement","by_session_language","session_4_Mini-English",4,"Mini-English",NA,FALSE,"exploratory"
38,0.523702468483967,0.499305304497882,0.534326302920911,0.124378109452736,NA,NA,FALSE,0.531764081812029,200,1650,27,"gender_agreement","by_session_language","session_4_Mini-English",4,"Mini-English",NA,FALSE,"exploratory"
42,0.491477683610575,0.499678327219014,0.531674497832384,0.681592039800995,NA,NA,FALSE,0.531764081812029,200,1650,27,"gender_agreement","by_session_language","session_4_Mini-English",4,"Mini-English",NA,FALSE,"exploratory"
46,0.48667650446891,0.500193290912652,0.535560289667598,0.766169154228856,NA,NA,FALSE,0.531764081812029,200,1650,27,"gender_agreement","by_session_language","session_4_Mini-English",4,"Mini-English",NA,FALSE,"exploratory"
50,0.496656468476069,0.499758019565303,0.540827291666451,0.572139303482587,NA,NA,FALSE,0.531764081812029,200,1650,27,"gender_agreement","by_session_language","session_4_Mini-English",4,"Mini-English",NA,FALSE,"exploratory"
54,0.495933220444919,0.500037580172366,0.53717021952413,0.577114427860697,NA,NA,FALSE,0.531764081812029,200,1650,27,"gender_agreement","by_session_language","session_4_Mini-English",4,"Mini-English",NA,FALSE,"exploratory"
58,0.510827851866613,0.500432349260939,0.538255929001319,0.298507462686567,NA,NA,FALSE,0.531764081812029,200,1650,27,"gender_agreement","by_session_language","session_4_Mini-English",4,"Mini-English",NA,FALSE,"exploratory"
62,0.51788130307076,0.49971850319251,0.536138731488514,0.18407960199005,NA,NA,FALSE,0.531764081812029,200,1650,27,"gender_agreement","by_session_language","session_4_Mini-English",4,"Mini-English",NA,FALSE,"exploratory"
66,0.517271406114289,0.500788096479926,0.540112666714676,0.203980099502488,NA,NA,FALSE,0.531764081812029,200,1650,27,"gender_agreement","by_session_language","session_4_Mini-English",4,"Mini-English",NA,FALSE,"exploratory"
70,0.503566965527412,0.501619266052956,0.540169448302815,0.477611940298507,NA,NA,FALSE,0.531764081812029,200,1650,27,"gender_agreement","by_session_language","session_4_Mini-English",4,"Mini-English",NA,FALSE,"exploratory"
74,0.51604256285298,0.50224736307416,0.535585866769058,0.243781094527363,NA,NA,FALSE,0.531764081812029,200,1650,27,"gender_agreement","by_session_language","session_4_Mini-English",4,"Mini-English",NA,FALSE,"exploratory"
78,0.515672074840213,0.502710918256995,0.541549265712664,0.263681592039801,NA,NA,FALSE,0.531764081812029,200,1650,27,"gender_agreement","by_session_language","session_4_Mini-English",4,"Mini-English",NA,FALSE,"exploratory"
82,0.522202089392331,0.503815892205682,0.537198398135067,0.164179104477612,NA,NA,FALSE,0.531764081812029,200,1650,27,"gender_agreement","by_session_language","session_4_Mini-English",4,"Mini-English",NA,FALSE,"exploratory"
86,0.511731018980493,0.503956196549823,0.53556654275993,0.333333333333333,NA,NA,FALSE,0.531764081812029,200,1650,27,"gender_agreement","by_session_language","session_4_Mini-English",4,"Mini-English",NA,FALSE,"exploratory"
90,0.515831563323257,0.50155429097211,0.538030397590217,0.208955223880597,NA,NA,FALSE,0.531764081812029,200,1650,27,"gender_agreement","by_session_language","session_4_Mini-English",4,"Mini-English",NA,FALSE,"exploratory"
94,0.528027115191047,0.501266520726351,0.537965805662396,0.104477611940299,NA,NA,FALSE,0.531764081812029,200,1650,27,"gender_agreement","by_session_language","session_4_Mini-English",4,"Mini-English",NA,FALSE,"exploratory"
98,0.536022189422481,0.500655070450104,0.540850625088272,0.0597014925373134,3,0.890547263681592,FALSE,0.531764081812029,200,1650,27,"gender_agreement","by_session_language","session_4_Mini-English",4,"Mini-English",NA,FALSE,"exploratory"
102,0.53367822908573,0.500256090000769,0.540813736562928,0.0646766169154229,3,0.890547263681592,FALSE,0.531764081812029,200,1650,27,"gender_agreement","by_session_language","session_4_Mini-English",4,"Mini-English",NA,FALSE,"exploratory"
106,0.519434030664423,0.500839193788886,0.542672004645447,0.218905472636816,NA,NA,FALSE,0.531764081812029,200,1650,27,"gender_agreement","by_session_language","session_4_Mini-English",4,"Mini-English",NA,FALSE,"exploratory"
110,0.504964230467873,0.500613178278672,0.538261792861967,0.432835820895522,NA,NA,FALSE,0.531764081812029,200,1650,27,"gender_agreement","by_session_language","session_4_Mini-English",4,"Mini-English",NA,FALSE,"exploratory"
114,0.503069400827119,0.498821712316233,0.538048454767807,0.388059701492537,NA,NA,FALSE,0.531764081812029,200,1650,27,"gender_agreement","by_session_language","session_4_Mini-English",4,"Mini-English",NA,FALSE,"exploratory"
118,0.493600159374285,0.49915935716523,0.535121318025522,0.587064676616915,NA,NA,FALSE,0.531764081812029,200,1650,27,"gender_agreement","by_session_language","session_4_Mini-English",4,"Mini-English",NA,FALSE,"exploratory"
122,0.503566862539064,0.498783572898591,0.535149407558567,0.417910447761194,NA,NA,FALSE,0.531764081812029,200,1650,27,"gender_agreement","by_session_language","session_4_Mini-English",4,"Mini-English",NA,FALSE,"exploratory"
126,0.496343001537262,0.499902519146053,0.532369143134254,0.582089552238806,NA,NA,FALSE,0.531764081812029,200,1650,27,"gender_agreement","by_session_language","session_4_Mini-English",4,"Mini-English",NA,FALSE,"exploratory"
130,0.510419037342524,0.500286875138195,0.535890853689859,0.328358208955224,NA,NA,FALSE,0.531764081812029,200,1650,27,"gender_agreement","by_session_language","session_4_Mini-English",4,"Mini-English",NA,FALSE,"exploratory"
134,0.512380103246047,0.500690236636799,0.539207177480889,0.308457711442786,NA,NA,FALSE,0.531764081812029,200,1650,27,"gender_agreement","by_session_language","session_4_Mini-English",4,"Mini-English",NA,FALSE,"exploratory"
138,0.500539719727353,0.50145285844927,0.535939326569651,0.54726368159204,NA,NA,FALSE,0.531764081812029,200,1650,27,"gender_agreement","by_session_language","session_4_Mini-English",4,"Mini-English",NA,FALSE,"exploratory"
142,0.506938010108302,0.50225742536655,0.533499808467011,0.462686567164179,NA,NA,FALSE,0.531764081812029,200,1650,27,"gender_agreement","by_session_language","session_4_Mini-English",4,"Mini-English",NA,FALSE,"exploratory"
146,0.50933882117999,0.502575406915397,0.539826996421487,0.378109452736318,NA,NA,FALSE,0.531764081812029,200,1650,27,"gender_agreement","by_session_language","session_4_Mini-English",4,"Mini-English",NA,FALSE,"exploratory"
150,0.50364790276488,0.502526340598554,0.537227170795968,0.502487562189055,NA,NA,FALSE,0.531764081812029,200,1650,27,"gender_agreement","by_session_language","session_4_Mini-English",4,"Mini-English",NA,FALSE,"exploratory"
154,0.485007848229834,0.501040226847277,0.537097689339416,0.810945273631841,NA,NA,FALSE,0.531764081812029,200,1650,27,"gender_agreement","by_session_language","session_4_Mini-English",4,"Mini-English",NA,FALSE,"exploratory"
158,0.487279594893,0.499724544708335,0.542147779903415,0.721393034825871,NA,NA,FALSE,0.531764081812029,200,1650,27,"gender_agreement","by_session_language","session_4_Mini-English",4,"Mini-English",NA,FALSE,"exploratory"
162,0.507872918961992,0.499494601055449,0.537873223048406,0.348258706467662,NA,NA,FALSE,0.531764081812029,200,1650,27,"gender_agreement","by_session_language","session_4_Mini-English",4,"Mini-English",NA,FALSE,"exploratory"
166,0.511715129294843,0.500817299482294,0.534578560924423,0.26865671641791,NA,NA,FALSE,0.531764081812029,200,1650,27,"gender_agreement","by_session_language","session_4_Mini-English",4,"Mini-English",NA,FALSE,"exploratory"
170,0.491647266856585,0.502598335566862,0.534839333450305,0.706467661691542,NA,NA,FALSE,0.531764081812029,200,1650,27,"gender_agreement","by_session_language","session_4_Mini-English",4,"Mini-English",NA,FALSE,"exploratory"
174,0.488456415917209,0.502067273098822,0.536225644291449,0.761194029850746,NA,NA,FALSE,0.531764081812029,200,1650,27,"gender_agreement","by_session_language","session_4_Mini-English",4,"Mini-English",NA,FALSE,"exploratory"
178,0.481110693312411,0.501658578286804,0.539724701648214,0.865671641791045,NA,NA,FALSE,0.531764081812029,200,1650,27,"gender_agreement","by_session_language","session_4_Mini-English",4,"Mini-English",NA,FALSE,"exploratory"
182,0.474635517058828,0.502926349829308,0.538364519005157,0.930348258706468,NA,NA,FALSE,0.531764081812029,200,1650,27,"gender_agreement","by_session_language","session_4_Mini-English",4,"Mini-English",NA,FALSE,"exploratory"
186,0.489984047566192,0.503689033285752,0.537982539146749,0.776119402985075,NA,NA,FALSE,0.531764081812029,200,1650,27,"gender_agreement","by_session_language","session_4_Mini-English",4,"Mini-English",NA,FALSE,"exploratory"
190,0.489459254599092,0.502588142232225,0.541918530950474,0.716417910447761,NA,NA,FALSE,0.531764081812029,200,1650,27,"gender_agreement","by_session_language","session_4_Mini-English",4,"Mini-English",NA,FALSE,"exploratory"
194,0.461489924874932,0.501346178769447,0.538851731580118,0.975124378109453,NA,NA,FALSE,0.531764081812029,200,1650,27,"gender_agreement","by_session_language","session_4_Mini-English",4,"Mini-English",NA,FALSE,"exploratory"
198,0.46684375985565,0.500346839981032,0.536575510351372,0.955223880597015,NA,NA,FALSE,0.531764081812029,200,1650,27,"gender_agreement","by_session_language","session_4_Mini-English",4,"Mini-English",NA,FALSE,"exploratory"
202,0.468506754918515,0.501341786461753,0.539016826456074,0.935323383084577,NA,NA,FALSE,0.531764081812029,200,1650,27,"gender_agreement","by_session_language","session_4_Mini-English",4,"Mini-English",NA,FALSE,"exploratory"
206,0.510105545316002,0.502334264193849,0.538358591462625,0.368159203980099,NA,NA,FALSE,0.531764081812029,200,1650,27,"gender_agreement","by_session_language","session_4_Mini-English",4,"Mini-English",NA,FALSE,"exploratory"
210,0.523303738202579,0.501113476779295,0.53496750535354,0.119402985074627,NA,NA,FALSE,0.531764081812029,200,1650,27,"gender_agreement","by_session_language","session_4_Mini-English",4,"Mini-English",NA,FALSE,"exploratory"
214,0.531583520572307,0.502453411472115,0.535350669698701,0.0497512437810945,NA,NA,FALSE,0.531764081812029,200,1650,27,"gender_agreement","by_session_language","session_4_Mini-English",4,"Mini-English",NA,FALSE,"exploratory"
218,0.502207028633085,0.503105253774783,0.537491158803337,0.54228855721393,NA,NA,FALSE,0.531764081812029,200,1650,27,"gender_agreement","by_session_language","session_4_Mini-English",4,"Mini-English",NA,FALSE,"exploratory"
222,0.496588848570812,0.50421357517821,0.541314232924384,0.63681592039801,NA,NA,FALSE,0.531764081812029,200,1650,27,"gender_agreement","by_session_language","session_4_Mini-English",4,"Mini-English",NA,FALSE,"exploratory"
226,0.522131833399784,0.503943874415559,0.542068306531685,0.228855721393035,NA,NA,FALSE,0.531764081812029,200,1650,27,"gender_agreement","by_session_language","session_4_Mini-English",4,"Mini-English",NA,FALSE,"exploratory"
230,0.530739467485289,0.502305575852635,0.535903265507382,0.0796019900497512,NA,NA,FALSE,0.531764081812029,200,1650,27,"gender_agreement","by_session_language","session_4_Mini-English",4,"Mini-English",NA,FALSE,"exploratory"
234,0.497754062367515,0.499518787654837,0.535330576540122,0.572139303482587,NA,NA,FALSE,0.531764081812029,200,1650,27,"gender_agreement","by_session_language","session_4_Mini-English",4,"Mini-English",NA,FALSE,"exploratory"
238,0.461160285366814,0.497663827904775,0.531777972460788,0.965174129353234,NA,NA,FALSE,0.531764081812029,200,1650,27,"gender_agreement","by_session_language","session_4_Mini-English",4,"Mini-English",NA,FALSE,"exploratory"
242,0.456766958415,0.497770949101008,0.530642043111703,0.985074626865672,NA,NA,FALSE,0.531764081812029,200,1650,27,"gender_agreement","by_session_language","session_4_Mini-English",4,"Mini-English",NA,FALSE,"exploratory"
246,0.452285186947733,0.498066266050437,0.534131773655242,0.985074626865672,NA,NA,FALSE,0.531764081812029,200,1650,27,"gender_agreement","by_session_language","session_4_Mini-English",4,"Mini-English",NA,FALSE,"exploratory"
250,0.437173907646788,0.498626208600699,0.534708229484794,1,NA,NA,FALSE,0.531764081812029,200,1650,27,"gender_agreement","by_session_language","session_4_Mini-English",4,"Mini-English",NA,FALSE,"exploratory"
254,0.414061053880031,0.499264443359662,0.535669055598474,1,NA,NA,FALSE,0.531764081812029,200,1650,27,"gender_agreement","by_session_language","session_4_Mini-English",4,"Mini-English",NA,FALSE,"exploratory"
258,0.443056325274546,0.499215099495818,0.531919719557945,0.995024875621891,NA,NA,FALSE,0.531764081812029,200,1650,27,"gender_agreement","by_session_language","session_4_Mini-English",4,"Mini-English",NA,FALSE,"exploratory"
262,0.462220060462404,0.500187125889662,0.532593972561823,0.965174129353234,NA,NA,FALSE,0.531764081812029,200,1650,27,"gender_agreement","by_session_language","session_4_Mini-English",4,"Mini-English",NA,FALSE,"exploratory"
266,0.466774646317251,0.501370827933471,0.533074437728282,0.950248756218905,NA,NA,FALSE,0.531764081812029,200,1650,27,"gender_agreement","by_session_language","session_4_Mini-English",4,"Mini-English",NA,FALSE,"exploratory"
270,0.487548703251725,0.501168087964691,0.534105195163161,0.761194029850746,NA,NA,FALSE,0.531764081812029,200,1650,27,"gender_agreement","by_session_language","session_4_Mini-English",4,"Mini-English",NA,FALSE,"exploratory"
274,0.473438048615424,0.499990380995718,0.537129673671785,0.915422885572139,NA,NA,FALSE,0.531764081812029,200,1650,27,"gender_agreement","by_session_language","session_4_Mini-English",4,"Mini-English",NA,FALSE,"exploratory"
278,0.481524914021064,0.500706676727052,0.533661204716412,0.805970149253731,NA,NA,FALSE,0.531764081812029,200,1650,27,"gender_agreement","by_session_language","session_4_Mini-English",4,"Mini-English",NA,FALSE,"exploratory"
282,0.478844635073735,0.500358884132831,0.534568838436951,0.860696517412935,NA,NA,FALSE,0.531764081812029,200,1650,27,"gender_agreement","by_session_language","session_4_Mini-English",4,"Mini-English",NA,FALSE,"exploratory"
286,0.469860427508179,0.500752070403243,0.534968792361367,0.955223880597015,NA,NA,FALSE,0.531764081812029,200,1650,27,"gender_agreement","by_session_language","session_4_Mini-English",4,"Mini-English",NA,FALSE,"exploratory"
290,0.473326903022877,0.500099444036959,0.536556006412361,0.885572139303483,NA,NA,FALSE,0.531764081812029,200,1650,27,"gender_agreement","by_session_language","session_4_Mini-English",4,"Mini-English",NA,FALSE,"exploratory"
294,0.484849228716576,0.500293339734639,0.54053787914651,0.771144278606965,NA,NA,FALSE,0.531764081812029,200,1650,27,"gender_agreement","by_session_language","session_4_Mini-English",4,"Mini-English",NA,FALSE,"exploratory"
298,0.48505804551525,0.500231830867814,0.542849589646755,0.776119402985075,NA,NA,FALSE,0.531764081812029,200,1650,27,"gender_agreement","by_session_language","session_4_Mini-English",4,"Mini-English",NA,FALSE,"exploratory"
302,0.499123908134765,0.500645391432497,0.541041771997184,0.527363184079602,NA,NA,FALSE,0.531764081812029,200,1650,27,"gender_agreement","by_session_language","session_4_Mini-English",4,"Mini-English",NA,FALSE,"exploratory"
306,0.486164476928905,0.500246368806408,0.533944828630815,0.776119402985075,NA,NA,FALSE,0.531764081812029,200,1650,27,"gender_agreement","by_session_language","session_4_Mini-English",4,"Mini-English",NA,FALSE,"exploratory"
310,0.487931027431456,0.500103708135587,0.533937214181247,0.746268656716418,NA,NA,FALSE,0.531764081812029,200,1650,27,"gender_agreement","by_session_language","session_4_Mini-English",4,"Mini-English",NA,FALSE,"exploratory"
314,0.487756970761944,0.50009763852765,0.53559725815506,0.721393034825871,NA,NA,FALSE,0.531764081812029,200,1650,27,"gender_agreement","by_session_language","session_4_Mini-English",4,"Mini-English",NA,FALSE,"exploratory"
318,0.489171534153044,0.499076340126872,0.540169071165404,0.676616915422886,NA,NA,FALSE,0.531764081812029,200,1650,27,"gender_agreement","by_session_language","session_4_Mini-English",4,"Mini-English",NA,FALSE,"exploratory"
322,0.480310657920867,0.498269076418116,0.5378235448429,0.796019900497512,NA,NA,FALSE,0.531764081812029,200,1650,27,"gender_agreement","by_session_language","session_4_Mini-English",4,"Mini-English",NA,FALSE,"exploratory"
326,0.468103324645624,0.498536521045633,0.538799587138989,0.880597014925373,NA,NA,FALSE,0.531764081812029,200,1650,27,"gender_agreement","by_session_language","session_4_Mini-English",4,"Mini-English",NA,FALSE,"exploratory"
330,0.482030921674329,0.499240707442039,0.536563000009572,0.771144278606965,NA,NA,FALSE,0.531764081812029,200,1650,27,"gender_agreement","by_session_language","session_4_Mini-English",4,"Mini-English",NA,FALSE,"exploratory"
334,0.493007718958164,0.499223379405567,0.534895016039252,0.651741293532338,NA,NA,FALSE,0.531764081812029,200,1650,27,"gender_agreement","by_session_language","session_4_Mini-English",4,"Mini-English",NA,FALSE,"exploratory"
338,0.485971681685086,0.497823582754289,0.534168174161886,0.711442786069652,NA,NA,FALSE,0.531764081812029,200,1650,27,"gender_agreement","by_session_language","session_4_Mini-English",4,"Mini-English",NA,FALSE,"exploratory"
342,0.478825997298698,0.498572350688678,0.53314261693568,0.835820895522388,NA,NA,FALSE,0.531764081812029,200,1650,27,"gender_agreement","by_session_language","session_4_Mini-English",4,"Mini-English",NA,FALSE,"exploratory"
346,0.484608624081216,0.499607199184942,0.540336644072049,0.776119402985075,NA,NA,FALSE,0.531764081812029,200,1650,27,"gender_agreement","by_session_language","session_4_Mini-English",4,"Mini-English",NA,FALSE,"exploratory"
350,0.481650205987532,0.499624259620473,0.539530026878822,0.82089552238806,NA,NA,FALSE,0.531764081812029,200,1650,27,"gender_agreement","by_session_language","session_4_Mini-English",4,"Mini-English",NA,FALSE,"exploratory"
354,0.464613082728365,0.499698290528176,0.535642845109801,0.940298507462687,NA,NA,FALSE,0.531764081812029,200,1650,27,"gender_agreement","by_session_language","session_4_Mini-English",4,"Mini-English",NA,FALSE,"exploratory"
358,0.472714429498834,0.500208253562989,0.533513703283428,0.925373134328358,NA,NA,FALSE,0.531764081812029,200,1650,27,"gender_agreement","by_session_language","session_4_Mini-English",4,"Mini-English",NA,FALSE,"exploratory"
362,0.474079326631378,0.499029239721213,0.536214386788472,0.895522388059702,NA,NA,FALSE,0.531764081812029,200,1650,27,"gender_agreement","by_session_language","session_4_Mini-English",4,"Mini-English",NA,FALSE,"exploratory"
366,0.476689989296804,0.499347727975954,0.536355214240111,0.885572139303483,NA,NA,FALSE,0.531764081812029,200,1650,27,"gender_agreement","by_session_language","session_4_Mini-English",4,"Mini-English",NA,FALSE,"exploratory"
370,0.48543463578432,0.499713844294079,0.535463327930125,0.761194029850746,NA,NA,FALSE,0.531764081812029,200,1650,27,"gender_agreement","by_session_language","session_4_Mini-English",4,"Mini-English",NA,FALSE,"exploratory"
374,0.488877490147183,0.501007676388444,0.536627276635604,0.72636815920398,NA,NA,FALSE,0.531764081812029,200,1650,27,"gender_agreement","by_session_language","session_4_Mini-English",4,"Mini-English",NA,FALSE,"exploratory"
378,0.493374233708754,0.500490646726056,0.539656583379458,0.63681592039801,NA,NA,FALSE,0.531764081812029,200,1650,27,"gender_agreement","by_session_language","session_4_Mini-English",4,"Mini-English",NA,FALSE,"exploratory"
382,0.491082692313477,0.500130149997603,0.536885593820489,0.671641791044776,NA,NA,FALSE,0.531764081812029,200,1650,27,"gender_agreement","by_session_language","session_4_Mini-English",4,"Mini-English",NA,FALSE,"exploratory"
386,0.485461817466168,0.499904770337466,0.538096076158374,0.781094527363184,NA,NA,FALSE,0.531764081812029,200,1650,27,"gender_agreement","by_session_language","session_4_Mini-English",4,"Mini-English",NA,FALSE,"exploratory"
390,0.467461522658912,0.500247200112459,0.537386580706369,0.935323383084577,NA,NA,FALSE,0.531764081812029,200,1650,27,"gender_agreement","by_session_language","session_4_Mini-English",4,"Mini-English",NA,FALSE,"exploratory"
394,0.467193316504749,0.499874008259713,0.537317684186043,0.940298507462687,NA,NA,FALSE,0.531764081812029,200,1650,27,"gender_agreement","by_session_language","session_4_Mini-English",4,"Mini-English",NA,FALSE,"exploratory"
398,0.460819640396814,0.500536845436821,0.539103101841165,0.970149253731343,NA,NA,FALSE,0.531764081812029,200,1650,27,"gender_agreement","by_session_language","session_4_Mini-English",4,"Mini-English",NA,FALSE,"exploratory"
402,0.470304917226678,0.500678913646072,0.535105653864484,0.935323383084577,NA,NA,FALSE,0.531764081812029,200,1650,27,"gender_agreement","by_session_language","session_4_Mini-English",4,"Mini-English",NA,FALSE,"exploratory"
406,0.474791597899402,0.500908066927224,0.53896028275989,0.915422885572139,NA,NA,FALSE,0.531764081812029,200,1650,27,"gender_agreement","by_session_language","session_4_Mini-English",4,"Mini-English",NA,FALSE,"exploratory"
410,0.46405346036189,0.50070621239655,0.534495101282797,0.980099502487562,NA,NA,FALSE,0.531764081812029,200,1650,27,"gender_agreement","by_session_language","session_4_Mini-English",4,"Mini-English",NA,FALSE,"exploratory"
414,0.443345398526448,0.499698947256721,0.535827528039138,1,NA,NA,FALSE,0.531764081812029,200,1650,27,"gender_agreement","by_session_language","session_4_Mini-English",4,"Mini-English",NA,FALSE,"exploratory"
418,0.459749448059435,0.499194140703281,0.536636714324911,0.945273631840796,NA,NA,FALSE,0.531764081812029,200,1650,27,"gender_agreement","by_session_language","session_4_Mini-English",4,"Mini-English",NA,FALSE,"exploratory"
422,0.482270992527641,0.499195050108808,0.535418415642645,0.81592039800995,NA,NA,FALSE,0.531764081812029,200,1650,27,"gender_agreement","by_session_language","session_4_Mini-English",4,"Mini-English",NA,FALSE,"exploratory"
426,0.493268077080221,0.500240575055847,0.539825538511365,0.651741293532338,NA,NA,FALSE,0.531764081812029,200,1650,27,"gender_agreement","by_session_language","session_4_Mini-English",4,"Mini-English",NA,FALSE,"exploratory"
430,0.496022614678341,0.501646806912134,0.535057065719591,0.641791044776119,NA,NA,FALSE,0.531764081812029,200,1650,27,"gender_agreement","by_session_language","session_4_Mini-English",4,"Mini-English",NA,FALSE,"exploratory"
434,0.497007181724615,0.502057654594887,0.539500332016194,0.651741293532338,NA,NA,FALSE,0.531764081812029,200,1650,27,"gender_agreement","by_session_language","session_4_Mini-English",4,"Mini-English",NA,FALSE,"exploratory"
438,0.483577973540746,0.501726899892227,0.535491837568836,0.845771144278607,NA,NA,FALSE,0.531764081812029,200,1650,27,"gender_agreement","by_session_language","session_4_Mini-English",4,"Mini-English",NA,FALSE,"exploratory"
442,0.485218142035094,0.500300569000283,0.532917935666196,0.791044776119403,NA,NA,FALSE,0.531764081812029,200,1650,27,"gender_agreement","by_session_language","session_4_Mini-English",4,"Mini-English",NA,FALSE,"exploratory"
446,0.47368098324668,0.499869274886036,0.534846204438103,0.900497512437811,NA,NA,FALSE,0.531764081812029,200,1650,27,"gender_agreement","by_session_language","session_4_Mini-English",4,"Mini-English",NA,FALSE,"exploratory"
450,0.468264892408096,0.500551395239802,0.534765634574777,0.940298507462687,NA,NA,FALSE,0.531764081812029,200,1650,27,"gender_agreement","by_session_language","session_4_Mini-English",4,"Mini-English",NA,FALSE,"exploratory"
454,0.468128046134503,0.500953800252891,0.537918214155834,0.950248756218905,NA,NA,FALSE,0.531764081812029,200,1650,27,"gender_agreement","by_session_language","session_4_Mini-English",4,"Mini-English",NA,FALSE,"exploratory"
458,0.474986538189692,0.501137373453493,0.531233296675939,0.90547263681592,NA,NA,FALSE,0.531764081812029,200,1650,27,"gender_agreement","by_session_language","session_4_Mini-English",4,"Mini-English",NA,FALSE,"exploratory"
462,0.461192645229883,0.50225425608709,0.534816938621194,0.970149253731343,NA,NA,FALSE,0.531764081812029,200,1650,27,"gender_agreement","by_session_language","session_4_Mini-English",4,"Mini-English",NA,FALSE,"exploratory"
466,0.460714949940202,0.501982020981936,0.534674840028334,0.995024875621891,NA,NA,FALSE,0.531764081812029,200,1650,27,"gender_agreement","by_session_language","session_4_Mini-English",4,"Mini-English",NA,FALSE,"exploratory"
470,0.45639654640467,0.501264167351338,0.53370107318617,0.975124378109453,NA,NA,FALSE,0.531764081812029,200,1650,27,"gender_agreement","by_session_language","session_4_Mini-English",4,"Mini-English",NA,FALSE,"exploratory"
474,0.461746751937569,0.499712315222028,0.533304329088135,0.960199004975124,NA,NA,FALSE,0.531764081812029,200,1650,27,"gender_agreement","by_session_language","session_4_Mini-English",4,"Mini-English",NA,FALSE,"exploratory"
478,0.481928318971535,0.499250544903106,0.54078454368802,0.786069651741294,NA,NA,FALSE,0.531764081812029,200,1650,27,"gender_agreement","by_session_language","session_4_Mini-English",4,"Mini-English",NA,FALSE,"exploratory"
482,0.485436552453998,0.499366407319261,0.539912057424695,0.741293532338308,NA,NA,FALSE,0.531764081812029,200,1650,27,"gender_agreement","by_session_language","session_4_Mini-English",4,"Mini-English",NA,FALSE,"exploratory"
486,0.492081803259739,0.499059618259829,0.539151091541169,0.631840796019901,NA,NA,FALSE,0.531764081812029,200,1650,27,"gender_agreement","by_session_language","session_4_Mini-English",4,"Mini-English",NA,FALSE,"exploratory"
490,0.498376238642512,0.498654756968583,0.538220977225795,0.512437810945274,NA,NA,FALSE,0.531764081812029,200,1650,27,"gender_agreement","by_session_language","session_4_Mini-English",4,"Mini-English",NA,FALSE,"exploratory"
494,0.513036896242308,0.498155973558561,0.537345419530875,0.27363184079602,NA,NA,FALSE,0.531764081812029,200,1650,27,"gender_agreement","by_session_language","session_4_Mini-English",4,"Mini-English",NA,FALSE,"exploratory"
498,0.522995878441449,0.499012366335104,0.536003195409152,0.139303482587065,NA,NA,FALSE,0.531764081812029,200,1650,27,"gender_agreement","by_session_language","session_4_Mini-English",4,"Mini-English",NA,FALSE,"exploratory"
502,0.506837556930984,0.499523967539237,0.53707984708592,0.358208955223881,NA,NA,FALSE,0.531764081812029,200,1650,27,"gender_agreement","by_session_language","session_4_Mini-English",4,"Mini-English",NA,FALSE,"exploratory"
506,0.501748384209656,0.49947269435881,0.539037490942139,0.442786069651741,NA,NA,FALSE,0.531764081812029,200,1650,27,"gender_agreement","by_session_language","session_4_Mini-English",4,"Mini-English",NA,FALSE,"exploratory"
510,0.506534776458452,0.499724451972086,0.538023512088339,0.36318407960199,NA,NA,FALSE,0.531764081812029,200,1650,27,"gender_agreement","by_session_language","session_4_Mini-English",4,"Mini-English",NA,FALSE,"exploratory"
514,0.502334751837843,0.500105125512175,0.536001481085209,0.437810945273632,NA,NA,FALSE,0.531764081812029,200,1650,27,"gender_agreement","by_session_language","session_4_Mini-English",4,"Mini-English",NA,FALSE,"exploratory"
518,0.498999886851757,0.50004730975113,0.540575997711256,0.517412935323383,NA,NA,FALSE,0.531764081812029,200,1650,27,"gender_agreement","by_session_language","session_4_Mini-English",4,"Mini-English",NA,FALSE,"exploratory"
522,0.492806515728846,0.500565409070212,0.536437025195356,0.671641791044776,NA,NA,FALSE,0.531764081812029,200,1650,27,"gender_agreement","by_session_language","session_4_Mini-English",4,"Mini-English",NA,FALSE,"exploratory"
526,0.474169426874812,0.501551007479985,0.534403276944473,0.925373134328358,NA,NA,FALSE,0.531764081812029,200,1650,27,"gender_agreement","by_session_language","session_4_Mini-English",4,"Mini-English",NA,FALSE,"exploratory"
530,0.488433010474023,0.502256858257555,0.539905577948443,0.786069651741294,NA,NA,FALSE,0.531764081812029,200,1650,27,"gender_agreement","by_session_language","session_4_Mini-English",4,"Mini-English",NA,FALSE,"exploratory"
534,0.485924351339545,0.501524342704198,0.539516837946868,0.771144278606965,NA,NA,FALSE,0.531764081812029,200,1650,27,"gender_agreement","by_session_language","session_4_Mini-English",4,"Mini-English",NA,FALSE,"exploratory"
538,0.495965972262865,0.500914545052998,0.543354225630474,0.626865671641791,NA,NA,FALSE,0.531764081812029,200,1650,27,"gender_agreement","by_session_language","session_4_Mini-English",4,"Mini-English",NA,FALSE,"exploratory"
542,0.507045861100444,0.500216096273529,0.538284729682773,0.383084577114428,NA,NA,FALSE,0.531764081812029,200,1650,27,"gender_agreement","by_session_language","session_4_Mini-English",4,"Mini-English",NA,FALSE,"exploratory"
546,0.512339575407658,0.500351784876248,0.540174609248446,0.278606965174129,NA,NA,FALSE,0.531764081812029,200,1650,27,"gender_agreement","by_session_language","session_4_Mini-English",4,"Mini-English",NA,FALSE,"exploratory"
550,0.50158079987394,0.500527855036745,0.536034146045249,0.467661691542289,NA,NA,FALSE,0.531764081812029,200,1650,27,"gender_agreement","by_session_language","session_4_Mini-English",4,"Mini-English",NA,FALSE,"exploratory"
554,0.47404321910157,0.499904791845501,0.538227043245031,0.895522388059702,NA,NA,FALSE,0.531764081812029,200,1650,27,"gender_agreement","by_session_language","session_4_Mini-English",4,"Mini-English",NA,FALSE,"exploratory"
558,0.454786315654181,0.498849947862217,0.533110875840963,0.995024875621891,NA,NA,FALSE,0.531764081812029,200,1650,27,"gender_agreement","by_session_language","session_4_Mini-English",4,"Mini-English",NA,FALSE,"exploratory"
562,0.448687708585893,0.498566097721935,0.532842342649871,1,NA,NA,FALSE,0.531764081812029,200,1650,27,"gender_agreement","by_session_language","session_4_Mini-English",4,"Mini-English",NA,FALSE,"exploratory"
566,0.459798994954999,0.498668446451048,0.532824942220706,0.985074626865672,NA,NA,FALSE,0.531764081812029,200,1650,27,"gender_agreement","by_session_language","session_4_Mini-English",4,"Mini-English",NA,FALSE,"exploratory"
570,0.484863055720229,0.500372000503258,0.532012914741936,0.805970149253731,NA,NA,FALSE,0.531764081812029,200,1650,27,"gender_agreement","by_session_language","session_4_Mini-English",4,"Mini-English",NA,FALSE,"exploratory"
574,0.495062639641306,0.500043439269286,0.533976491957079,0.641791044776119,NA,NA,FALSE,0.531764081812029,200,1650,27,"gender_agreement","by_session_language","session_4_Mini-English",4,"Mini-English",NA,FALSE,"exploratory"
578,0.517679505464954,0.500362768641102,0.534751150167024,0.169154228855721,NA,NA,FALSE,0.531764081812029,200,1650,27,"gender_agreement","by_session_language","session_4_Mini-English",4,"Mini-English",NA,FALSE,"exploratory"
582,0.525201530575828,0.499785691833929,0.537835653877743,0.114427860696517,NA,NA,FALSE,0.531764081812029,200,1650,27,"gender_agreement","by_session_language","session_4_Mini-English",4,"Mini-English",NA,FALSE,"exploratory"
586,0.504365848301005,0.500350994849005,0.535096559899414,0.442786069651741,NA,NA,FALSE,0.531764081812029,200,1650,27,"gender_agreement","by_session_language","session_4_Mini-English",4,"Mini-English",NA,FALSE,"exploratory"
590,0.497381782134116,0.500552871858334,0.534282561566083,0.54726368159204,NA,NA,FALSE,0.531764081812029,200,1650,27,"gender_agreement","by_session_language","session_4_Mini-English",4,"Mini-English",NA,FALSE,"exploratory"
594,0.499117247473878,0.499393897739577,0.53469148566115,0.537313432835821,NA,NA,FALSE,0.531764081812029,200,1650,27,"gender_agreement","by_session_language","session_4_Mini-English",4,"Mini-English",NA,FALSE,"exploratory"
598,0.505979289560533,0.499505504869689,0.542715517983374,0.393034825870647,NA,NA,FALSE,0.531764081812029,200,1650,27,"gender_agreement","by_session_language","session_4_Mini-English",4,"Mini-English",NA,FALSE,"exploratory"
602,0.50948554547471,0.499384278610045,0.540882737225848,0.353233830845771,NA,NA,FALSE,0.531764081812029,200,1650,27,"gender_agreement","by_session_language","session_4_Mini-English",4,"Mini-English",NA,FALSE,"exploratory"
606,0.514761824042722,0.499310438545187,0.539843299943765,0.248756218905473,NA,NA,FALSE,0.531764081812029,200,1650,27,"gender_agreement","by_session_language","session_4_Mini-English",4,"Mini-English",NA,FALSE,"exploratory"
610,0.515001141564767,0.499998481585707,0.540099073565649,0.278606965174129,NA,NA,FALSE,0.531764081812029,200,1650,27,"gender_agreement","by_session_language","session_4_Mini-English",4,"Mini-English",NA,FALSE,"exploratory"
614,0.510587487513615,0.499760373531215,0.534836346386553,0.333333333333333,NA,NA,FALSE,0.531764081812029,200,1650,27,"gender_agreement","by_session_language","session_4_Mini-English",4,"Mini-English",NA,FALSE,"exploratory"
618,0.524633322016912,0.500295047799833,0.534651495190699,0.0845771144278607,NA,NA,FALSE,0.531764081812029,200,1650,27,"gender_agreement","by_session_language","session_4_Mini-English",4,"Mini-English",NA,FALSE,"exploratory"
622,0.534576548745577,0.500363548044674,0.537886950068759,0.0447761194029851,4,0.945273631840796,FALSE,0.531764081812029,200,1650,27,"gender_agreement","by_session_language","session_4_Mini-English",4,"Mini-English",NA,FALSE,"exploratory"
626,0.530583766540001,0.500023497283796,0.536163747869864,0.0497512437810945,NA,NA,FALSE,0.531764081812029,200,1650,27,"gender_agreement","by_session_language","session_4_Mini-English",4,"Mini-English",NA,FALSE,"exploratory"
630,0.518003656921952,0.500670299531776,0.538977530660223,0.194029850746269,NA,NA,FALSE,0.531764081812029,200,1650,27,"gender_agreement","by_session_language","session_4_Mini-English",4,"Mini-English",NA,FALSE,"exploratory"
634,0.517229063915167,0.501258125968298,0.537006525997606,0.228855721393035,NA,NA,FALSE,0.531764081812029,200,1650,27,"gender_agreement","by_session_language","session_4_Mini-English",4,"Mini-English",NA,FALSE,"exploratory"
638,0.519589024661941,0.499993505848309,0.532452952520367,0.194029850746269,NA,NA,FALSE,0.531764081812029,200,1650,27,"gender_agreement","by_session_language","session_4_Mini-English",4,"Mini-English",NA,FALSE,"exploratory"
642,0.524333198927749,0.49909978772896,0.53658425049435,0.109452736318408,NA,NA,FALSE,0.531764081812029,200,1650,27,"gender_agreement","by_session_language","session_4_Mini-English",4,"Mini-English",NA,FALSE,"exploratory"
646,0.530145029993113,0.498819245366761,0.535526262970698,0.0597014925373134,NA,NA,FALSE,0.531764081812029,200,1650,27,"gender_agreement","by_session_language","session_4_Mini-English",4,"Mini-English",NA,FALSE,"exploratory"
650,0.524836344643503,0.499600483508544,0.533881445105847,0.0796019900497512,NA,NA,FALSE,0.531764081812029,200,1650,27,"gender_agreement","by_session_language","session_4_Mini-English",4,"Mini-English",NA,FALSE,"exploratory"
654,0.515603051231089,0.500562952053299,0.534398402591028,0.26865671641791,NA,NA,FALSE,0.531764081812029,200,1650,27,"gender_agreement","by_session_language","session_4_Mini-English",4,"Mini-English",NA,FALSE,"exploratory"
658,0.50757177523217,0.500552124064928,0.536820824673753,0.353233830845771,NA,NA,FALSE,0.531764081812029,200,1650,27,"gender_agreement","by_session_language","session_4_Mini-English",4,"Mini-English",NA,FALSE,"exploratory"
662,0.497297778549446,0.501179031924453,0.537190159571531,0.567164179104478,NA,NA,FALSE,0.531764081812029,200,1650,27,"gender_agreement","by_session_language","session_4_Mini-English",4,"Mini-English",NA,FALSE,"exploratory"
666,0.51319433260005,0.500903569989891,0.53588210157388,0.26865671641791,NA,NA,FALSE,0.531764081812029,200,1650,27,"gender_agreement","by_session_language","session_4_Mini-English",4,"Mini-English",NA,FALSE,"exploratory"
670,0.509349249049178,0.500068251888268,0.533981502019413,0.333333333333333,NA,NA,FALSE,0.531764081812029,200,1650,27,"gender_agreement","by_session_language","session_4_Mini-English",4,"Mini-English",NA,FALSE,"exploratory"
674,0.514842379277582,0.500299182322046,0.533756966205366,0.26865671641791,NA,NA,FALSE,0.531764081812029,200,1650,27,"gender_agreement","by_session_language","session_4_Mini-English",4,"Mini-English",NA,FALSE,"exploratory"
678,0.506248280420794,0.500656793875475,0.536052389505724,0.388059701492537,NA,NA,FALSE,0.531764081812029,200,1650,27,"gender_agreement","by_session_language","session_4_Mini-English",4,"Mini-English",NA,FALSE,"exploratory"
682,0.497034282352159,0.500747230120809,0.53315394048659,0.601990049751244,NA,NA,FALSE,0.531764081812029,200,1650,27,"gender_agreement","by_session_language","session_4_Mini-English",4,"Mini-English",NA,FALSE,"exploratory"
686,0.507216100260792,0.501261195472368,0.538042035538384,0.398009950248756,NA,NA,FALSE,0.531764081812029,200,1650,27,"gender_agreement","by_session_language","session_4_Mini-English",4,"Mini-English",NA,FALSE,"exploratory"
690,0.517690521496537,0.500416635775759,0.534576959980952,0.213930348258706,NA,NA,FALSE,0.531764081812029,200,1650,27,"gender_agreement","by_session_language","session_4_Mini-English",4,"Mini-English",NA,FALSE,"exploratory"
694,0.527621445506959,0.499986585492833,0.535671213536341,0.0796019900497512,NA,NA,FALSE,0.531764081812029,200,1650,27,"gender_agreement","by_session_language","session_4_Mini-English",4,"Mini-English",NA,FALSE,"exploratory"
698,0.51100909282673,0.49921541829174,0.530395512239946,0.318407960199005,NA,NA,FALSE,0.531764081812029,200,1650,27,"gender_agreement","by_session_language","session_4_Mini-English",4,"Mini-English",NA,FALSE,"exploratory"
702,0.504626018924979,0.499466305898879,0.538181379658383,0.437810945273632,NA,NA,FALSE,0.531764081812029,200,1650,27,"gender_agreement","by_session_language","session_4_Mini-English",4,"Mini-English",NA,FALSE,"exploratory"
706,0.50564215755476,0.500013185666341,0.535119540652598,0.373134328358209,NA,NA,FALSE,0.531764081812029,200,1650,27,"gender_agreement","by_session_language","session_4_Mini-English",4,"Mini-English",NA,FALSE,"exploratory"
710,0.503626924413331,0.499473210233829,0.53570596175086,0.407960199004975,NA,NA,FALSE,0.531764081812029,200,1650,27,"gender_agreement","by_session_language","session_4_Mini-English",4,"Mini-English",NA,FALSE,"exploratory"
714,0.507671431809905,0.499075366953008,0.533090926726161,0.333333333333333,NA,NA,FALSE,0.531764081812029,200,1650,27,"gender_agreement","by_session_language","session_4_Mini-English",4,"Mini-English",NA,FALSE,"exploratory"
718,0.502644480990855,0.499584632723547,0.529083299330482,0.45273631840796,NA,NA,FALSE,0.531764081812029,200,1650,27,"gender_agreement","by_session_language","session_4_Mini-English",4,"Mini-English",NA,FALSE,"exploratory"
722,0.502052142290592,0.500694764877223,0.528506673524154,0.472636815920398,NA,NA,FALSE,0.531764081812029,200,1650,27,"gender_agreement","by_session_language","session_4_Mini-English",4,"Mini-English",NA,FALSE,"exploratory"
726,0.501389720700269,0.501047839198496,0.530074211154063,0.532338308457711,NA,NA,FALSE,0.531764081812029,200,1650,27,"gender_agreement","by_session_language","session_4_Mini-English",4,"Mini-English",NA,FALSE,"exploratory"
730,0.50238376418978,0.500115993037541,0.532020670681057,0.442786069651741,NA,NA,FALSE,0.531764081812029,200,1650,27,"gender_agreement","by_session_language","session_4_Mini-English",4,"Mini-English",NA,FALSE,"exploratory"
734,0.506203580899169,0.500257694277972,0.529083653864633,0.398009950248756,NA,NA,FALSE,0.531764081812029,200,1650,27,"gender_agreement","by_session_language","session_4_Mini-English",4,"Mini-English",NA,FALSE,"exploratory"
738,0.4995802350838,0.500145376754647,0.530288590879263,0.512437810945274,NA,NA,FALSE,0.531764081812029,200,1650,27,"gender_agreement","by_session_language","session_4_Mini-English",4,"Mini-English",NA,FALSE,"exploratory"
742,0.504204929716479,0.500655485141006,0.537605362059428,0.407960199004975,NA,NA,FALSE,0.531764081812029,200,1650,27,"gender_agreement","by_session_language","session_4_Mini-English",4,"Mini-English",NA,FALSE,"exploratory"
746,0.517815169870502,0.499685372256572,0.53517228984858,0.194029850746269,NA,NA,FALSE,0.531764081812029,200,1650,27,"gender_agreement","by_session_language","session_4_Mini-English",4,"Mini-English",NA,FALSE,"exploratory"
750,0.510766753139224,0.4991185552279,0.537293497679743,0.258706467661692,NA,NA,FALSE,0.531764081812029,200,1650,27,"gender_agreement","by_session_language","session_4_Mini-English",4,"Mini-English",NA,FALSE,"exploratory"
754,0.499329518124567,0.499075041808374,0.536217904156105,0.502487562189055,NA,NA,FALSE,0.531764081812029,200,1650,27,"gender_agreement","by_session_language","session_4_Mini-English",4,"Mini-English",NA,FALSE,"exploratory"
758,0.499182223282606,0.497760487754175,0.535352489584485,0.472636815920398,NA,NA,FALSE,0.531764081812029,200,1650,27,"gender_agreement","by_session_language","session_4_Mini-English",4,"Mini-English",NA,FALSE,"exploratory"
762,0.500223996801113,0.498194771393102,0.536029703374781,0.472636815920398,NA,NA,FALSE,0.531764081812029,200,1650,27,"gender_agreement","by_session_language","session_4_Mini-English",4,"Mini-English",NA,FALSE,"exploratory"
766,0.510492566535729,0.498566107810643,0.534357205905284,0.303482587064677,NA,NA,FALSE,0.531764081812029,200,1650,27,"gender_agreement","by_session_language","session_4_Mini-English",4,"Mini-English",NA,FALSE,"exploratory"
770,0.51708088908118,0.499813339712798,0.535113743221214,0.213930348258706,NA,NA,FALSE,0.531764081812029,200,1650,27,"gender_agreement","by_session_language","session_4_Mini-English",4,"Mini-English",NA,FALSE,"exploratory"
774,0.510647780150796,0.500419353837696,0.535752589818666,0.353233830845771,NA,NA,FALSE,0.531764081812029,200,1650,27,"gender_agreement","by_session_language","session_4_Mini-English",4,"Mini-English",NA,FALSE,"exploratory"
778,0.483942226394388,0.500775468150638,0.538621499323274,0.796019900497512,NA,NA,FALSE,0.531764081812029,200,1650,27,"gender_agreement","by_session_language","session_4_Mini-English",4,"Mini-English",NA,FALSE,"exploratory"
782,0.498535868931518,0.501289835311169,0.539697689656441,0.601990049751244,NA,NA,FALSE,0.531764081812029,200,1650,27,"gender_agreement","by_session_language","session_4_Mini-English",4,"Mini-English",NA,FALSE,"exploratory"
786,0.500196234184836,0.500544319514079,0.53367744229713,0.562189054726368,NA,NA,FALSE,0.531764081812029,200,1650,27,"gender_agreement","by_session_language","session_4_Mini-English",4,"Mini-English",NA,FALSE,"exploratory"
790,0.508553863537228,0.5009970491854,0.537625629203016,0.36318407960199,NA,NA,FALSE,0.531764081812029,200,1650,27,"gender_agreement","by_session_language","session_4_Mini-English",4,"Mini-English",NA,FALSE,"exploratory"
794,0.498543108376798,0.500977850629565,0.540082853280633,0.552238805970149,NA,NA,FALSE,0.531764081812029,200,1650,27,"gender_agreement","by_session_language","session_4_Mini-English",4,"Mini-English",NA,FALSE,"exploratory"
798,0.505493626076107,0.501368853223337,0.539922318362516,0.422885572139304,NA,NA,FALSE,0.531764081812029,200,1650,27,"gender_agreement","by_session_language","session_4_Mini-English",4,"Mini-English",NA,FALSE,"exploratory"
802,0.516410230738978,0.501160134153147,0.540366574990896,0.223880597014925,NA,NA,FALSE,0.531764081812029,200,1650,27,"gender_agreement","by_session_language","session_4_Mini-English",4,"Mini-English",NA,FALSE,"exploratory"
806,0.523397717296237,0.500761651013947,0.534928922544287,0.149253731343284,NA,NA,FALSE,0.531764081812029,200,1650,27,"gender_agreement","by_session_language","session_4_Mini-English",4,"Mini-English",NA,FALSE,"exploratory"
810,0.52694043101752,0.49988294525147,0.53872141682694,0.0796019900497512,NA,NA,FALSE,0.531764081812029,200,1650,27,"gender_agreement","by_session_language","session_4_Mini-English",4,"Mini-English",NA,FALSE,"exploratory"
814,0.530070404077333,0.499720681984586,0.543651877441769,0.0796019900497512,NA,NA,FALSE,0.531764081812029,200,1650,27,"gender_agreement","by_session_language","session_4_Mini-English",4,"Mini-English",NA,FALSE,"exploratory"
818,0.535208632391264,0.49895375878812,0.539764967930006,0.0497512437810945,5,0.930348258706468,FALSE,0.531764081812029,200,1650,27,"gender_agreement","by_session_language","session_4_Mini-English",4,"Mini-English",NA,FALSE,"exploratory"
822,0.51851343406734,0.500075810476031,0.534718969943323,0.189054726368159,NA,NA,FALSE,0.531764081812029,200,1650,27,"gender_agreement","by_session_language","session_4_Mini-English",4,"Mini-English",NA,FALSE,"exploratory"
826,0.511844313274093,0.500661376546464,0.530657104498005,0.298507462686567,NA,NA,FALSE,0.531764081812029,200,1650,27,"gender_agreement","by_session_language","session_4_Mini-English",4,"Mini-English",NA,FALSE,"exploratory"
830,0.50330514276236,0.500713332835839,0.530999696022434,0.467661691542289,NA,NA,FALSE,0.531764081812029,200,1650,27,"gender_agreement","by_session_language","session_4_Mini-English",4,"Mini-English",NA,FALSE,"exploratory"
834,0.485525079395332,0.500595372168037,0.531343331808775,0.81592039800995,NA,NA,FALSE,0.531764081812029,200,1650,27,"gender_agreement","by_session_language","session_4_Mini-English",4,"Mini-English",NA,FALSE,"exploratory"
838,0.47886636470524,0.499718947400489,0.542207011411222,0.850746268656716,NA,NA,FALSE,0.531764081812029,200,1650,27,"gender_agreement","by_session_language","session_4_Mini-English",4,"Mini-English",NA,FALSE,"exploratory"
842,0.489378639265507,0.499485691248046,0.53815358117064,0.701492537313433,NA,NA,FALSE,0.531764081812029,200,1650,27,"gender_agreement","by_session_language","session_4_Mini-English",4,"Mini-English",NA,FALSE,"exploratory"
846,0.517937851782724,0.500084431452438,0.534038907863289,0.228855721393035,NA,NA,FALSE,0.531764081812029,200,1650,27,"gender_agreement","by_session_language","session_4_Mini-English",4,"Mini-English",NA,FALSE,"exploratory"
850,0.52257125558519,0.500623359288743,0.534808631756478,0.104477611940299,NA,NA,FALSE,0.531764081812029,200,1650,27,"gender_agreement","by_session_language","session_4_Mini-English",4,"Mini-English",NA,FALSE,"exploratory"
854,0.531975042038862,0.500602124961139,0.538351867705592,0.0447761194029851,6,0.970149253731343,FALSE,0.531764081812029,200,1650,27,"gender_agreement","by_session_language","session_4_Mini-English",4,"Mini-English",NA,FALSE,"exploratory"
858,0.514691327824345,0.500419825865738,0.534538924171531,0.208955223880597,NA,NA,FALSE,0.531764081812029,200,1650,27,"gender_agreement","by_session_language","session_4_Mini-English",4,"Mini-English",NA,FALSE,"exploratory"
862,0.508192100178095,0.499599558795933,0.534689830721961,0.338308457711443,NA,NA,FALSE,0.531764081812029,200,1650,27,"gender_agreement","by_session_language","session_4_Mini-English",4,"Mini-English",NA,FALSE,"exploratory"
866,0.496347401440686,0.498668009206105,0.535245809197964,0.557213930348259,NA,NA,FALSE,0.531764081812029,200,1650,27,"gender_agreement","by_session_language","session_4_Mini-English",4,"Mini-English",NA,FALSE,"exploratory"
870,0.498307865843606,0.499765951418464,0.54110056820783,0.577114427860697,NA,NA,FALSE,0.531764081812029,200,1650,27,"gender_agreement","by_session_language","session_4_Mini-English",4,"Mini-English",NA,FALSE,"exploratory"
874,0.507243346055483,0.501611666752984,0.534768166584027,0.393034825870647,NA,NA,FALSE,0.531764081812029,200,1650,27,"gender_agreement","by_session_language","session_4_Mini-English",4,"Mini-English",NA,FALSE,"exploratory"
878,0.514387978772203,0.502944966831689,0.535706697867222,0.293532338308458,NA,NA,FALSE,0.531764081812029,200,1650,27,"gender_agreement","by_session_language","session_4_Mini-English",4,"Mini-English",NA,FALSE,"exploratory"
882,0.510520479863808,0.502975345409874,0.534877410453205,0.358208955223881,NA,NA,FALSE,0.531764081812029,200,1650,27,"gender_agreement","by_session_language","session_4_Mini-English",4,"Mini-English",NA,FALSE,"exploratory"
886,0.517185716998361,0.502285657168847,0.534797221547619,0.228855721393035,NA,NA,FALSE,0.531764081812029,200,1650,27,"gender_agreement","by_session_language","session_4_Mini-English",4,"Mini-English",NA,FALSE,"exploratory"
890,0.518713867871797,0.50161072309218,0.533857165432936,0.199004975124378,NA,NA,FALSE,0.531764081812029,200,1650,27,"gender_agreement","by_session_language","session_4_Mini-English",4,"Mini-English",NA,FALSE,"exploratory"
894,0.520930590660163,0.501239393083712,0.533731838736894,0.164179104477612,NA,NA,FALSE,0.531764081812029,200,1650,27,"gender_agreement","by_session_language","session_4_Mini-English",4,"Mini-English",NA,FALSE,"exploratory"
898,0.513153368746021,0.502725719128202,0.536448146817449,0.298507462686567,NA,NA,FALSE,0.531764081812029,200,1650,27,"gender_agreement","by_session_language","session_4_Mini-English",4,"Mini-English",NA,FALSE,"exploratory"
902,0.519594591453613,0.503083214267492,0.536925529371449,0.213930348258706,NA,NA,FALSE,0.531764081812029,200,1650,27,"gender_agreement","by_session_language","session_4_Mini-English",4,"Mini-English",NA,FALSE,"exploratory"
906,0.539671582696837,0.502090838363259,0.539820383534973,0.0348258706467662,7,0.800995024875622,FALSE,0.531764081812029,200,1650,27,"gender_agreement","by_session_language","session_4_Mini-English",4,"Mini-English",NA,FALSE,"exploratory"
910,0.535473582426263,0.501933257833842,0.538336933631006,0.0398009950248756,7,0.800995024875622,FALSE,0.531764081812029,200,1650,27,"gender_agreement","by_session_language","session_4_Mini-English",4,"Mini-English",NA,FALSE,"exploratory"
914,0.517837997296672,0.501486453538522,0.532987339113994,0.18407960199005,NA,NA,FALSE,0.531764081812029,200,1650,27,"gender_agreement","by_session_language","session_4_Mini-English",4,"Mini-English",NA,FALSE,"exploratory"
918,0.513334101560646,0.499994346218987,0.53399459341973,0.258706467661692,NA,NA,FALSE,0.531764081812029,200,1650,27,"gender_agreement","by_session_language","session_4_Mini-English",4,"Mini-English",NA,FALSE,"exploratory"
922,0.502580146741138,0.50058984907388,0.535369742818855,0.487562189054726,NA,NA,FALSE,0.531764081812029,200,1650,27,"gender_agreement","by_session_language","session_4_Mini-English",4,"Mini-English",NA,FALSE,"exploratory"
926,0.521232654239316,0.501956887604142,0.538713762374962,0.169154228855721,NA,NA,FALSE,0.531764081812029,200,1650,27,"gender_agreement","by_session_language","session_4_Mini-English",4,"Mini-English",NA,FALSE,"exploratory"
930,0.526856677364526,0.50214973912616,0.539275196402498,0.114427860696517,NA,NA,FALSE,0.531764081812029,200,1650,27,"gender_agreement","by_session_language","session_4_Mini-English",4,"Mini-English",NA,FALSE,"exploratory"
934,0.542328382226544,0.50199918004202,0.541258681278779,0.0298507462686567,8,0.00995024875621891,TRUE,0.531764081812029,200,1650,27,"gender_agreement","by_session_language","session_4_Mini-English",4,"Mini-English",NA,FALSE,"exploratory"
938,0.55919978969472,0.500919839659729,0.535165413037827,0.00497512437810945,8,0.00995024875621891,TRUE,0.531764081812029,200,1650,27,"gender_agreement","by_session_language","session_4_Mini-English",4,"Mini-English",NA,FALSE,"exploratory"
942,0.559622662188474,0.501116407135896,0.534864695886701,0.00497512437810945,8,0.00995024875621891,TRUE,0.531764081812029,200,1650,27,"gender_agreement","by_session_language","session_4_Mini-English",4,"Mini-English",NA,FALSE,"exploratory"
946,0.567547764151666,0.501334545671457,0.535055370988164,0.00497512437810945,8,0.00995024875621891,TRUE,0.531764081812029,200,1650,27,"gender_agreement","by_session_language","session_4_Mini-English",4,"Mini-English",NA,FALSE,"exploratory"
950,0.561084253998181,0.499762855578955,0.537364124261606,0.00497512437810945,8,0.00995024875621891,TRUE,0.531764081812029,200,1650,27,"gender_agreement","by_session_language","session_4_Mini-English",4,"Mini-English",NA,FALSE,"exploratory"
954,0.549745253477455,0.499157001237671,0.529890833705603,0.00497512437810945,8,0.00995024875621891,TRUE,0.531764081812029,200,1650,27,"gender_agreement","by_session_language","session_4_Mini-English",4,"Mini-English",NA,FALSE,"exploratory"
958,0.543842662886959,0.49952838340176,0.531448453519937,0.00497512437810945,8,0.00995024875621891,TRUE,0.531764081812029,200,1650,27,"gender_agreement","by_session_language","session_4_Mini-English",4,"Mini-English",NA,FALSE,"exploratory"
962,0.541929844409516,0.500408813803875,0.534104920551058,0.0149253731343284,8,0.00995024875621891,TRUE,0.531764081812029,200,1650,27,"gender_agreement","by_session_language","session_4_Mini-English",4,"Mini-English",NA,FALSE,"exploratory"
966,0.541101331121834,0.499312304075962,0.536069128113262,0.0149253731343284,8,0.00995024875621891,TRUE,0.531764081812029,200,1650,27,"gender_agreement","by_session_language","session_4_Mini-English",4,"Mini-English",NA,FALSE,"exploratory"
970,0.544465807320444,0.49916727264496,0.536616195012361,0.00995024875621891,8,0.00995024875621891,TRUE,0.531764081812029,200,1650,27,"gender_agreement","by_session_language","session_4_Mini-English",4,"Mini-English",NA,FALSE,"exploratory"
974,0.540148528529491,0.500883270653208,0.537663923662647,0.0199004975124378,8,0.00995024875621891,TRUE,0.531764081812029,200,1650,27,"gender_agreement","by_session_language","session_4_Mini-English",4,"Mini-English",NA,FALSE,"exploratory"
978,0.543255256422875,0.501120245848556,0.53795812037687,0.0248756218905473,8,0.00995024875621891,TRUE,0.531764081812029,200,1650,27,"gender_agreement","by_session_language","session_4_Mini-English",4,"Mini-English",NA,FALSE,"exploratory"
982,0.543897604526779,0.501079999672799,0.53780411360685,0.0149253731343284,8,0.00995024875621891,TRUE,0.531764081812029,200,1650,27,"gender_agreement","by_session_language","session_4_Mini-English",4,"Mini-English",NA,FALSE,"exploratory"
986,0.531587769567359,0.50184322384888,0.537539454390672,0.0845771144278607,NA,NA,FALSE,0.531764081812029,200,1650,27,"gender_agreement","by_session_language","session_4_Mini-English",4,"Mini-English",NA,FALSE,"exploratory"
990,0.534355182948424,0.502021517984898,0.539826402233536,0.0597014925373134,9,0.00995024875621891,TRUE,0.531764081812029,200,1650,27,"gender_agreement","by_session_language","session_4_Mini-English",4,"Mini-English",NA,FALSE,"exploratory"
994,0.534878190299897,0.501738140423637,0.538061886528784,0.054726368159204,9,0.00995024875621891,TRUE,0.531764081812029,200,1650,27,"gender_agreement","by_session_language","session_4_Mini-English",4,"Mini-English",NA,FALSE,"exploratory"
998,0.537708932981361,0.500807365457342,0.536538491717433,0.0248756218905473,9,0.00995024875621891,TRUE,0.531764081812029,200,1650,27,"gender_agreement","by_session_language","session_4_Mini-English",4,"Mini-English",NA,FALSE,"exploratory"
1002,0.532686451884332,0.499216026664339,0.533431729435338,0.0348258706467662,9,0.00995024875621891,TRUE,0.531764081812029,200,1650,27,"gender_agreement","by_session_language","session_4_Mini-English",4,"Mini-English",NA,FALSE,"exploratory"
1006,0.537374561511521,0.498461887833469,0.529763535833673,0.00995024875621891,9,0.00995024875621891,TRUE,0.531764081812029,200,1650,27,"gender_agreement","by_session_language","session_4_Mini-English",4,"Mini-English",NA,FALSE,"exploratory"
1010,0.553858260074955,0.50019007274265,0.535197180283126,0.00497512437810945,9,0.00995024875621891,TRUE,0.531764081812029,200,1650,27,"gender_agreement","by_session_language","session_4_Mini-English",4,"Mini-English",NA,FALSE,"exploratory"
1014,0.567158994129448,0.500479074264,0.538840150739538,0.00497512437810945,9,0.00995024875621891,TRUE,0.531764081812029,200,1650,27,"gender_agreement","by_session_language","session_4_Mini-English",4,"Mini-English",NA,FALSE,"exploratory"
1018,0.570334620526962,0.500650118019109,0.530529519612939,0.00497512437810945,9,0.00995024875621891,TRUE,0.531764081812029,200,1650,27,"gender_agreement","by_session_language","session_4_Mini-English",4,"Mini-English",NA,FALSE,"exploratory"
1022,0.570391344934309,0.49957080655773,0.532347675070539,0.00497512437810945,9,0.00995024875621891,TRUE,0.531764081812029,200,1650,27,"gender_agreement","by_session_language","session_4_Mini-English",4,"Mini-English",NA,FALSE,"exploratory"
1026,0.57231942014783,0.499670462351251,0.535020316645016,0.00497512437810945,9,0.00995024875621891,TRUE,0.531764081812029,200,1650,27,"gender_agreement","by_session_language","session_4_Mini-English",4,"Mini-English",NA,FALSE,"exploratory"
1030,0.573990923492573,0.499743379705062,0.533074685218427,0.00497512437810945,9,0.00995024875621891,TRUE,0.531764081812029,200,1650,27,"gender_agreement","by_session_language","session_4_Mini-English",4,"Mini-English",NA,FALSE,"exploratory"
1034,0.565781027704929,0.500364132096134,0.536722423119433,0.00497512437810945,9,0.00995024875621891,TRUE,0.531764081812029,200,1650,27,"gender_agreement","by_session_language","session_4_Mini-English",4,"Mini-English",NA,FALSE,"exploratory"
1038,0.564125148422058,0.50066412096028,0.533854847281913,0.00497512437810945,9,0.00995024875621891,TRUE,0.531764081812029,200,1650,27,"gender_agreement","by_session_language","session_4_Mini-English",4,"Mini-English",NA,FALSE,"exploratory"
1042,0.560196580107704,0.50011490054015,0.534827117401582,0.00497512437810945,9,0.00995024875621891,TRUE,0.531764081812029,200,1650,27,"gender_agreement","by_session_language","session_4_Mini-English",4,"Mini-English",NA,FALSE,"exploratory"
1046,0.555216654369021,0.500029953042411,0.536416438103782,0.00497512437810945,9,0.00995024875621891,TRUE,0.531764081812029,200,1650,27,"gender_agreement","by_session_language","session_4_Mini-English",4,"Mini-English",NA,FALSE,"exploratory"
1050,0.553251090059598,0.500107968571418,0.534145128824874,0.00497512437810945,9,0.00995024875621891,TRUE,0.531764081812029,200,1650,27,"gender_agreement","by_session_language","session_4_Mini-English",4,"Mini-English",NA,FALSE,"exploratory"
1054,0.550222754792917,0.500866589857387,0.535730278347574,0.00995024875621891,9,0.00995024875621891,TRUE,0.531764081812029,200,1650,27,"gender_agreement","by_session_language","session_4_Mini-English",4,"Mini-English",NA,FALSE,"exploratory"
1058,0.548478828568334,0.501247092972407,0.537624002797685,0.00497512437810945,9,0.00995024875621891,TRUE,0.531764081812029,200,1650,27,"gender_agreement","by_session_language","session_4_Mini-English",4,"Mini-English",NA,FALSE,"exploratory"
1062,0.538963228364313,0.501090765490415,0.533184666880207,0.0248756218905473,9,0.00995024875621891,TRUE,0.531764081812029,200,1650,27,"gender_agreement","by_session_language","session_4_Mini-English",4,"Mini-English",NA,FALSE,"exploratory"
1066,0.530271701039326,0.500580219828614,0.536802144444772,0.0447761194029851,NA,NA,FALSE,0.531764081812029,200,1650,27,"gender_agreement","by_session_language","session_4_Mini-English",4,"Mini-English",NA,FALSE,"exploratory"
1070,0.53398002973235,0.499883822786717,0.536508947141985,0.0398009950248756,10,0.950248756218905,FALSE,0.531764081812029,200,1650,27,"gender_agreement","by_session_language","session_4_Mini-English",4,"Mini-English",NA,FALSE,"exploratory"
1074,0.525914301718403,0.501311832785122,0.540791635999966,0.119402985074627,NA,NA,FALSE,0.531764081812029,200,1650,27,"gender_agreement","by_session_language","session_4_Mini-English",4,"Mini-English",NA,FALSE,"exploratory"
1078,0.530342337677205,0.502258812919819,0.540923846153233,0.0746268656716418,NA,NA,FALSE,0.531764081812029,200,1650,27,"gender_agreement","by_session_language","session_4_Mini-English",4,"Mini-English",NA,FALSE,"exploratory"
1082,0.546693953047897,0.502965577835986,0.540925483091852,0.0199004975124378,11,0.0597014925373134,FALSE,0.531764081812029,200,1650,27,"gender_agreement","by_session_language","session_4_Mini-English",4,"Mini-English",NA,FALSE,"exploratory"
1086,0.555807618886179,0.502689609586234,0.535580085561857,0.00995024875621891,11,0.0597014925373134,FALSE,0.531764081812029,200,1650,27,"gender_agreement","by_session_language","session_4_Mini-English",4,"Mini-English",NA,FALSE,"exploratory"
1090,0.554813605869748,0.502888458334561,0.539510125181036,0.00497512437810945,11,0.0597014925373134,FALSE,0.531764081812029,200,1650,27,"gender_agreement","by_session_language","session_4_Mini-English",4,"Mini-English",NA,FALSE,"exploratory"
1094,0.55641067482877,0.501390531300635,0.533716212748108,0.00497512437810945,11,0.0597014925373134,FALSE,0.531764081812029,200,1650,27,"gender_agreement","by_session_language","session_4_Mini-English",4,"Mini-English",NA,FALSE,"exploratory"
1098,0.557781272282785,0.49971543958869,0.531409278657968,0.00497512437810945,11,0.0597014925373134,FALSE,0.531764081812029,200,1650,27,"gender_agreement","by_session_language","session_4_Mini-English",4,"Mini-English",NA,FALSE,"exploratory"
-98,0.512015662272323,0.501405048367097,0.534607283898609,0.293532338308458,NA,NA,FALSE,0.528971210202855,200,1853,28,"gender_agreement","by_session_language","session_4_Mini-Norwegian",4,"Mini-Norwegian",NA,FALSE,"exploratory"
-94,0.511799686894771,0.500075818191352,0.530879971318371,0.243781094527363,NA,NA,FALSE,0.528971210202855,200,1853,28,"gender_agreement","by_session_language","session_4_Mini-Norwegian",4,"Mini-Norwegian",NA,FALSE,"exploratory"
-90,0.506433647587558,0.498303328719345,0.530815588877865,0.293532338308458,NA,NA,FALSE,0.528971210202855,200,1853,28,"gender_agreement","by_session_language","session_4_Mini-Norwegian",4,"Mini-Norwegian",NA,FALSE,"exploratory"
-86,0.491166359673215,0.4994312319448,0.534115391316945,0.641791044776119,NA,NA,FALSE,0.528971210202855,200,1853,28,"gender_agreement","by_session_language","session_4_Mini-Norwegian",4,"Mini-Norwegian",NA,FALSE,"exploratory"
-82,0.497720273204159,0.499366215357281,0.536586195398971,0.532338308457711,NA,NA,FALSE,0.528971210202855,200,1853,28,"gender_agreement","by_session_language","session_4_Mini-Norwegian",4,"Mini-Norwegian",NA,FALSE,"exploratory"
-78,0.492666534814284,0.499116279973332,0.531244575421662,0.641791044776119,NA,NA,FALSE,0.528971210202855,200,1853,28,"gender_agreement","by_session_language","session_4_Mini-Norwegian",4,"Mini-Norwegian",NA,FALSE,"exploratory"
-74,0.496187075323897,0.499385858494149,0.531275987341362,0.572139303482587,NA,NA,FALSE,0.528971210202855,200,1853,28,"gender_agreement","by_session_language","session_4_Mini-Norwegian",4,"Mini-Norwegian",NA,FALSE,"exploratory"
-70,0.509174802763518,0.499054302513779,0.536311620466803,0.283582089552239,NA,NA,FALSE,0.528971210202855,200,1853,28,"gender_agreement","by_session_language","session_4_Mini-Norwegian",4,"Mini-Norwegian",NA,FALSE,"exploratory"
-66,0.512574902651774,0.498384732267258,0.537775093150982,0.189054726368159,NA,NA,FALSE,0.528971210202855,200,1853,28,"gender_agreement","by_session_language","session_4_Mini-Norwegian",4,"Mini-Norwegian",NA,FALSE,"exploratory"
-62,0.51494358417975,0.49749637766199,0.532592036362153,0.149253731343284,NA,NA,FALSE,0.528971210202855,200,1853,28,"gender_agreement","by_session_language","session_4_Mini-Norwegian",4,"Mini-Norwegian",NA,FALSE,"exploratory"
-58,0.518307606966783,0.497634968912615,0.531560959574814,0.114427860696517,NA,NA,FALSE,0.528971210202855,200,1853,28,"gender_agreement","by_session_language","session_4_Mini-Norwegian",4,"Mini-Norwegian",NA,FALSE,"exploratory"
-54,0.51842726689457,0.499092449672396,0.532871691844193,0.139303482587065,NA,NA,FALSE,0.528971210202855,200,1853,28,"gender_agreement","by_session_language","session_4_Mini-Norwegian",4,"Mini-Norwegian",NA,FALSE,"exploratory"
-50,0.521092789392169,0.500395354680359,0.534101043715111,0.169154228855721,NA,NA,FALSE,0.528971210202855,200,1853,28,"gender_agreement","by_session_language","session_4_Mini-Norwegian",4,"Mini-Norwegian",NA,FALSE,"exploratory"
-46,0.528237606244361,0.49994339716136,0.536084985227403,0.0597014925373134,NA,NA,FALSE,0.528971210202855,200,1853,28,"gender_agreement","by_session_language","session_4_Mini-Norwegian",4,"Mini-Norwegian",NA,FALSE,"exploratory"
-42,0.523253297030866,0.500637075295832,0.539021382535638,0.119402985074627,NA,NA,FALSE,0.528971210202855,200,1853,28,"gender_agreement","by_session_language","session_4_Mini-Norwegian",4,"Mini-Norwegian",NA,FALSE,"exploratory"
-38,0.495944683848797,0.499626273769695,0.538394381077845,0.597014925373134,NA,NA,FALSE,0.528971210202855,200,1853,28,"gender_agreement","by_session_language","session_4_Mini-Norwegian",4,"Mini-Norwegian",NA,FALSE,"exploratory"
-34,0.466680681472868,0.498677204026575,0.528661715748386,0.990049751243781,NA,NA,FALSE,0.528971210202855,200,1853,28,"gender_agreement","by_session_language","session_4_Mini-Norwegian",4,"Mini-Norwegian",NA,FALSE,"exploratory"
-30,0.482806290218843,0.497837175100162,0.531223188664736,0.776119402985075,NA,NA,FALSE,0.528971210202855,200,1853,28,"gender_agreement","by_session_language","session_4_Mini-Norwegian",4,"Mini-Norwegian",NA,FALSE,"exploratory"
-26,0.515088895993604,0.498690199787607,0.529306163066273,0.169154228855721,NA,NA,FALSE,0.528971210202855,200,1853,28,"gender_agreement","by_session_language","session_4_Mini-Norwegian",4,"Mini-Norwegian",NA,FALSE,"exploratory"
-22,0.511942884898975,0.499527718332341,0.530999344075143,0.243781094527363,NA,NA,FALSE,0.528971210202855,200,1853,28,"gender_agreement","by_session_language","session_4_Mini-Norwegian",4,"Mini-Norwegian",NA,FALSE,"exploratory"
-18,0.501923267568145,0.499135496574492,0.52952576935157,0.467661691542289,NA,NA,FALSE,0.528971210202855,200,1853,28,"gender_agreement","by_session_language","session_4_Mini-Norwegian",4,"Mini-Norwegian",NA,FALSE,"exploratory"
-14,0.495059494756368,0.500244787354487,0.5309398015235,0.661691542288557,NA,NA,FALSE,0.528971210202855,200,1853,28,"gender_agreement","by_session_language","session_4_Mini-Norwegian",4,"Mini-Norwegian",NA,FALSE,"exploratory"
-10,0.490040035236483,0.501728839131487,0.534448688107161,0.736318407960199,NA,NA,FALSE,0.528971210202855,200,1853,28,"gender_agreement","by_session_language","session_4_Mini-Norwegian",4,"Mini-Norwegian",NA,FALSE,"exploratory"
-6,0.474038165200491,0.501861570282438,0.533436303708319,0.930348258706468,NA,NA,FALSE,0.528971210202855,200,1853,28,"gender_agreement","by_session_language","session_4_Mini-Norwegian",4,"Mini-Norwegian",NA,FALSE,"exploratory"
-2,0.477148764467229,0.502417094915423,0.530340490334943,0.925373134328358,NA,NA,FALSE,0.528971210202855,200,1853,28,"gender_agreement","by_session_language","session_4_Mini-Norwegian",4,"Mini-Norwegian",NA,FALSE,"exploratory"
2,0.500599050819487,0.502366344056407,0.533989155539887,0.562189054726368,NA,NA,FALSE,0.528971210202855,200,1853,28,"gender_agreement","by_session_language","session_4_Mini-Norwegian",4,"Mini-Norwegian",NA,FALSE,"exploratory"
6,0.506681591514393,0.501573323492626,0.53507395998414,0.437810945273632,NA,NA,FALSE,0.528971210202855,200,1853,28,"gender_agreement","by_session_language","session_4_Mini-Norwegian",4,"Mini-Norwegian",NA,FALSE,"exploratory"
10,0.513768423897786,0.501201059816855,0.535756991394514,0.223880597014925,NA,NA,FALSE,0.528971210202855,200,1853,28,"gender_agreement","by_session_language","session_4_Mini-Norwegian",4,"Mini-Norwegian",NA,FALSE,"exploratory"
14,0.515913842447491,0.500096480962026,0.537512051753822,0.18407960199005,NA,NA,FALSE,0.528971210202855,200,1853,28,"gender_agreement","by_session_language","session_4_Mini-Norwegian",4,"Mini-Norwegian",NA,FALSE,"exploratory"
18,0.500456504801273,0.499870958860562,0.533117402009204,0.512437810945274,NA,NA,FALSE,0.528971210202855,200,1853,28,"gender_agreement","by_session_language","session_4_Mini-Norwegian",4,"Mini-Norwegian",NA,FALSE,"exploratory"
22,0.501978902895596,0.499552736659292,0.530802584097593,0.45273631840796,NA,NA,FALSE,0.528971210202855,200,1853,28,"gender_agreement","by_session_language","session_4_Mini-Norwegian",4,"Mini-Norwegian",NA,FALSE,"exploratory"
26,0.489066844853589,0.499283235549427,0.531954302579774,0.721393034825871,NA,NA,FALSE,0.528971210202855,200,1853,28,"gender_agreement","by_session_language","session_4_Mini-Norwegian",4,"Mini-Norwegian",NA,FALSE,"exploratory"
30,0.494945699653304,0.500543717138412,0.533353013929471,0.616915422885572,NA,NA,FALSE,0.528971210202855,200,1853,28,"gender_agreement","by_session_language","session_4_Mini-Norwegian",4,"Mini-Norwegian",NA,FALSE,"exploratory"
34,0.505141878554846,0.502631247452325,0.533436049250411,0.45273631840796,NA,NA,FALSE,0.528971210202855,200,1853,28,"gender_agreement","by_session_language","session_4_Mini-Norwegian",4,"Mini-Norwegian",NA,FALSE,"exploratory"
38,0.498138758093981,0.50345521857552,0.535157209248807,0.611940298507463,NA,NA,FALSE,0.528971210202855,200,1853,28,"gender_agreement","by_session_language","session_4_Mini-Norwegian",4,"Mini-Norwegian",NA,FALSE,"exploratory"
42,0.496260216335921,0.501579863316223,0.534744670665678,0.661691542288557,NA,NA,FALSE,0.528971210202855,200,1853,28,"gender_agreement","by_session_language","session_4_Mini-Norwegian",4,"Mini-Norwegian",NA,FALSE,"exploratory"
46,0.474288932077446,0.500140849372937,0.530668287854162,0.930348258706468,NA,NA,FALSE,0.528971210202855,200,1853,28,"gender_agreement","by_session_language","session_4_Mini-Norwegian",4,"Mini-Norwegian",NA,FALSE,"exploratory"
50,0.47815695033893,0.499386851105235,0.535238578841274,0.865671641791045,NA,NA,FALSE,0.528971210202855,200,1853,28,"gender_agreement","by_session_language","session_4_Mini-Norwegian",4,"Mini-Norwegian",NA,FALSE,"exploratory"
54,0.473755733749514,0.499671250649781,0.532470038008113,0.890547263681592,NA,NA,FALSE,0.528971210202855,200,1853,28,"gender_agreement","by_session_language","session_4_Mini-Norwegian",4,"Mini-Norwegian",NA,FALSE,"exploratory"
58,0.48597076717415,0.499597462731681,0.531623122077351,0.776119402985075,NA,NA,FALSE,0.528971210202855,200,1853,28,"gender_agreement","by_session_language","session_4_Mini-Norwegian",4,"Mini-Norwegian",NA,FALSE,"exploratory"
62,0.488511359646839,0.499483492956094,0.532824816144524,0.746268656716418,NA,NA,FALSE,0.528971210202855,200,1853,28,"gender_agreement","by_session_language","session_4_Mini-Norwegian",4,"Mini-Norwegian",NA,FALSE,"exploratory"
66,0.517436243067999,0.499437205402278,0.535949815978143,0.17910447761194,NA,NA,FALSE,0.528971210202855,200,1853,28,"gender_agreement","by_session_language","session_4_Mini-Norwegian",4,"Mini-Norwegian",NA,FALSE,"exploratory"
70,0.523121825446001,0.499006577714015,0.534928607324377,0.0995024875621891,NA,NA,FALSE,0.528971210202855,200,1853,28,"gender_agreement","by_session_language","session_4_Mini-Norwegian",4,"Mini-Norwegian",NA,FALSE,"exploratory"
74,0.518321674540163,0.499094331685566,0.538848213680064,0.124378109452736,NA,NA,FALSE,0.528971210202855,200,1853,28,"gender_agreement","by_session_language","session_4_Mini-Norwegian",4,"Mini-Norwegian",NA,FALSE,"exploratory"
78,0.509226898171979,0.499999240105544,0.530270438782752,0.323383084577114,NA,NA,FALSE,0.528971210202855,200,1853,28,"gender_agreement","by_session_language","session_4_Mini-Norwegian",4,"Mini-Norwegian",NA,FALSE,"exploratory"
82,0.466712053134414,0.500718394373854,0.531347618565491,0.975124378109453,NA,NA,FALSE,0.528971210202855,200,1853,28,"gender_agreement","by_session_language","session_4_Mini-Norwegian",4,"Mini-Norwegian",NA,FALSE,"exploratory"
86,0.463885525133547,0.500568187551528,0.532708447608449,0.975124378109453,NA,NA,FALSE,0.528971210202855,200,1853,28,"gender_agreement","by_session_language","session_4_Mini-Norwegian",4,"Mini-Norwegian",NA,FALSE,"exploratory"
90,0.472868830180275,0.500703416479165,0.532106289352545,0.935323383084577,NA,NA,FALSE,0.528971210202855,200,1853,28,"gender_agreement","by_session_language","session_4_Mini-Norwegian",4,"Mini-Norwegian",NA,FALSE,"exploratory"
94,0.479376758054482,0.500816695624236,0.533898754516572,0.90547263681592,NA,NA,FALSE,0.528971210202855,200,1853,28,"gender_agreement","by_session_language","session_4_Mini-Norwegian",4,"Mini-Norwegian",NA,FALSE,"exploratory"
98,0.489022168535617,0.498891550791936,0.531494255701969,0.73134328358209,NA,NA,FALSE,0.528971210202855,200,1853,28,"gender_agreement","by_session_language","session_4_Mini-Norwegian",4,"Mini-Norwegian",NA,FALSE,"exploratory"
102,0.497284668389603,0.498523340687136,0.532498248435428,0.552238805970149,NA,NA,FALSE,0.528971210202855,200,1853,28,"gender_agreement","by_session_language","session_4_Mini-Norwegian",4,"Mini-Norwegian",NA,FALSE,"exploratory"
106,0.498726036460071,0.498237887360483,0.536185625826069,0.497512437810945,NA,NA,FALSE,0.528971210202855,200,1853,28,"gender_agreement","by_session_language","session_4_Mini-Norwegian",4,"Mini-Norwegian",NA,FALSE,"exploratory"
110,0.495311439519316,0.49919384931084,0.536006388701844,0.54726368159204,NA,NA,FALSE,0.528971210202855,200,1853,28,"gender_agreement","by_session_language","session_4_Mini-Norwegian",4,"Mini-Norwegian",NA,FALSE,"exploratory"
114,0.485872527721813,0.500489511309761,0.540337608669968,0.766169154228856,NA,NA,FALSE,0.528971210202855,200,1853,28,"gender_agreement","by_session_language","session_4_Mini-Norwegian",4,"Mini-Norwegian",NA,FALSE,"exploratory"
118,0.487431088713993,0.500025699151456,0.538335422368702,0.746268656716418,NA,NA,FALSE,0.528971210202855,200,1853,28,"gender_agreement","by_session_language","session_4_Mini-Norwegian",4,"Mini-Norwegian",NA,FALSE,"exploratory"
122,0.488316835384336,0.499056448854741,0.534227549189487,0.741293532338308,NA,NA,FALSE,0.528971210202855,200,1853,28,"gender_agreement","by_session_language","session_4_Mini-Norwegian",4,"Mini-Norwegian",NA,FALSE,"exploratory"
126,0.490080627168503,0.498868518193585,0.533600731981413,0.63681592039801,NA,NA,FALSE,0.528971210202855,200,1853,28,"gender_agreement","by_session_language","session_4_Mini-Norwegian",4,"Mini-Norwegian",NA,FALSE,"exploratory"
130,0.493952142813201,0.499001957020121,0.537224681813116,0.621890547263682,NA,NA,FALSE,0.528971210202855,200,1853,28,"gender_agreement","by_session_language","session_4_Mini-Norwegian",4,"Mini-Norwegian",NA,FALSE,"exploratory"
134,0.493170663688055,0.499444105195812,0.537995470644325,0.616915422885572,NA,NA,FALSE,0.528971210202855,200,1853,28,"gender_agreement","by_session_language","session_4_Mini-Norwegian",4,"Mini-Norwegian",NA,FALSE,"exploratory"
138,0.507781562301805,0.500840742830255,0.53637461048241,0.373134328358209,NA,NA,FALSE,0.528971210202855,200,1853,28,"gender_agreement","by_session_language","session_4_Mini-Norwegian",4,"Mini-Norwegian",NA,FALSE,"exploratory"
142,0.513919415464303,0.500157624765393,0.531254264401472,0.243781094527363,NA,NA,FALSE,0.528971210202855,200,1853,28,"gender_agreement","by_session_language","session_4_Mini-Norwegian",4,"Mini-Norwegian",NA,FALSE,"exploratory"
146,0.526187240544217,0.499963684100135,0.532690719870054,0.0646766169154229,NA,NA,FALSE,0.528971210202855,200,1853,28,"gender_agreement","by_session_language","session_4_Mini-Norwegian",4,"Mini-Norwegian",NA,FALSE,"exploratory"
150,0.528079626574883,0.499159395185817,0.528474300286233,0.0348258706467662,NA,NA,FALSE,0.528971210202855,200,1853,28,"gender_agreement","by_session_language","session_4_Mini-Norwegian",4,"Mini-Norwegian",NA,FALSE,"exploratory"
154,0.517584592914677,0.499517981485419,0.530153099896728,0.149253731343284,NA,NA,FALSE,0.528971210202855,200,1853,28,"gender_agreement","by_session_language","session_4_Mini-Norwegian",4,"Mini-Norwegian",NA,FALSE,"exploratory"
158,0.517320073779851,0.499247363122913,0.535763418101542,0.164179104477612,NA,NA,FALSE,0.528971210202855,200,1853,28,"gender_agreement","by_session_language","session_4_Mini-Norwegian",4,"Mini-Norwegian",NA,FALSE,"exploratory"
162,0.512018308524845,0.499082123453218,0.533774771372428,0.233830845771144,NA,NA,FALSE,0.528971210202855,200,1853,28,"gender_agreement","by_session_language","session_4_Mini-Norwegian",4,"Mini-Norwegian",NA,FALSE,"exploratory"
166,0.520495042626337,0.49877573450853,0.530664850794799,0.109452736318408,NA,NA,FALSE,0.528971210202855,200,1853,28,"gender_agreement","by_session_language","session_4_Mini-Norwegian",4,"Mini-Norwegian",NA,FALSE,"exploratory"
170,0.522208612675427,0.499307705949292,0.533745207311589,0.114427860696517,NA,NA,FALSE,0.528971210202855,200,1853,28,"gender_agreement","by_session_language","session_4_Mini-Norwegian",4,"Mini-Norwegian",NA,FALSE,"exploratory"
174,0.520227659299205,0.49859970844604,0.533268216702916,0.139303482587065,NA,NA,FALSE,0.528971210202855,200,1853,28,"gender_agreement","by_session_language","session_4_Mini-Norwegian",4,"Mini-Norwegian",NA,FALSE,"exploratory"
178,0.514276089837706,0.498351258488017,0.533029213692859,0.208955223880597,NA,NA,FALSE,0.528971210202855,200,1853,28,"gender_agreement","by_session_language","session_4_Mini-Norwegian",4,"Mini-Norwegian",NA,FALSE,"exploratory"
182,0.505166456557053,0.499071505774039,0.530954898855184,0.383084577114428,NA,NA,FALSE,0.528971210202855,200,1853,28,"gender_agreement","by_session_language","session_4_Mini-Norwegian",4,"Mini-Norwegian",NA,FALSE,"exploratory"
186,0.491176619367936,0.500147607666981,0.530270147412807,0.681592039800995,NA,NA,FALSE,0.528971210202855,200,1853,28,"gender_agreement","by_session_language","session_4_Mini-Norwegian",4,"Mini-Norwegian",NA,FALSE,"exploratory"
190,0.463441334436723,0.499565857158261,0.531120667186687,0.970149253731343,NA,NA,FALSE,0.528971210202855,200,1853,28,"gender_agreement","by_session_language","session_4_Mini-Norwegian",4,"Mini-Norwegian",NA,FALSE,"exploratory"
194,0.484106456524531,0.500179922025452,0.533440221949659,0.845771144278607,NA,NA,FALSE,0.528971210202855,200,1853,28,"gender_agreement","by_session_language","session_4_Mini-Norwegian",4,"Mini-Norwegian",NA,FALSE,"exploratory"
198,0.493601673813709,0.500700204620042,0.534058737794448,0.631840796019901,NA,NA,FALSE,0.528971210202855,200,1853,28,"gender_agreement","by_session_language","session_4_Mini-Norwegian",4,"Mini-Norwegian",NA,FALSE,"exploratory"
202,0.497126130125124,0.500583482446937,0.536158336690766,0.562189054726368,NA,NA,FALSE,0.528971210202855,200,1853,28,"gender_agreement","by_session_language","session_4_Mini-Norwegian",4,"Mini-Norwegian",NA,FALSE,"exploratory"
206,0.487323387412726,0.500163369873266,0.53645802825445,0.751243781094527,NA,NA,FALSE,0.528971210202855,200,1853,28,"gender_agreement","by_session_language","session_4_Mini-Norwegian",4,"Mini-Norwegian",NA,FALSE,"exploratory"
210,0.487886933663734,0.499741440782329,0.53604105059203,0.741293532338308,NA,NA,FALSE,0.528971210202855,200,1853,28,"gender_agreement","by_session_language","session_4_Mini-Norwegian",4,"Mini-Norwegian",NA,FALSE,"exploratory"
214,0.50088456268267,0.499966736807706,0.533517695930785,0.447761194029851,NA,NA,FALSE,0.528971210202855,200,1853,28,"gender_agreement","by_session_language","session_4_Mini-Norwegian",4,"Mini-Norwegian",NA,FALSE,"exploratory"
218,0.516308914745355,0.500419385099004,0.533852711349754,0.18407960199005,NA,NA,FALSE,0.528971210202855,200,1853,28,"gender_agreement","by_session_language","session_4_Mini-Norwegian",4,"Mini-Norwegian",NA,FALSE,"exploratory"
222,0.512957813810419,0.500763552221742,0.536970670206315,0.213930348258706,NA,NA,FALSE,0.528971210202855,200,1853,28,"gender_agreement","by_session_language","session_4_Mini-Norwegian",4,"Mini-Norwegian",NA,FALSE,"exploratory"
226,0.511154452599515,0.501270009917785,0.533497958294743,0.283582089552239,NA,NA,FALSE,0.528971210202855,200,1853,28,"gender_agreement","by_session_language","session_4_Mini-Norwegian",4,"Mini-Norwegian",NA,FALSE,"exploratory"
230,0.523009505702657,0.502004004678867,0.537000977521381,0.119402985074627,NA,NA,FALSE,0.528971210202855,200,1853,28,"gender_agreement","by_session_language","session_4_Mini-Norwegian",4,"Mini-Norwegian",NA,FALSE,"exploratory"
234,0.520440649854516,0.501366329757645,0.536694337461504,0.154228855721393,NA,NA,FALSE,0.528971210202855,200,1853,28,"gender_agreement","by_session_language","session_4_Mini-Norwegian",4,"Mini-Norwegian",NA,FALSE,"exploratory"
238,0.521097712567131,0.501218032864681,0.533544153536993,0.144278606965174,NA,NA,FALSE,0.528971210202855,200,1853,28,"gender_agreement","by_session_language","session_4_Mini-Norwegian",4,"Mini-Norwegian",NA,FALSE,"exploratory"
242,0.507902182612525,0.501410771093547,0.531398166840454,0.393034825870647,NA,NA,FALSE,0.528971210202855,200,1853,28,"gender_agreement","by_session_language","session_4_Mini-Norwegian",4,"Mini-Norwegian",NA,FALSE,"exploratory"
246,0.496487748158485,0.500258942476017,0.533192644630714,0.606965174129353,NA,NA,FALSE,0.528971210202855,200,1853,28,"gender_agreement","by_session_language","session_4_Mini-Norwegian",4,"Mini-Norwegian",NA,FALSE,"exploratory"
250,0.487343632104863,0.49974609486453,0.533737425526053,0.771144278606965,NA,NA,FALSE,0.528971210202855,200,1853,28,"gender_agreement","by_session_language","session_4_Mini-Norwegian",4,"Mini-Norwegian",NA,FALSE,"exploratory"
254,0.493366251275302,0.498945774936135,0.532194546148678,0.626865671641791,NA,NA,FALSE,0.528971210202855,200,1853,28,"gender_agreement","by_session_language","session_4_Mini-Norwegian",4,"Mini-Norwegian",NA,FALSE,"exploratory"
258,0.495680047518324,0.498912054994504,0.529203814548188,0.572139303482587,NA,NA,FALSE,0.528971210202855,200,1853,28,"gender_agreement","by_session_language","session_4_Mini-Norwegian",4,"Mini-Norwegian",NA,FALSE,"exploratory"
262,0.495846338326884,0.49905766390054,0.530551850541941,0.572139303482587,NA,NA,FALSE,0.528971210202855,200,1853,28,"gender_agreement","by_session_language","session_4_Mini-Norwegian",4,"Mini-Norwegian",NA,FALSE,"exploratory"
266,0.492996251362063,0.499038861383672,0.5302911784039,0.63681592039801,NA,NA,FALSE,0.528971210202855,200,1853,28,"gender_agreement","by_session_language","session_4_Mini-Norwegian",4,"Mini-Norwegian",NA,FALSE,"exploratory"
270,0.491142086866915,0.499899002746844,0.531778014971798,0.706467661691542,NA,NA,FALSE,0.528971210202855,200,1853,28,"gender_agreement","by_session_language","session_4_Mini-Norwegian",4,"Mini-Norwegian",NA,FALSE,"exploratory"
274,0.484709464913114,0.498714533570357,0.527306243371261,0.796019900497512,NA,NA,FALSE,0.528971210202855,200,1853,28,"gender_agreement","by_session_language","session_4_Mini-Norwegian",4,"Mini-Norwegian",NA,FALSE,"exploratory"
278,0.495384058091748,0.497245413994309,0.528744956359936,0.577114427860697,NA,NA,FALSE,0.528971210202855,200,1853,28,"gender_agreement","by_session_language","session_4_Mini-Norwegian",4,"Mini-Norwegian",NA,FALSE,"exploratory"
282,0.498734136015228,0.497100034124388,0.529249868125748,0.492537313432836,NA,NA,FALSE,0.528971210202855,200,1853,28,"gender_agreement","by_session_language","session_4_Mini-Norwegian",4,"Mini-Norwegian",NA,FALSE,"exploratory"
286,0.49417749996542,0.497735229270289,0.529806186926499,0.587064676616915,NA,NA,FALSE,0.528971210202855,200,1853,28,"gender_agreement","by_session_language","session_4_Mini-Norwegian",4,"Mini-Norwegian",NA,FALSE,"exploratory"
290,0.501249640607715,0.498538977601453,0.53801014126049,0.45771144278607,NA,NA,FALSE,0.528971210202855,200,1853,28,"gender_agreement","by_session_language","session_4_Mini-Norwegian",4,"Mini-Norwegian",NA,FALSE,"exploratory"
294,0.500959407801512,0.498860511275655,0.532718373827178,0.45273631840796,NA,NA,FALSE,0.528971210202855,200,1853,28,"gender_agreement","by_session_language","session_4_Mini-Norwegian",4,"Mini-Norwegian",NA,FALSE,"exploratory"
298,0.513942743586462,0.499453688263171,0.536055638852708,0.203980099502488,NA,NA,FALSE,0.528971210202855,200,1853,28,"gender_agreement","by_session_language","session_4_Mini-Norwegian",4,"Mini-Norwegian",NA,FALSE,"exploratory"
302,0.515386932057034,0.499818557503419,0.53695155574891,0.189054726368159,NA,NA,FALSE,0.528971210202855,200,1853,28,"gender_agreement","by_session_language","session_4_Mini-Norwegian",4,"Mini-Norwegian",NA,FALSE,"exploratory"
306,0.509336187371636,0.50091591494615,0.538343018731521,0.313432835820896,NA,NA,FALSE,0.528971210202855,200,1853,28,"gender_agreement","by_session_language","session_4_Mini-Norwegian",4,"Mini-Norwegian",NA,FALSE,"exploratory"
310,0.49965234482482,0.50021205110845,0.542697711230107,0.507462686567164,NA,NA,FALSE,0.528971210202855,200,1853,28,"gender_agreement","by_session_language","session_4_Mini-Norwegian",4,"Mini-Norwegian",NA,FALSE,"exploratory"
314,0.507518242172042,0.499454193660829,0.533054032610677,0.323383084577114,NA,NA,FALSE,0.528971210202855,200,1853,28,"gender_agreement","by_session_language","session_4_Mini-Norwegian",4,"Mini-Norwegian",NA,FALSE,"exploratory"
318,0.515278322188563,0.498773858781844,0.532051849321796,0.164179104477612,NA,NA,FALSE,0.528971210202855,200,1853,28,"gender_agreement","by_session_language","session_4_Mini-Norwegian",4,"Mini-Norwegian",NA,FALSE,"exploratory"
322,0.512048532700433,0.499291618805007,0.533864291073687,0.26865671641791,NA,NA,FALSE,0.528971210202855,200,1853,28,"gender_agreement","by_session_language","session_4_Mini-Norwegian",4,"Mini-Norwegian",NA,FALSE,"exploratory"
326,0.505942506379223,0.500015010024653,0.534624604023121,0.417910447761194,NA,NA,FALSE,0.528971210202855,200,1853,28,"gender_agreement","by_session_language","session_4_Mini-Norwegian",4,"Mini-Norwegian",NA,FALSE,"exploratory"
330,0.505114900529527,0.49957955926841,0.53478447758678,0.373134328358209,NA,NA,FALSE,0.528971210202855,200,1853,28,"gender_agreement","by_session_language","session_4_Mini-Norwegian",4,"Mini-Norwegian",NA,FALSE,"exploratory"
334,0.506813473202378,0.498832035717392,0.531551819765977,0.36318407960199,NA,NA,FALSE,0.528971210202855,200,1853,28,"gender_agreement","by_session_language","session_4_Mini-Norwegian",4,"Mini-Norwegian",NA,FALSE,"exploratory"
338,0.501657530235997,0.498746464723913,0.530075845426286,0.447761194029851,NA,NA,FALSE,0.528971210202855,200,1853,28,"gender_agreement","by_session_language","session_4_Mini-Norwegian",4,"Mini-Norwegian",NA,FALSE,"exploratory"
342,0.502977381456935,0.499076119314095,0.530158577972876,0.417910447761194,NA,NA,FALSE,0.528971210202855,200,1853,28,"gender_agreement","by_session_language","session_4_Mini-Norwegian",4,"Mini-Norwegian",NA,FALSE,"exploratory"
346,0.493945511874903,0.500630617564272,0.53823663265414,0.641791044776119,NA,NA,FALSE,0.528971210202855,200,1853,28,"gender_agreement","by_session_language","session_4_Mini-Norwegian",4,"Mini-Norwegian",NA,FALSE,"exploratory"
350,0.497822194485375,0.500813598496487,0.535058294122632,0.572139303482587,NA,NA,FALSE,0.528971210202855,200,1853,28,"gender_agreement","by_session_language","session_4_Mini-Norwegian",4,"Mini-Norwegian",NA,FALSE,"exploratory"
354,0.507118237215868,0.500290648079235,0.530420685895604,0.328358208955224,NA,NA,FALSE,0.528971210202855,200,1853,28,"gender_agreement","by_session_language","session_4_Mini-Norwegian",4,"Mini-Norwegian",NA,FALSE,"exploratory"
358,0.517394557020393,0.500257152667996,0.530773688738385,0.208955223880597,NA,NA,FALSE,0.528971210202855,200,1853,28,"gender_agreement","by_session_language","session_4_Mini-Norwegian",4,"Mini-Norwegian",NA,FALSE,"exploratory"
362,0.50766549040562,0.499853001954951,0.531212736080155,0.373134328358209,NA,NA,FALSE,0.528971210202855,200,1853,28,"gender_agreement","by_session_language","session_4_Mini-Norwegian",4,"Mini-Norwegian",NA,FALSE,"exploratory"
366,0.502103498661301,0.50020626160154,0.533622823013265,0.467661691542289,NA,NA,FALSE,0.528971210202855,200,1853,28,"gender_agreement","by_session_language","session_4_Mini-Norwegian",4,"Mini-Norwegian",NA,FALSE,"exploratory"
370,0.507124804532053,0.500118720031094,0.532273766047632,0.407960199004975,NA,NA,FALSE,0.528971210202855,200,1853,28,"gender_agreement","by_session_language","session_4_Mini-Norwegian",4,"Mini-Norwegian",NA,FALSE,"exploratory"
374,0.505646628945743,0.500140593166416,0.534776237454282,0.388059701492537,NA,NA,FALSE,0.528971210202855,200,1853,28,"gender_agreement","by_session_language","session_4_Mini-Norwegian",4,"Mini-Norwegian",NA,FALSE,"exploratory"
378,0.525297433631442,0.499892321099049,0.53642489587387,0.0796019900497512,NA,NA,FALSE,0.528971210202855,200,1853,28,"gender_agreement","by_session_language","session_4_Mini-Norwegian",4,"Mini-Norwegian",NA,FALSE,"exploratory"
382,0.525874927014706,0.499630519874673,0.532802005712595,0.0497512437810945,NA,NA,FALSE,0.528971210202855,200,1853,28,"gender_agreement","by_session_language","session_4_Mini-Norwegian",4,"Mini-Norwegian",NA,FALSE,"exploratory"
386,0.520216223130901,0.499063502190967,0.534186791199595,0.0995024875621891,NA,NA,FALSE,0.528971210202855,200,1853,28,"gender_agreement","by_session_language","session_4_Mini-Norwegian",4,"Mini-Norwegian",NA,FALSE,"exploratory"
390,0.516122145602645,0.500251931358989,0.533709546239493,0.194029850746269,NA,NA,FALSE,0.528971210202855,200,1853,28,"gender_agreement","by_session_language","session_4_Mini-Norwegian",4,"Mini-Norwegian",NA,FALSE,"exploratory"
394,0.509984309015615,0.499562941640335,0.532288605167339,0.298507462686567,NA,NA,FALSE,0.528971210202855,200,1853,28,"gender_agreement","by_session_language","session_4_Mini-Norwegian",4,"Mini-Norwegian",NA,FALSE,"exploratory"
398,0.508095870606627,0.498595899460274,0.530461983129438,0.308457711442786,NA,NA,FALSE,0.528971210202855,200,1853,28,"gender_agreement","by_session_language","session_4_Mini-Norwegian",4,"Mini-Norwegian",NA,FALSE,"exploratory"
402,0.508513657816285,0.497640383124907,0.532834942455971,0.283582089552239,NA,NA,FALSE,0.528971210202855,200,1853,28,"gender_agreement","by_session_language","session_4_Mini-Norwegian",4,"Mini-Norwegian",NA,FALSE,"exploratory"
406,0.521124069516556,0.497226822111227,0.533222196177816,0.0796019900497512,NA,NA,FALSE,0.528971210202855,200,1853,28,"gender_agreement","by_session_language","session_4_Mini-Norwegian",4,"Mini-Norwegian",NA,FALSE,"exploratory"
410,0.526410041900575,0.496749635756546,0.530627632208133,0.054726368159204,NA,NA,FALSE,0.528971210202855,200,1853,28,"gender_agreement","by_session_language","session_4_Mini-Norwegian",4,"Mini-Norwegian",NA,FALSE,"exploratory"
414,0.514980120269503,0.497944645858304,0.528958640357752,0.199004975124378,NA,NA,FALSE,0.528971210202855,200,1853,28,"gender_agreement","by_session_language","session_4_Mini-Norwegian",4,"Mini-Norwegian",NA,FALSE,"exploratory"
418,0.512930920307162,0.499184869772808,0.530434194728129,0.26865671641791,NA,NA,FALSE,0.528971210202855,200,1853,28,"gender_agreement","by_session_language","session_4_Mini-Norwegian",4,"Mini-Norwegian",NA,FALSE,"exploratory"
422,0.502875305711102,0.500534257067656,0.533616662865981,0.472636815920398,NA,NA,FALSE,0.528971210202855,200,1853,28,"gender_agreement","by_session_language","session_4_Mini-Norwegian",4,"Mini-Norwegian",NA,FALSE,"exploratory"
426,0.513165461204457,0.500752360644946,0.535375385657128,0.283582089552239,NA,NA,FALSE,0.528971210202855,200,1853,28,"gender_agreement","by_session_language","session_4_Mini-Norwegian",4,"Mini-Norwegian",NA,FALSE,"exploratory"
430,0.523156227875305,0.50057233710709,0.532491317952476,0.119402985074627,NA,NA,FALSE,0.528971210202855,200,1853,28,"gender_agreement","by_session_language","session_4_Mini-Norwegian",4,"Mini-Norwegian",NA,FALSE,"exploratory"
434,0.516595692025975,0.500135607476377,0.532153579270865,0.228855721393035,NA,NA,FALSE,0.528971210202855,200,1853,28,"gender_agreement","by_session_language","session_4_Mini-Norwegian",4,"Mini-Norwegian",NA,FALSE,"exploratory"
438,0.522451444082421,0.500676611334172,0.534843980684783,0.124378109452736,NA,NA,FALSE,0.528971210202855,200,1853,28,"gender_agreement","by_session_language","session_4_Mini-Norwegian",4,"Mini-Norwegian",NA,FALSE,"exploratory"
442,0.506637843806589,0.501884340450063,0.532493451538466,0.398009950248756,NA,NA,FALSE,0.528971210202855,200,1853,28,"gender_agreement","by_session_language","session_4_Mini-Norwegian",4,"Mini-Norwegian",NA,FALSE,"exploratory"
446,0.500507334837473,0.502588767643262,0.534823904853904,0.54228855721393,NA,NA,FALSE,0.528971210202855,200,1853,28,"gender_agreement","by_session_language","session_4_Mini-Norwegian",4,"Mini-Norwegian",NA,FALSE,"exploratory"
450,0.491774515298594,0.500282761875439,0.533974991562577,0.73134328358209,NA,NA,FALSE,0.528971210202855,200,1853,28,"gender_agreement","by_session_language","session_4_Mini-Norwegian",4,"Mini-Norwegian",NA,FALSE,"exploratory"
454,0.485848119951577,0.498783290551671,0.533624932204861,0.761194029850746,NA,NA,FALSE,0.528971210202855,200,1853,28,"gender_agreement","by_session_language","session_4_Mini-Norwegian",4,"Mini-Norwegian",NA,FALSE,"exploratory"
458,0.486121272284606,0.498528928630789,0.534585639640518,0.736318407960199,NA,NA,FALSE,0.528971210202855,200,1853,28,"gender_agreement","by_session_language","session_4_Mini-Norwegian",4,"Mini-Norwegian",NA,FALSE,"exploratory"
462,0.503089162319608,0.498334339050728,0.530570199002147,0.412935323383085,NA,NA,FALSE,0.528971210202855,200,1853,28,"gender_agreement","by_session_language","session_4_Mini-Norwegian",4,"Mini-Norwegian",NA,FALSE,"exploratory"
466,0.511739884357036,0.498550604187479,0.528617808150851,0.223880597014925,NA,NA,FALSE,0.528971210202855,200,1853,28,"gender_agreement","by_session_language","session_4_Mini-Norwegian",4,"Mini-Norwegian",NA,FALSE,"exploratory"
470,0.511289426309505,0.498782811568659,0.530518829560215,0.218905472636816,NA,NA,FALSE,0.528971210202855,200,1853,28,"gender_agreement","by_session_language","session_4_Mini-Norwegian",4,"Mini-Norwegian",NA,FALSE,"exploratory"
474,0.506211090422929,0.499049336486173,0.53041657923046,0.398009950248756,NA,NA,FALSE,0.528971210202855,200,1853,28,"gender_agreement","by_session_language","session_4_Mini-Norwegian",4,"Mini-Norwegian",NA,FALSE,"exploratory"
478,0.513076600027745,0.499450208092004,0.531065545438305,0.248756218905473,NA,NA,FALSE,0.528971210202855,200,1853,28,"gender_agreement","by_session_language","session_4_Mini-Norwegian",4,"Mini-Norwegian",NA,FALSE,"exploratory"
482,0.514607400731367,0.499547556211013,0.529831725896443,0.223880597014925,NA,NA,FALSE,0.528971210202855,200,1853,28,"gender_agreement","by_session_language","session_4_Mini-Norwegian",4,"Mini-Norwegian",NA,FALSE,"exploratory"
486,0.510714232040944,0.498976702081715,0.530144940638068,0.263681592039801,NA,NA,FALSE,0.528971210202855,200,1853,28,"gender_agreement","by_session_language","session_4_Mini-Norwegian",4,"Mini-Norwegian",NA,FALSE,"exploratory"
490,0.505199500978242,0.499184750447639,0.532051404409203,0.373134328358209,NA,NA,FALSE,0.528971210202855,200,1853,28,"gender_agreement","by_session_language","session_4_Mini-Norwegian",4,"Mini-Norwegian",NA,FALSE,"exploratory"
494,0.505982727077803,0.499728926931067,0.53416514616996,0.368159203980099,NA,NA,FALSE,0.528971210202855,200,1853,28,"gender_agreement","by_session_language","session_4_Mini-Norwegian",4,"Mini-Norwegian",NA,FALSE,"exploratory"
498,0.504574734752985,0.500551329297911,0.535569038873664,0.417910447761194,NA,NA,FALSE,0.528971210202855,200,1853,28,"gender_agreement","by_session_language","session_4_Mini-Norwegian",4,"Mini-Norwegian",NA,FALSE,"exploratory"
502,0.507267845819705,0.501262739630871,0.536636461591752,0.398009950248756,NA,NA,FALSE,0.528971210202855,200,1853,28,"gender_agreement","by_session_language","session_4_Mini-Norwegian",4,"Mini-Norwegian",NA,FALSE,"exploratory"
506,0.508602463086895,0.500706133772227,0.533637280294822,0.353233830845771,NA,NA,FALSE,0.528971210202855,200,1853,28,"gender_agreement","by_session_language","session_4_Mini-Norwegian",4,"Mini-Norwegian",NA,FALSE,"exploratory"
510,0.50387108035906,0.500255927241102,0.538242106570586,0.467661691542289,NA,NA,FALSE,0.528971210202855,200,1853,28,"gender_agreement","by_session_language","session_4_Mini-Norwegian",4,"Mini-Norwegian",NA,FALSE,"exploratory"
514,0.493452925644766,0.500667394391728,0.538255882881715,0.671641791044776,NA,NA,FALSE,0.528971210202855,200,1853,28,"gender_agreement","by_session_language","session_4_Mini-Norwegian",4,"Mini-Norwegian",NA,FALSE,"exploratory"
518,0.496391340647776,0.499768448915404,0.537007718103768,0.577114427860697,NA,NA,FALSE,0.528971210202855,200,1853,28,"gender_agreement","by_session_language","session_4_Mini-Norwegian",4,"Mini-Norwegian",NA,FALSE,"exploratory"
522,0.501135203961972,0.500437411819506,0.539300527034745,0.472636815920398,NA,NA,FALSE,0.528971210202855,200,1853,28,"gender_agreement","by_session_language","session_4_Mini-Norwegian",4,"Mini-Norwegian",NA,FALSE,"exploratory"
526,0.509573302033754,0.500965044731498,0.539458670662766,0.313432835820896,NA,NA,FALSE,0.528971210202855,200,1853,28,"gender_agreement","by_session_language","session_4_Mini-Norwegian",4,"Mini-Norwegian",NA,FALSE,"exploratory"
530,0.505488072366027,0.500778807506035,0.537314186011665,0.417910447761194,NA,NA,FALSE,0.528971210202855,200,1853,28,"gender_agreement","by_session_language","session_4_Mini-Norwegian",4,"Mini-Norwegian",NA,FALSE,"exploratory"
534,0.507994137111982,0.500333338159342,0.531626385886498,0.338308457711443,NA,NA,FALSE,0.528971210202855,200,1853,28,"gender_agreement","by_session_language","session_4_Mini-Norwegian",4,"Mini-Norwegian",NA,FALSE,"exploratory"
538,0.496518512161805,0.500277791589097,0.53079497489805,0.601990049751244,NA,NA,FALSE,0.528971210202855,200,1853,28,"gender_agreement","by_session_language","session_4_Mini-Norwegian",4,"Mini-Norwegian",NA,FALSE,"exploratory"
542,0.484865327561234,0.499536541058676,0.53324465020318,0.776119402985075,NA,NA,FALSE,0.528971210202855,200,1853,28,"gender_agreement","by_session_language","session_4_Mini-Norwegian",4,"Mini-Norwegian",NA,FALSE,"exploratory"
546,0.48769268856828,0.499223868489772,0.53277897314714,0.736318407960199,NA,NA,FALSE,0.528971210202855,200,1853,28,"gender_agreement","by_session_language","session_4_Mini-Norwegian",4,"Mini-Norwegian",NA,FALSE,"exploratory"
550,0.497708154023965,0.500448702874667,0.536210737318532,0.587064676616915,NA,NA,FALSE,0.528971210202855,200,1853,28,"gender_agreement","by_session_language","session_4_Mini-Norwegian",4,"Mini-Norwegian",NA,FALSE,"exploratory"
554,0.501360402861553,0.500551965163377,0.532509600446226,0.492537313432836,NA,NA,FALSE,0.528971210202855,200,1853,28,"gender_agreement","by_session_language","session_4_Mini-Norwegian",4,"Mini-Norwegian",NA,FALSE,"exploratory"
558,0.499743263036217,0.500758632309279,0.537543406855476,0.532338308457711,NA,NA,FALSE,0.528971210202855,200,1853,28,"gender_agreement","by_session_language","session_4_Mini-Norwegian",4,"Mini-Norwegian",NA,FALSE,"exploratory"
562,0.505377792307558,0.500474722516676,0.53557041202699,0.383084577114428,NA,NA,FALSE,0.528971210202855,200,1853,28,"gender_agreement","by_session_language","session_4_Mini-Norwegian",4,"Mini-Norwegian",NA,FALSE,"exploratory"
566,0.505977113478396,0.499641665572837,0.532880085860801,0.353233830845771,NA,NA,FALSE,0.528971210202855,200,1853,28,"gender_agreement","by_session_language","session_4_Mini-Norwegian",4,"Mini-Norwegian",NA,FALSE,"exploratory"
570,0.497768898269425,0.49961491028409,0.528823629447671,0.54726368159204,NA,NA,FALSE,0.528971210202855,200,1853,28,"gender_agreement","by_session_language","session_4_Mini-Norwegian",4,"Mini-Norwegian",NA,FALSE,"exploratory"
574,0.48451001059337,0.499465224084084,0.534603742758295,0.810945273631841,NA,NA,FALSE,0.528971210202855,200,1853,28,"gender_agreement","by_session_language","session_4_Mini-Norwegian",4,"Mini-Norwegian",NA,FALSE,"exploratory"
578,0.491237661439999,0.500304333600848,0.536120595141899,0.721393034825871,NA,NA,FALSE,0.528971210202855,200,1853,28,"gender_agreement","by_session_language","session_4_Mini-Norwegian",4,"Mini-Norwegian",NA,FALSE,"exploratory"
582,0.474734162436905,0.500251646618422,0.53543381133097,0.930348258706468,NA,NA,FALSE,0.528971210202855,200,1853,28,"gender_agreement","by_session_language","session_4_Mini-Norwegian",4,"Mini-Norwegian",NA,FALSE,"exploratory"
586,0.489478468875057,0.500113201103589,0.533427172332143,0.716417910447761,NA,NA,FALSE,0.528971210202855,200,1853,28,"gender_agreement","by_session_language","session_4_Mini-Norwegian",4,"Mini-Norwegian",NA,FALSE,"exploratory"
590,0.494162278952623,0.500405387879966,0.533817155826369,0.63681592039801,NA,NA,FALSE,0.528971210202855,200,1853,28,"gender_agreement","by_session_language","session_4_Mini-Norwegian",4,"Mini-Norwegian",NA,FALSE,"exploratory"
594,0.501794873879105,0.499778972220225,0.531232157086334,0.482587064676617,NA,NA,FALSE,0.528971210202855,200,1853,28,"gender_agreement","by_session_language","session_4_Mini-Norwegian",4,"Mini-Norwegian",NA,FALSE,"exploratory"
598,0.496381012104319,0.498915262613846,0.529668670272016,0.601990049751244,NA,NA,FALSE,0.528971210202855,200,1853,28,"gender_agreement","by_session_language","session_4_Mini-Norwegian",4,"Mini-Norwegian",NA,FALSE,"exploratory"
602,0.508160125770555,0.499503248029753,0.533200839894606,0.333333333333333,NA,NA,FALSE,0.528971210202855,200,1853,28,"gender_agreement","by_session_language","session_4_Mini-Norwegian",4,"Mini-Norwegian",NA,FALSE,"exploratory"
606,0.527744977340288,0.499942479816785,0.537259299003635,0.0597014925373134,NA,NA,FALSE,0.528971210202855,200,1853,28,"gender_agreement","by_session_language","session_4_Mini-Norwegian",4,"Mini-Norwegian",NA,FALSE,"exploratory"
610,0.531862665984657,0.499632052383979,0.536355324299872,0.0497512437810945,1,0.835820895522388,FALSE,0.528971210202855,200,1853,28,"gender_agreement","by_session_language","session_4_Mini-Norwegian",4,"Mini-Norwegian",NA,FALSE,"exploratory"
614,0.535464268665796,0.49953438829679,0.537905558952732,0.0348258706467662,1,0.835820895522388,FALSE,0.528971210202855,200,1853,28,"gender_agreement","by_session_language","session_4_Mini-Norwegian",4,"Mini-Norwegian",NA,FALSE,"exploratory"
618,0.527559120305071,0.498134740019941,0.534047435749557,0.054726368159204,NA,NA,FALSE,0.528971210202855,200,1853,28,"gender_agreement","by_session_language","session_4_Mini-Norwegian",4,"Mini-Norwegian",NA,FALSE,"exploratory"
622,0.522030421374994,0.497446052432793,0.523586349810742,0.0597014925373134,NA,NA,FALSE,0.528971210202855,200,1853,28,"gender_agreement","by_session_language","session_4_Mini-Norwegian",4,"Mini-Norwegian",NA,FALSE,"exploratory"
626,0.514206205686381,0.497462843545652,0.530600344399158,0.139303482587065,NA,NA,FALSE,0.528971210202855,200,1853,28,"gender_agreement","by_session_language","session_4_Mini-Norwegian",4,"Mini-Norwegian",NA,FALSE,"exploratory"
630,0.507194977281169,0.49828916074301,0.531329463869853,0.308457711442786,NA,NA,FALSE,0.528971210202855,200,1853,28,"gender_agreement","by_session_language","session_4_Mini-Norwegian",4,"Mini-Norwegian",NA,FALSE,"exploratory"
634,0.500826977977801,0.498598327042759,0.52977854510121,0.467661691542289,NA,NA,FALSE,0.528971210202855,200,1853,28,"gender_agreement","by_session_language","session_4_Mini-Norwegian",4,"Mini-Norwegian",NA,FALSE,"exploratory"
638,0.503200425575826,0.498497760509679,0.534593633622842,0.447761194029851,NA,NA,FALSE,0.528971210202855,200,1853,28,"gender_agreement","by_session_language","session_4_Mini-Norwegian",4,"Mini-Norwegian",NA,FALSE,"exploratory"
642,0.504586740727988,0.498384055949773,0.534659920686313,0.378109452736318,NA,NA,FALSE,0.528971210202855,200,1853,28,"gender_agreement","by_session_language","session_4_Mini-Norwegian",4,"Mini-Norwegian",NA,FALSE,"exploratory"
646,0.50330362342208,0.498857169945059,0.536546010196413,0.393034825870647,NA,NA,FALSE,0.528971210202855,200,1853,28,"gender_agreement","by_session_language","session_4_Mini-Norwegian",4,"Mini-Norwegian",NA,FALSE,"exploratory"
650,0.499030992535329,0.500012507833972,0.532397909479973,0.502487562189055,NA,NA,FALSE,0.528971210202855,200,1853,28,"gender_agreement","by_session_language","session_4_Mini-Norwegian",4,"Mini-Norwegian",NA,FALSE,"exploratory"
654,0.488033939314568,0.50014234335485,0.532639347791086,0.746268656716418,NA,NA,FALSE,0.528971210202855,200,1853,28,"gender_agreement","by_session_language","session_4_Mini-Norwegian",4,"Mini-Norwegian",NA,FALSE,"exploratory"
658,0.489444671210287,0.499978063887505,0.537645309659422,0.716417910447761,NA,NA,FALSE,0.528971210202855,200,1853,28,"gender_agreement","by_session_language","session_4_Mini-Norwegian",4,"Mini-Norwegian",NA,FALSE,"exploratory"
662,0.474042104985199,0.500300455522975,0.535078912477648,0.915422885572139,NA,NA,FALSE,0.528971210202855,200,1853,28,"gender_agreement","by_session_language","session_4_Mini-Norwegian",4,"Mini-Norwegian",NA,FALSE,"exploratory"
666,0.474260153342134,0.500687166254918,0.534768580309024,0.920398009950249,NA,NA,FALSE,0.528971210202855,200,1853,28,"gender_agreement","by_session_language","session_4_Mini-Norwegian",4,"Mini-Norwegian",NA,FALSE,"exploratory"
670,0.4725544103924,0.500226215080891,0.533234054833842,0.91044776119403,NA,NA,FALSE,0.528971210202855,200,1853,28,"gender_agreement","by_session_language","session_4_Mini-Norwegian",4,"Mini-Norwegian",NA,FALSE,"exploratory"
674,0.467671120242059,0.500664481723706,0.538326280267728,0.965174129353234,NA,NA,FALSE,0.528971210202855,200,1853,28,"gender_agreement","by_session_language","session_4_Mini-Norwegian",4,"Mini-Norwegian",NA,FALSE,"exploratory"
678,0.472036598520464,0.500467266979315,0.536942117772029,0.930348258706468,NA,NA,FALSE,0.528971210202855,200,1853,28,"gender_agreement","by_session_language","session_4_Mini-Norwegian",4,"Mini-Norwegian",NA,FALSE,"exploratory"
682,0.480343632025015,0.500733065428388,0.532766241222818,0.845771144278607,NA,NA,FALSE,0.528971210202855,200,1853,28,"gender_agreement","by_session_language","session_4_Mini-Norwegian",4,"Mini-Norwegian",NA,FALSE,"exploratory"
686,0.48654197462001,0.500853190219876,0.530608522547255,0.761194029850746,NA,NA,FALSE,0.528971210202855,200,1853,28,"gender_agreement","by_session_language","session_4_Mini-Norwegian",4,"Mini-Norwegian",NA,FALSE,"exploratory"
690,0.473940094737702,0.50022526545492,0.533923536566115,0.890547263681592,NA,NA,FALSE,0.528971210202855,200,1853,28,"gender_agreement","by_session_language","session_4_Mini-Norwegian",4,"Mini-Norwegian",NA,FALSE,"exploratory"
694,0.475977109834816,0.500098893518519,0.53222940762334,0.900497512437811,NA,NA,FALSE,0.528971210202855,200,1853,28,"gender_agreement","by_session_language","session_4_Mini-Norwegian",4,"Mini-Norwegian",NA,FALSE,"exploratory"
698,0.469946586413858,0.499516211324382,0.533347025918583,0.950248756218905,NA,NA,FALSE,0.528971210202855,200,1853,28,"gender_agreement","by_session_language","session_4_Mini-Norwegian",4,"Mini-Norwegian",NA,FALSE,"exploratory"
702,0.495100374904487,0.499157482589726,0.532456684937183,0.601990049751244,NA,NA,FALSE,0.528971210202855,200,1853,28,"gender_agreement","by_session_language","session_4_Mini-Norwegian",4,"Mini-Norwegian",NA,FALSE,"exploratory"
706,0.514414706885304,0.499103763537818,0.535767527444203,0.189054726368159,NA,NA,FALSE,0.528971210202855,200,1853,28,"gender_agreement","by_session_language","session_4_Mini-Norwegian",4,"Mini-Norwegian",NA,FALSE,"exploratory"
710,0.522137001480055,0.499830241648571,0.535015415205247,0.0945273631840796,NA,NA,FALSE,0.528971210202855,200,1853,28,"gender_agreement","by_session_language","session_4_Mini-Norwegian",4,"Mini-Norwegian",NA,FALSE,"exploratory"
714,0.525825991936191,0.49934469030498,0.531282739361889,0.0497512437810945,NA,NA,FALSE,0.528971210202855,200,1853,28,"gender_agreement","by_session_language","session_4_Mini-Norwegian",4,"Mini-Norwegian",NA,FALSE,"exploratory"
718,0.532862849698393,0.499719247179751,0.529997127627382,0.0248756218905473,2,0.522388059701492,FALSE,0.528971210202855,200,1853,28,"gender_agreement","by_session_language","session_4_Mini-Norwegian",4,"Mini-Norwegian",NA,FALSE,"exploratory"
722,0.543261477884648,0.500050713656331,0.530828777119704,0.00995024875621891,2,0.522388059701492,FALSE,0.528971210202855,200,1853,28,"gender_agreement","by_session_language","session_4_Mini-Norwegian",4,"Mini-Norwegian",NA,FALSE,"exploratory"
726,0.537307910321629,0.500432921789073,0.531922624149176,0.0199004975124378,2,0.522388059701492,FALSE,0.528971210202855,200,1853,28,"gender_agreement","by_session_language","session_4_Mini-Norwegian",4,"Mini-Norwegian",NA,FALSE,"exploratory"
730,0.527557414841371,0.499815519369656,0.535058845403184,0.054726368159204,NA,NA,FALSE,0.528971210202855,200,1853,28,"gender_agreement","by_session_language","session_4_Mini-Norwegian",4,"Mini-Norwegian",NA,FALSE,"exploratory"
734,0.515160164339904,0.500760500286497,0.534009196150628,0.218905472636816,NA,NA,FALSE,0.528971210202855,200,1853,28,"gender_agreement","by_session_language","session_4_Mini-Norwegian",4,"Mini-Norwegian",NA,FALSE,"exploratory"
738,0.512050606399773,0.501305498393135,0.535076435027284,0.313432835820896,NA,NA,FALSE,0.528971210202855,200,1853,28,"gender_agreement","by_session_language","session_4_Mini-Norwegian",4,"Mini-Norwegian",NA,FALSE,"exploratory"
742,0.51345539039532,0.500116193597716,0.531653500580417,0.243781094527363,NA,NA,FALSE,0.528971210202855,200,1853,28,"gender_agreement","by_session_language","session_4_Mini-Norwegian",4,"Mini-Norwegian",NA,FALSE,"exploratory"
746,0.516051299000168,0.500067646068329,0.530517480346015,0.174129353233831,NA,NA,FALSE,0.528971210202855,200,1853,28,"gender_agreement","by_session_language","session_4_Mini-Norwegian",4,"Mini-Norwegian",NA,FALSE,"exploratory"
750,0.496669338029842,0.500395588719717,0.532439188226368,0.626865671641791,NA,NA,FALSE,0.528971210202855,200,1853,28,"gender_agreement","by_session_language","session_4_Mini-Norwegian",4,"Mini-Norwegian",NA,FALSE,"exploratory"
754,0.479514849257119,0.500480810810647,0.533276505547973,0.890547263681592,NA,NA,FALSE,0.528971210202855,200,1853,28,"gender_agreement","by_session_language","session_4_Mini-Norwegian",4,"Mini-Norwegian",NA,FALSE,"exploratory"
758,0.477469259618384,0.501292590332987,0.534845466025381,0.91044776119403,NA,NA,FALSE,0.528971210202855,200,1853,28,"gender_agreement","by_session_language","session_4_Mini-Norwegian",4,"Mini-Norwegian",NA,FALSE,"exploratory"
762,0.477641893660719,0.5013474249794,0.533440926383505,0.920398009950249,NA,NA,FALSE,0.528971210202855,200,1853,28,"gender_agreement","by_session_language","session_4_Mini-Norwegian",4,"Mini-Norwegian",NA,FALSE,"exploratory"
766,0.483944383847918,0.500733810742859,0.53082724348883,0.845771144278607,NA,NA,FALSE,0.528971210202855,200,1853,28,"gender_agreement","by_session_language","session_4_Mini-Norwegian",4,"Mini-Norwegian",NA,FALSE,"exploratory"
770,0.500038646208445,0.500841108180919,0.530965488144558,0.537313432835821,NA,NA,FALSE,0.528971210202855,200,1853,28,"gender_agreement","by_session_language","session_4_Mini-Norwegian",4,"Mini-Norwegian",NA,FALSE,"exploratory"
774,0.504024694592822,0.500258258750206,0.532197892232305,0.437810945273632,NA,NA,FALSE,0.528971210202855,200,1853,28,"gender_agreement","by_session_language","session_4_Mini-Norwegian",4,"Mini-Norwegian",NA,FALSE,"exploratory"
778,0.51892623528793,0.499923275906913,0.533046870440228,0.18407960199005,NA,NA,FALSE,0.528971210202855,200,1853,28,"gender_agreement","by_session_language","session_4_Mini-Norwegian",4,"Mini-Norwegian",NA,FALSE,"exploratory"
782,0.523114719937058,0.499792980307812,0.53510728101205,0.114427860696517,NA,NA,FALSE,0.528971210202855,200,1853,28,"gender_agreement","by_session_language","session_4_Mini-Norwegian",4,"Mini-Norwegian",NA,FALSE,"exploratory"
786,0.523824561859786,0.499972169946463,0.537440503403746,0.104477611940299,NA,NA,FALSE,0.528971210202855,200,1853,28,"gender_agreement","by_session_language","session_4_Mini-Norwegian",4,"Mini-Norwegian",NA,FALSE,"exploratory"
790,0.518186186563928,0.499659168476322,0.533414129070227,0.154228855721393,NA,NA,FALSE,0.528971210202855,200,1853,28,"gender_agreement","by_session_language","session_4_Mini-Norwegian",4,"Mini-Norwegian",NA,FALSE,"exploratory"
794,0.518602677499079,0.499365939185388,0.533016919601026,0.144278606965174,NA,NA,FALSE,0.528971210202855,200,1853,28,"gender_agreement","by_session_language","session_4_Mini-Norwegian",4,"Mini-Norwegian",NA,FALSE,"exploratory"
798,0.515612736376857,0.498204362275549,0.52927378376611,0.213930348258706,NA,NA,FALSE,0.528971210202855,200,1853,28,"gender_agreement","by_session_language","session_4_Mini-Norwegian",4,"Mini-Norwegian",NA,FALSE,"exploratory"
802,0.509918402709079,0.498807282643749,0.530545932074805,0.293532338308458,NA,NA,FALSE,0.528971210202855,200,1853,28,"gender_agreement","by_session_language","session_4_Mini-Norwegian",4,"Mini-Norwegian",NA,FALSE,"exploratory"
806,0.522000284229456,0.499282872094754,0.533381642312329,0.109452736318408,NA,NA,FALSE,0.528971210202855,200,1853,28,"gender_agreement","by_session_language","session_4_Mini-Norwegian",4,"Mini-Norwegian",NA,FALSE,"exploratory"
810,0.526205789060274,0.499422009767915,0.533220030242245,0.0696517412935323,NA,NA,FALSE,0.528971210202855,200,1853,28,"gender_agreement","by_session_language","session_4_Mini-Norwegian",4,"Mini-Norwegian",NA,FALSE,"exploratory"
814,0.51826117649355,0.499316433825258,0.53219401169895,0.159203980099502,NA,NA,FALSE,0.528971210202855,200,1853,28,"gender_agreement","by_session_language","session_4_Mini-Norwegian",4,"Mini-Norwegian",NA,FALSE,"exploratory"
818,0.520352179763927,0.499688945154412,0.533833533711059,0.139303482587065,NA,NA,FALSE,0.528971210202855,200,1853,28,"gender_agreement","by_session_language","session_4_Mini-Norwegian",4,"Mini-Norwegian",NA,FALSE,"exploratory"
822,0.49614252469031,0.500212927670605,0.53531817173833,0.597014925373134,NA,NA,FALSE,0.528971210202855,200,1853,28,"gender_agreement","by_session_language","session_4_Mini-Norwegian",4,"Mini-Norwegian",NA,FALSE,"exploratory"
826,0.489278610657839,0.500709117497805,0.533971701003456,0.736318407960199,NA,NA,FALSE,0.528971210202855,200,1853,28,"gender_agreement","by_session_language","session_4_Mini-Norwegian",4,"Mini-Norwegian",NA,FALSE,"exploratory"
830,0.478519279150146,0.500107967641484,0.534474208494579,0.845771144278607,NA,NA,FALSE,0.528971210202855,200,1853,28,"gender_agreement","by_session_language","session_4_Mini-Norwegian",4,"Mini-Norwegian",NA,FALSE,"exploratory"
834,0.484777355184248,0.49957098697974,0.534528828406752,0.796019900497512,NA,NA,FALSE,0.528971210202855,200,1853,28,"gender_agreement","by_session_language","session_4_Mini-Norwegian",4,"Mini-Norwegian",NA,FALSE,"exploratory"
838,0.485200667719471,0.500259232789711,0.536464886734592,0.781094527363184,NA,NA,FALSE,0.528971210202855,200,1853,28,"gender_agreement","by_session_language","session_4_Mini-Norwegian",4,"Mini-Norwegian",NA,FALSE,"exploratory"
842,0.498697835113858,0.500299312946963,0.534897788430601,0.522388059701492,NA,NA,FALSE,0.528971210202855,200,1853,28,"gender_agreement","by_session_language","session_4_Mini-Norwegian",4,"Mini-Norwegian",NA,FALSE,"exploratory"
846,0.505385883293339,0.499503380678507,0.535615343403755,0.373134328358209,NA,NA,FALSE,0.528971210202855,200,1853,28,"gender_agreement","by_session_language","session_4_Mini-Norwegian",4,"Mini-Norwegian",NA,FALSE,"exploratory"
850,0.516178065695719,0.499739071452298,0.53160757334702,0.199004975124378,NA,NA,FALSE,0.528971210202855,200,1853,28,"gender_agreement","by_session_language","session_4_Mini-Norwegian",4,"Mini-Norwegian",NA,FALSE,"exploratory"
854,0.498686435164017,0.49925542479447,0.534213921092435,0.517412935323383,NA,NA,FALSE,0.528971210202855,200,1853,28,"gender_agreement","by_session_language","session_4_Mini-Norwegian",4,"Mini-Norwegian",NA,FALSE,"exploratory"
858,0.5028848379692,0.499962883820815,0.53762992482295,0.472636815920398,NA,NA,FALSE,0.528971210202855,200,1853,28,"gender_agreement","by_session_language","session_4_Mini-Norwegian",4,"Mini-Norwegian",NA,FALSE,"exploratory"
862,0.500419147440184,0.499458357296662,0.53545702656992,0.502487562189055,NA,NA,FALSE,0.528971210202855,200,1853,28,"gender_agreement","by_session_language","session_4_Mini-Norwegian",4,"Mini-Norwegian",NA,FALSE,"exploratory"
866,0.510564730311401,0.499107173040288,0.532667119140355,0.303482587064677,NA,NA,FALSE,0.528971210202855,200,1853,28,"gender_agreement","by_session_language","session_4_Mini-Norwegian",4,"Mini-Norwegian",NA,FALSE,"exploratory"
870,0.508656488739362,0.499945041823942,0.532052260840257,0.358208955223881,NA,NA,FALSE,0.528971210202855,200,1853,28,"gender_agreement","by_session_language","session_4_Mini-Norwegian",4,"Mini-Norwegian",NA,FALSE,"exploratory"
874,0.509709845018337,0.499769859238228,0.530852766741449,0.26865671641791,NA,NA,FALSE,0.528971210202855,200,1853,28,"gender_agreement","by_session_language","session_4_Mini-Norwegian",4,"Mini-Norwegian",NA,FALSE,"exploratory"
878,0.510810820508381,0.499483182312376,0.5342429986639,0.258706467661692,NA,NA,FALSE,0.528971210202855,200,1853,28,"gender_agreement","by_session_language","session_4_Mini-Norwegian",4,"Mini-Norwegian",NA,FALSE,"exploratory"
882,0.500328207901691,0.499010483593402,0.53236854601253,0.497512437810945,NA,NA,FALSE,0.528971210202855,200,1853,28,"gender_agreement","by_session_language","session_4_Mini-Norwegian",4,"Mini-Norwegian",NA,FALSE,"exploratory"
886,0.489310778686367,0.4990602499258,0.537175683502385,0.676616915422886,NA,NA,FALSE,0.528971210202855,200,1853,28,"gender_agreement","by_session_language","session_4_Mini-Norwegian",4,"Mini-Norwegian",NA,FALSE,"exploratory"
890,0.477574689891966,0.499239094826586,0.532160528727403,0.885572139303483,NA,NA,FALSE,0.528971210202855,200,1853,28,"gender_agreement","by_session_language","session_4_Mini-Norwegian",4,"Mini-Norwegian",NA,FALSE,"exploratory"
894,0.487960890405249,0.499120089051378,0.532847755725645,0.736318407960199,NA,NA,FALSE,0.528971210202855,200,1853,28,"gender_agreement","by_session_language","session_4_Mini-Norwegian",4,"Mini-Norwegian",NA,FALSE,"exploratory"
898,0.500803334321133,0.499891011092024,0.530361880974392,0.502487562189055,NA,NA,FALSE,0.528971210202855,200,1853,28,"gender_agreement","by_session_language","session_4_Mini-Norwegian",4,"Mini-Norwegian",NA,FALSE,"exploratory"
902,0.519204846750332,0.500005900747806,0.531101966657691,0.119402985074627,NA,NA,FALSE,0.528971210202855,200,1853,28,"gender_agreement","by_session_language","session_4_Mini-Norwegian",4,"Mini-Norwegian",NA,FALSE,"exploratory"
906,0.516692454299249,0.499390496785769,0.531990821863714,0.174129353233831,NA,NA,FALSE,0.528971210202855,200,1853,28,"gender_agreement","by_session_language","session_4_Mini-Norwegian",4,"Mini-Norwegian",NA,FALSE,"exploratory"
910,0.513898046334898,0.499571652476991,0.532932100467618,0.189054726368159,NA,NA,FALSE,0.528971210202855,200,1853,28,"gender_agreement","by_session_language","session_4_Mini-Norwegian",4,"Mini-Norwegian",NA,FALSE,"exploratory"
914,0.516588798360492,0.499236979251982,0.532187472004058,0.159203980099502,NA,NA,FALSE,0.528971210202855,200,1853,28,"gender_agreement","by_session_language","session_4_Mini-Norwegian",4,"Mini-Norwegian",NA,FALSE,"exploratory"
918,0.522787623063578,0.499987316407985,0.535168955004422,0.0945273631840796,NA,NA,FALSE,0.528971210202855,200,1853,28,"gender_agreement","by_session_language","session_4_Mini-Norwegian",4,"Mini-Norwegian",NA,FALSE,"exploratory"
922,0.513779656532862,0.49928276258865,0.535547434391323,0.213930348258706,NA,NA,FALSE,0.528971210202855,200,1853,28,"gender_agreement","by_session_language","session_4_Mini-Norwegian",4,"Mini-Norwegian",NA,FALSE,"exploratory"
926,0.520631122777841,0.50017965958578,0.532165748995909,0.134328358208955,NA,NA,FALSE,0.528971210202855,200,1853,28,"gender_agreement","by_session_language","session_4_Mini-Norwegian",4,"Mini-Norwegian",NA,FALSE,"exploratory"
930,0.5135131850852,0.499485972919253,0.531611251015319,0.199004975124378,NA,NA,FALSE,0.528971210202855,200,1853,28,"gender_agreement","by_session_language","session_4_Mini-Norwegian",4,"Mini-Norwegian",NA,FALSE,"exploratory"
934,0.511930319950845,0.500089611375943,0.53308509668027,0.248756218905473,NA,NA,FALSE,0.528971210202855,200,1853,28,"gender_agreement","by_session_language","session_4_Mini-Norwegian",4,"Mini-Norwegian",NA,FALSE,"exploratory"
938,0.506237621112301,0.49898131053994,0.531872959412436,0.373134328358209,NA,NA,FALSE,0.528971210202855,200,1853,28,"gender_agreement","by_session_language","session_4_Mini-Norwegian",4,"Mini-Norwegian",NA,FALSE,"exploratory"
942,0.515783897810099,0.49962645436723,0.532657588905071,0.174129353233831,NA,NA,FALSE,0.528971210202855,200,1853,28,"gender_agreement","by_session_language","session_4_Mini-Norwegian",4,"Mini-Norwegian",NA,FALSE,"exploratory"
946,0.507004208929636,0.499395295899389,0.529079616211711,0.383084577114428,NA,NA,FALSE,0.528971210202855,200,1853,28,"gender_agreement","by_session_language","session_4_Mini-Norwegian",4,"Mini-Norwegian",NA,FALSE,"exploratory"
950,0.510895350223047,0.498667468878695,0.530371708912353,0.26865671641791,NA,NA,FALSE,0.528971210202855,200,1853,28,"gender_agreement","by_session_language","session_4_Mini-Norwegian",4,"Mini-Norwegian",NA,FALSE,"exploratory"
954,0.514053270523753,0.498944515226529,0.5315827298917,0.213930348258706,NA,NA,FALSE,0.528971210202855,200,1853,28,"gender_agreement","by_session_language","session_4_Mini-Norwegian",4,"Mini-Norwegian",NA,FALSE,"exploratory"
958,0.521202443434952,0.499487613688541,0.531364144093988,0.119402985074627,NA,NA,FALSE,0.528971210202855,200,1853,28,"gender_agreement","by_session_language","session_4_Mini-Norwegian",4,"Mini-Norwegian",NA,FALSE,"exploratory"
962,0.516982260336925,0.501363790036954,0.534069709497248,0.17910447761194,NA,NA,FALSE,0.528971210202855,200,1853,28,"gender_agreement","by_session_language","session_4_Mini-Norwegian",4,"Mini-Norwegian",NA,FALSE,"exploratory"
966,0.524312479166509,0.501832876708593,0.537466276375151,0.104477611940299,NA,NA,FALSE,0.528971210202855,200,1853,28,"gender_agreement","by_session_language","session_4_Mini-Norwegian",4,"Mini-Norwegian",NA,FALSE,"exploratory"
970,0.510621648046564,0.501378970160008,0.535015731933594,0.348258706467662,NA,NA,FALSE,0.528971210202855,200,1853,28,"gender_agreement","by_session_language","session_4_Mini-Norwegian",4,"Mini-Norwegian",NA,FALSE,"exploratory"
974,0.517378574720946,0.500446080479132,0.533755677167458,0.194029850746269,NA,NA,FALSE,0.528971210202855,200,1853,28,"gender_agreement","by_session_language","session_4_Mini-Norwegian",4,"Mini-Norwegian",NA,FALSE,"exploratory"
978,0.513885567838474,0.500073703985001,0.532043888300259,0.208955223880597,NA,NA,FALSE,0.528971210202855,200,1853,28,"gender_agreement","by_session_language","session_4_Mini-Norwegian",4,"Mini-Norwegian",NA,FALSE,"exploratory"
982,0.505110707113437,0.500983140964045,0.530937705086462,0.462686567164179,NA,NA,FALSE,0.528971210202855,200,1853,28,"gender_agreement","by_session_language","session_4_Mini-Norwegian",4,"Mini-Norwegian",NA,FALSE,"exploratory"
986,0.505253814703607,0.500205970521546,0.529972305762403,0.412935323383085,NA,NA,FALSE,0.528971210202855,200,1853,28,"gender_agreement","by_session_language","session_4_Mini-Norwegian",4,"Mini-Norwegian",NA,FALSE,"exploratory"
990,0.502067675232412,0.500857987195353,0.528149100997225,0.512437810945274,NA,NA,FALSE,0.528971210202855,200,1853,28,"gender_agreement","by_session_language","session_4_Mini-Norwegian",4,"Mini-Norwegian",NA,FALSE,"exploratory"
994,0.493943057213891,0.500751118842143,0.532899386127958,0.651741293532338,NA,NA,FALSE,0.528971210202855,200,1853,28,"gender_agreement","by_session_language","session_4_Mini-Norwegian",4,"Mini-Norwegian",NA,FALSE,"exploratory"
998,0.493458674927683,0.500549760476354,0.533201598689905,0.666666666666667,NA,NA,FALSE,0.528971210202855,200,1853,28,"gender_agreement","by_session_language","session_4_Mini-Norwegian",4,"Mini-Norwegian",NA,FALSE,"exploratory"
1002,0.486916054100076,0.500336112128507,0.535339873162995,0.771144278606965,NA,NA,FALSE,0.528971210202855,200,1853,28,"gender_agreement","by_session_language","session_4_Mini-Norwegian",4,"Mini-Norwegian",NA,FALSE,"exploratory"
1006,0.486239562957031,0.500212983369379,0.534052449364901,0.781094527363184,NA,NA,FALSE,0.528971210202855,200,1853,28,"gender_agreement","by_session_language","session_4_Mini-Norwegian",4,"Mini-Norwegian",NA,FALSE,"exploratory"
1010,0.489121981239647,0.500131045804686,0.533678998518538,0.736318407960199,NA,NA,FALSE,0.528971210202855,200,1853,28,"gender_agreement","by_session_language","session_4_Mini-Norwegian",4,"Mini-Norwegian",NA,FALSE,"exploratory"
1014,0.493158704966927,0.500199072964546,0.53780606124238,0.661691542288557,NA,NA,FALSE,0.528971210202855,200,1853,28,"gender_agreement","by_session_language","session_4_Mini-Norwegian",4,"Mini-Norwegian",NA,FALSE,"exploratory"
1018,0.503019697079956,0.500802388962865,0.53479066769491,0.467661691542289,NA,NA,FALSE,0.528971210202855,200,1853,28,"gender_agreement","by_session_language","session_4_Mini-Norwegian",4,"Mini-Norwegian",NA,FALSE,"exploratory"
1022,0.511998831841309,0.500664125926929,0.535076736314035,0.308457711442786,NA,NA,FALSE,0.528971210202855,200,1853,28,"gender_agreement","by_session_language","session_4_Mini-Norwegian",4,"Mini-Norwegian",NA,FALSE,"exploratory"
1026,0.513249509156223,0.500102991500165,0.533461222177476,0.253731343283582,NA,NA,FALSE,0.528971210202855,200,1853,28,"gender_agreement","by_session_language","session_4_Mini-Norwegian",4,"Mini-Norwegian",NA,FALSE,"exploratory"
1030,0.502248676937626,0.500215058090635,0.530328462383274,0.462686567164179,NA,NA,FALSE,0.528971210202855,200,1853,28,"gender_agreement","by_session_language","session_4_Mini-Norwegian",4,"Mini-Norwegian",NA,FALSE,"exploratory"
1034,0.497720115498562,0.50112365722423,0.530900028410752,0.572139303482587,NA,NA,FALSE,0.528971210202855,200,1853,28,"gender_agreement","by_session_language","session_4_Mini-Norwegian",4,"Mini-Norwegian",NA,FALSE,"exploratory"
1038,0.503492268444343,0.501344120600726,0.532580120372875,0.487562189054726,NA,NA,FALSE,0.528971210202855,200,1853,28,"gender_agreement","by_session_language","session_4_Mini-Norwegian",4,"Mini-Norwegian",NA,FALSE,"exploratory"
1042,0.492626166492682,0.501096831765803,0.540000697798129,0.721393034825871,NA,NA,FALSE,0.528971210202855,200,1853,28,"gender_agreement","by_session_language","session_4_Mini-Norwegian",4,"Mini-Norwegian",NA,FALSE,"exploratory"
1046,0.490274799813424,0.499451597112322,0.537513573068595,0.676616915422886,NA,NA,FALSE,0.528971210202855,200,1853,28,"gender_agreement","by_session_language","session_4_Mini-Norwegian",4,"Mini-Norwegian",NA,FALSE,"exploratory"
1050,0.508073894126083,0.498900353269288,0.538772169892061,0.313432835820896,NA,NA,FALSE,0.528971210202855,200,1853,28,"gender_agreement","by_session_language","session_4_Mini-Norwegian",4,"Mini-Norwegian",NA,FALSE,"exploratory"
1054,0.515668301637806,0.499043823902614,0.538015520824668,0.189054726368159,NA,NA,FALSE,0.528971210202855,200,1853,28,"gender_agreement","by_session_language","session_4_Mini-Norwegian",4,"Mini-Norwegian",NA,FALSE,"exploratory"
1058,0.5124612057028,0.499507822993073,0.533636159084386,0.253731343283582,NA,NA,FALSE,0.528971210202855,200,1853,28,"gender_agreement","by_session_language","session_4_Mini-Norwegian",4,"Mini-Norwegian",NA,FALSE,"exploratory"
1062,0.494151552729175,0.500064526041449,0.535660671917949,0.626865671641791,NA,NA,FALSE,0.528971210202855,200,1853,28,"gender_agreement","by_session_language","session_4_Mini-Norwegian",4,"Mini-Norwegian",NA,FALSE,"exploratory"
1066,0.489763890974264,0.499387863584086,0.5362455116098,0.711442786069652,NA,NA,FALSE,0.528971210202855,200,1853,28,"gender_agreement","by_session_language","session_4_Mini-Norwegian",4,"Mini-Norwegian",NA,FALSE,"exploratory"
1070,0.483143465260923,0.499432816403882,0.534458789250999,0.805970149253731,NA,NA,FALSE,0.528971210202855,200,1853,28,"gender_agreement","by_session_language","session_4_Mini-Norwegian",4,"Mini-Norwegian",NA,FALSE,"exploratory"
1074,0.474431687147585,0.498869285150099,0.533790741767926,0.890547263681592,NA,NA,FALSE,0.528971210202855,200,1853,28,"gender_agreement","by_session_language","session_4_Mini-Norwegian",4,"Mini-Norwegian",NA,FALSE,"exploratory"
1078,0.477557007123654,0.498836586126398,0.53023931519449,0.865671641791045,NA,NA,FALSE,0.528971210202855,200,1853,28,"gender_agreement","by_session_language","session_4_Mini-Norwegian",4,"Mini-Norwegian",NA,FALSE,"exploratory"
1082,0.483889039203243,0.499669533145693,0.53133198118892,0.796019900497512,NA,NA,FALSE,0.528971210202855,200,1853,28,"gender_agreement","by_session_language","session_4_Mini-Norwegian",4,"Mini-Norwegian",NA,FALSE,"exploratory"
1086,0.492886387965842,0.499818531663639,0.532214347170863,0.63681592039801,NA,NA,FALSE,0.528971210202855,200,1853,28,"gender_agreement","by_session_language","session_4_Mini-Norwegian",4,"Mini-Norwegian",NA,FALSE,"exploratory"
1090,0.500951905799829,0.501086298234972,0.534589131982618,0.527363184079602,NA,NA,FALSE,0.528971210202855,200,1853,28,"gender_agreement","by_session_language","session_4_Mini-Norwegian",4,"Mini-Norwegian",NA,FALSE,"exploratory"
1094,0.497494191190769,0.501019478820098,0.535857363264683,0.587064676616915,NA,NA,FALSE,0.528971210202855,200,1853,28,"gender_agreement","by_session_language","session_4_Mini-Norwegian",4,"Mini-Norwegian",NA,FALSE,"exploratory"
1098,0.497713472768309,0.500580570171402,0.535726024445006,0.54726368159204,NA,NA,FALSE,0.528971210202855,200,1853,28,"gender_agreement","by_session_language","session_4_Mini-Norwegian",4,"Mini-Norwegian",NA,FALSE,"exploratory"
-98,0.490420668482604,0.499464396509089,0.538862091608044,0.666666666666667,NA,NA,FALSE,0.536978477937679,200,1129,18,"gender_agreement","by_session_language","session_6_Mini-English",6,"Mini-English",NA,FALSE,"exploratory"
-94,0.470123692433424,0.499292191093641,0.546752408889239,0.915422885572139,NA,NA,FALSE,0.536978477937679,200,1129,18,"gender_agreement","by_session_language","session_6_Mini-English",6,"Mini-English",NA,FALSE,"exploratory"
-90,0.455932129980141,0.498999060225144,0.543568975280253,0.960199004975124,NA,NA,FALSE,0.536978477937679,200,1129,18,"gender_agreement","by_session_language","session_6_Mini-English",6,"Mini-English",NA,FALSE,"exploratory"
-86,0.47947111839724,0.501080133764094,0.54450933433206,0.830845771144279,NA,NA,FALSE,0.536978477937679,200,1129,18,"gender_agreement","by_session_language","session_6_Mini-English",6,"Mini-English",NA,FALSE,"exploratory"
-82,0.50131915835013,0.502655403286769,0.544069924699343,0.577114427860697,NA,NA,FALSE,0.536978477937679,200,1129,18,"gender_agreement","by_session_language","session_6_Mini-English",6,"Mini-English",NA,FALSE,"exploratory"
-78,0.509772505942003,0.502000744124877,0.543866310924715,0.398009950248756,NA,NA,FALSE,0.536978477937679,200,1129,18,"gender_agreement","by_session_language","session_6_Mini-English",6,"Mini-English",NA,FALSE,"exploratory"
-74,0.513621222291795,0.500278192335228,0.540086846377218,0.298507462686567,NA,NA,FALSE,0.536978477937679,200,1129,18,"gender_agreement","by_session_language","session_6_Mini-English",6,"Mini-English",NA,FALSE,"exploratory"
-70,0.502573107550344,0.499761668496191,0.536996616669551,0.447761194029851,NA,NA,FALSE,0.536978477937679,200,1129,18,"gender_agreement","by_session_language","session_6_Mini-English",6,"Mini-English",NA,FALSE,"exploratory"
-66,0.507128725246677,0.49985487489838,0.541234830781859,0.388059701492537,NA,NA,FALSE,0.536978477937679,200,1129,18,"gender_agreement","by_session_language","session_6_Mini-English",6,"Mini-English",NA,FALSE,"exploratory"
-62,0.502665417479147,0.499082836079178,0.546243375713502,0.432835820895522,NA,NA,FALSE,0.536978477937679,200,1129,18,"gender_agreement","by_session_language","session_6_Mini-English",6,"Mini-English",NA,FALSE,"exploratory"
-58,0.501066090045029,0.499333162881106,0.543638662634929,0.437810945273632,NA,NA,FALSE,0.536978477937679,200,1129,18,"gender_agreement","by_session_language","session_6_Mini-English",6,"Mini-English",NA,FALSE,"exploratory"
-54,0.508313877409304,0.500265500585595,0.545879005333388,0.378109452736318,NA,NA,FALSE,0.536978477937679,200,1129,18,"gender_agreement","by_session_language","session_6_Mini-English",6,"Mini-English",NA,FALSE,"exploratory"
-50,0.493003614945443,0.500503159268541,0.547285015109895,0.656716417910448,NA,NA,FALSE,0.536978477937679,200,1129,18,"gender_agreement","by_session_language","session_6_Mini-English",6,"Mini-English",NA,FALSE,"exploratory"
-46,0.464581440861845,0.49993553925009,0.540123087217277,0.950248756218905,NA,NA,FALSE,0.536978477937679,200,1129,18,"gender_agreement","by_session_language","session_6_Mini-English",6,"Mini-English",NA,FALSE,"exploratory"
-42,0.43655178268689,0.498943687454681,0.540492345522097,0.990049751243781,NA,NA,FALSE,0.536978477937679,200,1129,18,"gender_agreement","by_session_language","session_6_Mini-English",6,"Mini-English",NA,FALSE,"exploratory"
-38,0.451443021801565,0.498257493708267,0.53987145955159,0.960199004975124,NA,NA,FALSE,0.536978477937679,200,1129,18,"gender_agreement","by_session_language","session_6_Mini-English",6,"Mini-English",NA,FALSE,"exploratory"
-34,0.448202095714667,0.498492594954601,0.540238262351892,0.975124378109453,NA,NA,FALSE,0.536978477937679,200,1129,18,"gender_agreement","by_session_language","session_6_Mini-English",6,"Mini-English",NA,FALSE,"exploratory"
-30,0.445904520405855,0.498709723664814,0.539214260428954,0.990049751243781,NA,NA,FALSE,0.536978477937679,200,1129,18,"gender_agreement","by_session_language","session_6_Mini-English",6,"Mini-English",NA,FALSE,"exploratory"
-26,0.475540723688352,0.499614773673763,0.542175059271488,0.860696517412935,NA,NA,FALSE,0.536978477937679,200,1129,18,"gender_agreement","by_session_language","session_6_Mini-English",6,"Mini-English",NA,FALSE,"exploratory"
-22,0.46579141527883,0.499902366526384,0.545556875870787,0.90547263681592,NA,NA,FALSE,0.536978477937679,200,1129,18,"gender_agreement","by_session_language","session_6_Mini-English",6,"Mini-English",NA,FALSE,"exploratory"
-18,0.472932364453352,0.497352906724926,0.550696991472082,0.796019900497512,NA,NA,FALSE,0.536978477937679,200,1129,18,"gender_agreement","by_session_language","session_6_Mini-English",6,"Mini-English",NA,FALSE,"exploratory"
-14,0.502377553704984,0.496431644481038,0.54173210780155,0.427860696517413,NA,NA,FALSE,0.536978477937679,200,1129,18,"gender_agreement","by_session_language","session_6_Mini-English",6,"Mini-English",NA,FALSE,"exploratory"
-10,0.511666976854964,0.496399676851511,0.539936362572636,0.278606965174129,NA,NA,FALSE,0.536978477937679,200,1129,18,"gender_agreement","by_session_language","session_6_Mini-English",6,"Mini-English",NA,FALSE,"exploratory"
-6,0.489571449155737,0.497644437628266,0.539342288801609,0.676616915422886,NA,NA,FALSE,0.536978477937679,200,1129,18,"gender_agreement","by_session_language","session_6_Mini-English",6,"Mini-English",NA,FALSE,"exploratory"
-2,0.481635976146381,0.497619756878458,0.539450115762298,0.771144278606965,NA,NA,FALSE,0.536978477937679,200,1129,18,"gender_agreement","by_session_language","session_6_Mini-English",6,"Mini-English",NA,FALSE,"exploratory"
2,0.494128494728021,0.497262534531047,0.542817843083807,0.522388059701492,NA,NA,FALSE,0.536978477937679,200,1129,18,"gender_agreement","by_session_language","session_6_Mini-English",6,"Mini-English",NA,FALSE,"exploratory"
6,0.502727795842458,0.498861254149297,0.541273682587556,0.447761194029851,NA,NA,FALSE,0.536978477937679,200,1129,18,"gender_agreement","by_session_language","session_6_Mini-English",6,"Mini-English",NA,FALSE,"exploratory"
10,0.522434385082687,0.500512035437451,0.54099326025237,0.17910447761194,NA,NA,FALSE,0.536978477937679,200,1129,18,"gender_agreement","by_session_language","session_6_Mini-English",6,"Mini-English",NA,FALSE,"exploratory"
14,0.530550979693656,0.501508579502795,0.542332269117858,0.114427860696517,NA,NA,FALSE,0.536978477937679,200,1129,18,"gender_agreement","by_session_language","session_6_Mini-English",6,"Mini-English",NA,FALSE,"exploratory"
18,0.534602396262328,0.500414447481759,0.542172210469872,0.0796019900497512,NA,NA,FALSE,0.536978477937679,200,1129,18,"gender_agreement","by_session_language","session_6_Mini-English",6,"Mini-English",NA,FALSE,"exploratory"
22,0.555983111658215,0.500694203628596,0.541954236414404,0.00995024875621891,1,0.587064676616915,FALSE,0.536978477937679,200,1129,18,"gender_agreement","by_session_language","session_6_Mini-English",6,"Mini-English",NA,FALSE,"exploratory"
26,0.548243248678645,0.50156816622247,0.541898750230243,0.0149253731343284,1,0.587064676616915,FALSE,0.536978477937679,200,1129,18,"gender_agreement","by_session_language","session_6_Mini-English",6,"Mini-English",NA,FALSE,"exploratory"
30,0.512848388408228,0.502637831426142,0.54265391916683,0.313432835820896,NA,NA,FALSE,0.536978477937679,200,1129,18,"gender_agreement","by_session_language","session_6_Mini-English",6,"Mini-English",NA,FALSE,"exploratory"
34,0.501955771670607,0.501998201986909,0.544496442344276,0.522388059701492,NA,NA,FALSE,0.536978477937679,200,1129,18,"gender_agreement","by_session_language","session_6_Mini-English",6,"Mini-English",NA,FALSE,"exploratory"
38,0.497410413443277,0.501150541637255,0.548273531018576,0.572139303482587,NA,NA,FALSE,0.536978477937679,200,1129,18,"gender_agreement","by_session_language","session_6_Mini-English",6,"Mini-English",NA,FALSE,"exploratory"
42,0.504622764548336,0.499465876955504,0.544161888216269,0.432835820895522,NA,NA,FALSE,0.536978477937679,200,1129,18,"gender_agreement","by_session_language","session_6_Mini-English",6,"Mini-English",NA,FALSE,"exploratory"
46,0.50591341259188,0.498311950251199,0.547616517001558,0.388059701492537,NA,NA,FALSE,0.536978477937679,200,1129,18,"gender_agreement","by_session_language","session_6_Mini-English",6,"Mini-English",NA,FALSE,"exploratory"
50,0.523933847120395,0.499768920422568,0.54269757858859,0.164179104477612,NA,NA,FALSE,0.536978477937679,200,1129,18,"gender_agreement","by_session_language","session_6_Mini-English",6,"Mini-English",NA,FALSE,"exploratory"
54,0.520501759866899,0.500042074881364,0.539542621052958,0.189054726368159,NA,NA,FALSE,0.536978477937679,200,1129,18,"gender_agreement","by_session_language","session_6_Mini-English",6,"Mini-English",NA,FALSE,"exploratory"
58,0.525115364080304,0.498414548032388,0.536425187301387,0.0995024875621891,NA,NA,FALSE,0.536978477937679,200,1129,18,"gender_agreement","by_session_language","session_6_Mini-English",6,"Mini-English",NA,FALSE,"exploratory"
62,0.525493545696726,0.49911957770128,0.536956747480431,0.119402985074627,NA,NA,FALSE,0.536978477937679,200,1129,18,"gender_agreement","by_session_language","session_6_Mini-English",6,"Mini-English",NA,FALSE,"exploratory"
66,0.526214418220741,0.49998955742171,0.544830889927456,0.109452736318408,NA,NA,FALSE,0.536978477937679,200,1129,18,"gender_agreement","by_session_language","session_6_Mini-English",6,"Mini-English",NA,FALSE,"exploratory"
70,0.521182870273529,0.500290523882056,0.54388816746901,0.18407960199005,NA,NA,FALSE,0.536978477937679,200,1129,18,"gender_agreement","by_session_language","session_6_Mini-English",6,"Mini-English",NA,FALSE,"exploratory"
74,0.511308403723999,0.49978406425857,0.546278281527045,0.333333333333333,NA,NA,FALSE,0.536978477937679,200,1129,18,"gender_agreement","by_session_language","session_6_Mini-English",6,"Mini-English",NA,FALSE,"exploratory"
78,0.491017388395171,0.500634197719435,0.54639944912599,0.686567164179104,NA,NA,FALSE,0.536978477937679,200,1129,18,"gender_agreement","by_session_language","session_6_Mini-English",6,"Mini-English",NA,FALSE,"exploratory"
82,0.480210276197041,0.500641917673386,0.543464985659172,0.810945273631841,NA,NA,FALSE,0.536978477937679,200,1129,18,"gender_agreement","by_session_language","session_6_Mini-English",6,"Mini-English",NA,FALSE,"exploratory"
86,0.472349847000104,0.49844560617827,0.542173277994121,0.860696517412935,NA,NA,FALSE,0.536978477937679,200,1129,18,"gender_agreement","by_session_language","session_6_Mini-English",6,"Mini-English",NA,FALSE,"exploratory"
90,0.510892463372762,0.497753140057469,0.537656606794613,0.293532338308458,NA,NA,FALSE,0.536978477937679,200,1129,18,"gender_agreement","by_session_language","session_6_Mini-English",6,"Mini-English",NA,FALSE,"exploratory"
94,0.511289905897163,0.498348137716044,0.536379075005835,0.298507462686567,NA,NA,FALSE,0.536978477937679,200,1129,18,"gender_agreement","by_session_language","session_6_Mini-English",6,"Mini-English",NA,FALSE,"exploratory"
98,0.501795879720465,0.499425558199758,0.538004796299212,0.492537313432836,NA,NA,FALSE,0.536978477937679,200,1129,18,"gender_agreement","by_session_language","session_6_Mini-English",6,"Mini-English",NA,FALSE,"exploratory"
102,0.487367216999882,0.499519628731384,0.539007976652662,0.746268656716418,NA,NA,FALSE,0.536978477937679,200,1129,18,"gender_agreement","by_session_language","session_6_Mini-English",6,"Mini-English",NA,FALSE,"exploratory"
106,0.506603585202099,0.49977028164267,0.547224896171532,0.402985074626866,NA,NA,FALSE,0.536978477937679,200,1129,18,"gender_agreement","by_session_language","session_6_Mini-English",6,"Mini-English",NA,FALSE,"exploratory"
110,0.527615575225291,0.499286871625701,0.546416274696988,0.134328358208955,NA,NA,FALSE,0.536978477937679,200,1129,18,"gender_agreement","by_session_language","session_6_Mini-English",6,"Mini-English",NA,FALSE,"exploratory"
114,0.521705442014732,0.499190821290237,0.541989198241,0.169154228855721,NA,NA,FALSE,0.536978477937679,200,1129,18,"gender_agreement","by_session_language","session_6_Mini-English",6,"Mini-English",NA,FALSE,"exploratory"
118,0.490661854242502,0.498712085307045,0.540771907781305,0.671641791044776,NA,NA,FALSE,0.536978477937679,200,1129,18,"gender_agreement","by_session_language","session_6_Mini-English",6,"Mini-English",NA,FALSE,"exploratory"
122,0.503618935125738,0.500221045244111,0.544678035709368,0.497512437810945,NA,NA,FALSE,0.536978477937679,200,1129,18,"gender_agreement","by_session_language","session_6_Mini-English",6,"Mini-English",NA,FALSE,"exploratory"
126,0.507843201478617,0.501176471344686,0.548697060190608,0.402985074626866,NA,NA,FALSE,0.536978477937679,200,1129,18,"gender_agreement","by_session_language","session_6_Mini-English",6,"Mini-English",NA,FALSE,"exploratory"
130,0.51499581468316,0.503267660740214,0.552271037271298,0.288557213930348,NA,NA,FALSE,0.536978477937679,200,1129,18,"gender_agreement","by_session_language","session_6_Mini-English",6,"Mini-English",NA,FALSE,"exploratory"
134,0.518073763832007,0.502540956020254,0.546448811153839,0.26865671641791,NA,NA,FALSE,0.536978477937679,200,1129,18,"gender_agreement","by_session_language","session_6_Mini-English",6,"Mini-English",NA,FALSE,"exploratory"
138,0.521372834468284,0.50062126793523,0.548651558269746,0.194029850746269,NA,NA,FALSE,0.536978477937679,200,1129,18,"gender_agreement","by_session_language","session_6_Mini-English",6,"Mini-English",NA,FALSE,"exploratory"
142,0.528526865859462,0.500756023575212,0.542377068003874,0.104477611940299,NA,NA,FALSE,0.536978477937679,200,1129,18,"gender_agreement","by_session_language","session_6_Mini-English",6,"Mini-English",NA,FALSE,"exploratory"
146,0.518084373566585,0.501644135647236,0.542844093511897,0.228855721393035,NA,NA,FALSE,0.536978477937679,200,1129,18,"gender_agreement","by_session_language","session_6_Mini-English",6,"Mini-English",NA,FALSE,"exploratory"
150,0.483830816811297,0.501910868485385,0.549558172376182,0.800995024875622,NA,NA,FALSE,0.536978477937679,200,1129,18,"gender_agreement","by_session_language","session_6_Mini-English",6,"Mini-English",NA,FALSE,"exploratory"
154,0.470454168004177,0.502601994429561,0.549607429629886,0.90547263681592,NA,NA,FALSE,0.536978477937679,200,1129,18,"gender_agreement","by_session_language","session_6_Mini-English",6,"Mini-English",NA,FALSE,"exploratory"
158,0.482177531311749,0.501293049439545,0.549943151850248,0.776119402985075,NA,NA,FALSE,0.536978477937679,200,1129,18,"gender_agreement","by_session_language","session_6_Mini-English",6,"Mini-English",NA,FALSE,"exploratory"
162,0.489204534584309,0.500817192257615,0.547210217721416,0.621890547263682,NA,NA,FALSE,0.536978477937679,200,1129,18,"gender_agreement","by_session_language","session_6_Mini-English",6,"Mini-English",NA,FALSE,"exploratory"
166,0.479623938121992,0.499250050057341,0.541741791905044,0.791044776119403,NA,NA,FALSE,0.536978477937679,200,1129,18,"gender_agreement","by_session_language","session_6_Mini-English",6,"Mini-English",NA,FALSE,"exploratory"
170,0.497442168338862,0.499460608159265,0.53946934041697,0.562189054726368,NA,NA,FALSE,0.536978477937679,200,1129,18,"gender_agreement","by_session_language","session_6_Mini-English",6,"Mini-English",NA,FALSE,"exploratory"
174,0.491138494014752,0.500268111462719,0.535729129650197,0.661691542288557,NA,NA,FALSE,0.536978477937679,200,1129,18,"gender_agreement","by_session_language","session_6_Mini-English",6,"Mini-English",NA,FALSE,"exploratory"
178,0.492557212655093,0.500414341061001,0.544117179353476,0.63681592039801,NA,NA,FALSE,0.536978477937679,200,1129,18,"gender_agreement","by_session_language","session_6_Mini-English",6,"Mini-English",NA,FALSE,"exploratory"
182,0.513903275226072,0.499974764171085,0.54337236513457,0.238805970149254,NA,NA,FALSE,0.536978477937679,200,1129,18,"gender_agreement","by_session_language","session_6_Mini-English",6,"Mini-English",NA,FALSE,"exploratory"
186,0.523008539098619,0.497598721365523,0.53863544306271,0.154228855721393,NA,NA,FALSE,0.536978477937679,200,1129,18,"gender_agreement","by_session_language","session_6_Mini-English",6,"Mini-English",NA,FALSE,"exploratory"
190,0.53913921629762,0.495864749907136,0.537787708909592,0.0248756218905473,2,0.646766169154229,FALSE,0.536978477937679,200,1129,18,"gender_agreement","by_session_language","session_6_Mini-English",6,"Mini-English",NA,FALSE,"exploratory"
194,0.547113450611713,0.496140420079254,0.539199843821571,0.00497512437810945,2,0.646766169154229,FALSE,0.536978477937679,200,1129,18,"gender_agreement","by_session_language","session_6_Mini-English",6,"Mini-English",NA,FALSE,"exploratory"
198,0.543650571848853,0.498456060692629,0.536538882798123,0.00995024875621891,2,0.646766169154229,FALSE,0.536978477937679,200,1129,18,"gender_agreement","by_session_language","session_6_Mini-English",6,"Mini-English",NA,FALSE,"exploratory"
202,0.541402848647309,0.500179856462891,0.541582827386879,0.0348258706467662,2,0.646766169154229,FALSE,0.536978477937679,200,1129,18,"gender_agreement","by_session_language","session_6_Mini-English",6,"Mini-English",NA,FALSE,"exploratory"
206,0.529183823699576,0.500478931152447,0.549001010329876,0.114427860696517,NA,NA,FALSE,0.536978477937679,200,1129,18,"gender_agreement","by_session_language","session_6_Mini-English",6,"Mini-English",NA,FALSE,"exploratory"
210,0.531789218163001,0.500293906762213,0.548424367866574,0.109452736318408,NA,NA,FALSE,0.536978477937679,200,1129,18,"gender_agreement","by_session_language","session_6_Mini-English",6,"Mini-English",NA,FALSE,"exploratory"
214,0.538501831383668,0.500128970105517,0.542027643733045,0.0398009950248756,3,0.840796019900497,FALSE,0.536978477937679,200,1129,18,"gender_agreement","by_session_language","session_6_Mini-English",6,"Mini-English",NA,FALSE,"exploratory"
218,0.545264375023301,0.500995619593381,0.541603484027131,0.0248756218905473,3,0.840796019900497,FALSE,0.536978477937679,200,1129,18,"gender_agreement","by_session_language","session_6_Mini-English",6,"Mini-English",NA,FALSE,"exploratory"
222,0.537078095253732,0.500872382603306,0.547944689911535,0.0447761194029851,3,0.840796019900497,FALSE,0.536978477937679,200,1129,18,"gender_agreement","by_session_language","session_6_Mini-English",6,"Mini-English",NA,FALSE,"exploratory"
226,0.511157641122319,0.500584592286321,0.543843976879156,0.328358208955224,NA,NA,FALSE,0.536978477937679,200,1129,18,"gender_agreement","by_session_language","session_6_Mini-English",6,"Mini-English",NA,FALSE,"exploratory"
230,0.516184488432686,0.500988398056463,0.547870791299733,0.253731343283582,NA,NA,FALSE,0.536978477937679,200,1129,18,"gender_agreement","by_session_language","session_6_Mini-English",6,"Mini-English",NA,FALSE,"exploratory"
234,0.512796286674047,0.502002307650099,0.545035317248744,0.333333333333333,NA,NA,FALSE,0.536978477937679,200,1129,18,"gender_agreement","by_session_language","session_6_Mini-English",6,"Mini-English",NA,FALSE,"exploratory"
238,0.503719794156607,0.501265654225674,0.5449795087081,0.45771144278607,NA,NA,FALSE,0.536978477937679,200,1129,18,"gender_agreement","by_session_language","session_6_Mini-English",6,"Mini-English",NA,FALSE,"exploratory"
242,0.476669485416542,0.500363872526412,0.551616222456546,0.81592039800995,NA,NA,FALSE,0.536978477937679,200,1129,18,"gender_agreement","by_session_language","session_6_Mini-English",6,"Mini-English",NA,FALSE,"exploratory"
246,0.460350622288166,0.499713560383599,0.536741037194641,0.960199004975124,NA,NA,FALSE,0.536978477937679,200,1129,18,"gender_agreement","by_session_language","session_6_Mini-English",6,"Mini-English",NA,FALSE,"exploratory"
250,0.472223027672411,0.500119262454409,0.541919817190428,0.900497512437811,NA,NA,FALSE,0.536978477937679,200,1129,18,"gender_agreement","by_session_language","session_6_Mini-English",6,"Mini-English",NA,FALSE,"exploratory"
254,0.475286398704459,0.499316639910357,0.54401663322834,0.880597014925373,NA,NA,FALSE,0.536978477937679,200,1129,18,"gender_agreement","by_session_language","session_6_Mini-English",6,"Mini-English",NA,FALSE,"exploratory"
258,0.500284569485575,0.49817043032954,0.535164882401763,0.487562189054726,NA,NA,FALSE,0.536978477937679,200,1129,18,"gender_agreement","by_session_language","session_6_Mini-English",6,"Mini-English",NA,FALSE,"exploratory"
262,0.500856982206377,0.49800076611959,0.535351975271212,0.502487562189055,NA,NA,FALSE,0.536978477937679,200,1129,18,"gender_agreement","by_session_language","session_6_Mini-English",6,"Mini-English",NA,FALSE,"exploratory"
266,0.501727751116036,0.498558851635216,0.542030588587322,0.472636815920398,NA,NA,FALSE,0.536978477937679,200,1129,18,"gender_agreement","by_session_language","session_6_Mini-English",6,"Mini-English",NA,FALSE,"exploratory"
270,0.492710822910559,0.498105416262782,0.539306682682409,0.54726368159204,NA,NA,FALSE,0.536978477937679,200,1129,18,"gender_agreement","by_session_language","session_6_Mini-English",6,"Mini-English",NA,FALSE,"exploratory"
274,0.49934785170414,0.498940484341499,0.543352111730905,0.487562189054726,NA,NA,FALSE,0.536978477937679,200,1129,18,"gender_agreement","by_session_language","session_6_Mini-English",6,"Mini-English",NA,FALSE,"exploratory"
278,0.494863128680945,0.50060548826615,0.543953634889266,0.582089552238806,NA,NA,FALSE,0.536978477937679,200,1129,18,"gender_agreement","by_session_language","session_6_Mini-English",6,"Mini-English",NA,FALSE,"exploratory"
282,0.489691700827547,0.500283845487983,0.547465158348593,0.63681592039801,NA,NA,FALSE,0.536978477937679,200,1129,18,"gender_agreement","by_session_language","session_6_Mini-English",6,"Mini-English",NA,FALSE,"exploratory"
286,0.480992945950363,0.500198032002851,0.547745573926797,0.781094527363184,NA,NA,FALSE,0.536978477937679,200,1129,18,"gender_agreement","by_session_language","session_6_Mini-English",6,"Mini-English",NA,FALSE,"exploratory"
290,0.470696700527412,0.500011429214869,0.547065940562769,0.875621890547264,NA,NA,FALSE,0.536978477937679,200,1129,18,"gender_agreement","by_session_language","session_6_Mini-English",6,"Mini-English",NA,FALSE,"exploratory"
294,0.479765336467129,0.498909729728576,0.547794415680259,0.805970149253731,NA,NA,FALSE,0.536978477937679,200,1129,18,"gender_agreement","by_session_language","session_6_Mini-English",6,"Mini-English",NA,FALSE,"exploratory"
298,0.503603542194379,0.498610097824958,0.544441972811134,0.427860696517413,NA,NA,FALSE,0.536978477937679,200,1129,18,"gender_agreement","by_session_language","session_6_Mini-English",6,"Mini-English",NA,FALSE,"exploratory"
302,0.510509765271015,0.499460921485559,0.545076317466545,0.298507462686567,NA,NA,FALSE,0.536978477937679,200,1129,18,"gender_agreement","by_session_language","session_6_Mini-English",6,"Mini-English",NA,FALSE,"exploratory"
306,0.509631390152626,0.500507781252537,0.541674660693423,0.36318407960199,NA,NA,FALSE,0.536978477937679,200,1129,18,"gender_agreement","by_session_language","session_6_Mini-English",6,"Mini-English",NA,FALSE,"exploratory"
310,0.510855999289476,0.499425979083225,0.540647408823907,0.308457711442786,NA,NA,FALSE,0.536978477937679,200,1129,18,"gender_agreement","by_session_language","session_6_Mini-English",6,"Mini-English",NA,FALSE,"exploratory"
314,0.489628410195046,0.498408828148948,0.540816275702391,0.651741293532338,NA,NA,FALSE,0.536978477937679,200,1129,18,"gender_agreement","by_session_language","session_6_Mini-English",6,"Mini-English",NA,FALSE,"exploratory"
318,0.493005118274253,0.497998705687658,0.539313415853853,0.601990049751244,NA,NA,FALSE,0.536978477937679,200,1129,18,"gender_agreement","by_session_language","session_6_Mini-English",6,"Mini-English",NA,FALSE,"exploratory"
322,0.520618161065629,0.498417279674988,0.543647117730099,0.189054726368159,NA,NA,FALSE,0.536978477937679,200,1129,18,"gender_agreement","by_session_language","session_6_Mini-English",6,"Mini-English",NA,FALSE,"exploratory"
326,0.540841847132646,0.499008494459422,0.543244694330865,0.0447761194029851,4,0.935323383084577,FALSE,0.536978477937679,200,1129,18,"gender_agreement","by_session_language","session_6_Mini-English",6,"Mini-English",NA,FALSE,"exploratory"
330,0.523050409411583,0.499741418021246,0.542859689060185,0.199004975124378,NA,NA,FALSE,0.536978477937679,200,1129,18,"gender_agreement","by_session_language","session_6_Mini-English",6,"Mini-English",NA,FALSE,"exploratory"
334,0.538677447948254,0.49892208060346,0.541532277596967,0.0497512437810945,5,0.970149253731343,FALSE,0.536978477937679,200,1129,18,"gender_agreement","by_session_language","session_6_Mini-English",6,"Mini-English",NA,FALSE,"exploratory"
338,0.521545439638265,0.498378872967444,0.543532024579872,0.228855721393035,NA,NA,FALSE,0.536978477937679,200,1129,18,"gender_agreement","by_session_language","session_6_Mini-English",6,"Mini-English",NA,FALSE,"exploratory"
342,0.509903775588035,0.498872470176703,0.544245452046509,0.348258706467662,NA,NA,FALSE,0.536978477937679,200,1129,18,"gender_agreement","by_session_language","session_6_Mini-English",6,"Mini-English",NA,FALSE,"exploratory"
346,0.5046761939034,0.497107738741707,0.535298951121446,0.393034825870647,NA,NA,FALSE,0.536978477937679,200,1129,18,"gender_agreement","by_session_language","session_6_Mini-English",6,"Mini-English",NA,FALSE,"exploratory"
350,0.510566756968258,0.499128627136474,0.537035085437918,0.338308457711443,NA,NA,FALSE,0.536978477937679,200,1129,18,"gender_agreement","by_session_language","session_6_Mini-English",6,"Mini-English",NA,FALSE,"exploratory"
354,0.510076095621088,0.499251522804715,0.538759434654307,0.36318407960199,NA,NA,FALSE,0.536978477937679,200,1129,18,"gender_agreement","by_session_language","session_6_Mini-English",6,"Mini-English",NA,FALSE,"exploratory"
358,0.5245315982455,0.499785045224126,0.537234854956633,0.129353233830846,NA,NA,FALSE,0.536978477937679,200,1129,18,"gender_agreement","by_session_language","session_6_Mini-English",6,"Mini-English",NA,FALSE,"exploratory"
362,0.514686557034714,0.500491714877801,0.539340527759857,0.278606965174129,NA,NA,FALSE,0.536978477937679,200,1129,18,"gender_agreement","by_session_language","session_6_Mini-English",6,"Mini-English",NA,FALSE,"exploratory"
366,0.488514057760277,0.500581358929117,0.545660147096216,0.716417910447761,NA,NA,FALSE,0.536978477937679,200,1129,18,"gender_agreement","by_session_language","session_6_Mini-English",6,"Mini-English",NA,FALSE,"exploratory"
370,0.460560462269191,0.5004152920965,0.549792071684462,0.955223880597015,NA,NA,FALSE,0.536978477937679,200,1129,18,"gender_agreement","by_session_language","session_6_Mini-English",6,"Mini-English",NA,FALSE,"exploratory"
374,0.459286920976527,0.499725095921873,0.547243297157673,0.930348258706468,NA,NA,FALSE,0.536978477937679,200,1129,18,"gender_agreement","by_session_language","session_6_Mini-English",6,"Mini-English",NA,FALSE,"exploratory"
378,0.46198129014161,0.498906975585874,0.540722509874389,0.91044776119403,NA,NA,FALSE,0.536978477937679,200,1129,18,"gender_agreement","by_session_language","session_6_Mini-English",6,"Mini-English",NA,FALSE,"exploratory"
382,0.49413524796276,0.499102348172209,0.545427790283106,0.616915422885572,NA,NA,FALSE,0.536978477937679,200,1129,18,"gender_agreement","by_session_language","session_6_Mini-English",6,"Mini-English",NA,FALSE,"exploratory"
386,0.526180080216379,0.500088645517989,0.546354706102662,0.149253731343284,NA,NA,FALSE,0.536978477937679,200,1129,18,"gender_agreement","by_session_language","session_6_Mini-English",6,"Mini-English",NA,FALSE,"exploratory"
390,0.549657017561143,0.501114875414653,0.549254698164796,0.0298507462686567,6,0.805970149253731,FALSE,0.536978477937679,200,1129,18,"gender_agreement","by_session_language","session_6_Mini-English",6,"Mini-English",NA,FALSE,"exploratory"
394,0.536551708693494,0.50037027005279,0.544244425786881,0.0597014925373134,NA,NA,FALSE,0.536978477937679,200,1129,18,"gender_agreement","by_session_language","session_6_Mini-English",6,"Mini-English",NA,FALSE,"exploratory"
398,0.543212786163749,0.499716634749114,0.540264495993357,0.0298507462686567,7,0.875621890547264,FALSE,0.536978477937679,200,1129,18,"gender_agreement","by_session_language","session_6_Mini-English",6,"Mini-English",NA,FALSE,"exploratory"
402,0.535616421168877,0.500643841977216,0.54379410821158,0.054726368159204,NA,NA,FALSE,0.536978477937679,200,1129,18,"gender_agreement","by_session_language","session_6_Mini-English",6,"Mini-English",NA,FALSE,"exploratory"
406,0.508226265529113,0.500641062380344,0.545032533436784,0.393034825870647,NA,NA,FALSE,0.536978477937679,200,1129,18,"gender_agreement","by_session_language","session_6_Mini-English",6,"Mini-English",NA,FALSE,"exploratory"
410,0.484670489739536,0.500560750227506,0.553326517380328,0.72636815920398,NA,NA,FALSE,0.536978477937679,200,1129,18,"gender_agreement","by_session_language","session_6_Mini-English",6,"Mini-English",NA,FALSE,"exploratory"
414,0.50538642617673,0.500230025102342,0.547834805546141,0.447761194029851,NA,NA,FALSE,0.536978477937679,200,1129,18,"gender_agreement","by_session_language","session_6_Mini-English",6,"Mini-English",NA,FALSE,"exploratory"
418,0.510512013027307,0.498950441012827,0.543999145069583,0.323383084577114,NA,NA,FALSE,0.536978477937679,200,1129,18,"gender_agreement","by_session_language","session_6_Mini-English",6,"Mini-English",NA,FALSE,"exploratory"
422,0.504383926618182,0.497447851795681,0.541526232041453,0.383084577114428,NA,NA,FALSE,0.536978477937679,200,1129,18,"gender_agreement","by_session_language","session_6_Mini-English",6,"Mini-English",NA,FALSE,"exploratory"
426,0.514321105846877,0.497574167028251,0.547775213948647,0.233830845771144,NA,NA,FALSE,0.536978477937679,200,1129,18,"gender_agreement","by_session_language","session_6_Mini-English",6,"Mini-English",NA,FALSE,"exploratory"
430,0.532021494961013,0.498774507497464,0.545069807257343,0.0995024875621891,NA,NA,FALSE,0.536978477937679,200,1129,18,"gender_agreement","by_session_language","session_6_Mini-English",6,"Mini-English",NA,FALSE,"exploratory"
434,0.530158509928434,0.499866163644198,0.546043847478849,0.0945273631840796,NA,NA,FALSE,0.536978477937679,200,1129,18,"gender_agreement","by_session_language","session_6_Mini-English",6,"Mini-English",NA,FALSE,"exploratory"
438,0.531496328447238,0.502555341074839,0.545103000407498,0.104477611940299,NA,NA,FALSE,0.536978477937679,200,1129,18,"gender_agreement","by_session_language","session_6_Mini-English",6,"Mini-English",NA,FALSE,"exploratory"
442,0.539540513502057,0.502050353306865,0.549547222681354,0.0497512437810945,8,0.970149253731343,FALSE,0.536978477937679,200,1129,18,"gender_agreement","by_session_language","session_6_Mini-English",6,"Mini-English",NA,FALSE,"exploratory"
446,0.525985280692622,0.501565385402823,0.544298114288222,0.159203980099502,NA,NA,FALSE,0.536978477937679,200,1129,18,"gender_agreement","by_session_language","session_6_Mini-English",6,"Mini-English",NA,FALSE,"exploratory"
450,0.511934015204111,0.501518810885679,0.549249747933165,0.323383084577114,NA,NA,FALSE,0.536978477937679,200,1129,18,"gender_agreement","by_session_language","session_6_Mini-English",6,"Mini-English",NA,FALSE,"exploratory"
454,0.5094092307659,0.503063364427838,0.558442026409921,0.383084577114428,NA,NA,FALSE,0.536978477937679,200,1129,18,"gender_agreement","by_session_language","session_6_Mini-English",6,"Mini-English",NA,FALSE,"exploratory"
458,0.517439742184334,0.501567019740925,0.554219476597923,0.26865671641791,NA,NA,FALSE,0.536978477937679,200,1129,18,"gender_agreement","by_session_language","session_6_Mini-English",6,"Mini-English",NA,FALSE,"exploratory"
462,0.514732187856812,0.501427779281347,0.54945054287864,0.313432835820896,NA,NA,FALSE,0.536978477937679,200,1129,18,"gender_agreement","by_session_language","session_6_Mini-English",6,"Mini-English",NA,FALSE,"exploratory"
466,0.508468097884337,0.50047850739925,0.546520757083797,0.323383084577114,NA,NA,FALSE,0.536978477937679,200,1129,18,"gender_agreement","by_session_language","session_6_Mini-English",6,"Mini-English",NA,FALSE,"exploratory"
470,0.504919362450138,0.499294916648164,0.547531784932352,0.383084577114428,NA,NA,FALSE,0.536978477937679,200,1129,18,"gender_agreement","by_session_language","session_6_Mini-English",6,"Mini-English",NA,FALSE,"exploratory"
474,0.503197292591635,0.498611736039159,0.54333585596218,0.432835820895522,NA,NA,FALSE,0.536978477937679,200,1129,18,"gender_agreement","by_session_language","session_6_Mini-English",6,"Mini-English",NA,FALSE,"exploratory"
478,0.481837751942495,0.497837922442503,0.540072640480804,0.711442786069652,NA,NA,FALSE,0.536978477937679,200,1129,18,"gender_agreement","by_session_language","session_6_Mini-English",6,"Mini-English",NA,FALSE,"exploratory"
482,0.484072893701434,0.497532190578161,0.542302753782369,0.706467661691542,NA,NA,FALSE,0.536978477937679,200,1129,18,"gender_agreement","by_session_language","session_6_Mini-English",6,"Mini-English",NA,FALSE,"exploratory"
486,0.470959378279214,0.497445674607929,0.541638690747576,0.865671641791045,NA,NA,FALSE,0.536978477937679,200,1129,18,"gender_agreement","by_session_language","session_6_Mini-English",6,"Mini-English",NA,FALSE,"exploratory"
490,0.489087077824064,0.496320085465069,0.541927351683723,0.577114427860697,NA,NA,FALSE,0.536978477937679,200,1129,18,"gender_agreement","by_session_language","session_6_Mini-English",6,"Mini-English",NA,FALSE,"exploratory"
494,0.495088681432926,0.496716360420196,0.541814877723567,0.54726368159204,NA,NA,FALSE,0.536978477937679,200,1129,18,"gender_agreement","by_session_language","session_6_Mini-English",6,"Mini-English",NA,FALSE,"exploratory"
498,0.489699002643543,0.498174252255027,0.543845515568882,0.63681592039801,NA,NA,FALSE,0.536978477937679,200,1129,18,"gender_agreement","by_session_language","session_6_Mini-English",6,"Mini-English",NA,FALSE,"exploratory"
502,0.502236232733358,0.49916810064846,0.540309083026393,0.462686567164179,NA,NA,FALSE,0.536978477937679,200,1129,18,"gender_agreement","by_session_language","session_6_Mini-English",6,"Mini-English",NA,FALSE,"exploratory"
506,0.512798147320817,0.499778490651103,0.544721050492149,0.353233830845771,NA,NA,FALSE,0.536978477937679,200,1129,18,"gender_agreement","by_session_language","session_6_Mini-English",6,"Mini-English",NA,FALSE,"exploratory"
510,0.51996910683272,0.50008971174232,0.543013898777125,0.248756218905473,NA,NA,FALSE,0.536978477937679,200,1129,18,"gender_agreement","by_session_language","session_6_Mini-English",6,"Mini-English",NA,FALSE,"exploratory"
514,0.534275912299846,0.497848819341198,0.545886709090127,0.0845771144278607,NA,NA,FALSE,0.536978477937679,200,1129,18,"gender_agreement","by_session_language","session_6_Mini-English",6,"Mini-English",NA,FALSE,"exploratory"
518,0.539367048979774,0.497457142931812,0.540821432998987,0.0497512437810945,9,0.970149253731343,FALSE,0.536978477937679,200,1129,18,"gender_agreement","by_session_language","session_6_Mini-English",6,"Mini-English",NA,FALSE,"exploratory"
522,0.536047776024356,0.496255400776258,0.543393330279155,0.0597014925373134,NA,NA,FALSE,0.536978477937679,200,1129,18,"gender_agreement","by_session_language","session_6_Mini-English",6,"Mini-English",NA,FALSE,"exploratory"
526,0.536938571213374,0.498188906462257,0.539625980931755,0.0646766169154229,NA,NA,FALSE,0.536978477937679,200,1129,18,"gender_agreement","by_session_language","session_6_Mini-English",6,"Mini-English",NA,FALSE,"exploratory"
530,0.543168094624885,0.498466625209352,0.543842664220928,0.0348258706467662,10,0.875621890547264,FALSE,0.536978477937679,200,1129,18,"gender_agreement","by_session_language","session_6_Mini-English",6,"Mini-English",NA,FALSE,"exploratory"
534,0.51450863815834,0.499946596212492,0.544977128436804,0.288557213930348,NA,NA,FALSE,0.536978477937679,200,1129,18,"gender_agreement","by_session_language","session_6_Mini-English",6,"Mini-English",NA,FALSE,"exploratory"
538,0.510519275428494,0.500249206899953,0.548873873525316,0.383084577114428,NA,NA,FALSE,0.536978477937679,200,1129,18,"gender_agreement","by_session_language","session_6_Mini-English",6,"Mini-English",NA,FALSE,"exploratory"
542,0.51289816433006,0.499004911633996,0.542727777319066,0.283582089552239,NA,NA,FALSE,0.536978477937679,200,1129,18,"gender_agreement","by_session_language","session_6_Mini-English",6,"Mini-English",NA,FALSE,"exploratory"
546,0.511034685609952,0.498298749351448,0.543527391139777,0.293532338308458,NA,NA,FALSE,0.536978477937679,200,1129,18,"gender_agreement","by_session_language","session_6_Mini-English",6,"Mini-English",NA,FALSE,"exploratory"
550,0.523590702539429,0.49919094291279,0.542556754519696,0.169154228855721,NA,NA,FALSE,0.536978477937679,200,1129,18,"gender_agreement","by_session_language","session_6_Mini-English",6,"Mini-English",NA,FALSE,"exploratory"
554,0.543976918806399,0.500859354871478,0.543402101468839,0.0298507462686567,11,0.865671641791045,FALSE,0.536978477937679,200,1129,18,"gender_agreement","by_session_language","session_6_Mini-English",6,"Mini-English",NA,FALSE,"exploratory"
558,0.528317306021798,0.500306132294092,0.540592076284113,0.134328358208955,NA,NA,FALSE,0.536978477937679,200,1129,18,"gender_agreement","by_session_language","session_6_Mini-English",6,"Mini-English",NA,FALSE,"exploratory"
562,0.525190869552929,0.500900813605288,0.543149286518638,0.159203980099502,NA,NA,FALSE,0.536978477937679,200,1129,18,"gender_agreement","by_session_language","session_6_Mini-English",6,"Mini-English",NA,FALSE,"exploratory"
566,0.531971896411181,0.500152983087024,0.53828400925495,0.0696517412935323,NA,NA,FALSE,0.536978477937679,200,1129,18,"gender_agreement","by_session_language","session_6_Mini-English",6,"Mini-English",NA,FALSE,"exploratory"
570,0.522259390760496,0.499363241005736,0.543359787229041,0.159203980099502,NA,NA,FALSE,0.536978477937679,200,1129,18,"gender_agreement","by_session_language","session_6_Mini-English",6,"Mini-English",NA,FALSE,"exploratory"
574,0.536203304481148,0.498420228453482,0.545820975017723,0.0696517412935323,NA,NA,FALSE,0.536978477937679,200,1129,18,"gender_agreement","by_session_language","session_6_Mini-English",6,"Mini-English",NA,FALSE,"exploratory"
578,0.525856406512401,0.497490558225749,0.547401578580659,0.154228855721393,NA,NA,FALSE,0.536978477937679,200,1129,18,"gender_agreement","by_session_language","session_6_Mini-English",6,"Mini-English",NA,FALSE,"exploratory"
582,0.509138908335547,0.497481594069935,0.541257442102539,0.328358208955224,NA,NA,FALSE,0.536978477937679,200,1129,18,"gender_agreement","by_session_language","session_6_Mini-English",6,"Mini-English",NA,FALSE,"exploratory"
586,0.511056415991832,0.496602597519149,0.539627068803026,0.298507462686567,NA,NA,FALSE,0.536978477937679,200,1129,18,"gender_agreement","by_session_language","session_6_Mini-English",6,"Mini-English",NA,FALSE,"exploratory"
590,0.488800400189277,0.496706745602972,0.541460024007894,0.686567164179104,NA,NA,FALSE,0.536978477937679,200,1129,18,"gender_agreement","by_session_language","session_6_Mini-English",6,"Mini-English",NA,FALSE,"exploratory"
594,0.500264870174618,0.497499873707265,0.544215108727408,0.447761194029851,NA,NA,FALSE,0.536978477937679,200,1129,18,"gender_agreement","by_session_language","session_6_Mini-English",6,"Mini-English",NA,FALSE,"exploratory"
598,0.508277986463118,0.498313297997282,0.539757374690226,0.353233830845771,NA,NA,FALSE,0.536978477937679,200,1129,18,"gender_agreement","by_session_language","session_6_Mini-English",6,"Mini-English",NA,FALSE,"exploratory"
602,0.509506261936444,0.497056726911613,0.538147065394278,0.288557213930348,NA,NA,FALSE,0.536978477937679,200,1129,18,"gender_agreement","by_session_language","session_6_Mini-English",6,"Mini-English",NA,FALSE,"exploratory"
606,0.494123826972025,0.497436734711773,0.541332680084415,0.611940298507463,NA,NA,FALSE,0.536978477937679,200,1129,18,"gender_agreement","by_session_language","session_6_Mini-English",6,"Mini-English",NA,FALSE,"exploratory"
610,0.504727894482044,0.497800821235913,0.54291901326692,0.398009950248756,NA,NA,FALSE,0.536978477937679,200,1129,18,"gender_agreement","by_session_language","session_6_Mini-English",6,"Mini-English",NA,FALSE,"exploratory"
614,0.513750690362149,0.498900518266017,0.549499374272789,0.258706467661692,NA,NA,FALSE,0.536978477937679,200,1129,18,"gender_agreement","by_session_language","session_6_Mini-English",6,"Mini-English",NA,FALSE,"exploratory"
618,0.517616080263448,0.499430583551102,0.538753962869573,0.213930348258706,NA,NA,FALSE,0.536978477937679,200,1129,18,"gender_agreement","by_session_language","session_6_Mini-English",6,"Mini-English",NA,FALSE,"exploratory"
622,0.515048055155488,0.499599727270227,0.541766660908784,0.27363184079602,NA,NA,FALSE,0.536978477937679,200,1129,18,"gender_agreement","by_session_language","session_6_Mini-English",6,"Mini-English",NA,FALSE,"exploratory"
626,0.524451264684888,0.4991555658198,0.541988397480624,0.134328358208955,NA,NA,FALSE,0.536978477937679,200,1129,18,"gender_agreement","by_session_language","session_6_Mini-English",6,"Mini-English",NA,FALSE,"exploratory"
630,0.516248523116096,0.499950991721402,0.547262255119686,0.223880597014925,NA,NA,FALSE,0.536978477937679,200,1129,18,"gender_agreement","by_session_language","session_6_Mini-English",6,"Mini-English",NA,FALSE,"exploratory"
634,0.502316677070453,0.500222710424812,0.542844012320052,0.472636815920398,NA,NA,FALSE,0.536978477937679,200,1129,18,"gender_agreement","by_session_language","session_6_Mini-English",6,"Mini-English",NA,FALSE,"exploratory"
638,0.501185814599616,0.499602303612084,0.542395661178773,0.467661691542289,NA,NA,FALSE,0.536978477937679,200,1129,18,"gender_agreement","by_session_language","session_6_Mini-English",6,"Mini-English",NA,FALSE,"exploratory"
642,0.494329919957049,0.499004021124847,0.543369035343181,0.63681592039801,NA,NA,FALSE,0.536978477937679,200,1129,18,"gender_agreement","by_session_language","session_6_Mini-English",6,"Mini-English",NA,FALSE,"exploratory"
646,0.492904736309099,0.499961899432042,0.542978986645757,0.631840796019901,NA,NA,FALSE,0.536978477937679,200,1129,18,"gender_agreement","by_session_language","session_6_Mini-English",6,"Mini-English",NA,FALSE,"exploratory"
650,0.486829261412471,0.500196851460154,0.542450201377392,0.711442786069652,NA,NA,FALSE,0.536978477937679,200,1129,18,"gender_agreement","by_session_language","session_6_Mini-English",6,"Mini-English",NA,FALSE,"exploratory"
654,0.500152482075233,0.500588978754232,0.546237326626233,0.527363184079602,NA,NA,FALSE,0.536978477937679,200,1129,18,"gender_agreement","by_session_language","session_6_Mini-English",6,"Mini-English",NA,FALSE,"exploratory"
658,0.485848584300795,0.500044905833824,0.544516984732976,0.766169154228856,NA,NA,FALSE,0.536978477937679,200,1129,18,"gender_agreement","by_session_language","session_6_Mini-English",6,"Mini-English",NA,FALSE,"exploratory"
662,0.507732016026087,0.500018944867295,0.544207217540236,0.378109452736318,NA,NA,FALSE,0.536978477937679,200,1129,18,"gender_agreement","by_session_language","session_6_Mini-English",6,"Mini-English",NA,FALSE,"exploratory"
666,0.520656445974756,0.499412088793989,0.545031044616486,0.18407960199005,NA,NA,FALSE,0.536978477937679,200,1129,18,"gender_agreement","by_session_language","session_6_Mini-English",6,"Mini-English",NA,FALSE,"exploratory"
670,0.512914871832112,0.498734735062344,0.543209108438895,0.283582089552239,NA,NA,FALSE,0.536978477937679,200,1129,18,"gender_agreement","by_session_language","session_6_Mini-English",6,"Mini-English",NA,FALSE,"exploratory"
674,0.508896286794615,0.498551325381837,0.547164448089822,0.343283582089552,NA,NA,FALSE,0.536978477937679,200,1129,18,"gender_agreement","by_session_language","session_6_Mini-English",6,"Mini-English",NA,FALSE,"exploratory"
678,0.517719249332152,0.49895537771362,0.548035932640838,0.208955223880597,NA,NA,FALSE,0.536978477937679,200,1129,18,"gender_agreement","by_session_language","session_6_Mini-English",6,"Mini-English",NA,FALSE,"exploratory"
682,0.51323368467229,0.499459253150662,0.548644727721788,0.298507462686567,NA,NA,FALSE,0.536978477937679,200,1129,18,"gender_agreement","by_session_language","session_6_Mini-English",6,"Mini-English",NA,FALSE,"exploratory"
686,0.518769943749971,0.499677125285895,0.549857637084651,0.203980099502488,NA,NA,FALSE,0.536978477937679,200,1129,18,"gender_agreement","by_session_language","session_6_Mini-English",6,"Mini-English",NA,FALSE,"exploratory"
690,0.519825646526677,0.499696461978893,0.544792085689816,0.208955223880597,NA,NA,FALSE,0.536978477937679,200,1129,18,"gender_agreement","by_session_language","session_6_Mini-English",6,"Mini-English",NA,FALSE,"exploratory"
694,0.518388713952662,0.499992390354719,0.541818510339695,0.228855721393035,NA,NA,FALSE,0.536978477937679,200,1129,18,"gender_agreement","by_session_language","session_6_Mini-English",6,"Mini-English",NA,FALSE,"exploratory"
698,0.531782281239312,0.498316757839502,0.541702610067928,0.0646766169154229,NA,NA,FALSE,0.536978477937679,200,1129,18,"gender_agreement","by_session_language","session_6_Mini-English",6,"Mini-English",NA,FALSE,"exploratory"
702,0.548151788232086,0.497244034119031,0.537961564079919,0.0248756218905473,12,0.333333333333333,FALSE,0.536978477937679,200,1129,18,"gender_agreement","by_session_language","session_6_Mini-English",6,"Mini-English",NA,FALSE,"exploratory"
706,0.553525720269625,0.498496668704763,0.541680510358453,0.0199004975124378,12,0.333333333333333,FALSE,0.536978477937679,200,1129,18,"gender_agreement","by_session_language","session_6_Mini-English",6,"Mini-English",NA,FALSE,"exploratory"
710,0.555503301829722,0.498624016955388,0.541275262900372,0.0199004975124378,12,0.333333333333333,FALSE,0.536978477937679,200,1129,18,"gender_agreement","by_session_language","session_6_Mini-English",6,"Mini-English",NA,FALSE,"exploratory"
714,0.539059685892386,0.500139788090792,0.541663932002354,0.0447761194029851,12,0.333333333333333,FALSE,0.536978477937679,200,1129,18,"gender_agreement","by_session_language","session_6_Mini-English",6,"Mini-English",NA,FALSE,"exploratory"
718,0.538544755965073,0.501805784961628,0.549251065446802,0.0398009950248756,12,0.333333333333333,FALSE,0.536978477937679,200,1129,18,"gender_agreement","by_session_language","session_6_Mini-English",6,"Mini-English",NA,FALSE,"exploratory"
722,0.539197561899718,0.50109754497456,0.541048484733987,0.0348258706467662,12,0.333333333333333,FALSE,0.536978477937679,200,1129,18,"gender_agreement","by_session_language","session_6_Mini-English",6,"Mini-English",NA,FALSE,"exploratory"
726,0.536173161610564,0.500279032443423,0.539854855419781,0.054726368159204,NA,NA,FALSE,0.536978477937679,200,1129,18,"gender_agreement","by_session_language","session_6_Mini-English",6,"Mini-English",NA,FALSE,"exploratory"
730,0.534027204483939,0.499351926150494,0.542771515831798,0.0696517412935323,NA,NA,FALSE,0.536978477937679,200,1129,18,"gender_agreement","by_session_language","session_6_Mini-English",6,"Mini-English",NA,FALSE,"exploratory"
734,0.558386873677635,0.497927460999225,0.54315166118917,0.00995024875621891,13,0.17910447761194,FALSE,0.536978477937679,200,1129,18,"gender_agreement","by_session_language","session_6_Mini-English",6,"Mini-English",NA,FALSE,"exploratory"
738,0.561828653586379,0.499311349054461,0.547263809194304,0.00497512437810945,13,0.17910447761194,FALSE,0.536978477937679,200,1129,18,"gender_agreement","by_session_language","session_6_Mini-English",6,"Mini-English",NA,FALSE,"exploratory"
742,0.564273330882365,0.497987920362219,0.543361224144365,0.00497512437810945,13,0.17910447761194,FALSE,0.536978477937679,200,1129,18,"gender_agreement","by_session_language","session_6_Mini-English",6,"Mini-English",NA,FALSE,"exploratory"
746,0.551905961330199,0.497452258614136,0.544300811361308,0.0248756218905473,13,0.17910447761194,FALSE,0.536978477937679,200,1129,18,"gender_agreement","by_session_language","session_6_Mini-English",6,"Mini-English",NA,FALSE,"exploratory"
750,0.532605748587719,0.497591534244609,0.547500964039093,0.0746268656716418,NA,NA,FALSE,0.536978477937679,200,1129,18,"gender_agreement","by_session_language","session_6_Mini-English",6,"Mini-English",NA,FALSE,"exploratory"
754,0.518673023170562,0.497668056142293,0.551911194950327,0.17910447761194,NA,NA,FALSE,0.536978477937679,200,1129,18,"gender_agreement","by_session_language","session_6_Mini-English",6,"Mini-English",NA,FALSE,"exploratory"
758,0.502603680106811,0.496580508289825,0.543205167970886,0.388059701492537,NA,NA,FALSE,0.536978477937679,200,1129,18,"gender_agreement","by_session_language","session_6_Mini-English",6,"Mini-English",NA,FALSE,"exploratory"
762,0.48893167938763,0.496832115077114,0.54347755227556,0.656716417910448,NA,NA,FALSE,0.536978477937679,200,1129,18,"gender_agreement","by_session_language","session_6_Mini-English",6,"Mini-English",NA,FALSE,"exploratory"
766,0.497440167937213,0.49698668778079,0.542972781572375,0.537313432835821,NA,NA,FALSE,0.536978477937679,200,1129,18,"gender_agreement","by_session_language","session_6_Mini-English",6,"Mini-English",NA,FALSE,"exploratory"
770,0.479502576717384,0.497607169536274,0.542024623614659,0.776119402985075,NA,NA,FALSE,0.536978477937679,200,1129,18,"gender_agreement","by_session_language","session_6_Mini-English",6,"Mini-English",NA,FALSE,"exploratory"
774,0.488874287350716,0.499334154158087,0.541782306848276,0.686567164179104,NA,NA,FALSE,0.536978477937679,200,1129,18,"gender_agreement","by_session_language","session_6_Mini-English",6,"Mini-English",NA,FALSE,"exploratory"
778,0.499869770055598,0.497827571277421,0.539558911785225,0.497512437810945,NA,NA,FALSE,0.536978477937679,200,1129,18,"gender_agreement","by_session_language","session_6_Mini-English",6,"Mini-English",NA,FALSE,"exploratory"
782,0.499525082142396,0.497455272470134,0.5398355434553,0.492537313432836,NA,NA,FALSE,0.536978477937679,200,1129,18,"gender_agreement","by_session_language","session_6_Mini-English",6,"Mini-English",NA,FALSE,"exploratory"
786,0.494017543061211,0.496829502112454,0.536087915664383,0.54228855721393,NA,NA,FALSE,0.536978477937679,200,1129,18,"gender_agreement","by_session_language","session_6_Mini-English",6,"Mini-English",NA,FALSE,"exploratory"
790,0.498008580302989,0.497437080811254,0.538773532138073,0.477611940298507,NA,NA,FALSE,0.536978477937679,200,1129,18,"gender_agreement","by_session_language","session_6_Mini-English",6,"Mini-English",NA,FALSE,"exploratory"
794,0.49705864242468,0.496816716474335,0.546695373513441,0.497512437810945,NA,NA,FALSE,0.536978477937679,200,1129,18,"gender_agreement","by_session_language","session_6_Mini-English",6,"Mini-English",NA,FALSE,"exploratory"
798,0.492437738433016,0.495282090555065,0.537571670043961,0.557213930348259,NA,NA,FALSE,0.536978477937679,200,1129,18,"gender_agreement","by_session_language","session_6_Mini-English",6,"Mini-English",NA,FALSE,"exploratory"
802,0.50407646653951,0.494755872637098,0.540397921338293,0.338308457711443,NA,NA,FALSE,0.536978477937679,200,1129,18,"gender_agreement","by_session_language","session_6_Mini-English",6,"Mini-English",NA,FALSE,"exploratory"
806,0.499169150237205,0.49557395500593,0.540325978624809,0.487562189054726,NA,NA,FALSE,0.536978477937679,200,1129,18,"gender_agreement","by_session_language","session_6_Mini-English",6,"Mini-English",NA,FALSE,"exploratory"
810,0.491328078657965,0.494968515291543,0.535888428915247,0.567164179104478,NA,NA,FALSE,0.536978477937679,200,1129,18,"gender_agreement","by_session_language","session_6_Mini-English",6,"Mini-English",NA,FALSE,"exploratory"
814,0.488602587690903,0.494529251496988,0.540556766401779,0.587064676616915,NA,NA,FALSE,0.536978477937679,200,1129,18,"gender_agreement","by_session_language","session_6_Mini-English",6,"Mini-English",NA,FALSE,"exploratory"
818,0.462150227712684,0.494292415868331,0.542137363319451,0.91044776119403,NA,NA,FALSE,0.536978477937679,200,1129,18,"gender_agreement","by_session_language","session_6_Mini-English",6,"Mini-English",NA,FALSE,"exploratory"
822,0.463211311879518,0.493962421986053,0.5375975556049,0.880597014925373,NA,NA,FALSE,0.536978477937679,200,1129,18,"gender_agreement","by_session_language","session_6_Mini-English",6,"Mini-English",NA,FALSE,"exploratory"
826,0.479873405468869,0.49516040075858,0.549536726853278,0.741293532338308,NA,NA,FALSE,0.536978477937679,200,1129,18,"gender_agreement","by_session_language","session_6_Mini-English",6,"Mini-English",NA,FALSE,"exploratory"
830,0.493413541715497,0.496970047556606,0.545994001095731,0.567164179104478,NA,NA,FALSE,0.536978477937679,200,1129,18,"gender_agreement","by_session_language","session_6_Mini-English",6,"Mini-English",NA,FALSE,"exploratory"
834,0.496566345844588,0.498193693529028,0.538629831604593,0.572139303482587,NA,NA,FALSE,0.536978477937679,200,1129,18,"gender_agreement","by_session_language","session_6_Mini-English",6,"Mini-English",NA,FALSE,"exploratory"
838,0.514415232409594,0.496836952192571,0.542596666419524,0.233830845771144,NA,NA,FALSE,0.536978477937679,200,1129,18,"gender_agreement","by_session_language","session_6_Mini-English",6,"Mini-English",NA,FALSE,"exploratory"
842,0.515253373942409,0.496926883213287,0.536712558120332,0.218905472636816,NA,NA,FALSE,0.536978477937679,200,1129,18,"gender_agreement","by_session_language","session_6_Mini-English",6,"Mini-English",NA,FALSE,"exploratory"
846,0.510031260666224,0.497933646865229,0.538448662700619,0.308457711442786,NA,NA,FALSE,0.536978477937679,200,1129,18,"gender_agreement","by_session_language","session_6_Mini-English",6,"Mini-English",NA,FALSE,"exploratory"
850,0.516133369708594,0.497169845053842,0.54031802227897,0.233830845771144,NA,NA,FALSE,0.536978477937679,200,1129,18,"gender_agreement","by_session_language","session_6_Mini-English",6,"Mini-English",NA,FALSE,"exploratory"
854,0.521220702746959,0.495915091863,0.537944818324604,0.17910447761194,NA,NA,FALSE,0.536978477937679,200,1129,18,"gender_agreement","by_session_language","session_6_Mini-English",6,"Mini-English",NA,FALSE,"exploratory"
858,0.527133376600991,0.49615887095024,0.541639385862393,0.0945273631840796,NA,NA,FALSE,0.536978477937679,200,1129,18,"gender_agreement","by_session_language","session_6_Mini-English",6,"Mini-English",NA,FALSE,"exploratory"
862,0.540725566296911,0.496372811112852,0.538875225014981,0.0298507462686567,14,0.45771144278607,FALSE,0.536978477937679,200,1129,18,"gender_agreement","by_session_language","session_6_Mini-English",6,"Mini-English",NA,FALSE,"exploratory"
866,0.557974023911771,0.497172628931627,0.535983358550489,0.00497512437810945,14,0.45771144278607,FALSE,0.536978477937679,200,1129,18,"gender_agreement","by_session_language","session_6_Mini-English",6,"Mini-English",NA,FALSE,"exploratory"
870,0.541737020763083,0.497205087247839,0.536665555129004,0.0149253731343284,14,0.45771144278607,FALSE,0.536978477937679,200,1129,18,"gender_agreement","by_session_language","session_6_Mini-English",6,"Mini-English",NA,FALSE,"exploratory"
874,0.548066365521146,0.497518510422603,0.538099242894942,0.0248756218905473,14,0.45771144278607,FALSE,0.536978477937679,200,1129,18,"gender_agreement","by_session_language","session_6_Mini-English",6,"Mini-English",NA,FALSE,"exploratory"
878,0.520460300887768,0.499468406419186,0.541839591358167,0.189054726368159,NA,NA,FALSE,0.536978477937679,200,1129,18,"gender_agreement","by_session_language","session_6_Mini-English",6,"Mini-English",NA,FALSE,"exploratory"
882,0.498101173941637,0.498142832699795,0.541783448465658,0.527363184079602,NA,NA,FALSE,0.536978477937679,200,1129,18,"gender_agreement","by_session_language","session_6_Mini-English",6,"Mini-English",NA,FALSE,"exploratory"
886,0.50943595973656,0.497447562525254,0.539566778486894,0.288557213930348,NA,NA,FALSE,0.536978477937679,200,1129,18,"gender_agreement","by_session_language","session_6_Mini-English",6,"Mini-English",NA,FALSE,"exploratory"
890,0.493881008312026,0.496020991788405,0.545787755973605,0.54726368159204,NA,NA,FALSE,0.536978477937679,200,1129,18,"gender_agreement","by_session_language","session_6_Mini-English",6,"Mini-English",NA,FALSE,"exploratory"
894,0.492929599136175,0.496451890403674,0.543091830693735,0.582089552238806,NA,NA,FALSE,0.536978477937679,200,1129,18,"gender_agreement","by_session_language","session_6_Mini-English",6,"Mini-English",NA,FALSE,"exploratory"
898,0.477642098101741,0.497424720780886,0.54344109064183,0.791044776119403,NA,NA,FALSE,0.536978477937679,200,1129,18,"gender_agreement","by_session_language","session_6_Mini-English",6,"Mini-English",NA,FALSE,"exploratory"
902,0.498742881259763,0.497539278402892,0.541926205333976,0.532338308457711,NA,NA,FALSE,0.536978477937679,200,1129,18,"gender_agreement","by_session_language","session_6_Mini-English",6,"Mini-English",NA,FALSE,"exploratory"
906,0.508031612706914,0.498683128569586,0.547231759724979,0.358208955223881,NA,NA,FALSE,0.536978477937679,200,1129,18,"gender_agreement","by_session_language","session_6_Mini-English",6,"Mini-English",NA,FALSE,"exploratory"
910,0.501972813657212,0.497034743679273,0.546740880894307,0.417910447761194,NA,NA,FALSE,0.536978477937679,200,1129,18,"gender_agreement","by_session_language","session_6_Mini-English",6,"Mini-English",NA,FALSE,"exploratory"
914,0.508175308859653,0.497505528471555,0.545641350599128,0.36318407960199,NA,NA,FALSE,0.536978477937679,200,1129,18,"gender_agreement","by_session_language","session_6_Mini-English",6,"Mini-English",NA,FALSE,"exploratory"
918,0.508819671224048,0.498195175803403,0.540242480234755,0.338308457711443,NA,NA,FALSE,0.536978477937679,200,1129,18,"gender_agreement","by_session_language","session_6_Mini-English",6,"Mini-English",NA,FALSE,"exploratory"
922,0.494832987993259,0.498103421954424,0.54092886157887,0.572139303482587,NA,NA,FALSE,0.536978477937679,200,1129,18,"gender_agreement","by_session_language","session_6_Mini-English",6,"Mini-English",NA,FALSE,"exploratory"
926,0.512407087980301,0.498578877473078,0.541217996839485,0.26865671641791,NA,NA,FALSE,0.536978477937679,200,1129,18,"gender_agreement","by_session_language","session_6_Mini-English",6,"Mini-English",NA,FALSE,"exploratory"
930,0.515932710238837,0.49722206272406,0.54300770796463,0.243781094527363,NA,NA,FALSE,0.536978477937679,200,1129,18,"gender_agreement","by_session_language","session_6_Mini-English",6,"Mini-English",NA,FALSE,"exploratory"
934,0.514638245203143,0.497346441917215,0.544091839081922,0.248756218905473,NA,NA,FALSE,0.536978477937679,200,1129,18,"gender_agreement","by_session_language","session_6_Mini-English",6,"Mini-English",NA,FALSE,"exploratory"
938,0.517481105881626,0.497380092630095,0.546778729721563,0.208955223880597,NA,NA,FALSE,0.536978477937679,200,1129,18,"gender_agreement","by_session_language","session_6_Mini-English",6,"Mini-English",NA,FALSE,"exploratory"
942,0.522649453132181,0.49595073580863,0.546113296447376,0.144278606965174,NA,NA,FALSE,0.536978477937679,200,1129,18,"gender_agreement","by_session_language","session_6_Mini-English",6,"Mini-English",NA,FALSE,"exploratory"
946,0.523821771362899,0.494610995175882,0.554115662425312,0.114427860696517,NA,NA,FALSE,0.536978477937679,200,1129,18,"gender_agreement","by_session_language","session_6_Mini-English",6,"Mini-English",NA,FALSE,"exploratory"
950,0.523919004267416,0.49501436383404,0.548137789405159,0.0845771144278607,NA,NA,FALSE,0.536978477937679,200,1129,18,"gender_agreement","by_session_language","session_6_Mini-English",6,"Mini-English",NA,FALSE,"exploratory"
954,0.540415490740625,0.495166743657032,0.547036860011699,0.0447761194029851,15,0.950248756218905,FALSE,0.536978477937679,200,1129,18,"gender_agreement","by_session_language","session_6_Mini-English",6,"Mini-English",NA,FALSE,"exploratory"
958,0.535373695535267,0.496438069663168,0.541873921793512,0.054726368159204,NA,NA,FALSE,0.536978477937679,200,1129,18,"gender_agreement","by_session_language","session_6_Mini-English",6,"Mini-English",NA,FALSE,"exploratory"
962,0.530832409182115,0.495835669085867,0.543062963146571,0.0845771144278607,NA,NA,FALSE,0.536978477937679,200,1129,18,"gender_agreement","by_session_language","session_6_Mini-English",6,"Mini-English",NA,FALSE,"exploratory"
966,0.529339642908701,0.496584120769299,0.545087436866007,0.0796019900497512,NA,NA,FALSE,0.536978477937679,200,1129,18,"gender_agreement","by_session_language","session_6_Mini-English",6,"Mini-English",NA,FALSE,"exploratory"
970,0.504268969395861,0.498236208713362,0.54169071169482,0.343283582089552,NA,NA,FALSE,0.536978477937679,200,1129,18,"gender_agreement","by_session_language","session_6_Mini-English",6,"Mini-English",NA,FALSE,"exploratory"
974,0.478868457714042,0.498264570822021,0.539247932339392,0.800995024875622,NA,NA,FALSE,0.536978477937679,200,1129,18,"gender_agreement","by_session_language","session_6_Mini-English",6,"Mini-English",NA,FALSE,"exploratory"
978,0.459766992340016,0.498632304638065,0.536733928975371,0.930348258706468,NA,NA,FALSE,0.536978477937679,200,1129,18,"gender_agreement","by_session_language","session_6_Mini-English",6,"Mini-English",NA,FALSE,"exploratory"
982,0.472621635604712,0.498838818400477,0.537475926506062,0.870646766169154,NA,NA,FALSE,0.536978477937679,200,1129,18,"gender_agreement","by_session_language","session_6_Mini-English",6,"Mini-English",NA,FALSE,"exploratory"
986,0.482104996210424,0.497758132347196,0.538372207675451,0.761194029850746,NA,NA,FALSE,0.536978477937679,200,1129,18,"gender_agreement","by_session_language","session_6_Mini-English",6,"Mini-English",NA,FALSE,"exploratory"
990,0.490037279920888,0.49686555889388,0.539023564918081,0.601990049751244,NA,NA,FALSE,0.536978477937679,200,1129,18,"gender_agreement","by_session_language","session_6_Mini-English",6,"Mini-English",NA,FALSE,"exploratory"
994,0.471657610595954,0.496300594580561,0.545445217788102,0.855721393034826,NA,NA,FALSE,0.536978477937679,200,1129,18,"gender_agreement","by_session_language","session_6_Mini-English",6,"Mini-English",NA,FALSE,"exploratory"
998,0.487348423342767,0.496056610677912,0.541718195526242,0.626865671641791,NA,NA,FALSE,0.536978477937679,200,1129,18,"gender_agreement","by_session_language","session_6_Mini-English",6,"Mini-English",NA,FALSE,"exploratory"
1002,0.485794835916777,0.497042034813328,0.5403224957273,0.706467661691542,NA,NA,FALSE,0.536978477937679,200,1129,18,"gender_agreement","by_session_language","session_6_Mini-English",6,"Mini-English",NA,FALSE,"exploratory"
1006,0.496300448811472,0.497263524510113,0.547626787663588,0.522388059701492,NA,NA,FALSE,0.536978477937679,200,1129,18,"gender_agreement","by_session_language","session_6_Mini-English",6,"Mini-English",NA,FALSE,"exploratory"
1010,0.502302109034671,0.497283697420318,0.545844729222599,0.402985074626866,NA,NA,FALSE,0.536978477937679,200,1129,18,"gender_agreement","by_session_language","session_6_Mini-English",6,"Mini-English",NA,FALSE,"exploratory"
1014,0.501789443135856,0.4965432412188,0.539885497502735,0.432835820895522,NA,NA,FALSE,0.536978477937679,200,1129,18,"gender_agreement","by_session_language","session_6_Mini-English",6,"Mini-English",NA,FALSE,"exploratory"
1018,0.506316010228021,0.496946195898965,0.545033252317286,0.338308457711443,NA,NA,FALSE,0.536978477937679,200,1129,18,"gender_agreement","by_session_language","session_6_Mini-English",6,"Mini-English",NA,FALSE,"exploratory"
1022,0.515859411967492,0.497239330666548,0.540427165895192,0.223880597014925,NA,NA,FALSE,0.536978477937679,200,1129,18,"gender_agreement","by_session_language","session_6_Mini-English",6,"Mini-English",NA,FALSE,"exploratory"
1026,0.528399240875631,0.498126063211902,0.538213833485233,0.0796019900497512,NA,NA,FALSE,0.536978477937679,200,1129,18,"gender_agreement","by_session_language","session_6_Mini-English",6,"Mini-English",NA,FALSE,"exploratory"
1030,0.516539164663723,0.49755932600581,0.538643212973599,0.194029850746269,NA,NA,FALSE,0.536978477937679,200,1129,18,"gender_agreement","by_session_language","session_6_Mini-English",6,"Mini-English",NA,FALSE,"exploratory"
1034,0.495142672898555,0.498094200957753,0.537400170587859,0.562189054726368,NA,NA,FALSE,0.536978477937679,200,1129,18,"gender_agreement","by_session_language","session_6_Mini-English",6,"Mini-English",NA,FALSE,"exploratory"
1038,0.503647630177466,0.498617856086435,0.54332804972693,0.45771144278607,NA,NA,FALSE,0.536978477937679,200,1129,18,"gender_agreement","by_session_language","session_6_Mini-English",6,"Mini-English",NA,FALSE,"exploratory"
1042,0.503537846978065,0.497527987632081,0.540925118903691,0.393034825870647,NA,NA,FALSE,0.536978477937679,200,1129,18,"gender_agreement","by_session_language","session_6_Mini-English",6,"Mini-English",NA,FALSE,"exploratory"
1046,0.512060489308671,0.49687683314189,0.538621944299789,0.243781094527363,NA,NA,FALSE,0.536978477937679,200,1129,18,"gender_agreement","by_session_language","session_6_Mini-English",6,"Mini-English",NA,FALSE,"exploratory"
1050,0.508673222142609,0.497315288530668,0.545548932156053,0.338308457711443,NA,NA,FALSE,0.536978477937679,200,1129,18,"gender_agreement","by_session_language","session_6_Mini-English",6,"Mini-English",NA,FALSE,"exploratory"
1054,0.522367621892041,0.498112053212307,0.543846623574318,0.164179104477612,NA,NA,FALSE,0.536978477937679,200,1129,18,"gender_agreement","by_session_language","session_6_Mini-English",6,"Mini-English",NA,FALSE,"exploratory"
1058,0.502386393194095,0.498855770202819,0.540519891476457,0.477611940298507,NA,NA,FALSE,0.536978477937679,200,1129,18,"gender_agreement","by_session_language","session_6_Mini-English",6,"Mini-English",NA,FALSE,"exploratory"
1062,0.498652337950033,0.498834975104673,0.541457869993327,0.512437810945274,NA,NA,FALSE,0.536978477937679,200,1129,18,"gender_agreement","by_session_language","session_6_Mini-English",6,"Mini-English",NA,FALSE,"exploratory"
1066,0.492376815241343,0.49886114072008,0.543117949966688,0.597014925373134,NA,NA,FALSE,0.536978477937679,200,1129,18,"gender_agreement","by_session_language","session_6_Mini-English",6,"Mini-English",NA,FALSE,"exploratory"
1070,0.488712122418054,0.498470219727086,0.544515699171788,0.656716417910448,NA,NA,FALSE,0.536978477937679,200,1129,18,"gender_agreement","by_session_language","session_6_Mini-English",6,"Mini-English",NA,FALSE,"exploratory"
1074,0.48199395874392,0.498313027970386,0.541709786065806,0.766169154228856,NA,NA,FALSE,0.536978477937679,200,1129,18,"gender_agreement","by_session_language","session_6_Mini-English",6,"Mini-English",NA,FALSE,"exploratory"
1078,0.479429401544505,0.499189055455382,0.543859857812574,0.835820895522388,NA,NA,FALSE,0.536978477937679,200,1129,18,"gender_agreement","by_session_language","session_6_Mini-English",6,"Mini-English",NA,FALSE,"exploratory"
1082,0.46528694927695,0.49996804716048,0.541259310672162,0.945273631840796,NA,NA,FALSE,0.536978477937679,200,1129,18,"gender_agreement","by_session_language","session_6_Mini-English",6,"Mini-English",NA,FALSE,"exploratory"
1086,0.468708262448638,0.498576415048679,0.543258615237535,0.930348258706468,NA,NA,FALSE,0.536978477937679,200,1129,18,"gender_agreement","by_session_language","session_6_Mini-English",6,"Mini-English",NA,FALSE,"exploratory"
1090,0.47661299809579,0.498079817207344,0.540419058190628,0.830845771144279,NA,NA,FALSE,0.536978477937679,200,1129,18,"gender_agreement","by_session_language","session_6_Mini-English",6,"Mini-English",NA,FALSE,"exploratory"
1094,0.485461552500879,0.498088739011368,0.54153465513053,0.72636815920398,NA,NA,FALSE,0.536978477937679,200,1129,18,"gender_agreement","by_session_language","session_6_Mini-English",6,"Mini-English",NA,FALSE,"exploratory"
1098,0.485854709384499,0.496427677031839,0.544053018215977,0.666666666666667,NA,NA,FALSE,0.536978477937679,200,1129,18,"gender_agreement","by_session_language","session_6_Mini-English",6,"Mini-English",NA,FALSE,"exploratory"
-98,0.49506042864179,0.497287979912347,0.550369671280195,0.54228855721393,NA,NA,FALSE,0.541722009870515,200,1058,18,"gender_agreement","by_session_language","session_6_Mini-Norwegian",6,"Mini-Norwegian",NA,FALSE,"exploratory"
-94,0.482763542142183,0.495754491103772,0.549390021891248,0.721393034825871,NA,NA,FALSE,0.541722009870515,200,1058,18,"gender_agreement","by_session_language","session_6_Mini-Norwegian",6,"Mini-Norwegian",NA,FALSE,"exploratory"
-90,0.513522737237765,0.497616464056614,0.54317447174094,0.303482587064677,NA,NA,FALSE,0.541722009870515,200,1058,18,"gender_agreement","by_session_language","session_6_Mini-Norwegian",6,"Mini-Norwegian",NA,FALSE,"exploratory"
-86,0.519399407413168,0.498176832234419,0.54837468245837,0.218905472636816,NA,NA,FALSE,0.541722009870515,200,1058,18,"gender_agreement","by_session_language","session_6_Mini-Norwegian",6,"Mini-Norwegian",NA,FALSE,"exploratory"
-82,0.480979035838205,0.499403049569323,0.555029220127968,0.786069651741294,NA,NA,FALSE,0.541722009870515,200,1058,18,"gender_agreement","by_session_language","session_6_Mini-Norwegian",6,"Mini-Norwegian",NA,FALSE,"exploratory"
-78,0.517685128105476,0.498355086747991,0.55034499165901,0.243781094527363,NA,NA,FALSE,0.541722009870515,200,1058,18,"gender_agreement","by_session_language","session_6_Mini-Norwegian",6,"Mini-Norwegian",NA,FALSE,"exploratory"
-74,0.544414492628705,0.497449489346557,0.551218502076422,0.0497512437810945,1,0.960199004975124,FALSE,0.541722009870515,200,1058,18,"gender_agreement","by_session_language","session_6_Mini-Norwegian",6,"Mini-Norwegian",NA,FALSE,"exploratory"
-70,0.533433342072472,0.499350092684179,0.55726402790094,0.114427860696517,NA,NA,FALSE,0.541722009870515,200,1058,18,"gender_agreement","by_session_language","session_6_Mini-Norwegian",6,"Mini-Norwegian",NA,FALSE,"exploratory"
-66,0.488286740720095,0.500336160792917,0.556272443512947,0.656716417910448,NA,NA,FALSE,0.541722009870515,200,1058,18,"gender_agreement","by_session_language","session_6_Mini-Norwegian",6,"Mini-Norwegian",NA,FALSE,"exploratory"
-62,0.450730031959972,0.498066912973436,0.549850875700398,0.935323383084577,NA,NA,FALSE,0.541722009870515,200,1058,18,"gender_agreement","by_session_language","session_6_Mini-Norwegian",6,"Mini-Norwegian",NA,FALSE,"exploratory"
-58,0.465147329355153,0.496296234524317,0.549137119090489,0.885572139303483,NA,NA,FALSE,0.541722009870515,200,1058,18,"gender_agreement","by_session_language","session_6_Mini-Norwegian",6,"Mini-Norwegian",NA,FALSE,"exploratory"
-54,0.452463933500964,0.49700699491024,0.543231812169923,0.945273631840796,NA,NA,FALSE,0.541722009870515,200,1058,18,"gender_agreement","by_session_language","session_6_Mini-Norwegian",6,"Mini-Norwegian",NA,FALSE,"exploratory"
-50,0.43299402144909,0.49823129227405,0.544355371051896,0.995024875621891,NA,NA,FALSE,0.541722009870515,200,1058,18,"gender_agreement","by_session_language","session_6_Mini-Norwegian",6,"Mini-Norwegian",NA,FALSE,"exploratory"
-46,0.441757598327222,0.496691076094115,0.546024741452258,0.980099502487562,NA,NA,FALSE,0.541722009870515,200,1058,18,"gender_agreement","by_session_language","session_6_Mini-Norwegian",6,"Mini-Norwegian",NA,FALSE,"exploratory"
-42,0.476409222680973,0.495019890925467,0.540409792602574,0.796019900497512,NA,NA,FALSE,0.541722009870515,200,1058,18,"gender_agreement","by_session_language","session_6_Mini-Norwegian",6,"Mini-Norwegian",NA,FALSE,"exploratory"
-38,0.474282119042457,0.495102502112603,0.542656589982961,0.791044776119403,NA,NA,FALSE,0.541722009870515,200,1058,18,"gender_agreement","by_session_language","session_6_Mini-Norwegian",6,"Mini-Norwegian",NA,FALSE,"exploratory"
-34,0.489919713739871,0.495953860937752,0.542337758023307,0.592039800995025,NA,NA,FALSE,0.541722009870515,200,1058,18,"gender_agreement","by_session_language","session_6_Mini-Norwegian",6,"Mini-Norwegian",NA,FALSE,"exploratory"
-30,0.508061926161483,0.496081661823891,0.545622037724896,0.303482587064677,NA,NA,FALSE,0.541722009870515,200,1058,18,"gender_agreement","by_session_language","session_6_Mini-Norwegian",6,"Mini-Norwegian",NA,FALSE,"exploratory"
-26,0.553220094041484,0.496238912144217,0.545601462044741,0.0149253731343284,2,0.870646766169154,FALSE,0.541722009870515,200,1058,18,"gender_agreement","by_session_language","session_6_Mini-Norwegian",6,"Mini-Norwegian",NA,FALSE,"exploratory"
-22,0.521314317446366,0.49750749201355,0.547648671435956,0.169154228855721,NA,NA,FALSE,0.541722009870515,200,1058,18,"gender_agreement","by_session_language","session_6_Mini-Norwegian",6,"Mini-Norwegian",NA,FALSE,"exploratory"
-18,0.501305659774291,0.499190719877125,0.541076287816572,0.447761194029851,NA,NA,FALSE,0.541722009870515,200,1058,18,"gender_agreement","by_session_language","session_6_Mini-Norwegian",6,"Mini-Norwegian",NA,FALSE,"exploratory"
-14,0.490194376056256,0.501770567830564,0.543518599025258,0.696517412935323,NA,NA,FALSE,0.541722009870515,200,1058,18,"gender_agreement","by_session_language","session_6_Mini-Norwegian",6,"Mini-Norwegian",NA,FALSE,"exploratory"
-10,0.470163275193252,0.501904994835993,0.554308392955677,0.885572139303483,NA,NA,FALSE,0.541722009870515,200,1058,18,"gender_agreement","by_session_language","session_6_Mini-Norwegian",6,"Mini-Norwegian",NA,FALSE,"exploratory"
-6,0.452897235167961,0.499384538891571,0.548863201465329,0.965174129353234,NA,NA,FALSE,0.541722009870515,200,1058,18,"gender_agreement","by_session_language","session_6_Mini-Norwegian",6,"Mini-Norwegian",NA,FALSE,"exploratory"
-2,0.493650588043383,0.498002513972611,0.542563487129637,0.597014925373134,NA,NA,FALSE,0.541722009870515,200,1058,18,"gender_agreement","by_session_language","session_6_Mini-Norwegian",6,"Mini-Norwegian",NA,FALSE,"exploratory"
2,0.510045003703777,0.499748629673499,0.547003930052318,0.368159203980099,NA,NA,FALSE,0.541722009870515,200,1058,18,"gender_agreement","by_session_language","session_6_Mini-Norwegian",6,"Mini-Norwegian",NA,FALSE,"exploratory"
6,0.507356237639133,0.500677993036389,0.543523066331051,0.422885572139304,NA,NA,FALSE,0.541722009870515,200,1058,18,"gender_agreement","by_session_language","session_6_Mini-Norwegian",6,"Mini-Norwegian",NA,FALSE,"exploratory"
10,0.520570643352876,0.501755220689692,0.545777506750564,0.17910447761194,NA,NA,FALSE,0.541722009870515,200,1058,18,"gender_agreement","by_session_language","session_6_Mini-Norwegian",6,"Mini-Norwegian",NA,FALSE,"exploratory"
14,0.527392330886396,0.502368862287665,0.542322349452623,0.114427860696517,NA,NA,FALSE,0.541722009870515,200,1058,18,"gender_agreement","by_session_language","session_6_Mini-Norwegian",6,"Mini-Norwegian",NA,FALSE,"exploratory"
18,0.531876073284378,0.501256118754024,0.54800289478867,0.109452736318408,NA,NA,FALSE,0.541722009870515,200,1058,18,"gender_agreement","by_session_language","session_6_Mini-Norwegian",6,"Mini-Norwegian",NA,FALSE,"exploratory"
22,0.521262351396122,0.500201664180137,0.544780762245953,0.233830845771144,NA,NA,FALSE,0.541722009870515,200,1058,18,"gender_agreement","by_session_language","session_6_Mini-Norwegian",6,"Mini-Norwegian",NA,FALSE,"exploratory"
26,0.519877978416243,0.501822766314169,0.54734223014518,0.213930348258706,NA,NA,FALSE,0.541722009870515,200,1058,18,"gender_agreement","by_session_language","session_6_Mini-Norwegian",6,"Mini-Norwegian",NA,FALSE,"exploratory"
30,0.513978754213775,0.500999003143249,0.547946455490602,0.278606965174129,NA,NA,FALSE,0.541722009870515,200,1058,18,"gender_agreement","by_session_language","session_6_Mini-Norwegian",6,"Mini-Norwegian",NA,FALSE,"exploratory"
34,0.485710658138381,0.500806535178042,0.550353892629303,0.73134328358209,NA,NA,FALSE,0.541722009870515,200,1058,18,"gender_agreement","by_session_language","session_6_Mini-Norwegian",6,"Mini-Norwegian",NA,FALSE,"exploratory"
38,0.477628159484852,0.500136925566761,0.545567056047607,0.81592039800995,NA,NA,FALSE,0.541722009870515,200,1058,18,"gender_agreement","by_session_language","session_6_Mini-Norwegian",6,"Mini-Norwegian",NA,FALSE,"exploratory"
42,0.474645863949077,0.500133757941574,0.541661739481359,0.875621890547264,NA,NA,FALSE,0.541722009870515,200,1058,18,"gender_agreement","by_session_language","session_6_Mini-Norwegian",6,"Mini-Norwegian",NA,FALSE,"exploratory"
46,0.488357355236829,0.498551540001858,0.545360705092013,0.696517412935323,NA,NA,FALSE,0.541722009870515,200,1058,18,"gender_agreement","by_session_language","session_6_Mini-Norwegian",6,"Mini-Norwegian",NA,FALSE,"exploratory"
50,0.496365713164605,0.499280361881105,0.539043465108839,0.557213930348259,NA,NA,FALSE,0.541722009870515,200,1058,18,"gender_agreement","by_session_language","session_6_Mini-Norwegian",6,"Mini-Norwegian",NA,FALSE,"exploratory"
54,0.502489670962752,0.499894724936582,0.549751023833947,0.477611940298507,NA,NA,FALSE,0.541722009870515,200,1058,18,"gender_agreement","by_session_language","session_6_Mini-Norwegian",6,"Mini-Norwegian",NA,FALSE,"exploratory"
58,0.52166011356116,0.498924918585473,0.550716051403498,0.174129353233831,NA,NA,FALSE,0.541722009870515,200,1058,18,"gender_agreement","by_session_language","session_6_Mini-Norwegian",6,"Mini-Norwegian",NA,FALSE,"exploratory"
62,0.545364870914877,0.49761349894747,0.557863468613817,0.0398009950248756,3,0.885572139303483,FALSE,0.541722009870515,200,1058,18,"gender_agreement","by_session_language","session_6_Mini-Norwegian",6,"Mini-Norwegian",NA,FALSE,"exploratory"
66,0.549096648093274,0.495687563851858,0.54695806316692,0.0248756218905473,3,0.885572139303483,FALSE,0.541722009870515,200,1058,18,"gender_agreement","by_session_language","session_6_Mini-Norwegian",6,"Mini-Norwegian",NA,FALSE,"exploratory"
70,0.540498238883108,0.495220353138786,0.54934084619085,0.0597014925373134,NA,NA,FALSE,0.541722009870515,200,1058,18,"gender_agreement","by_session_language","session_6_Mini-Norwegian",6,"Mini-Norwegian",NA,FALSE,"exploratory"
74,0.519848682409357,0.496784220043392,0.544379420562371,0.199004975124378,NA,NA,FALSE,0.541722009870515,200,1058,18,"gender_agreement","by_session_language","session_6_Mini-Norwegian",6,"Mini-Norwegian",NA,FALSE,"exploratory"
78,0.501987820045837,0.499164002033721,0.551723686742216,0.432835820895522,NA,NA,FALSE,0.541722009870515,200,1058,18,"gender_agreement","by_session_language","session_6_Mini-Norwegian",6,"Mini-Norwegian",NA,FALSE,"exploratory"
82,0.48952831194674,0.498495680857079,0.547356583041226,0.641791044776119,NA,NA,FALSE,0.541722009870515,200,1058,18,"gender_agreement","by_session_language","session_6_Mini-Norwegian",6,"Mini-Norwegian",NA,FALSE,"exploratory"
86,0.513101096235152,0.499030948387409,0.553391050088769,0.328358208955224,NA,NA,FALSE,0.541722009870515,200,1058,18,"gender_agreement","by_session_language","session_6_Mini-Norwegian",6,"Mini-Norwegian",NA,FALSE,"exploratory"
90,0.536309326290988,0.49969793422626,0.549303161290404,0.0796019900497512,NA,NA,FALSE,0.541722009870515,200,1058,18,"gender_agreement","by_session_language","session_6_Mini-Norwegian",6,"Mini-Norwegian",NA,FALSE,"exploratory"
94,0.525022591564298,0.499889875360712,0.549350477757901,0.159203980099502,NA,NA,FALSE,0.541722009870515,200,1058,18,"gender_agreement","by_session_language","session_6_Mini-Norwegian",6,"Mini-Norwegian",NA,FALSE,"exploratory"
98,0.493606433575785,0.498004859421785,0.545888313127804,0.597014925373134,NA,NA,FALSE,0.541722009870515,200,1058,18,"gender_agreement","by_session_language","session_6_Mini-Norwegian",6,"Mini-Norwegian",NA,FALSE,"exploratory"
102,0.495928061157558,0.500269851582632,0.542540290616013,0.572139303482587,NA,NA,FALSE,0.541722009870515,200,1058,18,"gender_agreement","by_session_language","session_6_Mini-Norwegian",6,"Mini-Norwegian",NA,FALSE,"exploratory"
106,0.487414450569539,0.501998182060027,0.548822469135648,0.716417910447761,NA,NA,FALSE,0.541722009870515,200,1058,18,"gender_agreement","by_session_language","session_6_Mini-Norwegian",6,"Mini-Norwegian",NA,FALSE,"exploratory"
110,0.474881801214448,0.501212944684222,0.54875964013594,0.850746268656716,NA,NA,FALSE,0.541722009870515,200,1058,18,"gender_agreement","by_session_language","session_6_Mini-Norwegian",6,"Mini-Norwegian",NA,FALSE,"exploratory"
114,0.48809761430542,0.500383984234407,0.549076192450849,0.676616915422886,NA,NA,FALSE,0.541722009870515,200,1058,18,"gender_agreement","by_session_language","session_6_Mini-Norwegian",6,"Mini-Norwegian",NA,FALSE,"exploratory"
118,0.480648997156688,0.501893436767437,0.550800463589483,0.781094527363184,NA,NA,FALSE,0.541722009870515,200,1058,18,"gender_agreement","by_session_language","session_6_Mini-Norwegian",6,"Mini-Norwegian",NA,FALSE,"exploratory"
122,0.465827954099953,0.501562945303612,0.55216668082402,0.890547263681592,NA,NA,FALSE,0.541722009870515,200,1058,18,"gender_agreement","by_session_language","session_6_Mini-Norwegian",6,"Mini-Norwegian",NA,FALSE,"exploratory"
126,0.475562664095445,0.50071420655557,0.546731260204501,0.810945273631841,NA,NA,FALSE,0.541722009870515,200,1058,18,"gender_agreement","by_session_language","session_6_Mini-Norwegian",6,"Mini-Norwegian",NA,FALSE,"exploratory"
130,0.469710929518974,0.499767692957397,0.551592073594483,0.840796019900497,NA,NA,FALSE,0.541722009870515,200,1058,18,"gender_agreement","by_session_language","session_6_Mini-Norwegian",6,"Mini-Norwegian",NA,FALSE,"exploratory"
134,0.47580937621264,0.499824959327564,0.547515332491127,0.805970149253731,NA,NA,FALSE,0.541722009870515,200,1058,18,"gender_agreement","by_session_language","session_6_Mini-Norwegian",6,"Mini-Norwegian",NA,FALSE,"exploratory"
138,0.451256861814885,0.499979325889435,0.547254261853159,0.960199004975124,NA,NA,FALSE,0.541722009870515,200,1058,18,"gender_agreement","by_session_language","session_6_Mini-Norwegian",6,"Mini-Norwegian",NA,FALSE,"exploratory"
142,0.446952740760443,0.498773070733197,0.547668363042059,0.980099502487562,NA,NA,FALSE,0.541722009870515,200,1058,18,"gender_agreement","by_session_language","session_6_Mini-Norwegian",6,"Mini-Norwegian",NA,FALSE,"exploratory"
146,0.490760815506359,0.497565569318199,0.550994962600373,0.592039800995025,NA,NA,FALSE,0.541722009870515,200,1058,18,"gender_agreement","by_session_language","session_6_Mini-Norwegian",6,"Mini-Norwegian",NA,FALSE,"exploratory"
150,0.515872548303219,0.497689131020865,0.549994457336371,0.258706467661692,NA,NA,FALSE,0.541722009870515,200,1058,18,"gender_agreement","by_session_language","session_6_Mini-Norwegian",6,"Mini-Norwegian",NA,FALSE,"exploratory"
154,0.499981952588344,0.498225459352435,0.551686252033703,0.492537313432836,NA,NA,FALSE,0.541722009870515,200,1058,18,"gender_agreement","by_session_language","session_6_Mini-Norwegian",6,"Mini-Norwegian",NA,FALSE,"exploratory"
158,0.509070566628046,0.498179085561891,0.551595439912268,0.358208955223881,NA,NA,FALSE,0.541722009870515,200,1058,18,"gender_agreement","by_session_language","session_6_Mini-Norwegian",6,"Mini-Norwegian",NA,FALSE,"exploratory"
162,0.498761973248376,0.499476826457353,0.550225036469456,0.522388059701492,NA,NA,FALSE,0.541722009870515,200,1058,18,"gender_agreement","by_session_language","session_6_Mini-Norwegian",6,"Mini-Norwegian",NA,FALSE,"exploratory"
166,0.515025626285593,0.500199077880581,0.550267635105938,0.263681592039801,NA,NA,FALSE,0.541722009870515,200,1058,18,"gender_agreement","by_session_language","session_6_Mini-Norwegian",6,"Mini-Norwegian",NA,FALSE,"exploratory"
170,0.503800644892562,0.500840244984141,0.553331724705752,0.462686567164179,NA,NA,FALSE,0.541722009870515,200,1058,18,"gender_agreement","by_session_language","session_6_Mini-Norwegian",6,"Mini-Norwegian",NA,FALSE,"exploratory"
174,0.503268285940083,0.4977407117582,0.550925752173389,0.437810945273632,NA,NA,FALSE,0.541722009870515,200,1058,18,"gender_agreement","by_session_language","session_6_Mini-Norwegian",6,"Mini-Norwegian",NA,FALSE,"exploratory"
178,0.499340914038203,0.498505642347954,0.548637321594973,0.45771144278607,NA,NA,FALSE,0.541722009870515,200,1058,18,"gender_agreement","by_session_language","session_6_Mini-Norwegian",6,"Mini-Norwegian",NA,FALSE,"exploratory"
182,0.499047949946101,0.4999444394466,0.552216368563456,0.512437810945274,NA,NA,FALSE,0.541722009870515,200,1058,18,"gender_agreement","by_session_language","session_6_Mini-Norwegian",6,"Mini-Norwegian",NA,FALSE,"exploratory"
186,0.49297570589336,0.500882886502498,0.550300998770048,0.611940298507463,NA,NA,FALSE,0.541722009870515,200,1058,18,"gender_agreement","by_session_language","session_6_Mini-Norwegian",6,"Mini-Norwegian",NA,FALSE,"exploratory"
190,0.498888938049012,0.5000654579472,0.555323907162556,0.507462686567164,NA,NA,FALSE,0.541722009870515,200,1058,18,"gender_agreement","by_session_language","session_6_Mini-Norwegian",6,"Mini-Norwegian",NA,FALSE,"exploratory"
194,0.512426968530954,0.498585124918149,0.550680738173849,0.308457711442786,NA,NA,FALSE,0.541722009870515,200,1058,18,"gender_agreement","by_session_language","session_6_Mini-Norwegian",6,"Mini-Norwegian",NA,FALSE,"exploratory"
198,0.503051564571817,0.497395192415652,0.538905232643351,0.412935323383085,NA,NA,FALSE,0.541722009870515,200,1058,18,"gender_agreement","by_session_language","session_6_Mini-Norwegian",6,"Mini-Norwegian",NA,FALSE,"exploratory"
202,0.505644932830697,0.49763890466452,0.547459836610744,0.447761194029851,NA,NA,FALSE,0.541722009870515,200,1058,18,"gender_agreement","by_session_language","session_6_Mini-Norwegian",6,"Mini-Norwegian",NA,FALSE,"exploratory"
206,0.513907079167279,0.498979611851277,0.545028321943436,0.27363184079602,NA,NA,FALSE,0.541722009870515,200,1058,18,"gender_agreement","by_session_language","session_6_Mini-Norwegian",6,"Mini-Norwegian",NA,FALSE,"exploratory"
210,0.531759211225926,0.501834129482588,0.551084145814646,0.109452736318408,NA,NA,FALSE,0.541722009870515,200,1058,18,"gender_agreement","by_session_language","session_6_Mini-Norwegian",6,"Mini-Norwegian",NA,FALSE,"exploratory"
214,0.533873644596175,0.501659263531703,0.549588799678466,0.0895522388059701,NA,NA,FALSE,0.541722009870515,200,1058,18,"gender_agreement","by_session_language","session_6_Mini-Norwegian",6,"Mini-Norwegian",NA,FALSE,"exploratory"
218,0.525527430478812,0.502741815219924,0.548317533024444,0.189054726368159,NA,NA,FALSE,0.541722009870515,200,1058,18,"gender_agreement","by_session_language","session_6_Mini-Norwegian",6,"Mini-Norwegian",NA,FALSE,"exploratory"
222,0.517898255793619,0.500882794922767,0.547085296036961,0.248756218905473,NA,NA,FALSE,0.541722009870515,200,1058,18,"gender_agreement","by_session_language","session_6_Mini-Norwegian",6,"Mini-Norwegian",NA,FALSE,"exploratory"
226,0.519648173328329,0.499272430274816,0.546303143200725,0.218905472636816,NA,NA,FALSE,0.541722009870515,200,1058,18,"gender_agreement","by_session_language","session_6_Mini-Norwegian",6,"Mini-Norwegian",NA,FALSE,"exploratory"
230,0.524904702824138,0.499513295221526,0.550556077565134,0.164179104477612,NA,NA,FALSE,0.541722009870515,200,1058,18,"gender_agreement","by_session_language","session_6_Mini-Norwegian",6,"Mini-Norwegian",NA,FALSE,"exploratory"
234,0.537955718271036,0.500139472950251,0.547368142634845,0.0746268656716418,NA,NA,FALSE,0.541722009870515,200,1058,18,"gender_agreement","by_session_language","session_6_Mini-Norwegian",6,"Mini-Norwegian",NA,FALSE,"exploratory"
238,0.509060127584626,0.500161837483897,0.541022491299624,0.398009950248756,NA,NA,FALSE,0.541722009870515,200,1058,18,"gender_agreement","by_session_language","session_6_Mini-Norwegian",6,"Mini-Norwegian",NA,FALSE,"exploratory"
242,0.497982131418053,0.501462358312956,0.544802387317192,0.562189054726368,NA,NA,FALSE,0.541722009870515,200,1058,18,"gender_agreement","by_session_language","session_6_Mini-Norwegian",6,"Mini-Norwegian",NA,FALSE,"exploratory"
246,0.487093768931481,0.501768826472508,0.544547778779943,0.756218905472637,NA,NA,FALSE,0.541722009870515,200,1058,18,"gender_agreement","by_session_language","session_6_Mini-Norwegian",6,"Mini-Norwegian",NA,FALSE,"exploratory"
250,0.517715873655533,0.501132376872676,0.551486704446812,0.258706467661692,NA,NA,FALSE,0.541722009870515,200,1058,18,"gender_agreement","by_session_language","session_6_Mini-Norwegian",6,"Mini-Norwegian",NA,FALSE,"exploratory"
254,0.527817257992271,0.498895349526268,0.54856816644085,0.114427860696517,NA,NA,FALSE,0.541722009870515,200,1058,18,"gender_agreement","by_session_language","session_6_Mini-Norwegian",6,"Mini-Norwegian",NA,FALSE,"exploratory"
258,0.515496060218503,0.497830339003285,0.547007204251723,0.223880597014925,NA,NA,FALSE,0.541722009870515,200,1058,18,"gender_agreement","by_session_language","session_6_Mini-Norwegian",6,"Mini-Norwegian",NA,FALSE,"exploratory"
262,0.49873484035614,0.496674453786175,0.551659373672509,0.477611940298507,NA,NA,FALSE,0.541722009870515,200,1058,18,"gender_agreement","by_session_language","session_6_Mini-Norwegian",6,"Mini-Norwegian",NA,FALSE,"exploratory"
266,0.506255361037594,0.496659382671546,0.54910886607904,0.338308457711443,NA,NA,FALSE,0.541722009870515,200,1058,18,"gender_agreement","by_session_language","session_6_Mini-Norwegian",6,"Mini-Norwegian",NA,FALSE,"exploratory"
270,0.515909544738075,0.49821944075784,0.550231168348586,0.27363184079602,NA,NA,FALSE,0.541722009870515,200,1058,18,"gender_agreement","by_session_language","session_6_Mini-Norwegian",6,"Mini-Norwegian",NA,FALSE,"exploratory"
274,0.511732503109739,0.500735082071673,0.548480221658186,0.353233830845771,NA,NA,FALSE,0.541722009870515,200,1058,18,"gender_agreement","by_session_language","session_6_Mini-Norwegian",6,"Mini-Norwegian",NA,FALSE,"exploratory"
278,0.528508395166405,0.500104599226554,0.544980645064113,0.144278606965174,NA,NA,FALSE,0.541722009870515,200,1058,18,"gender_agreement","by_session_language","session_6_Mini-Norwegian",6,"Mini-Norwegian",NA,FALSE,"exploratory"
282,0.53878405376458,0.500194959484328,0.54805726319424,0.0796019900497512,NA,NA,FALSE,0.541722009870515,200,1058,18,"gender_agreement","by_session_language","session_6_Mini-Norwegian",6,"Mini-Norwegian",NA,FALSE,"exploratory"
286,0.50396310828604,0.501227676376475,0.546831187817963,0.45273631840796,NA,NA,FALSE,0.541722009870515,200,1058,18,"gender_agreement","by_session_language","session_6_Mini-Norwegian",6,"Mini-Norwegian",NA,FALSE,"exploratory"
290,0.488449732018347,0.502062917084797,0.545897905581103,0.711442786069652,NA,NA,FALSE,0.541722009870515,200,1058,18,"gender_agreement","by_session_language","session_6_Mini-Norwegian",6,"Mini-Norwegian",NA,FALSE,"exploratory"
294,0.505227686674546,0.501779264635095,0.552157790153579,0.442786069651741,NA,NA,FALSE,0.541722009870515,200,1058,18,"gender_agreement","by_session_language","session_6_Mini-Norwegian",6,"Mini-Norwegian",NA,FALSE,"exploratory"
298,0.504179218496236,0.502762942418497,0.550955647911439,0.477611940298507,NA,NA,FALSE,0.541722009870515,200,1058,18,"gender_agreement","by_session_language","session_6_Mini-Norwegian",6,"Mini-Norwegian",NA,FALSE,"exploratory"
302,0.510853523477383,0.502847848479441,0.547387373065568,0.36318407960199,NA,NA,FALSE,0.541722009870515,200,1058,18,"gender_agreement","by_session_language","session_6_Mini-Norwegian",6,"Mini-Norwegian",NA,FALSE,"exploratory"
306,0.523575470081423,0.503023662209085,0.543952232474021,0.213930348258706,NA,NA,FALSE,0.541722009870515,200,1058,18,"gender_agreement","by_session_language","session_6_Mini-Norwegian",6,"Mini-Norwegian",NA,FALSE,"exploratory"
310,0.524349778325837,0.503185999251815,0.545458215775234,0.189054726368159,NA,NA,FALSE,0.541722009870515,200,1058,18,"gender_agreement","by_session_language","session_6_Mini-Norwegian",6,"Mini-Norwegian",NA,FALSE,"exploratory"
314,0.504554526356521,0.500502406903719,0.548924675973158,0.482587064676617,NA,NA,FALSE,0.541722009870515,200,1058,18,"gender_agreement","by_session_language","session_6_Mini-Norwegian",6,"Mini-Norwegian",NA,FALSE,"exploratory"
318,0.488634260533371,0.501276072086927,0.552774601205743,0.681592039800995,NA,NA,FALSE,0.541722009870515,200,1058,18,"gender_agreement","by_session_language","session_6_Mini-Norwegian",6,"Mini-Norwegian",NA,FALSE,"exploratory"
322,0.479523188967206,0.500456345138672,0.561636388728409,0.766169154228856,NA,NA,FALSE,0.541722009870515,200,1058,18,"gender_agreement","by_session_language","session_6_Mini-Norwegian",6,"Mini-Norwegian",NA,FALSE,"exploratory"
326,0.471950633040943,0.499070351718769,0.549596864679558,0.845771144278607,NA,NA,FALSE,0.541722009870515,200,1058,18,"gender_agreement","by_session_language","session_6_Mini-Norwegian",6,"Mini-Norwegian",NA,FALSE,"exploratory"
330,0.481019737731047,0.498865059766951,0.548805265873516,0.761194029850746,NA,NA,FALSE,0.541722009870515,200,1058,18,"gender_agreement","by_session_language","session_6_Mini-Norwegian",6,"Mini-Norwegian",NA,FALSE,"exploratory"
334,0.511191638074891,0.500294352666877,0.539978318046828,0.358208955223881,NA,NA,FALSE,0.541722009870515,200,1058,18,"gender_agreement","by_session_language","session_6_Mini-Norwegian",6,"Mini-Norwegian",NA,FALSE,"exploratory"
338,0.526128072201404,0.499327922534974,0.544920401103042,0.164179104477612,NA,NA,FALSE,0.541722009870515,200,1058,18,"gender_agreement","by_session_language","session_6_Mini-Norwegian",6,"Mini-Norwegian",NA,FALSE,"exploratory"
342,0.541830382105193,0.500340619730986,0.547425334626233,0.0597014925373134,4,0.980099502487562,FALSE,0.541722009870515,200,1058,18,"gender_agreement","by_session_language","session_6_Mini-Norwegian",6,"Mini-Norwegian",NA,FALSE,"exploratory"
346,0.516849326380852,0.500930523224942,0.545773333064804,0.27363184079602,NA,NA,FALSE,0.541722009870515,200,1058,18,"gender_agreement","by_session_language","session_6_Mini-Norwegian",6,"Mini-Norwegian",NA,FALSE,"exploratory"
350,0.483728063294666,0.497954088382096,0.546213966044105,0.711442786069652,NA,NA,FALSE,0.541722009870515,200,1058,18,"gender_agreement","by_session_language","session_6_Mini-Norwegian",6,"Mini-Norwegian",NA,FALSE,"exploratory"
354,0.466538847942057,0.497971360771742,0.544656749523804,0.865671641791045,NA,NA,FALSE,0.541722009870515,200,1058,18,"gender_agreement","by_session_language","session_6_Mini-Norwegian",6,"Mini-Norwegian",NA,FALSE,"exploratory"
358,0.455137716936137,0.50007641298736,0.544608343607277,0.950248756218905,NA,NA,FALSE,0.541722009870515,200,1058,18,"gender_agreement","by_session_language","session_6_Mini-Norwegian",6,"Mini-Norwegian",NA,FALSE,"exploratory"
362,0.491956882015304,0.501809080385779,0.551473512229521,0.661691542288557,NA,NA,FALSE,0.541722009870515,200,1058,18,"gender_agreement","by_session_language","session_6_Mini-Norwegian",6,"Mini-Norwegian",NA,FALSE,"exploratory"
366,0.512009056794572,0.501552756728944,0.557706200568559,0.338308457711443,NA,NA,FALSE,0.541722009870515,200,1058,18,"gender_agreement","by_session_language","session_6_Mini-Norwegian",6,"Mini-Norwegian",NA,FALSE,"exploratory"
370,0.485415202142084,0.501584536136702,0.555722652406999,0.761194029850746,NA,NA,FALSE,0.541722009870515,200,1058,18,"gender_agreement","by_session_language","session_6_Mini-Norwegian",6,"Mini-Norwegian",NA,FALSE,"exploratory"
374,0.488615038536139,0.502610208663737,0.54727916553392,0.741293532338308,NA,NA,FALSE,0.541722009870515,200,1058,18,"gender_agreement","by_session_language","session_6_Mini-Norwegian",6,"Mini-Norwegian",NA,FALSE,"exploratory"
378,0.491246903668483,0.501012768637833,0.548029642681039,0.666666666666667,NA,NA,FALSE,0.541722009870515,200,1058,18,"gender_agreement","by_session_language","session_6_Mini-Norwegian",6,"Mini-Norwegian",NA,FALSE,"exploratory"
382,0.487522019936926,0.49754266299978,0.548664110383529,0.681592039800995,NA,NA,FALSE,0.541722009870515,200,1058,18,"gender_agreement","by_session_language","session_6_Mini-Norwegian",6,"Mini-Norwegian",NA,FALSE,"exploratory"
386,0.5025636707557,0.49779233752536,0.548186044708211,0.427860696517413,NA,NA,FALSE,0.541722009870515,200,1058,18,"gender_agreement","by_session_language","session_6_Mini-Norwegian",6,"Mini-Norwegian",NA,FALSE,"exploratory"
390,0.466331721041823,0.499191929528294,0.549510256873261,0.900497512437811,NA,NA,FALSE,0.541722009870515,200,1058,18,"gender_agreement","by_session_language","session_6_Mini-Norwegian",6,"Mini-Norwegian",NA,FALSE,"exploratory"
394,0.46933792191203,0.501829574293582,0.5488142199938,0.91044776119403,NA,NA,FALSE,0.541722009870515,200,1058,18,"gender_agreement","by_session_language","session_6_Mini-Norwegian",6,"Mini-Norwegian",NA,FALSE,"exploratory"
398,0.469372988250213,0.502121995352139,0.548486425383698,0.880597014925373,NA,NA,FALSE,0.541722009870515,200,1058,18,"gender_agreement","by_session_language","session_6_Mini-Norwegian",6,"Mini-Norwegian",NA,FALSE,"exploratory"
402,0.484674403190208,0.501366605279612,0.551113378256645,0.736318407960199,NA,NA,FALSE,0.541722009870515,200,1058,18,"gender_agreement","by_session_language","session_6_Mini-Norwegian",6,"Mini-Norwegian",NA,FALSE,"exploratory"
406,0.509258820929126,0.500607319758762,0.548070861818972,0.348258706467662,NA,NA,FALSE,0.541722009870515,200,1058,18,"gender_agreement","by_session_language","session_6_Mini-Norwegian",6,"Mini-Norwegian",NA,FALSE,"exploratory"
410,0.529745056651198,0.501729303841763,0.552738264129981,0.164179104477612,NA,NA,FALSE,0.541722009870515,200,1058,18,"gender_agreement","by_session_language","session_6_Mini-Norwegian",6,"Mini-Norwegian",NA,FALSE,"exploratory"
414,0.529981487283656,0.502919115033087,0.55490256654395,0.159203980099502,NA,NA,FALSE,0.541722009870515,200,1058,18,"gender_agreement","by_session_language","session_6_Mini-Norwegian",6,"Mini-Norwegian",NA,FALSE,"exploratory"
418,0.510845574284733,0.500998609028697,0.552254297507671,0.338308457711443,NA,NA,FALSE,0.541722009870515,200,1058,18,"gender_agreement","by_session_language","session_6_Mini-Norwegian",6,"Mini-Norwegian",NA,FALSE,"exploratory"
422,0.493708676156973,0.500221750634931,0.553229802157234,0.601990049751244,NA,NA,FALSE,0.541722009870515,200,1058,18,"gender_agreement","by_session_language","session_6_Mini-Norwegian",6,"Mini-Norwegian",NA,FALSE,"exploratory"
426,0.463452522558665,0.499999419769581,0.553635382848964,0.925373134328358,NA,NA,FALSE,0.541722009870515,200,1058,18,"gender_agreement","by_session_language","session_6_Mini-Norwegian",6,"Mini-Norwegian",NA,FALSE,"exploratory"
430,0.444123491160889,0.500539215721221,0.552225436117856,0.980099502487562,NA,NA,FALSE,0.541722009870515,200,1058,18,"gender_agreement","by_session_language","session_6_Mini-Norwegian",6,"Mini-Norwegian",NA,FALSE,"exploratory"
434,0.430553366273785,0.501861468385485,0.54908985030515,1,NA,NA,FALSE,0.541722009870515,200,1058,18,"gender_agreement","by_session_language","session_6_Mini-Norwegian",6,"Mini-Norwegian",NA,FALSE,"exploratory"
438,0.428909853372875,0.501217581183612,0.549364242874189,1,NA,NA,FALSE,0.541722009870515,200,1058,18,"gender_agreement","by_session_language","session_6_Mini-Norwegian",6,"Mini-Norwegian",NA,FALSE,"exploratory"
442,0.452094055415886,0.501696889175063,0.54922964814111,0.965174129353234,NA,NA,FALSE,0.541722009870515,200,1058,18,"gender_agreement","by_session_language","session_6_Mini-Norwegian",6,"Mini-Norwegian",NA,FALSE,"exploratory"
446,0.479862968484374,0.500490426993943,0.545158094437446,0.781094527363184,NA,NA,FALSE,0.541722009870515,200,1058,18,"gender_agreement","by_session_language","session_6_Mini-Norwegian",6,"Mini-Norwegian",NA,FALSE,"exploratory"
450,0.465144568967691,0.499774987864822,0.541437511163319,0.890547263681592,NA,NA,FALSE,0.541722009870515,200,1058,18,"gender_agreement","by_session_language","session_6_Mini-Norwegian",6,"Mini-Norwegian",NA,FALSE,"exploratory"
454,0.468534800525853,0.497836617190386,0.53986547956127,0.860696517412935,NA,NA,FALSE,0.541722009870515,200,1058,18,"gender_agreement","by_session_language","session_6_Mini-Norwegian",6,"Mini-Norwegian",NA,FALSE,"exploratory"
458,0.477528183334945,0.496545871798559,0.538775409817601,0.791044776119403,NA,NA,FALSE,0.541722009870515,200,1058,18,"gender_agreement","by_session_language","session_6_Mini-Norwegian",6,"Mini-Norwegian",NA,FALSE,"exploratory"
462,0.484289198019985,0.498274379625858,0.539880621134891,0.701492537313433,NA,NA,FALSE,0.541722009870515,200,1058,18,"gender_agreement","by_session_language","session_6_Mini-Norwegian",6,"Mini-Norwegian",NA,FALSE,"exploratory"
466,0.520552286919001,0.498465472775899,0.542257906632203,0.203980099502488,NA,NA,FALSE,0.541722009870515,200,1058,18,"gender_agreement","by_session_language","session_6_Mini-Norwegian",6,"Mini-Norwegian",NA,FALSE,"exploratory"
470,0.522361494230145,0.498114680723303,0.542159446650045,0.189054726368159,NA,NA,FALSE,0.541722009870515,200,1058,18,"gender_agreement","by_session_language","session_6_Mini-Norwegian",6,"Mini-Norwegian",NA,FALSE,"exploratory"
474,0.507244376427069,0.498833165604898,0.542200739759278,0.378109452736318,NA,NA,FALSE,0.541722009870515,200,1058,18,"gender_agreement","by_session_language","session_6_Mini-Norwegian",6,"Mini-Norwegian",NA,FALSE,"exploratory"
478,0.512663056473219,0.499953296620271,0.551489328671199,0.293532338308458,NA,NA,FALSE,0.541722009870515,200,1058,18,"gender_agreement","by_session_language","session_6_Mini-Norwegian",6,"Mini-Norwegian",NA,FALSE,"exploratory"
482,0.526326527720914,0.49966264589521,0.550137159274273,0.144278606965174,NA,NA,FALSE,0.541722009870515,200,1058,18,"gender_agreement","by_session_language","session_6_Mini-Norwegian",6,"Mini-Norwegian",NA,FALSE,"exploratory"
486,0.521978742958515,0.498370126436894,0.540462311014002,0.18407960199005,NA,NA,FALSE,0.541722009870515,200,1058,18,"gender_agreement","by_session_language","session_6_Mini-Norwegian",6,"Mini-Norwegian",NA,FALSE,"exploratory"
490,0.508224362646775,0.495552067306002,0.534026022231784,0.333333333333333,NA,NA,FALSE,0.541722009870515,200,1058,18,"gender_agreement","by_session_language","session_6_Mini-Norwegian",6,"Mini-Norwegian",NA,FALSE,"exploratory"
494,0.494166551010402,0.494155440935217,0.536894333347614,0.502487562189055,NA,NA,FALSE,0.541722009870515,200,1058,18,"gender_agreement","by_session_language","session_6_Mini-Norwegian",6,"Mini-Norwegian",NA,FALSE,"exploratory"
498,0.47660904474072,0.49685313113273,0.54327207637957,0.786069651741294,NA,NA,FALSE,0.541722009870515,200,1058,18,"gender_agreement","by_session_language","session_6_Mini-Norwegian",6,"Mini-Norwegian",NA,FALSE,"exploratory"
502,0.462255197488678,0.498297820495987,0.548733012512555,0.935323383084577,NA,NA,FALSE,0.541722009870515,200,1058,18,"gender_agreement","by_session_language","session_6_Mini-Norwegian",6,"Mini-Norwegian",NA,FALSE,"exploratory"
506,0.45641916471123,0.499701875431895,0.550208229687799,0.955223880597015,NA,NA,FALSE,0.541722009870515,200,1058,18,"gender_agreement","by_session_language","session_6_Mini-Norwegian",6,"Mini-Norwegian",NA,FALSE,"exploratory"
510,0.467462172747103,0.498977043020195,0.545939061960385,0.895522388059702,NA,NA,FALSE,0.541722009870515,200,1058,18,"gender_agreement","by_session_language","session_6_Mini-Norwegian",6,"Mini-Norwegian",NA,FALSE,"exploratory"
514,0.471334929409884,0.499352258917201,0.547249696174335,0.855721393034826,NA,NA,FALSE,0.541722009870515,200,1058,18,"gender_agreement","by_session_language","session_6_Mini-Norwegian",6,"Mini-Norwegian",NA,FALSE,"exploratory"
518,0.476846516308461,0.499177539501368,0.538286196996506,0.825870646766169,NA,NA,FALSE,0.541722009870515,200,1058,18,"gender_agreement","by_session_language","session_6_Mini-Norwegian",6,"Mini-Norwegian",NA,FALSE,"exploratory"
522,0.496218746762076,0.499150848509292,0.549355261780538,0.572139303482587,NA,NA,FALSE,0.541722009870515,200,1058,18,"gender_agreement","by_session_language","session_6_Mini-Norwegian",6,"Mini-Norwegian",NA,FALSE,"exploratory"
526,0.503859740974706,0.498953180630791,0.545441988717296,0.432835820895522,NA,NA,FALSE,0.541722009870515,200,1058,18,"gender_agreement","by_session_language","session_6_Mini-Norwegian",6,"Mini-Norwegian",NA,FALSE,"exploratory"
530,0.514549071755855,0.501014209673174,0.55099169805815,0.278606965174129,NA,NA,FALSE,0.541722009870515,200,1058,18,"gender_agreement","by_session_language","session_6_Mini-Norwegian",6,"Mini-Norwegian",NA,FALSE,"exploratory"
534,0.520887256643675,0.502269785641881,0.546409912768397,0.233830845771144,NA,NA,FALSE,0.541722009870515,200,1058,18,"gender_agreement","by_session_language","session_6_Mini-Norwegian",6,"Mini-Norwegian",NA,FALSE,"exploratory"
538,0.537645891966434,0.503469053613437,0.546042770951818,0.0895522388059701,NA,NA,FALSE,0.541722009870515,200,1058,18,"gender_agreement","by_session_language","session_6_Mini-Norwegian",6,"Mini-Norwegian",NA,FALSE,"exploratory"
542,0.536365813500545,0.504124901833661,0.551812128287585,0.119402985074627,NA,NA,FALSE,0.541722009870515,200,1058,18,"gender_agreement","by_session_language","session_6_Mini-Norwegian",6,"Mini-Norwegian",NA,FALSE,"exploratory"
546,0.498887150125339,0.504181151837941,0.548607681437706,0.597014925373134,NA,NA,FALSE,0.541722009870515,200,1058,18,"gender_agreement","by_session_language","session_6_Mini-Norwegian",6,"Mini-Norwegian",NA,FALSE,"exploratory"
550,0.500901264475366,0.504620812754166,0.54723368582521,0.577114427860697,NA,NA,FALSE,0.541722009870515,200,1058,18,"gender_agreement","by_session_language","session_6_Mini-Norwegian",6,"Mini-Norwegian",NA,FALSE,"exploratory"
554,0.510021844980463,0.503387593237986,0.545910476023188,0.383084577114428,NA,NA,FALSE,0.541722009870515,200,1058,18,"gender_agreement","by_session_language","session_6_Mini-Norwegian",6,"Mini-Norwegian",NA,FALSE,"exploratory"
558,0.54216065988465,0.502887132058076,0.54598865759858,0.0447761194029851,5,0.82089552238806,FALSE,0.541722009870515,200,1058,18,"gender_agreement","by_session_language","session_6_Mini-Norwegian",6,"Mini-Norwegian",NA,FALSE,"exploratory"
562,0.556154174440175,0.501971943735423,0.549415833031331,0.0149253731343284,5,0.82089552238806,FALSE,0.541722009870515,200,1058,18,"gender_agreement","by_session_language","session_6_Mini-Norwegian",6,"Mini-Norwegian",NA,FALSE,"exploratory"
566,0.530214890853376,0.502753769021927,0.545187275513945,0.149253731343284,NA,NA,FALSE,0.541722009870515,200,1058,18,"gender_agreement","by_session_language","session_6_Mini-Norwegian",6,"Mini-Norwegian",NA,FALSE,"exploratory"
570,0.510886430615323,0.502524154072464,0.543634093662821,0.398009950248756,NA,NA,FALSE,0.541722009870515,200,1058,18,"gender_agreement","by_session_language","session_6_Mini-Norwegian",6,"Mini-Norwegian",NA,FALSE,"exploratory"
574,0.510098793271665,0.501415192057878,0.546329631857566,0.383084577114428,NA,NA,FALSE,0.541722009870515,200,1058,18,"gender_agreement","by_session_language","session_6_Mini-Norwegian",6,"Mini-Norwegian",NA,FALSE,"exploratory"
578,0.503384881856056,0.50058423618417,0.547910448114166,0.462686567164179,NA,NA,FALSE,0.541722009870515,200,1058,18,"gender_agreement","by_session_language","session_6_Mini-Norwegian",6,"Mini-Norwegian",NA,FALSE,"exploratory"
582,0.484451284976704,0.499163613896011,0.542891540299712,0.711442786069652,NA,NA,FALSE,0.541722009870515,200,1058,18,"gender_agreement","by_session_language","session_6_Mini-Norwegian",6,"Mini-Norwegian",NA,FALSE,"exploratory"
586,0.492181107882075,0.497747131620885,0.54283256164327,0.577114427860697,NA,NA,FALSE,0.541722009870515,200,1058,18,"gender_agreement","by_session_language","session_6_Mini-Norwegian",6,"Mini-Norwegian",NA,FALSE,"exploratory"
590,0.492831626716291,0.496481208499964,0.54971552857186,0.54726368159204,NA,NA,FALSE,0.541722009870515,200,1058,18,"gender_agreement","by_session_language","session_6_Mini-Norwegian",6,"Mini-Norwegian",NA,FALSE,"exploratory"
594,0.494025180838156,0.497235496329968,0.542837424093068,0.527363184079602,NA,NA,FALSE,0.541722009870515,200,1058,18,"gender_agreement","by_session_language","session_6_Mini-Norwegian",6,"Mini-Norwegian",NA,FALSE,"exploratory"
598,0.464182493712427,0.499064718781438,0.544234277879698,0.965174129353234,NA,NA,FALSE,0.541722009870515,200,1058,18,"gender_agreement","by_session_language","session_6_Mini-Norwegian",6,"Mini-Norwegian",NA,FALSE,"exploratory"
602,0.461240213963606,0.501207153983836,0.542693119827837,0.970149253731343,NA,NA,FALSE,0.541722009870515,200,1058,18,"gender_agreement","by_session_language","session_6_Mini-Norwegian",6,"Mini-Norwegian",NA,FALSE,"exploratory"
606,0.47540628321982,0.500164825891606,0.548818443481134,0.825870646766169,NA,NA,FALSE,0.541722009870515,200,1058,18,"gender_agreement","by_session_language","session_6_Mini-Norwegian",6,"Mini-Norwegian",NA,FALSE,"exploratory"
610,0.484262486547728,0.500363658737268,0.550660986080319,0.701492537313433,NA,NA,FALSE,0.541722009870515,200,1058,18,"gender_agreement","by_session_language","session_6_Mini-Norwegian",6,"Mini-Norwegian",NA,FALSE,"exploratory"
614,0.482098933698166,0.500158484719703,0.548160319683889,0.741293532338308,NA,NA,FALSE,0.541722009870515,200,1058,18,"gender_agreement","by_session_language","session_6_Mini-Norwegian",6,"Mini-Norwegian",NA,FALSE,"exploratory"
618,0.492368507571571,0.50077002616513,0.549413895243984,0.63681592039801,NA,NA,FALSE,0.541722009870515,200,1058,18,"gender_agreement","by_session_language","session_6_Mini-Norwegian",6,"Mini-Norwegian",NA,FALSE,"exploratory"
622,0.505116201250906,0.500958655240924,0.554786837436058,0.427860696517413,NA,NA,FALSE,0.541722009870515,200,1058,18,"gender_agreement","by_session_language","session_6_Mini-Norwegian",6,"Mini-Norwegian",NA,FALSE,"exploratory"
626,0.5081432739631,0.499504864068442,0.546558736468882,0.383084577114428,NA,NA,FALSE,0.541722009870515,200,1058,18,"gender_agreement","by_session_language","session_6_Mini-Norwegian",6,"Mini-Norwegian",NA,FALSE,"exploratory"
630,0.493554377190867,0.500654183010854,0.54530904722863,0.646766169154229,NA,NA,FALSE,0.541722009870515,200,1058,18,"gender_agreement","by_session_language","session_6_Mini-Norwegian",6,"Mini-Norwegian",NA,FALSE,"exploratory"
634,0.4916251907257,0.502309678732347,0.54329831105762,0.671641791044776,NA,NA,FALSE,0.541722009870515,200,1058,18,"gender_agreement","by_session_language","session_6_Mini-Norwegian",6,"Mini-Norwegian",NA,FALSE,"exploratory"
638,0.504056330746833,0.503435585233497,0.543864077185863,0.527363184079602,NA,NA,FALSE,0.541722009870515,200,1058,18,"gender_agreement","by_session_language","session_6_Mini-Norwegian",6,"Mini-Norwegian",NA,FALSE,"exploratory"
642,0.528506089176082,0.5023455590178,0.545169841039827,0.139303482587065,NA,NA,FALSE,0.541722009870515,200,1058,18,"gender_agreement","by_session_language","session_6_Mini-Norwegian",6,"Mini-Norwegian",NA,FALSE,"exploratory"
646,0.486289172382703,0.501819694814558,0.548795696396735,0.771144278606965,NA,NA,FALSE,0.541722009870515,200,1058,18,"gender_agreement","by_session_language","session_6_Mini-Norwegian",6,"Mini-Norwegian",NA,FALSE,"exploratory"
650,0.489247035266202,0.502101331467762,0.546802919976335,0.706467661691542,NA,NA,FALSE,0.541722009870515,200,1058,18,"gender_agreement","by_session_language","session_6_Mini-Norwegian",6,"Mini-Norwegian",NA,FALSE,"exploratory"
654,0.466987552403369,0.501269943385979,0.547082711890269,0.915422885572139,NA,NA,FALSE,0.541722009870515,200,1058,18,"gender_agreement","by_session_language","session_6_Mini-Norwegian",6,"Mini-Norwegian",NA,FALSE,"exploratory"
658,0.474203492896747,0.500860302700496,0.545398112725704,0.860696517412935,NA,NA,FALSE,0.541722009870515,200,1058,18,"gender_agreement","by_session_language","session_6_Mini-Norwegian",6,"Mini-Norwegian",NA,FALSE,"exploratory"
662,0.469657697502664,0.499718243892132,0.549802518720913,0.860696517412935,NA,NA,FALSE,0.541722009870515,200,1058,18,"gender_agreement","by_session_language","session_6_Mini-Norwegian",6,"Mini-Norwegian",NA,FALSE,"exploratory"
666,0.459453146678709,0.499503939854222,0.552902843525309,0.955223880597015,NA,NA,FALSE,0.541722009870515,200,1058,18,"gender_agreement","by_session_language","session_6_Mini-Norwegian",6,"Mini-Norwegian",NA,FALSE,"exploratory"
670,0.457585517596546,0.49908770586266,0.55233173097088,0.955223880597015,NA,NA,FALSE,0.541722009870515,200,1058,18,"gender_agreement","by_session_language","session_6_Mini-Norwegian",6,"Mini-Norwegian",NA,FALSE,"exploratory"
674,0.461854836137861,0.497930431654933,0.554927263580573,0.930348258706468,NA,NA,FALSE,0.541722009870515,200,1058,18,"gender_agreement","by_session_language","session_6_Mini-Norwegian",6,"Mini-Norwegian",NA,FALSE,"exploratory"
678,0.452491462004036,0.498346127430076,0.551006264697785,0.975124378109453,NA,NA,FALSE,0.541722009870515,200,1058,18,"gender_agreement","by_session_language","session_6_Mini-Norwegian",6,"Mini-Norwegian",NA,FALSE,"exploratory"
682,0.44306111324406,0.49929911988746,0.5423766753208,0.990049751243781,NA,NA,FALSE,0.541722009870515,200,1058,18,"gender_agreement","by_session_language","session_6_Mini-Norwegian",6,"Mini-Norwegian",NA,FALSE,"exploratory"
686,0.464917641817598,0.499668605633171,0.55230575215413,0.90547263681592,NA,NA,FALSE,0.541722009870515,200,1058,18,"gender_agreement","by_session_language","session_6_Mini-Norwegian",6,"Mini-Norwegian",NA,FALSE,"exploratory"
690,0.494842979742425,0.499007581663031,0.541041741391079,0.54726368159204,NA,NA,FALSE,0.541722009870515,200,1058,18,"gender_agreement","by_session_language","session_6_Mini-Norwegian",6,"Mini-Norwegian",NA,FALSE,"exploratory"
694,0.512871065095808,0.499865001362643,0.541360236880705,0.338308457711443,NA,NA,FALSE,0.541722009870515,200,1058,18,"gender_agreement","by_session_language","session_6_Mini-Norwegian",6,"Mini-Norwegian",NA,FALSE,"exploratory"
698,0.486268654073953,0.500809869950394,0.544674998324191,0.72636815920398,NA,NA,FALSE,0.541722009870515,200,1058,18,"gender_agreement","by_session_language","session_6_Mini-Norwegian",6,"Mini-Norwegian",NA,FALSE,"exploratory"
702,0.471442439824905,0.500413348915658,0.547478652079013,0.865671641791045,NA,NA,FALSE,0.541722009870515,200,1058,18,"gender_agreement","by_session_language","session_6_Mini-Norwegian",6,"Mini-Norwegian",NA,FALSE,"exploratory"
706,0.46992311065602,0.501567577272752,0.552979571572265,0.915422885572139,NA,NA,FALSE,0.541722009870515,200,1058,18,"gender_agreement","by_session_language","session_6_Mini-Norwegian",6,"Mini-Norwegian",NA,FALSE,"exploratory"
710,0.468518857149569,0.500892470236751,0.550734288958452,0.90547263681592,NA,NA,FALSE,0.541722009870515,200,1058,18,"gender_agreement","by_session_language","session_6_Mini-Norwegian",6,"Mini-Norwegian",NA,FALSE,"exploratory"
714,0.471146912464466,0.502549853889719,0.549059340462312,0.875621890547264,NA,NA,FALSE,0.541722009870515,200,1058,18,"gender_agreement","by_session_language","session_6_Mini-Norwegian",6,"Mini-Norwegian",NA,FALSE,"exploratory"
718,0.492347092530316,0.503201763128109,0.548512836703558,0.686567164179104,NA,NA,FALSE,0.541722009870515,200,1058,18,"gender_agreement","by_session_language","session_6_Mini-Norwegian",6,"Mini-Norwegian",NA,FALSE,"exploratory"
722,0.483920326316426,0.502725582419969,0.547880284782348,0.776119402985075,NA,NA,FALSE,0.541722009870515,200,1058,18,"gender_agreement","by_session_language","session_6_Mini-Norwegian",6,"Mini-Norwegian",NA,FALSE,"exploratory"
726,0.492749873459898,0.50231642566673,0.550628471238395,0.651741293532338,NA,NA,FALSE,0.541722009870515,200,1058,18,"gender_agreement","by_session_language","session_6_Mini-Norwegian",6,"Mini-Norwegian",NA,FALSE,"exploratory"
730,0.492593918537078,0.499556041816093,0.54476917534723,0.616915422885572,NA,NA,FALSE,0.541722009870515,200,1058,18,"gender_agreement","by_session_language","session_6_Mini-Norwegian",6,"Mini-Norwegian",NA,FALSE,"exploratory"
734,0.492393870184381,0.497966804498943,0.548399608891852,0.606965174129353,NA,NA,FALSE,0.541722009870515,200,1058,18,"gender_agreement","by_session_language","session_6_Mini-Norwegian",6,"Mini-Norwegian",NA,FALSE,"exploratory"
738,0.493018876971493,0.497158744735852,0.54465022120367,0.597014925373134,NA,NA,FALSE,0.541722009870515,200,1058,18,"gender_agreement","by_session_language","session_6_Mini-Norwegian",6,"Mini-Norwegian",NA,FALSE,"exploratory"
742,0.507422299271561,0.497458012279796,0.545759448481289,0.388059701492537,NA,NA,FALSE,0.541722009870515,200,1058,18,"gender_agreement","by_session_language","session_6_Mini-Norwegian",6,"Mini-Norwegian",NA,FALSE,"exploratory"
746,0.509962834447839,0.498063768199747,0.550519311173789,0.333333333333333,NA,NA,FALSE,0.541722009870515,200,1058,18,"gender_agreement","by_session_language","session_6_Mini-Norwegian",6,"Mini-Norwegian",NA,FALSE,"exploratory"
750,0.51165933281709,0.499798462534986,0.554443611744905,0.323383084577114,NA,NA,FALSE,0.541722009870515,200,1058,18,"gender_agreement","by_session_language","session_6_Mini-Norwegian",6,"Mini-Norwegian",NA,FALSE,"exploratory"
754,0.50118618509573,0.501612815160493,0.553142866185913,0.522388059701492,NA,NA,FALSE,0.541722009870515,200,1058,18,"gender_agreement","by_session_language","session_6_Mini-Norwegian",6,"Mini-Norwegian",NA,FALSE,"exploratory"
758,0.474954690734164,0.503102728279147,0.553735148845219,0.855721393034826,NA,NA,FALSE,0.541722009870515,200,1058,18,"gender_agreement","by_session_language","session_6_Mini-Norwegian",6,"Mini-Norwegian",NA,FALSE,"exploratory"
762,0.468134200068371,0.504182902453737,0.546444711609822,0.91044776119403,NA,NA,FALSE,0.541722009870515,200,1058,18,"gender_agreement","by_session_language","session_6_Mini-Norwegian",6,"Mini-Norwegian",NA,FALSE,"exploratory"
766,0.497649804888556,0.504913135391644,0.54596326436479,0.651741293532338,NA,NA,FALSE,0.541722009870515,200,1058,18,"gender_agreement","by_session_language","session_6_Mini-Norwegian",6,"Mini-Norwegian",NA,FALSE,"exploratory"
770,0.508282430838286,0.504332516791409,0.540531055403498,0.45273631840796,NA,NA,FALSE,0.541722009870515,200,1058,18,"gender_agreement","by_session_language","session_6_Mini-Norwegian",6,"Mini-Norwegian",NA,FALSE,"exploratory"
774,0.496096766888654,0.502824209327044,0.545732960056521,0.661691542288557,NA,NA,FALSE,0.541722009870515,200,1058,18,"gender_agreement","by_session_language","session_6_Mini-Norwegian",6,"Mini-Norwegian",NA,FALSE,"exploratory"
778,0.471226595586923,0.500807726002233,0.540102421330937,0.845771144278607,NA,NA,FALSE,0.541722009870515,200,1058,18,"gender_agreement","by_session_language","session_6_Mini-Norwegian",6,"Mini-Norwegian",NA,FALSE,"exploratory"
782,0.460855510796637,0.499040386484129,0.546223136226643,0.925373134328358,NA,NA,FALSE,0.541722009870515,200,1058,18,"gender_agreement","by_session_language","session_6_Mini-Norwegian",6,"Mini-Norwegian",NA,FALSE,"exploratory"
786,0.45017542086215,0.499831224469354,0.544573200267955,0.970149253731343,NA,NA,FALSE,0.541722009870515,200,1058,18,"gender_agreement","by_session_language","session_6_Mini-Norwegian",6,"Mini-Norwegian",NA,FALSE,"exploratory"
790,0.440191722234963,0.500130492595891,0.544464908064406,0.990049751243781,NA,NA,FALSE,0.541722009870515,200,1058,18,"gender_agreement","by_session_language","session_6_Mini-Norwegian",6,"Mini-Norwegian",NA,FALSE,"exploratory"
794,0.456691233443844,0.50112415295021,0.545122507128521,0.945273631840796,NA,NA,FALSE,0.541722009870515,200,1058,18,"gender_agreement","by_session_language","session_6_Mini-Norwegian",6,"Mini-Norwegian",NA,FALSE,"exploratory"
798,0.46685875154988,0.502702249948614,0.547839761351833,0.925373134328358,NA,NA,FALSE,0.541722009870515,200,1058,18,"gender_agreement","by_session_language","session_6_Mini-Norwegian",6,"Mini-Norwegian",NA,FALSE,"exploratory"
802,0.472502243476838,0.503317157615158,0.545405355346174,0.900497512437811,NA,NA,FALSE,0.541722009870515,200,1058,18,"gender_agreement","by_session_language","session_6_Mini-Norwegian",6,"Mini-Norwegian",NA,FALSE,"exploratory"
806,0.46871807437266,0.501439408187659,0.55052293510492,0.895522388059702,NA,NA,FALSE,0.541722009870515,200,1058,18,"gender_agreement","by_session_language","session_6_Mini-Norwegian",6,"Mini-Norwegian",NA,FALSE,"exploratory"
810,0.461685270485082,0.500744520687675,0.545387474075693,0.935323383084577,NA,NA,FALSE,0.541722009870515,200,1058,18,"gender_agreement","by_session_language","session_6_Mini-Norwegian",6,"Mini-Norwegian",NA,FALSE,"exploratory"
814,0.4689259267039,0.501968095655041,0.542478284111577,0.91044776119403,NA,NA,FALSE,0.541722009870515,200,1058,18,"gender_agreement","by_session_language","session_6_Mini-Norwegian",6,"Mini-Norwegian",NA,FALSE,"exploratory"
818,0.465240656920394,0.502990958324504,0.549254033735256,0.935323383084577,NA,NA,FALSE,0.541722009870515,200,1058,18,"gender_agreement","by_session_language","session_6_Mini-Norwegian",6,"Mini-Norwegian",NA,FALSE,"exploratory"
822,0.469034298426061,0.504021646113109,0.551347461928235,0.920398009950249,NA,NA,FALSE,0.541722009870515,200,1058,18,"gender_agreement","by_session_language","session_6_Mini-Norwegian",6,"Mini-Norwegian",NA,FALSE,"exploratory"
826,0.455290002931115,0.505182549322557,0.548173932476332,0.985074626865672,NA,NA,FALSE,0.541722009870515,200,1058,18,"gender_agreement","by_session_language","session_6_Mini-Norwegian",6,"Mini-Norwegian",NA,FALSE,"exploratory"
830,0.464419392003287,0.506873924016026,0.556018661040031,0.930348258706468,NA,NA,FALSE,0.541722009870515,200,1058,18,"gender_agreement","by_session_language","session_6_Mini-Norwegian",6,"Mini-Norwegian",NA,FALSE,"exploratory"
834,0.471368820917367,0.505921708559293,0.554639970775399,0.920398009950249,NA,NA,FALSE,0.541722009870515,200,1058,18,"gender_agreement","by_session_language","session_6_Mini-Norwegian",6,"Mini-Norwegian",NA,FALSE,"exploratory"
838,0.482417420040466,0.504436404548606,0.544979237666288,0.830845771144279,NA,NA,FALSE,0.541722009870515,200,1058,18,"gender_agreement","by_session_language","session_6_Mini-Norwegian",6,"Mini-Norwegian",NA,FALSE,"exploratory"
842,0.480901628440495,0.502669792424979,0.543221778520814,0.825870646766169,NA,NA,FALSE,0.541722009870515,200,1058,18,"gender_agreement","by_session_language","session_6_Mini-Norwegian",6,"Mini-Norwegian",NA,FALSE,"exploratory"
846,0.469741692681438,0.501625904822896,0.542700104807791,0.90547263681592,NA,NA,FALSE,0.541722009870515,200,1058,18,"gender_agreement","by_session_language","session_6_Mini-Norwegian",6,"Mini-Norwegian",NA,FALSE,"exploratory"
850,0.479781584435762,0.502057667092871,0.546961796999822,0.825870646766169,NA,NA,FALSE,0.541722009870515,200,1058,18,"gender_agreement","by_session_language","session_6_Mini-Norwegian",6,"Mini-Norwegian",NA,FALSE,"exploratory"
854,0.491106008988635,0.501678288218023,0.543061588202199,0.661691542288557,NA,NA,FALSE,0.541722009870515,200,1058,18,"gender_agreement","by_session_language","session_6_Mini-Norwegian",6,"Mini-Norwegian",NA,FALSE,"exploratory"
858,0.478557383163529,0.501057294293671,0.544842721114883,0.786069651741294,NA,NA,FALSE,0.541722009870515,200,1058,18,"gender_agreement","by_session_language","session_6_Mini-Norwegian",6,"Mini-Norwegian",NA,FALSE,"exploratory"
862,0.480418552805232,0.501425991070675,0.547761345497249,0.796019900497512,NA,NA,FALSE,0.541722009870515,200,1058,18,"gender_agreement","by_session_language","session_6_Mini-Norwegian",6,"Mini-Norwegian",NA,FALSE,"exploratory"
866,0.497492236138259,0.502432652121287,0.543405968347211,0.592039800995025,NA,NA,FALSE,0.541722009870515,200,1058,18,"gender_agreement","by_session_language","session_6_Mini-Norwegian",6,"Mini-Norwegian",NA,FALSE,"exploratory"
870,0.511786766586138,0.503393516133903,0.551242524043678,0.393034825870647,NA,NA,FALSE,0.541722009870515,200,1058,18,"gender_agreement","by_session_language","session_6_Mini-Norwegian",6,"Mini-Norwegian",NA,FALSE,"exploratory"
874,0.497348347234164,0.503245146017492,0.548929650933201,0.601990049751244,NA,NA,FALSE,0.541722009870515,200,1058,18,"gender_agreement","by_session_language","session_6_Mini-Norwegian",6,"Mini-Norwegian",NA,FALSE,"exploratory"
878,0.483606214625619,0.504013418807632,0.549454282085718,0.791044776119403,NA,NA,FALSE,0.541722009870515,200,1058,18,"gender_agreement","by_session_language","session_6_Mini-Norwegian",6,"Mini-Norwegian",NA,FALSE,"exploratory"
882,0.490883437728334,0.502585725690197,0.556288594316757,0.681592039800995,NA,NA,FALSE,0.541722009870515,200,1058,18,"gender_agreement","by_session_language","session_6_Mini-Norwegian",6,"Mini-Norwegian",NA,FALSE,"exploratory"
886,0.508752436689625,0.500606287579362,0.548348933718136,0.343283582089552,NA,NA,FALSE,0.541722009870515,200,1058,18,"gender_agreement","by_session_language","session_6_Mini-Norwegian",6,"Mini-Norwegian",NA,FALSE,"exploratory"
890,0.520951295407254,0.498049231572097,0.542505109319282,0.223880597014925,NA,NA,FALSE,0.541722009870515,200,1058,18,"gender_agreement","by_session_language","session_6_Mini-Norwegian",6,"Mini-Norwegian",NA,FALSE,"exploratory"
894,0.516912450846226,0.49816370714511,0.549374789074667,0.213930348258706,NA,NA,FALSE,0.541722009870515,200,1058,18,"gender_agreement","by_session_language","session_6_Mini-Norwegian",6,"Mini-Norwegian",NA,FALSE,"exploratory"
898,0.51073890319514,0.497749304209979,0.545927645948246,0.323383084577114,NA,NA,FALSE,0.541722009870515,200,1058,18,"gender_agreement","by_session_language","session_6_Mini-Norwegian",6,"Mini-Norwegian",NA,FALSE,"exploratory"
902,0.514980586799337,0.498605789956312,0.547496165656702,0.243781094527363,NA,NA,FALSE,0.541722009870515,200,1058,18,"gender_agreement","by_session_language","session_6_Mini-Norwegian",6,"Mini-Norwegian",NA,FALSE,"exploratory"
906,0.497421319239864,0.500289865567482,0.550916408619337,0.54726368159204,NA,NA,FALSE,0.541722009870515,200,1058,18,"gender_agreement","by_session_language","session_6_Mini-Norwegian",6,"Mini-Norwegian",NA,FALSE,"exploratory"
910,0.513530379120268,0.50308949214662,0.549625925304688,0.318407960199005,NA,NA,FALSE,0.541722009870515,200,1058,18,"gender_agreement","by_session_language","session_6_Mini-Norwegian",6,"Mini-Norwegian",NA,FALSE,"exploratory"
914,0.519415316268871,0.503478369071426,0.555119349608131,0.258706467661692,NA,NA,FALSE,0.541722009870515,200,1058,18,"gender_agreement","by_session_language","session_6_Mini-Norwegian",6,"Mini-Norwegian",NA,FALSE,"exploratory"
918,0.506857320701881,0.505451871542258,0.551100463539804,0.462686567164179,NA,NA,FALSE,0.541722009870515,200,1058,18,"gender_agreement","by_session_language","session_6_Mini-Norwegian",6,"Mini-Norwegian",NA,FALSE,"exploratory"
922,0.4969176813206,0.50514663527762,0.552911041571997,0.676616915422886,NA,NA,FALSE,0.541722009870515,200,1058,18,"gender_agreement","by_session_language","session_6_Mini-Norwegian",6,"Mini-Norwegian",NA,FALSE,"exploratory"
926,0.50280915240266,0.503320787610144,0.552253540713232,0.517412935323383,NA,NA,FALSE,0.541722009870515,200,1058,18,"gender_agreement","by_session_language","session_6_Mini-Norwegian",6,"Mini-Norwegian",NA,FALSE,"exploratory"
930,0.50555834948125,0.501922628544003,0.546083846621005,0.447761194029851,NA,NA,FALSE,0.541722009870515,200,1058,18,"gender_agreement","by_session_language","session_6_Mini-Norwegian",6,"Mini-Norwegian",NA,FALSE,"exploratory"
934,0.496128853971575,0.500702216541773,0.551457859612004,0.557213930348259,NA,NA,FALSE,0.541722009870515,200,1058,18,"gender_agreement","by_session_language","session_6_Mini-Norwegian",6,"Mini-Norwegian",NA,FALSE,"exploratory"
938,0.507300890939977,0.50037798799727,0.555010195567667,0.407960199004975,NA,NA,FALSE,0.541722009870515,200,1058,18,"gender_agreement","by_session_language","session_6_Mini-Norwegian",6,"Mini-Norwegian",NA,FALSE,"exploratory"
942,0.499378259441101,0.501784874179364,0.553001174594105,0.562189054726368,NA,NA,FALSE,0.541722009870515,200,1058,18,"gender_agreement","by_session_language","session_6_Mini-Norwegian",6,"Mini-Norwegian",NA,FALSE,"exploratory"
946,0.493949883561973,0.501631797020353,0.557714937515284,0.631840796019901,NA,NA,FALSE,0.541722009870515,200,1058,18,"gender_agreement","by_session_language","session_6_Mini-Norwegian",6,"Mini-Norwegian",NA,FALSE,"exploratory"
950,0.496643288822553,0.502995719404275,0.563080522974858,0.601990049751244,NA,NA,FALSE,0.541722009870515,200,1058,18,"gender_agreement","by_session_language","session_6_Mini-Norwegian",6,"Mini-Norwegian",NA,FALSE,"exploratory"
954,0.497880114876721,0.502579273204784,0.55525513635319,0.577114427860697,NA,NA,FALSE,0.541722009870515,200,1058,18,"gender_agreement","by_session_language","session_6_Mini-Norwegian",6,"Mini-Norwegian",NA,FALSE,"exploratory"
958,0.487583189420064,0.502169682772703,0.552074162339415,0.701492537313433,NA,NA,FALSE,0.541722009870515,200,1058,18,"gender_agreement","by_session_language","session_6_Mini-Norwegian",6,"Mini-Norwegian",NA,FALSE,"exploratory"
962,0.501693126396963,0.501235672903928,0.553999176561417,0.482587064676617,NA,NA,FALSE,0.541722009870515,200,1058,18,"gender_agreement","by_session_language","session_6_Mini-Norwegian",6,"Mini-Norwegian",NA,FALSE,"exploratory"
966,0.518430095391783,0.502267627132895,0.549274170150727,0.27363184079602,NA,NA,FALSE,0.541722009870515,200,1058,18,"gender_agreement","by_session_language","session_6_Mini-Norwegian",6,"Mini-Norwegian",NA,FALSE,"exploratory"
970,0.524429030345925,0.502135034204818,0.556847636116612,0.194029850746269,NA,NA,FALSE,0.541722009870515,200,1058,18,"gender_agreement","by_session_language","session_6_Mini-Norwegian",6,"Mini-Norwegian",NA,FALSE,"exploratory"
974,0.506078488282018,0.501814768714424,0.551726356528011,0.462686567164179,NA,NA,FALSE,0.541722009870515,200,1058,18,"gender_agreement","by_session_language","session_6_Mini-Norwegian",6,"Mini-Norwegian",NA,FALSE,"exploratory"
978,0.496063755479794,0.501455956743775,0.549325540789814,0.572139303482587,NA,NA,FALSE,0.541722009870515,200,1058,18,"gender_agreement","by_session_language","session_6_Mini-Norwegian",6,"Mini-Norwegian",NA,FALSE,"exploratory"
982,0.510332772496848,0.502557029346748,0.554442436922599,0.407960199004975,NA,NA,FALSE,0.541722009870515,200,1058,18,"gender_agreement","by_session_language","session_6_Mini-Norwegian",6,"Mini-Norwegian",NA,FALSE,"exploratory"
986,0.511778367655495,0.503711514533412,0.559740134820989,0.412935323383085,NA,NA,FALSE,0.541722009870515,200,1058,18,"gender_agreement","by_session_language","session_6_Mini-Norwegian",6,"Mini-Norwegian",NA,FALSE,"exploratory"
990,0.513409909587762,0.50320207566203,0.553359088379816,0.343283582089552,NA,NA,FALSE,0.541722009870515,200,1058,18,"gender_agreement","by_session_language","session_6_Mini-Norwegian",6,"Mini-Norwegian",NA,FALSE,"exploratory"
994,0.494705175643675,0.501467971621153,0.554539369020543,0.616915422885572,NA,NA,FALSE,0.541722009870515,200,1058,18,"gender_agreement","by_session_language","session_6_Mini-Norwegian",6,"Mini-Norwegian",NA,FALSE,"exploratory"
998,0.504727323162768,0.501089598389506,0.550234434426511,0.422885572139304,NA,NA,FALSE,0.541722009870515,200,1058,18,"gender_agreement","by_session_language","session_6_Mini-Norwegian",6,"Mini-Norwegian",NA,FALSE,"exploratory"
1002,0.496055901927957,0.501292205620584,0.550346873546381,0.567164179104478,NA,NA,FALSE,0.541722009870515,200,1058,18,"gender_agreement","by_session_language","session_6_Mini-Norwegian",6,"Mini-Norwegian",NA,FALSE,"exploratory"
1006,0.486147794201133,0.50117595607388,0.547452827068465,0.716417910447761,NA,NA,FALSE,0.541722009870515,200,1058,18,"gender_agreement","by_session_language","session_6_Mini-Norwegian",6,"Mini-Norwegian",NA,FALSE,"exploratory"
1010,0.47915829674557,0.502228879417203,0.556663246837041,0.825870646766169,NA,NA,FALSE,0.541722009870515,200,1058,18,"gender_agreement","by_session_language","session_6_Mini-Norwegian",6,"Mini-Norwegian",NA,FALSE,"exploratory"
1014,0.46332371897187,0.501657135733841,0.555907954031372,0.930348258706468,NA,NA,FALSE,0.541722009870515,200,1058,18,"gender_agreement","by_session_language","session_6_Mini-Norwegian",6,"Mini-Norwegian",NA,FALSE,"exploratory"
1018,0.467513748184627,0.502211021752338,0.54816840416197,0.930348258706468,NA,NA,FALSE,0.541722009870515,200,1058,18,"gender_agreement","by_session_language","session_6_Mini-Norwegian",6,"Mini-Norwegian",NA,FALSE,"exploratory"
1022,0.472669392573849,0.500879687582151,0.547614998677291,0.860696517412935,NA,NA,FALSE,0.541722009870515,200,1058,18,"gender_agreement","by_session_language","session_6_Mini-Norwegian",6,"Mini-Norwegian",NA,FALSE,"exploratory"
1026,0.484413327767916,0.500432855609329,0.543094449485406,0.736318407960199,NA,NA,FALSE,0.541722009870515,200,1058,18,"gender_agreement","by_session_language","session_6_Mini-Norwegian",6,"Mini-Norwegian",NA,FALSE,"exploratory"
1030,0.486393219107128,0.499639800027315,0.55278466949119,0.676616915422886,NA,NA,FALSE,0.541722009870515,200,1058,18,"gender_agreement","by_session_language","session_6_Mini-Norwegian",6,"Mini-Norwegian",NA,FALSE,"exploratory"
1034,0.496771572612669,0.500892433381393,0.556795094284768,0.557213930348259,NA,NA,FALSE,0.541722009870515,200,1058,18,"gender_agreement","by_session_language","session_6_Mini-Norwegian",6,"Mini-Norwegian",NA,FALSE,"exploratory"
1038,0.497438197811094,0.500917324422166,0.550917427464506,0.552238805970149,NA,NA,FALSE,0.541722009870515,200,1058,18,"gender_agreement","by_session_language","session_6_Mini-Norwegian",6,"Mini-Norwegian",NA,FALSE,"exploratory"
1042,0.499130186457763,0.501016961818227,0.549334004018506,0.552238805970149,NA,NA,FALSE,0.541722009870515,200,1058,18,"gender_agreement","by_session_language","session_6_Mini-Norwegian",6,"Mini-Norwegian",NA,FALSE,"exploratory"
1046,0.474067595233751,0.500684371880625,0.553300948609567,0.840796019900497,NA,NA,FALSE,0.541722009870515,200,1058,18,"gender_agreement","by_session_language","session_6_Mini-Norwegian",6,"Mini-Norwegian",NA,FALSE,"exploratory"
1050,0.467800920120495,0.501313418706937,0.549215799502039,0.930348258706468,NA,NA,FALSE,0.541722009870515,200,1058,18,"gender_agreement","by_session_language","session_6_Mini-Norwegian",6,"Mini-Norwegian",NA,FALSE,"exploratory"
1054,0.453653919689255,0.501034796727181,0.554165243330569,0.980099502487562,NA,NA,FALSE,0.541722009870515,200,1058,18,"gender_agreement","by_session_language","session_6_Mini-Norwegian",6,"Mini-Norwegian",NA,FALSE,"exploratory"
1058,0.440407349973943,0.500487561087641,0.548645913162682,0.995024875621891,NA,NA,FALSE,0.541722009870515,200,1058,18,"gender_agreement","by_session_language","session_6_Mini-Norwegian",6,"Mini-Norwegian",NA,FALSE,"exploratory"
1062,0.444443969542679,0.500815664452429,0.552912254338477,0.990049751243781,NA,NA,FALSE,0.541722009870515,200,1058,18,"gender_agreement","by_session_language","session_6_Mini-Norwegian",6,"Mini-Norwegian",NA,FALSE,"exploratory"
1066,0.453328940554187,0.500356175643118,0.543183058835997,0.945273631840796,NA,NA,FALSE,0.541722009870515,200,1058,18,"gender_agreement","by_session_language","session_6_Mini-Norwegian",6,"Mini-Norwegian",NA,FALSE,"exploratory"
1070,0.465243078917033,0.500308934057137,0.545198653817564,0.875621890547264,NA,NA,FALSE,0.541722009870515,200,1058,18,"gender_agreement","by_session_language","session_6_Mini-Norwegian",6,"Mini-Norwegian",NA,FALSE,"exploratory"
1074,0.477389231171058,0.500855373903242,0.544192715253056,0.781094527363184,NA,NA,FALSE,0.541722009870515,200,1058,18,"gender_agreement","by_session_language","session_6_Mini-Norwegian",6,"Mini-Norwegian",NA,FALSE,"exploratory"
1078,0.481700313711999,0.501149116403649,0.550291014057913,0.756218905472637,NA,NA,FALSE,0.541722009870515,200,1058,18,"gender_agreement","by_session_language","session_6_Mini-Norwegian",6,"Mini-Norwegian",NA,FALSE,"exploratory"
1082,0.470183832194373,0.500272946738445,0.54980962433855,0.840796019900497,NA,NA,FALSE,0.541722009870515,200,1058,18,"gender_agreement","by_session_language","session_6_Mini-Norwegian",6,"Mini-Norwegian",NA,FALSE,"exploratory"
1086,0.484872568601715,0.499707654239053,0.54822048471007,0.72636815920398,NA,NA,FALSE,0.541722009870515,200,1058,18,"gender_agreement","by_session_language","session_6_Mini-Norwegian",6,"Mini-Norwegian",NA,FALSE,"exploratory"
1090,0.506902124906672,0.499654011411248,0.547696145082687,0.432835820895522,NA,NA,FALSE,0.541722009870515,200,1058,18,"gender_agreement","by_session_language","session_6_Mini-Norwegian",6,"Mini-Norwegian",NA,FALSE,"exploratory"
1094,0.527101898306776,0.499169677656361,0.545005186877975,0.134328358208955,NA,NA,FALSE,0.541722009870515,200,1058,18,"gender_agreement","by_session_language","session_6_Mini-Norwegian",6,"Mini-Norwegian",NA,FALSE,"exploratory"
1098,0.52918761467153,0.500559573136291,0.54604603667484,0.134328358208955,NA,NA,FALSE,0.541722009870515,200,1058,18,"gender_agreement","by_session_language","session_6_Mini-Norwegian",6,"Mini-Norwegian",NA,FALSE,"exploratory"
